set,subset,windows,units,model,model_label,metric,day,units_total,units_eligible,zero_error_units,status,geometric_mean,arithmetic_unit_mean,unit_median
LCL households,full,1215,965,ANKYRA,ANKYRA,hourly_CV_RMSE_pct,1,965,965,0,ok,55.36384734628156,87.4394448453093,55.6781035397188
LCL households,full,1215,965,ANKYRA,ANKYRA,hourly_CV_RMSE_pct,2,965,965,0,ok,52.396771325659856,71.86921905166453,52.499223197053674
LCL households,full,1215,965,ANKYRA,ANKYRA,hourly_CV_RMSE_pct,3,965,965,1,geometric mean undefined,,72.14545985977986,52.35400417751294
LCL households,full,1215,965,ANKYRA,ANKYRA,hourly_CV_RMSE_pct,4,965,965,1,geometric mean undefined,,68.80666241378563,52.64470088532841
LCL households,full,1215,965,ANKYRA,ANKYRA,hourly_CV_RMSE_pct,5,965,965,0,ok,56.3905911175755,75.04857207443595,55.86053109284687
LCL households,full,1215,965,ANKYRA,ANKYRA,hourly_CV_RMSE_pct,6,965,965,0,ok,55.88196028229202,75.42615369404022,56.82456629277295
LCL households,full,1215,965,ANKYRA,ANKYRA,hourly_CV_RMSE_pct,7,965,965,0,ok,54.50918721422867,72.94339616695662,53.388409912376495
LCL households,full,1215,965,ANKYRA,ANKYRA,hourly_CV_RMSE_pct,8,965,965,0,ok,56.465638690001896,72.81303511007823,56.70708290963429
LCL households,full,1215,965,ANKYRA,ANKYRA,hourly_CV_RMSE_pct,9,965,965,0,ok,56.9371184197177,72.93741299951915,56.60353314394831
LCL households,full,1215,965,ANKYRA,ANKYRA,hourly_CV_RMSE_pct,10,965,965,1,geometric mean undefined,,71.76108317090103,57.29737474991967
LCL households,full,1215,965,ANKYRA,ANKYRA,hourly_CV_RMSE_pct,11,965,965,1,geometric mean undefined,,75.20213026126355,57.99518806668083
LCL households,full,1215,965,ANKYRA,ANKYRA,hourly_CV_RMSE_pct,12,965,965,0,ok,59.79578965970492,75.10329276147637,57.877956347619445
LCL households,full,1215,965,ANKYRA,ANKYRA,hourly_CV_RMSE_pct,13,965,965,0,ok,60.14427159683149,76.56389237687365,59.845866674960256
LCL households,full,1215,965,ANKYRA,ANKYRA,hourly_CV_RMSE_pct,14,965,965,0,ok,60.003587170730086,86.85698872238363,59.38421748259479
LCL households,full,1215,965,ANKYRA,ANKYRA,hourly_CV_RMSE_pct,15,965,965,0,ok,61.15876895871159,76.78570693682138,59.99777057921057
LCL households,full,1215,965,ANKYRA,ANKYRA,hourly_CV_RMSE_pct,16,965,965,0,ok,59.722339446195754,76.67742206801258,58.674319256418805
LCL households,full,1215,965,ANKYRA,ANKYRA,hourly_CV_RMSE_pct,17,965,965,0,ok,60.776701707077514,87.2195021233132,59.0100630840893
LCL households,full,1215,965,ANKYRA,ANKYRA,hourly_CV_RMSE_pct,18,965,965,0,ok,61.224661728274405,77.59731337496272,59.361814053253056
LCL households,full,1215,965,ANKYRA,ANKYRA,hourly_CV_RMSE_pct,19,965,965,0,ok,60.678873058798196,76.03226934364886,58.36614917491435
LCL households,full,1215,965,ANKYRA,ANKYRA,hourly_CV_RMSE_pct,20,965,965,0,ok,60.11694552375699,75.3936445676902,57.469395261741
LCL households,full,1215,965,ANKYRA,ANKYRA,hourly_CV_RMSE_pct,21,965,965,0,ok,61.12096795185066,76.11766169841891,60.31036469431881
LCL households,full,1215,965,ANKYRA,ANKYRA,hourly_CV_RMSE_pct,22,965,965,0,ok,60.695481817720704,80.81153354726808,59.66429203360614
LCL households,full,1215,965,ANKYRA,ANKYRA,hourly_CV_RMSE_pct,23,965,965,0,ok,61.22422289972782,81.41696175780838,59.30847686978519
LCL households,full,1215,965,ANKYRA,ANKYRA,hourly_CV_RMSE_pct,24,965,965,0,ok,61.11811528734603,80.33770812101424,60.125557100715874
LCL households,full,1215,965,ANKYRA,ANKYRA,hourly_CV_RMSE_pct,25,965,965,1,geometric mean undefined,,84.66056374584389,63.14315653271265
LCL households,full,1215,965,ANKYRA,ANKYRA,hourly_CV_RMSE_pct,26,965,965,0,ok,62.26769218608519,82.75068805070694,62.49475847229731
LCL households,full,1215,965,ANKYRA,ANKYRA,hourly_CV_RMSE_pct,27,965,965,0,ok,62.18447787700728,82.41597547148264,60.51475778306502
LCL households,full,1215,965,ANKYRA,ANKYRA,hourly_CV_RMSE_pct,28,965,965,0,ok,61.936074965047816,82.36836163745285,61.158502276939764
LCL households,full,1215,965,ANKYRA,ANKYRA,hourly_CV_RMSE_pct,29,965,965,0,ok,62.35028538966531,86.15447177527689,62.13412333508471
LCL households,full,1215,965,ANKYRA,ANKYRA,hourly_CV_RMSE_pct,30,965,965,0,ok,64.13840725908163,89.2617779340272,63.515339725678736
LCL households,full,1215,965,ANKYRA,ANKYRA,hourly_CV_RMSE_pct,31,965,965,0,ok,64.47318696057683,85.74022187954674,63.26111637963975
LCL households,full,1215,965,ANKYRA,ANKYRA,daily_energy_CV_RMS_pct,1,965,965,0,ok,12.654329022569732,31.109504539079584,14.180427774403478
LCL households,full,1215,965,ANKYRA,ANKYRA,daily_energy_CV_RMS_pct,2,965,965,0,ok,11.817293527709326,26.86112998331768,13.518606277244192
LCL households,full,1215,965,ANKYRA,ANKYRA,daily_energy_CV_RMS_pct,3,965,965,1,geometric mean undefined,,26.889169520895027,14.029688864260489
LCL households,full,1215,965,ANKYRA,ANKYRA,daily_energy_CV_RMS_pct,4,965,965,1,geometric mean undefined,,28.031908678557684,14.390162069742068
LCL households,full,1215,965,ANKYRA,ANKYRA,daily_energy_CV_RMS_pct,5,965,965,0,ok,13.26557438563159,30.036860460172925,15.53527716271487
LCL households,full,1215,965,ANKYRA,ANKYRA,daily_energy_CV_RMS_pct,6,965,965,0,ok,13.035824620424867,29.904263185510242,14.63226179155961
LCL households,full,1215,965,ANKYRA,ANKYRA,daily_energy_CV_RMS_pct,7,965,965,0,ok,12.659407909353776,29.559268764839207,14.768947275644061
LCL households,full,1215,965,ANKYRA,ANKYRA,daily_energy_CV_RMS_pct,8,965,965,0,ok,13.543513033515415,28.578562837809773,15.572383011118648
LCL households,full,1215,965,ANKYRA,ANKYRA,daily_energy_CV_RMS_pct,9,965,965,0,ok,13.487531957661437,28.63221465456122,15.45952480555567
LCL households,full,1215,965,ANKYRA,ANKYRA,daily_energy_CV_RMS_pct,10,965,965,1,geometric mean undefined,,27.464618303447555,15.2702201048056
LCL households,full,1215,965,ANKYRA,ANKYRA,daily_energy_CV_RMS_pct,11,965,965,1,geometric mean undefined,,29.22981705000589,16.11897631085692
LCL households,full,1215,965,ANKYRA,ANKYRA,daily_energy_CV_RMS_pct,12,965,965,0,ok,13.567023691833066,28.66327605218161,15.885852659871217
LCL households,full,1215,965,ANKYRA,ANKYRA,daily_energy_CV_RMS_pct,13,965,965,0,ok,14.655328019286145,29.434016820653003,15.778373150770166
LCL households,full,1215,965,ANKYRA,ANKYRA,daily_energy_CV_RMS_pct,14,965,965,0,ok,15.051297856082643,27.43465322983986,17.52452713021447
LCL households,full,1215,965,ANKYRA,ANKYRA,daily_energy_CV_RMS_pct,15,965,965,0,ok,14.714802748292584,30.064248255638578,16.962256687386407
LCL households,full,1215,965,ANKYRA,ANKYRA,daily_energy_CV_RMS_pct,16,965,965,0,ok,14.668421191663175,29.163120646203904,16.606461418513746
LCL households,full,1215,965,ANKYRA,ANKYRA,daily_energy_CV_RMS_pct,17,965,965,0,ok,14.585948244271215,31.02046978997249,16.458465343972883
LCL households,full,1215,965,ANKYRA,ANKYRA,daily_energy_CV_RMS_pct,18,965,965,0,ok,14.892484675439581,29.904567545635032,17.509543697766293
LCL households,full,1215,965,ANKYRA,ANKYRA,daily_energy_CV_RMS_pct,19,965,965,0,ok,14.786558247946086,29.272961704032003,17.037335874310784
LCL households,full,1215,965,ANKYRA,ANKYRA,daily_energy_CV_RMS_pct,20,965,965,0,ok,15.183814964629175,30.18983511356724,17.413119338484613
LCL households,full,1215,965,ANKYRA,ANKYRA,daily_energy_CV_RMS_pct,21,965,965,0,ok,15.355965121586049,30.42417268219751,17.961559587377824
LCL households,full,1215,965,ANKYRA,ANKYRA,daily_energy_CV_RMS_pct,22,965,965,0,ok,15.265637519951131,35.435841454294255,17.598947212990797
LCL households,full,1215,965,ANKYRA,ANKYRA,daily_energy_CV_RMS_pct,23,965,965,0,ok,14.817865527380079,35.36377151676359,17.41864825543191
LCL households,full,1215,965,ANKYRA,ANKYRA,daily_energy_CV_RMS_pct,24,965,965,0,ok,16.630765931603253,35.74661276106514,18.88697814054175
LCL households,full,1215,965,ANKYRA,ANKYRA,daily_energy_CV_RMS_pct,25,965,965,1,geometric mean undefined,,37.877725982292226,20.10336199941294
LCL households,full,1215,965,ANKYRA,ANKYRA,daily_energy_CV_RMS_pct,26,965,965,0,ok,16.780937264327275,36.957793458543605,19.867205047684195
LCL households,full,1215,965,ANKYRA,ANKYRA,daily_energy_CV_RMS_pct,27,965,965,0,ok,16.00447675680561,36.07904318600731,18.436291237277104
LCL households,full,1215,965,ANKYRA,ANKYRA,daily_energy_CV_RMS_pct,28,965,965,0,ok,15.735728958381332,36.31781821152749,17.29006729257605
LCL households,full,1215,965,ANKYRA,ANKYRA,daily_energy_CV_RMS_pct,29,965,965,0,ok,17.012963881037997,39.31410589747939,18.589370329008357
LCL households,full,1215,965,ANKYRA,ANKYRA,daily_energy_CV_RMS_pct,30,965,965,0,ok,16.847178611098023,40.405849037857585,18.51028757138727
LCL households,full,1215,965,ANKYRA,ANKYRA,daily_energy_CV_RMS_pct,31,965,965,0,ok,17.232501464746342,38.44288769298762,19.6217588153289
LCL households,full,1215,965,ANKYRA,ANKYRA,cumulative_energy_CV_RMS_pct,1,965,965,0,ok,12.654329022569732,31.109504539079584,14.180427774403478
LCL households,full,1215,965,ANKYRA,ANKYRA,cumulative_energy_CV_RMS_pct,2,965,965,0,ok,10.419450561866183,25.612512619242597,12.113027065321315
LCL households,full,1215,965,ANKYRA,ANKYRA,cumulative_energy_CV_RMS_pct,3,965,965,0,ok,9.915069470705815,23.815411257687845,10.889917730113627
LCL households,full,1215,965,ANKYRA,ANKYRA,cumulative_energy_CV_RMS_pct,4,965,965,0,ok,9.13425364367291,22.546360980937237,10.499656254602918
LCL households,full,1215,965,ANKYRA,ANKYRA,cumulative_energy_CV_RMS_pct,5,965,965,0,ok,9.107885451340033,22.370587303686836,10.43945587681549
LCL households,full,1215,965,ANKYRA,ANKYRA,cumulative_energy_CV_RMS_pct,6,965,965,0,ok,8.687162723294746,22.00112974995423,10.09727533519379
LCL households,full,1215,965,ANKYRA,ANKYRA,cumulative_energy_CV_RMS_pct,7,965,965,0,ok,8.343710703766858,21.51834146097129,9.60901822132206
LCL households,full,1215,965,ANKYRA,ANKYRA,cumulative_energy_CV_RMS_pct,8,965,965,0,ok,8.308967251289799,21.13435132296161,9.605910347904091
LCL households,full,1215,965,ANKYRA,ANKYRA,cumulative_energy_CV_RMS_pct,9,965,965,0,ok,8.041483954845372,20.84298009583939,9.18411283756452
LCL households,full,1215,965,ANKYRA,ANKYRA,cumulative_energy_CV_RMS_pct,10,965,965,0,ok,8.19696398979856,20.53641255307199,9.039000972638105
LCL households,full,1215,965,ANKYRA,ANKYRA,cumulative_energy_CV_RMS_pct,11,965,965,0,ok,8.20139844574494,20.34910552920921,9.424853678712845
LCL households,full,1215,965,ANKYRA,ANKYRA,cumulative_energy_CV_RMS_pct,12,965,965,0,ok,8.343063048385865,20.067172596251076,8.99180369952401
LCL households,full,1215,965,ANKYRA,ANKYRA,cumulative_energy_CV_RMS_pct,13,965,965,0,ok,8.25588705877643,19.935297942499997,9.063056089140293
LCL households,full,1215,965,ANKYRA,ANKYRA,cumulative_energy_CV_RMS_pct,14,965,965,0,ok,8.26407292068883,19.63463984572418,8.924635401075799
LCL households,full,1215,965,ANKYRA,ANKYRA,cumulative_energy_CV_RMS_pct,15,965,965,0,ok,8.242551904763745,19.624822030608122,9.01260356073011
LCL households,full,1215,965,ANKYRA,ANKYRA,cumulative_energy_CV_RMS_pct,16,965,965,0,ok,8.227868998177401,19.523767613192614,9.235821915651625
LCL households,full,1215,965,ANKYRA,ANKYRA,cumulative_energy_CV_RMS_pct,17,965,965,0,ok,8.412555258869952,19.576106435711054,9.388855575082742
LCL households,full,1215,965,ANKYRA,ANKYRA,cumulative_energy_CV_RMS_pct,18,965,965,0,ok,8.349141805416167,19.566153610234334,9.46597325017537
LCL households,full,1215,965,ANKYRA,ANKYRA,cumulative_energy_CV_RMS_pct,19,965,965,0,ok,8.371666723062017,19.46506349146018,9.181089390376403
LCL households,full,1215,965,ANKYRA,ANKYRA,cumulative_energy_CV_RMS_pct,20,965,965,0,ok,8.646458388011567,19.500470638101277,9.416876896628194
LCL households,full,1215,965,ANKYRA,ANKYRA,cumulative_energy_CV_RMS_pct,21,965,965,0,ok,8.829292502270128,19.506434383152033,9.649196989266173
LCL households,full,1215,965,ANKYRA,ANKYRA,cumulative_energy_CV_RMS_pct,22,965,965,0,ok,8.74719507750394,19.717264085739327,9.868076679861304
LCL households,full,1215,965,ANKYRA,ANKYRA,cumulative_energy_CV_RMS_pct,23,965,965,0,ok,8.656804391440073,19.875381595702848,9.670689753661646
LCL households,full,1215,965,ANKYRA,ANKYRA,cumulative_energy_CV_RMS_pct,24,965,965,0,ok,8.717521120483095,20.016956927661138,9.798821929144914
LCL households,full,1215,965,ANKYRA,ANKYRA,cumulative_energy_CV_RMS_pct,25,965,965,0,ok,8.781827369166876,20.23207257756201,10.128252839358188
LCL households,full,1215,965,ANKYRA,ANKYRA,cumulative_energy_CV_RMS_pct,26,965,965,0,ok,8.86857165590557,20.361701281969676,9.95650097265501
LCL households,full,1215,965,ANKYRA,ANKYRA,cumulative_energy_CV_RMS_pct,27,965,965,0,ok,8.64495288662531,20.46344465269067,9.941206647048384
LCL households,full,1215,965,ANKYRA,ANKYRA,cumulative_energy_CV_RMS_pct,28,965,965,0,ok,8.707287304452331,20.56612839254136,9.9867457537599
LCL households,full,1215,965,ANKYRA,ANKYRA,cumulative_energy_CV_RMS_pct,29,965,965,0,ok,8.81853418746479,20.69539614590701,10.186261552148453
LCL households,full,1215,965,ANKYRA,ANKYRA,cumulative_energy_CV_RMS_pct,30,965,965,0,ok,8.769048465810908,20.89695761517807,10.119130237968347
LCL households,full,1215,965,ANKYRA,ANKYRA,cumulative_energy_CV_RMS_pct,31,965,965,0,ok,8.836842200525947,21.029162862034532,9.989449433505277
LCL households,full,1215,965,Chronos-2-X,Chronos-2-X,hourly_CV_RMSE_pct,1,965,965,0,ok,51.16668386203713,81.0203565719687,54.1909813810633
LCL households,full,1215,965,Chronos-2-X,Chronos-2-X,hourly_CV_RMSE_pct,2,965,965,0,ok,49.13201695623758,64.19658157522457,51.91061299124798
LCL households,full,1215,965,Chronos-2-X,Chronos-2-X,hourly_CV_RMSE_pct,3,965,965,0,ok,50.18571303059109,65.94626099780571,51.60285296004175
LCL households,full,1215,965,Chronos-2-X,Chronos-2-X,hourly_CV_RMSE_pct,4,965,965,0,ok,50.048311766181364,62.46857863854264,51.61641253134973
LCL households,full,1215,965,Chronos-2-X,Chronos-2-X,hourly_CV_RMSE_pct,5,965,965,0,ok,54.961287905919555,69.22664456492465,55.99567324951096
LCL households,full,1215,965,Chronos-2-X,Chronos-2-X,hourly_CV_RMSE_pct,6,965,965,0,ok,54.268121376363894,69.68399548814116,56.357351084626366
LCL households,full,1215,965,Chronos-2-X,Chronos-2-X,hourly_CV_RMSE_pct,7,965,965,0,ok,52.106703346852974,65.73013417947315,53.32479103379442
LCL households,full,1215,965,Chronos-2-X,Chronos-2-X,hourly_CV_RMSE_pct,8,965,965,0,ok,53.91217399767886,67.31233066555166,56.095007307382275
LCL households,full,1215,965,Chronos-2-X,Chronos-2-X,hourly_CV_RMSE_pct,9,965,965,0,ok,54.68056043797327,68.1233412251394,56.95263564436355
LCL households,full,1215,965,Chronos-2-X,Chronos-2-X,hourly_CV_RMSE_pct,10,965,965,0,ok,55.28262842592495,68.1041442713147,57.04936796316798
LCL households,full,1215,965,Chronos-2-X,Chronos-2-X,hourly_CV_RMSE_pct,11,965,965,0,ok,57.174321484151406,72.10160050483688,58.73149388079247
LCL households,full,1215,965,Chronos-2-X,Chronos-2-X,hourly_CV_RMSE_pct,12,965,965,0,ok,58.11618707864114,71.93658749414216,58.040738184666196
LCL households,full,1215,965,Chronos-2-X,Chronos-2-X,hourly_CV_RMSE_pct,13,965,965,0,ok,59.09063490589294,74.01120837205416,60.13523043302664
LCL households,full,1215,965,Chronos-2-X,Chronos-2-X,hourly_CV_RMSE_pct,14,965,965,0,ok,58.65495069077906,87.13752350923895,58.9921294297069
LCL households,full,1215,965,Chronos-2-X,Chronos-2-X,hourly_CV_RMSE_pct,15,965,965,0,ok,59.97446987605058,73.86082845912456,60.264278808889145
LCL households,full,1215,965,Chronos-2-X,Chronos-2-X,hourly_CV_RMSE_pct,16,965,965,0,ok,58.12450140410453,73.78127109373584,59.7012400774702
LCL households,full,1215,965,Chronos-2-X,Chronos-2-X,hourly_CV_RMSE_pct,17,965,965,0,ok,59.272975033459645,85.09618900609505,60.36752359934252
LCL households,full,1215,965,Chronos-2-X,Chronos-2-X,hourly_CV_RMSE_pct,18,965,965,0,ok,60.29798932034058,75.8310893492705,60.54956091566388
LCL households,full,1215,965,Chronos-2-X,Chronos-2-X,hourly_CV_RMSE_pct,19,965,965,0,ok,59.61774739738454,74.1628106692132,58.610608068451135
LCL households,full,1215,965,Chronos-2-X,Chronos-2-X,hourly_CV_RMSE_pct,20,965,965,0,ok,58.74951960564966,73.63937639777131,57.88280292620953
LCL households,full,1215,965,Chronos-2-X,Chronos-2-X,hourly_CV_RMSE_pct,21,965,965,0,ok,59.317161850110864,73.43403193426069,60.535328980139965
LCL households,full,1215,965,Chronos-2-X,Chronos-2-X,hourly_CV_RMSE_pct,22,965,965,0,ok,59.32846325362583,73.90839459797807,60.161974794188886
LCL households,full,1215,965,Chronos-2-X,Chronos-2-X,hourly_CV_RMSE_pct,23,965,965,0,ok,60.193815811307225,74.07362910309102,62.44184937252685
LCL households,full,1215,965,Chronos-2-X,Chronos-2-X,hourly_CV_RMSE_pct,24,965,965,0,ok,60.03896203721418,74.87230030201849,61.92362957693366
LCL households,full,1215,965,Chronos-2-X,Chronos-2-X,hourly_CV_RMSE_pct,25,965,965,0,ok,62.09034771033196,78.15025272263463,65.0169235929005
LCL households,full,1215,965,Chronos-2-X,Chronos-2-X,hourly_CV_RMSE_pct,26,965,965,0,ok,61.06414021215208,76.8196007213763,63.922593188633485
LCL households,full,1215,965,Chronos-2-X,Chronos-2-X,hourly_CV_RMSE_pct,27,965,965,0,ok,60.99232473297759,76.71493819095272,61.300167234931415
LCL households,full,1215,965,Chronos-2-X,Chronos-2-X,hourly_CV_RMSE_pct,28,965,965,0,ok,60.75741138489653,75.87776530626148,62.04560797999718
LCL households,full,1215,965,Chronos-2-X,Chronos-2-X,hourly_CV_RMSE_pct,29,965,965,0,ok,60.856659722772335,78.62063963416306,61.87335507914099
LCL households,full,1215,965,Chronos-2-X,Chronos-2-X,hourly_CV_RMSE_pct,30,965,965,0,ok,63.41389944513277,80.5999351921157,64.5596393950493
LCL households,full,1215,965,Chronos-2-X,Chronos-2-X,hourly_CV_RMSE_pct,31,965,965,0,ok,62.418024731589895,79.13547222966194,64.00227214212514
LCL households,full,1215,965,Chronos-2-X,Chronos-2-X,daily_energy_CV_RMS_pct,1,965,965,0,ok,11.659927973680656,26.514018511366828,15.349355372812234
LCL households,full,1215,965,Chronos-2-X,Chronos-2-X,daily_energy_CV_RMS_pct,2,965,965,0,ok,11.254673661998766,20.788657679399506,14.04310610165405
LCL households,full,1215,965,Chronos-2-X,Chronos-2-X,daily_energy_CV_RMS_pct,3,965,965,0,ok,12.761773715471056,22.752663742836884,15.225707589266717
LCL households,full,1215,965,Chronos-2-X,Chronos-2-X,daily_energy_CV_RMS_pct,4,965,965,0,ok,12.541441160190786,22.73962705482153,13.9912248144915
LCL households,full,1215,965,Chronos-2-X,Chronos-2-X,daily_energy_CV_RMS_pct,5,965,965,0,ok,14.566213663964524,26.272390622975518,17.54535970700515
LCL households,full,1215,965,Chronos-2-X,Chronos-2-X,daily_energy_CV_RMS_pct,6,965,965,0,ok,14.349517125521192,26.428373252694016,16.94884305726805
LCL households,full,1215,965,Chronos-2-X,Chronos-2-X,daily_energy_CV_RMS_pct,7,965,965,0,ok,13.104037413711568,24.4754961927989,15.552407116157422
LCL households,full,1215,965,Chronos-2-X,Chronos-2-X,daily_energy_CV_RMS_pct,8,965,965,0,ok,14.10469847243028,25.151955162704706,16.748566165502275
LCL households,full,1215,965,Chronos-2-X,Chronos-2-X,daily_energy_CV_RMS_pct,9,965,965,0,ok,14.824586330400527,26.461853273369137,16.495680845397164
LCL households,full,1215,965,Chronos-2-X,Chronos-2-X,daily_energy_CV_RMS_pct,10,965,965,0,ok,14.979737013703796,26.389116955495343,17.415229342082313
LCL households,full,1215,965,Chronos-2-X,Chronos-2-X,daily_energy_CV_RMS_pct,11,965,965,0,ok,15.754918908885886,28.569024933176763,18.686635760679785
LCL households,full,1215,965,Chronos-2-X,Chronos-2-X,daily_energy_CV_RMS_pct,12,965,965,0,ok,14.879545432717203,27.86291804176645,18.697137503852062
LCL households,full,1215,965,Chronos-2-X,Chronos-2-X,daily_energy_CV_RMS_pct,13,965,965,0,ok,16.837639563911544,29.78985973686484,19.311471532454636
LCL households,full,1215,965,Chronos-2-X,Chronos-2-X,daily_energy_CV_RMS_pct,14,965,965,0,ok,16.888949373490235,32.9926223614435,19.27421574315894
LCL households,full,1215,965,Chronos-2-X,Chronos-2-X,daily_energy_CV_RMS_pct,15,965,965,0,ok,17.15636828758638,30.157187223636925,20.01935918802812
LCL households,full,1215,965,Chronos-2-X,Chronos-2-X,daily_energy_CV_RMS_pct,16,965,965,0,ok,16.954615082803304,29.72911524397061,19.69899261606472
LCL households,full,1215,965,Chronos-2-X,Chronos-2-X,daily_energy_CV_RMS_pct,17,965,965,0,ok,17.21474534365807,32.23046356689812,20.217175637469346
LCL households,full,1215,965,Chronos-2-X,Chronos-2-X,daily_energy_CV_RMS_pct,18,965,965,0,ok,17.252242938152992,31.06051290069921,20.668358218682165
LCL households,full,1215,965,Chronos-2-X,Chronos-2-X,daily_energy_CV_RMS_pct,19,965,965,0,ok,17.380291897680245,30.72392725390647,20.72053770440357
LCL households,full,1215,965,Chronos-2-X,Chronos-2-X,daily_energy_CV_RMS_pct,20,965,965,0,ok,17.408595407256865,31.31825922826664,20.282581030838347
LCL households,full,1215,965,Chronos-2-X,Chronos-2-X,daily_energy_CV_RMS_pct,21,965,965,0,ok,17.42820538841192,30.798821452979745,20.748466936005727
LCL households,full,1215,965,Chronos-2-X,Chronos-2-X,daily_energy_CV_RMS_pct,22,965,965,0,ok,17.44765436156276,31.47755202254451,20.058090731128065
LCL households,full,1215,965,Chronos-2-X,Chronos-2-X,daily_energy_CV_RMS_pct,23,965,965,0,ok,17.62308150178481,31.140150811258124,20.56104563708334
LCL households,full,1215,965,Chronos-2-X,Chronos-2-X,daily_energy_CV_RMS_pct,24,965,965,0,ok,19.4257418135746,33.03580675919978,22.914953160428354
LCL households,full,1215,965,Chronos-2-X,Chronos-2-X,daily_energy_CV_RMS_pct,25,965,965,0,ok,19.424378313420885,34.581287666820465,23.270652219728646
LCL households,full,1215,965,Chronos-2-X,Chronos-2-X,daily_energy_CV_RMS_pct,26,965,965,0,ok,19.641556936579693,34.1614067322007,23.664001816221024
LCL households,full,1215,965,Chronos-2-X,Chronos-2-X,daily_energy_CV_RMS_pct,27,965,965,0,ok,18.53294040549059,32.84665513230659,22.051728197070343
LCL households,full,1215,965,Chronos-2-X,Chronos-2-X,daily_energy_CV_RMS_pct,28,965,965,0,ok,17.99804158809552,32.00306743358049,21.758603126099395
LCL households,full,1215,965,Chronos-2-X,Chronos-2-X,daily_energy_CV_RMS_pct,29,965,965,0,ok,19.106614160368327,34.366252574582035,23.201458904541003
LCL households,full,1215,965,Chronos-2-X,Chronos-2-X,daily_energy_CV_RMS_pct,30,965,965,0,ok,19.04700567815841,34.38341587746455,22.87176160154188
LCL households,full,1215,965,Chronos-2-X,Chronos-2-X,daily_energy_CV_RMS_pct,31,965,965,0,ok,19.203587020197944,34.28988166523255,22.671559229104066
LCL households,full,1215,965,Chronos-2-X,Chronos-2-X,cumulative_energy_CV_RMS_pct,1,965,965,0,ok,11.659927973680656,26.514018511366828,15.349355372812234
LCL households,full,1215,965,Chronos-2-X,Chronos-2-X,cumulative_energy_CV_RMS_pct,2,965,965,0,ok,11.540174752280945,21.52673881280944,13.990311973651359
LCL households,full,1215,965,Chronos-2-X,Chronos-2-X,cumulative_energy_CV_RMS_pct,3,965,965,0,ok,11.446142866103429,20.387483984131332,13.86446571731648
LCL households,full,1215,965,Chronos-2-X,Chronos-2-X,cumulative_energy_CV_RMS_pct,4,965,965,0,ok,11.527819192334158,19.271420773708755,13.652968448440394
LCL households,full,1215,965,Chronos-2-X,Chronos-2-X,cumulative_energy_CV_RMS_pct,5,965,965,0,ok,11.825838047036017,19.399606545444755,14.419437112597455
LCL households,full,1215,965,Chronos-2-X,Chronos-2-X,cumulative_energy_CV_RMS_pct,6,965,965,0,ok,11.872044434374587,19.566021344323936,14.564870135506654
LCL households,full,1215,965,Chronos-2-X,Chronos-2-X,cumulative_energy_CV_RMS_pct,7,965,965,0,ok,12.212974148951654,19.442328435976414,14.185343035848444
LCL households,full,1215,965,Chronos-2-X,Chronos-2-X,cumulative_energy_CV_RMS_pct,8,965,965,0,ok,12.004979967395345,19.35182528527774,14.913272876224323
LCL households,full,1215,965,Chronos-2-X,Chronos-2-X,cumulative_energy_CV_RMS_pct,9,965,965,0,ok,12.247381526132541,19.48926142104033,14.772094015181297
LCL households,full,1215,965,Chronos-2-X,Chronos-2-X,cumulative_energy_CV_RMS_pct,10,965,965,0,ok,12.060243042375408,19.488205653491516,14.779781761307465
LCL households,full,1215,965,Chronos-2-X,Chronos-2-X,cumulative_energy_CV_RMS_pct,11,965,965,0,ok,12.357986536763212,19.773464999344352,14.870892598107686
LCL households,full,1215,965,Chronos-2-X,Chronos-2-X,cumulative_energy_CV_RMS_pct,12,965,965,0,ok,12.516590534731256,19.858087282176538,15.18721985599373
LCL households,full,1215,965,Chronos-2-X,Chronos-2-X,cumulative_energy_CV_RMS_pct,13,965,965,0,ok,13.12918574001971,20.165250505754752,15.236328399609059
LCL households,full,1215,965,Chronos-2-X,Chronos-2-X,cumulative_energy_CV_RMS_pct,14,965,965,0,ok,13.109488709014823,20.552253687726676,15.802302715223275
LCL households,full,1215,965,Chronos-2-X,Chronos-2-X,cumulative_energy_CV_RMS_pct,15,965,965,0,ok,13.475741248567983,20.804697409371073,16.027210852167794
LCL households,full,1215,965,Chronos-2-X,Chronos-2-X,cumulative_energy_CV_RMS_pct,16,965,965,0,ok,13.568783566822509,20.919991679323147,15.873152473303493
LCL households,full,1215,965,Chronos-2-X,Chronos-2-X,cumulative_energy_CV_RMS_pct,17,965,965,0,ok,13.501653228072454,21.155344771078067,15.958675322145131
LCL households,full,1215,965,Chronos-2-X,Chronos-2-X,cumulative_energy_CV_RMS_pct,18,965,965,0,ok,13.582139149384787,21.328134297259556,15.913668897451286
LCL households,full,1215,965,Chronos-2-X,Chronos-2-X,cumulative_energy_CV_RMS_pct,19,965,965,0,ok,13.877484202705478,21.396028883975468,16.088402068720857
LCL households,full,1215,965,Chronos-2-X,Chronos-2-X,cumulative_energy_CV_RMS_pct,20,965,965,0,ok,13.635231653358646,21.49046634334413,16.03447413436764
LCL households,full,1215,965,Chronos-2-X,Chronos-2-X,cumulative_energy_CV_RMS_pct,21,965,965,0,ok,13.9363185127584,21.617812736879902,16.370307274489765
LCL households,full,1215,965,Chronos-2-X,Chronos-2-X,cumulative_energy_CV_RMS_pct,22,965,965,0,ok,13.986980608595726,21.766364854054814,16.048571838495032
LCL households,full,1215,965,Chronos-2-X,Chronos-2-X,cumulative_energy_CV_RMS_pct,23,965,965,0,ok,14.195824136435036,21.894388654386283,16.136112597182148
LCL households,full,1215,965,Chronos-2-X,Chronos-2-X,cumulative_energy_CV_RMS_pct,24,965,965,0,ok,14.228565636458855,22.0555694970312,16.59854855638253
LCL households,full,1215,965,Chronos-2-X,Chronos-2-X,cumulative_energy_CV_RMS_pct,25,965,965,0,ok,14.425697503074478,22.236702636706944,16.851024870050967
LCL households,full,1215,965,Chronos-2-X,Chronos-2-X,cumulative_energy_CV_RMS_pct,26,965,965,0,ok,14.520978017048101,22.35322387675693,17.225947631497572
LCL households,full,1215,965,Chronos-2-X,Chronos-2-X,cumulative_energy_CV_RMS_pct,27,965,965,0,ok,14.547823724276585,22.435564179250683,17.520010463796442
LCL households,full,1215,965,Chronos-2-X,Chronos-2-X,cumulative_energy_CV_RMS_pct,28,965,965,0,ok,14.520106228573821,22.479880380126538,17.477112248030778
LCL households,full,1215,965,Chronos-2-X,Chronos-2-X,cumulative_energy_CV_RMS_pct,29,965,965,0,ok,14.806122341031452,22.611151289307127,17.629499915690083
LCL households,full,1215,965,Chronos-2-X,Chronos-2-X,cumulative_energy_CV_RMS_pct,30,965,965,0,ok,14.7020729427189,22.716243620243212,17.673395126653894
LCL households,full,1215,965,Chronos-2-X,Chronos-2-X,cumulative_energy_CV_RMS_pct,31,965,965,0,ok,14.759652927075875,22.8110748947045,17.86126927702176
LCL households,full,1215,965,Chronos-2,Chronos-2,hourly_CV_RMSE_pct,1,965,965,0,ok,50.5907514560348,80.51642191608494,52.666254888972084
LCL households,full,1215,965,Chronos-2,Chronos-2,hourly_CV_RMSE_pct,2,965,965,0,ok,48.79148280028298,64.00570141699522,51.328744296849514
LCL households,full,1215,965,Chronos-2,Chronos-2,hourly_CV_RMSE_pct,3,965,965,0,ok,49.83044394984458,65.75360962177872,51.37331985858949
LCL households,full,1215,965,Chronos-2,Chronos-2,hourly_CV_RMSE_pct,4,965,965,0,ok,49.77520253435801,62.32422972707826,51.273157398799725
LCL households,full,1215,965,Chronos-2,Chronos-2,hourly_CV_RMSE_pct,5,965,965,0,ok,54.88769541420023,69.47620589809861,56.55978210500532
LCL households,full,1215,965,Chronos-2,Chronos-2,hourly_CV_RMSE_pct,6,965,965,0,ok,54.292361068311195,69.8255454162406,56.65396386364379
LCL households,full,1215,965,Chronos-2,Chronos-2,hourly_CV_RMSE_pct,7,965,965,0,ok,52.46316632657005,65.82369675002637,53.345041016271544
LCL households,full,1215,965,Chronos-2,Chronos-2,hourly_CV_RMSE_pct,8,965,965,0,ok,54.01185801745084,67.13482025196758,56.41635593842976
LCL households,full,1215,965,Chronos-2,Chronos-2,hourly_CV_RMSE_pct,9,965,965,0,ok,54.82628093069478,68.04480932135858,55.73866816607071
LCL households,full,1215,965,Chronos-2,Chronos-2,hourly_CV_RMSE_pct,10,965,965,0,ok,55.20557989201299,68.00525490836098,56.54445830398347
LCL households,full,1215,965,Chronos-2,Chronos-2,hourly_CV_RMSE_pct,11,965,965,0,ok,57.046139866508874,71.81615688585887,57.8704264868398
LCL households,full,1215,965,Chronos-2,Chronos-2,hourly_CV_RMSE_pct,12,965,965,0,ok,57.77848271233248,71.6041741980223,57.18324303040855
LCL households,full,1215,965,Chronos-2,Chronos-2,hourly_CV_RMSE_pct,13,965,965,0,ok,59.1368944288651,74.0276151908007,60.89791252495292
LCL households,full,1215,965,Chronos-2,Chronos-2,hourly_CV_RMSE_pct,14,965,965,0,ok,58.67834759020361,87.16142279284361,59.14222286468942
LCL households,full,1215,965,Chronos-2,Chronos-2,hourly_CV_RMSE_pct,15,965,965,0,ok,60.33046551683243,73.8167727865554,60.320455601153576
LCL households,full,1215,965,Chronos-2,Chronos-2,hourly_CV_RMSE_pct,16,965,965,0,ok,57.993880279938466,73.38124004285443,58.81431010615058
LCL households,full,1215,965,Chronos-2,Chronos-2,hourly_CV_RMSE_pct,17,965,965,0,ok,59.11681333467451,84.73033499067472,59.8161875090755
LCL households,full,1215,965,Chronos-2,Chronos-2,hourly_CV_RMSE_pct,18,965,965,0,ok,59.86587475081152,75.17468865374758,59.50381584250127
LCL households,full,1215,965,Chronos-2,Chronos-2,hourly_CV_RMSE_pct,19,965,965,0,ok,59.16412682046559,73.67722061227825,58.7876768692693
LCL households,full,1215,965,Chronos-2,Chronos-2,hourly_CV_RMSE_pct,20,965,965,0,ok,58.343521070427336,73.13907859472093,57.33224389795255
LCL households,full,1215,965,Chronos-2,Chronos-2,hourly_CV_RMSE_pct,21,965,965,0,ok,59.384329381057945,73.48130537849495,60.05667881525688
LCL households,full,1215,965,Chronos-2,Chronos-2,hourly_CV_RMSE_pct,22,965,965,0,ok,59.22964859616205,73.45965141241817,59.652758412441614
LCL households,full,1215,965,Chronos-2,Chronos-2,hourly_CV_RMSE_pct,23,965,965,0,ok,60.451505533438976,73.818095547243,61.57203061800491
LCL households,full,1215,965,Chronos-2,Chronos-2,hourly_CV_RMSE_pct,24,965,965,0,ok,59.97144777146596,74.39365346026867,61.31374901619201
LCL households,full,1215,965,Chronos-2,Chronos-2,hourly_CV_RMSE_pct,25,965,965,0,ok,62.29201875272297,77.83876320090435,63.371849608969775
LCL households,full,1215,965,Chronos-2,Chronos-2,hourly_CV_RMSE_pct,26,965,965,0,ok,61.021847520731356,76.36990818793187,62.396175844033614
LCL households,full,1215,965,Chronos-2,Chronos-2,hourly_CV_RMSE_pct,27,965,965,0,ok,60.98797801141823,76.46474465925863,61.094279394933906
LCL households,full,1215,965,Chronos-2,Chronos-2,hourly_CV_RMSE_pct,28,965,965,0,ok,60.960252099843345,75.56788143131512,61.141500673725595
LCL households,full,1215,965,Chronos-2,Chronos-2,hourly_CV_RMSE_pct,29,965,965,0,ok,61.29652573899175,78.70566368093488,62.14351445170891
LCL households,full,1215,965,Chronos-2,Chronos-2,hourly_CV_RMSE_pct,30,965,965,0,ok,63.29686041814221,79.9616101804587,64.24179242887057
LCL households,full,1215,965,Chronos-2,Chronos-2,hourly_CV_RMSE_pct,31,965,965,0,ok,62.59657880103251,79.17629147777825,64.42225523120891
LCL households,full,1215,965,Chronos-2,Chronos-2,daily_energy_CV_RMS_pct,1,965,965,0,ok,11.98413817320611,26.264406082685092,15.201525755162129
LCL households,full,1215,965,Chronos-2,Chronos-2,daily_energy_CV_RMS_pct,2,965,965,0,ok,11.663002665410248,20.768059006124393,13.90559254053785
LCL households,full,1215,965,Chronos-2,Chronos-2,daily_energy_CV_RMS_pct,3,965,965,0,ok,12.15445125837353,22.39810541830246,15.039192933502965
LCL households,full,1215,965,Chronos-2,Chronos-2,daily_energy_CV_RMS_pct,4,965,965,0,ok,11.943351946964585,22.420445911016287,13.72696606532
LCL households,full,1215,965,Chronos-2,Chronos-2,daily_energy_CV_RMS_pct,5,965,965,0,ok,14.63892823246591,26.59087642768624,16.933929381926273
LCL households,full,1215,965,Chronos-2,Chronos-2,daily_energy_CV_RMS_pct,6,965,965,0,ok,14.304655475898116,26.42904201181096,17.314075514206944
LCL households,full,1215,965,Chronos-2,Chronos-2,daily_energy_CV_RMS_pct,7,965,965,0,ok,13.318855821224409,24.387179582615996,15.927424371551597
LCL households,full,1215,965,Chronos-2,Chronos-2,daily_energy_CV_RMS_pct,8,965,965,0,ok,14.249380627212474,24.85245369401989,16.756191316319573
LCL households,full,1215,965,Chronos-2,Chronos-2,daily_energy_CV_RMS_pct,9,965,965,0,ok,14.591096838648276,26.068363540074518,17.217437886941863
LCL households,full,1215,965,Chronos-2,Chronos-2,daily_energy_CV_RMS_pct,10,965,965,0,ok,14.736415817249952,25.888941354435936,17.22688928802754
LCL households,full,1215,965,Chronos-2,Chronos-2,daily_energy_CV_RMS_pct,11,965,965,0,ok,15.918287971037152,28.27785590531982,18.681338128201418
LCL households,full,1215,965,Chronos-2,Chronos-2,daily_energy_CV_RMS_pct,12,965,965,0,ok,15.449641646748239,27.647116333973283,18.268476502163107
LCL households,full,1215,965,Chronos-2,Chronos-2,daily_energy_CV_RMS_pct,13,965,965,0,ok,16.625917148623373,29.61747749203007,19.26159314603033
LCL households,full,1215,965,Chronos-2,Chronos-2,daily_energy_CV_RMS_pct,14,965,965,0,ok,16.858940029228613,32.982009601378195,19.959571946158878
LCL households,full,1215,965,Chronos-2,Chronos-2,daily_energy_CV_RMS_pct,15,965,965,0,ok,16.926980990388234,30.03619696472125,20.97926366387584
LCL households,full,1215,965,Chronos-2,Chronos-2,daily_energy_CV_RMS_pct,16,965,965,0,ok,16.473480358769933,29.28574297904873,19.858861579013997
LCL households,full,1215,965,Chronos-2,Chronos-2,daily_energy_CV_RMS_pct,17,965,965,0,ok,16.157639386889283,31.481942311891835,19.02813519410443
LCL households,full,1215,965,Chronos-2,Chronos-2,daily_energy_CV_RMS_pct,18,965,965,0,ok,17.509347753745782,30.336210127594015,20.53273696994249
LCL households,full,1215,965,Chronos-2,Chronos-2,daily_energy_CV_RMS_pct,19,965,965,0,ok,16.78420993358108,29.72508574187828,19.773795114209527
LCL households,full,1215,965,Chronos-2,Chronos-2,daily_energy_CV_RMS_pct,20,965,965,0,ok,17.020892711418348,30.61486488863639,20.065879663752256
LCL households,full,1215,965,Chronos-2,Chronos-2,daily_energy_CV_RMS_pct,21,965,965,0,ok,17.824249740247907,30.87542028082437,20.872999094634764
LCL households,full,1215,965,Chronos-2,Chronos-2,daily_energy_CV_RMS_pct,22,965,965,0,ok,17.362339088192975,30.448534309889364,20.471506767789748
LCL households,full,1215,965,Chronos-2,Chronos-2,daily_energy_CV_RMS_pct,23,965,965,0,ok,17.421669096695737,30.56900186177018,19.936855679117908
LCL households,full,1215,965,Chronos-2,Chronos-2,daily_energy_CV_RMS_pct,24,965,965,0,ok,18.86947390798791,32.218148444414574,21.214816737327098
LCL households,full,1215,965,Chronos-2,Chronos-2,daily_energy_CV_RMS_pct,25,965,965,0,ok,19.70540538112864,33.88651681401195,23.347333325446954
LCL households,full,1215,965,Chronos-2,Chronos-2,daily_energy_CV_RMS_pct,26,965,965,0,ok,18.829368717696138,33.14494957004466,23.715177376432933
LCL households,full,1215,965,Chronos-2,Chronos-2,daily_energy_CV_RMS_pct,27,965,965,0,ok,18.53616711158567,32.52260108070535,21.793732179820903
LCL households,full,1215,965,Chronos-2,Chronos-2,daily_energy_CV_RMS_pct,28,965,965,0,ok,18.168159273626028,31.542826134151834,21.15171455292022
LCL households,full,1215,965,Chronos-2,Chronos-2,daily_energy_CV_RMS_pct,29,965,965,0,ok,19.13997220241272,34.41127198774615,23.217650720258252
LCL households,full,1215,965,Chronos-2,Chronos-2,daily_energy_CV_RMS_pct,30,965,965,0,ok,19.206166940547085,33.63757922655629,23.447209162648942
LCL households,full,1215,965,Chronos-2,Chronos-2,daily_energy_CV_RMS_pct,31,965,965,0,ok,19.42581408053755,34.230657485195174,22.8604386190305
LCL households,full,1215,965,Chronos-2,Chronos-2,cumulative_energy_CV_RMS_pct,1,965,965,0,ok,11.98413817320611,26.264406082685092,15.201525755162129
LCL households,full,1215,965,Chronos-2,Chronos-2,cumulative_energy_CV_RMS_pct,2,965,965,0,ok,11.280537402430154,21.412486226244862,14.209065149684342
LCL households,full,1215,965,Chronos-2,Chronos-2,cumulative_energy_CV_RMS_pct,3,965,965,0,ok,11.48407959455683,20.247679948754904,13.912053636428393
LCL households,full,1215,965,Chronos-2,Chronos-2,cumulative_energy_CV_RMS_pct,4,965,965,0,ok,11.144129076837196,18.965773043438656,13.426511734355799
LCL households,full,1215,965,Chronos-2,Chronos-2,cumulative_energy_CV_RMS_pct,5,965,965,0,ok,11.434243357773743,19.036709560456945,13.854504569856696
LCL households,full,1215,965,Chronos-2,Chronos-2,cumulative_energy_CV_RMS_pct,6,965,965,0,ok,11.456966004309834,19.236294207702763,14.055971516681396
LCL households,full,1215,965,Chronos-2,Chronos-2,cumulative_energy_CV_RMS_pct,7,965,965,0,ok,11.518900254846647,19.131870723668847,13.524994028981787
LCL households,full,1215,965,Chronos-2,Chronos-2,cumulative_energy_CV_RMS_pct,8,965,965,0,ok,11.9475665533662,19.133850413315784,13.931681932271326
LCL households,full,1215,965,Chronos-2,Chronos-2,cumulative_energy_CV_RMS_pct,9,965,965,0,ok,12.088176250166573,19.306264630284762,14.159202158624405
LCL households,full,1215,965,Chronos-2,Chronos-2,cumulative_energy_CV_RMS_pct,10,965,965,0,ok,12.232503352950856,19.342237753596702,14.209214563537174
LCL households,full,1215,965,Chronos-2,Chronos-2,cumulative_energy_CV_RMS_pct,11,965,965,0,ok,12.613627529969714,19.63339594215611,14.63917086276859
LCL households,full,1215,965,Chronos-2,Chronos-2,cumulative_energy_CV_RMS_pct,12,965,965,0,ok,12.627653607326188,19.69256646724327,14.910422139393141
LCL households,full,1215,965,Chronos-2,Chronos-2,cumulative_energy_CV_RMS_pct,13,965,965,0,ok,12.945573496654905,19.973919614827057,15.099101053879098
LCL households,full,1215,965,Chronos-2,Chronos-2,cumulative_energy_CV_RMS_pct,14,965,965,0,ok,12.983922184879368,20.38668263218693,15.187229685770895
LCL households,full,1215,965,Chronos-2,Chronos-2,cumulative_energy_CV_RMS_pct,15,965,965,0,ok,13.150613927234618,20.588435643863342,15.73499771745649
LCL households,full,1215,965,Chronos-2,Chronos-2,cumulative_energy_CV_RMS_pct,16,965,965,0,ok,13.105072097007303,20.635259034352387,16.072909480247837
LCL households,full,1215,965,Chronos-2,Chronos-2,cumulative_energy_CV_RMS_pct,17,965,965,0,ok,13.079723997926786,20.84384978651782,15.60102172108904
LCL households,full,1215,965,Chronos-2,Chronos-2,cumulative_energy_CV_RMS_pct,18,965,965,0,ok,13.345742170607357,20.99176639578334,15.757948542961335
LCL households,full,1215,965,Chronos-2,Chronos-2,cumulative_energy_CV_RMS_pct,19,965,965,0,ok,13.291700254506896,21.028689318763814,15.917140822077902
LCL households,full,1215,965,Chronos-2,Chronos-2,cumulative_energy_CV_RMS_pct,20,965,965,0,ok,13.591988593371628,21.161199486740944,16.028702577215242
LCL households,full,1215,965,Chronos-2,Chronos-2,cumulative_energy_CV_RMS_pct,21,965,965,0,ok,13.90970901279622,21.308768561574542,16.08752908576559
LCL households,full,1215,965,Chronos-2,Chronos-2,cumulative_energy_CV_RMS_pct,22,965,965,0,ok,14.09822390080862,21.433003595736583,16.43401990282621
LCL households,full,1215,965,Chronos-2,Chronos-2,cumulative_energy_CV_RMS_pct,23,965,965,0,ok,14.224697544253509,21.53050877237148,16.454527189749466
LCL households,full,1215,965,Chronos-2,Chronos-2,cumulative_energy_CV_RMS_pct,24,965,965,0,ok,14.3957550385162,21.65738871994205,16.71304150257355
LCL households,full,1215,965,Chronos-2,Chronos-2,cumulative_energy_CV_RMS_pct,25,965,965,0,ok,14.481163137426726,21.79761296033174,16.825556048928757
LCL households,full,1215,965,Chronos-2,Chronos-2,cumulative_energy_CV_RMS_pct,26,965,965,0,ok,14.65379937774588,21.89552030879628,16.80026568809164
LCL households,full,1215,965,Chronos-2,Chronos-2,cumulative_energy_CV_RMS_pct,27,965,965,0,ok,14.457685738920649,21.96153176165954,17.28092526939177
LCL households,full,1215,965,Chronos-2,Chronos-2,cumulative_energy_CV_RMS_pct,28,965,965,0,ok,14.596397435676472,21.981165295302315,16.945921449681173
LCL households,full,1215,965,Chronos-2,Chronos-2,cumulative_energy_CV_RMS_pct,29,965,965,0,ok,14.599007000892808,22.105410947473285,16.91322730457335
LCL households,full,1215,965,Chronos-2,Chronos-2,cumulative_energy_CV_RMS_pct,30,965,965,0,ok,14.766428809555025,22.19710719835975,17.15457623673599
LCL households,full,1215,965,Chronos-2,Chronos-2,cumulative_energy_CV_RMS_pct,31,965,965,0,ok,14.772926757362772,22.282462809502018,17.228285815211528
LCL households,full,1215,965,ANKYRA-1x-archived,ANKYRA 1.x (archived input),hourly_CV_RMSE_pct,1,965,965,0,ok,55.680385336515066,87.21230883718592,55.723401601912414
LCL households,full,1215,965,ANKYRA-1x-archived,ANKYRA 1.x (archived input),hourly_CV_RMSE_pct,2,965,965,0,ok,52.56462169282758,71.21631197273724,52.82445436098779
LCL households,full,1215,965,ANKYRA-1x-archived,ANKYRA 1.x (archived input),hourly_CV_RMSE_pct,3,965,965,1,geometric mean undefined,,71.71344761784346,52.872297649697856
LCL households,full,1215,965,ANKYRA-1x-archived,ANKYRA 1.x (archived input),hourly_CV_RMSE_pct,4,965,965,1,geometric mean undefined,,68.50919534968251,52.8287551836071
LCL households,full,1215,965,ANKYRA-1x-archived,ANKYRA 1.x (archived input),hourly_CV_RMSE_pct,5,965,965,0,ok,56.67921569994948,74.806676846855,56.27129255637489
LCL households,full,1215,965,ANKYRA-1x-archived,ANKYRA 1.x (archived input),hourly_CV_RMSE_pct,6,965,965,0,ok,56.2056948094337,75.21049234261655,56.80187056618055
LCL households,full,1215,965,ANKYRA-1x-archived,ANKYRA 1.x (archived input),hourly_CV_RMSE_pct,7,965,965,0,ok,54.875162629918535,72.59246011460924,53.71929428399884
LCL households,full,1215,965,ANKYRA-1x-archived,ANKYRA 1.x (archived input),hourly_CV_RMSE_pct,8,965,965,0,ok,56.72706758321417,72.54332313327517,57.189990756822105
LCL households,full,1215,965,ANKYRA-1x-archived,ANKYRA 1.x (archived input),hourly_CV_RMSE_pct,9,965,965,0,ok,57.15511784261236,72.3972150397022,56.85883180552549
LCL households,full,1215,965,ANKYRA-1x-archived,ANKYRA 1.x (archived input),hourly_CV_RMSE_pct,10,965,965,1,geometric mean undefined,,71.53677888443333,57.307964967491166
LCL households,full,1215,965,ANKYRA-1x-archived,ANKYRA 1.x (archived input),hourly_CV_RMSE_pct,11,965,965,1,geometric mean undefined,,75.18047888261486,58.87234101472671
LCL households,full,1215,965,ANKYRA-1x-archived,ANKYRA 1.x (archived input),hourly_CV_RMSE_pct,12,965,965,0,ok,60.274760713191306,75.19372057345696,58.634235657073155
LCL households,full,1215,965,ANKYRA-1x-archived,ANKYRA 1.x (archived input),hourly_CV_RMSE_pct,13,965,965,0,ok,60.71196237707565,76.8373043591093,60.745429126013725
LCL households,full,1215,965,ANKYRA-1x-archived,ANKYRA 1.x (archived input),hourly_CV_RMSE_pct,14,965,965,0,ok,60.63558473464533,87.65869713663527,59.55406515166857
LCL households,full,1215,965,ANKYRA-1x-archived,ANKYRA 1.x (archived input),hourly_CV_RMSE_pct,15,965,965,0,ok,61.613064645925974,76.77239770889348,60.41870913167159
LCL households,full,1215,965,ANKYRA-1x-archived,ANKYRA 1.x (archived input),hourly_CV_RMSE_pct,16,965,965,0,ok,59.904445696253816,75.73879772165888,58.65039023877744
LCL households,full,1215,965,ANKYRA-1x-archived,ANKYRA 1.x (archived input),hourly_CV_RMSE_pct,17,965,965,0,ok,61.007833540397066,86.96972674056589,58.91008220401693
LCL households,full,1215,965,ANKYRA-1x-archived,ANKYRA 1.x (archived input),hourly_CV_RMSE_pct,18,965,965,1,geometric mean undefined,,77.38160321930667,60.086775995652935
LCL households,full,1215,965,ANKYRA-1x-archived,ANKYRA 1.x (archived input),hourly_CV_RMSE_pct,19,965,965,0,ok,61.08192367210158,76.07233681139553,58.408501821661076
LCL households,full,1215,965,ANKYRA-1x-archived,ANKYRA 1.x (archived input),hourly_CV_RMSE_pct,20,965,965,0,ok,60.619027184994096,75.45813919836344,57.981802858645835
LCL households,full,1215,965,ANKYRA-1x-archived,ANKYRA 1.x (archived input),hourly_CV_RMSE_pct,21,965,965,0,ok,61.5785640491499,76.02620089591129,60.632716787390976
LCL households,full,1215,965,ANKYRA-1x-archived,ANKYRA 1.x (archived input),hourly_CV_RMSE_pct,22,965,965,0,ok,61.26218279732315,81.3089298653295,60.40575776200528
LCL households,full,1215,965,ANKYRA-1x-archived,ANKYRA 1.x (archived input),hourly_CV_RMSE_pct,23,965,965,0,ok,61.76274276984871,81.84036850227785,60.272773273303436
LCL households,full,1215,965,ANKYRA-1x-archived,ANKYRA 1.x (archived input),hourly_CV_RMSE_pct,24,965,965,0,ok,61.63431988811387,80.81221298068972,60.45930536081061
LCL households,full,1215,965,ANKYRA-1x-archived,ANKYRA 1.x (archived input),hourly_CV_RMSE_pct,25,965,965,1,geometric mean undefined,,85.09765358601089,63.38068962869814
LCL households,full,1215,965,ANKYRA-1x-archived,ANKYRA 1.x (archived input),hourly_CV_RMSE_pct,26,965,965,0,ok,62.78573571986033,83.34350614187026,62.88707297508705
LCL households,full,1215,965,ANKYRA-1x-archived,ANKYRA 1.x (archived input),hourly_CV_RMSE_pct,27,965,965,0,ok,62.82290121967817,83.22436129747709,60.80967424000486
LCL households,full,1215,965,ANKYRA-1x-archived,ANKYRA 1.x (archived input),hourly_CV_RMSE_pct,28,965,965,0,ok,62.51901125063952,83.09784866789732,61.395478619579706
LCL households,full,1215,965,ANKYRA-1x-archived,ANKYRA 1.x (archived input),hourly_CV_RMSE_pct,29,965,965,0,ok,63.08132111965525,86.90507263706354,62.471961837290436
LCL households,full,1215,965,ANKYRA-1x-archived,ANKYRA 1.x (archived input),hourly_CV_RMSE_pct,30,965,965,0,ok,64.67517825440473,89.80507863125797,64.81528442894599
LCL households,full,1215,965,ANKYRA-1x-archived,ANKYRA 1.x (archived input),hourly_CV_RMSE_pct,31,965,965,0,ok,64.94223623755522,86.22541193583984,63.055838005522304
LCL households,full,1215,965,ANKYRA-1x-archived,ANKYRA 1.x (archived input),daily_energy_CV_RMS_pct,1,965,965,0,ok,12.438559025199824,30.319650754151443,14.084201751480924
LCL households,full,1215,965,ANKYRA-1x-archived,ANKYRA 1.x (archived input),daily_energy_CV_RMS_pct,2,965,965,0,ok,11.702693824735965,25.989379951515605,13.44584467305625
LCL households,full,1215,965,ANKYRA-1x-archived,ANKYRA 1.x (archived input),daily_energy_CV_RMS_pct,3,965,965,1,geometric mean undefined,,26.19361253820633,14.138906270150866
LCL households,full,1215,965,ANKYRA-1x-archived,ANKYRA 1.x (archived input),daily_energy_CV_RMS_pct,4,965,965,1,geometric mean undefined,,27.317134748021665,14.333381248590332
LCL households,full,1215,965,ANKYRA-1x-archived,ANKYRA 1.x (archived input),daily_energy_CV_RMS_pct,5,965,965,0,ok,13.411318919844842,29.31047807032356,15.612189061435533
LCL households,full,1215,965,ANKYRA-1x-archived,ANKYRA 1.x (archived input),daily_energy_CV_RMS_pct,6,965,965,0,ok,12.99611964295835,29.17965862843592,14.686632655076254
LCL households,full,1215,965,ANKYRA-1x-archived,ANKYRA 1.x (archived input),daily_energy_CV_RMS_pct,7,965,965,0,ok,12.812222003394115,28.828398223789286,15.055380675346399
LCL households,full,1215,965,ANKYRA-1x-archived,ANKYRA 1.x (archived input),daily_energy_CV_RMS_pct,8,965,965,0,ok,13.57563516031487,28.077924708751375,15.545047884074497
LCL households,full,1215,965,ANKYRA-1x-archived,ANKYRA 1.x (archived input),daily_energy_CV_RMS_pct,9,965,965,0,ok,13.388252637391265,27.99606682660671,15.409495943865878
LCL households,full,1215,965,ANKYRA-1x-archived,ANKYRA 1.x (archived input),daily_energy_CV_RMS_pct,10,965,965,1,geometric mean undefined,,26.929722957208625,15.247312466679304
LCL households,full,1215,965,ANKYRA-1x-archived,ANKYRA 1.x (archived input),daily_energy_CV_RMS_pct,11,965,965,1,geometric mean undefined,,28.627376764150334,15.9871205535726
LCL households,full,1215,965,ANKYRA-1x-archived,ANKYRA 1.x (archived input),daily_energy_CV_RMS_pct,12,965,965,0,ok,13.449235658016283,28.062835052670593,16.02298045325243
LCL households,full,1215,965,ANKYRA-1x-archived,ANKYRA 1.x (archived input),daily_energy_CV_RMS_pct,13,965,965,0,ok,14.471283777686265,28.809617800253953,15.848283524622127
LCL households,full,1215,965,ANKYRA-1x-archived,ANKYRA 1.x (archived input),daily_energy_CV_RMS_pct,14,965,965,0,ok,14.925496367897882,26.972165698507506,17.584193170511586
LCL households,full,1215,965,ANKYRA-1x-archived,ANKYRA 1.x (archived input),daily_energy_CV_RMS_pct,15,965,965,0,ok,14.781505276008884,29.518671067866997,16.865632760901516
LCL households,full,1215,965,ANKYRA-1x-archived,ANKYRA 1.x (archived input),daily_energy_CV_RMS_pct,16,965,965,0,ok,14.695342599435333,28.487859159859465,16.52175285563406
LCL households,full,1215,965,ANKYRA-1x-archived,ANKYRA 1.x (archived input),daily_energy_CV_RMS_pct,17,965,965,0,ok,14.495082824045928,30.455634434391182,16.413880598667372
LCL households,full,1215,965,ANKYRA-1x-archived,ANKYRA 1.x (archived input),daily_energy_CV_RMS_pct,18,965,965,1,geometric mean undefined,,29.322551435762207,17.427193026479088
LCL households,full,1215,965,ANKYRA-1x-archived,ANKYRA 1.x (archived input),daily_energy_CV_RMS_pct,19,965,965,0,ok,14.7470928872368,28.71662536608087,17.086140315471997
LCL households,full,1215,965,ANKYRA-1x-archived,ANKYRA 1.x (archived input),daily_energy_CV_RMS_pct,20,965,965,0,ok,15.218411673311005,29.60370859910083,16.954010552372186
LCL households,full,1215,965,ANKYRA-1x-archived,ANKYRA 1.x (archived input),daily_energy_CV_RMS_pct,21,965,965,0,ok,15.35003887200113,29.754805344550608,18.189535352160718
LCL households,full,1215,965,ANKYRA-1x-archived,ANKYRA 1.x (archived input),daily_energy_CV_RMS_pct,22,965,965,0,ok,15.031917992336577,35.34955901912837,17.892688422031803
LCL households,full,1215,965,ANKYRA-1x-archived,ANKYRA 1.x (archived input),daily_energy_CV_RMS_pct,23,965,965,0,ok,14.862486078156303,35.25441248728216,17.50652975230781
LCL households,full,1215,965,ANKYRA-1x-archived,ANKYRA 1.x (archived input),daily_energy_CV_RMS_pct,24,965,965,0,ok,16.65160787593759,35.64502860013495,18.78252887491103
LCL households,full,1215,965,ANKYRA-1x-archived,ANKYRA 1.x (archived input),daily_energy_CV_RMS_pct,25,965,965,1,geometric mean undefined,,37.78451708426947,19.980139387804243
LCL households,full,1215,965,ANKYRA-1x-archived,ANKYRA 1.x (archived input),daily_energy_CV_RMS_pct,26,965,965,0,ok,16.60793125926356,36.81520445709178,19.545389100575633
LCL households,full,1215,965,ANKYRA-1x-archived,ANKYRA 1.x (archived input),daily_energy_CV_RMS_pct,27,965,965,0,ok,16.038548234546838,36.01916652043034,18.16363281137703
LCL households,full,1215,965,ANKYRA-1x-archived,ANKYRA 1.x (archived input),daily_energy_CV_RMS_pct,28,965,965,0,ok,15.81155811349769,36.288404124925634,17.044298702785838
LCL households,full,1215,965,ANKYRA-1x-archived,ANKYRA 1.x (archived input),daily_energy_CV_RMS_pct,29,965,965,0,ok,16.808773140737927,39.16541591633464,18.237164479626312
LCL households,full,1215,965,ANKYRA-1x-archived,ANKYRA 1.x (archived input),daily_energy_CV_RMS_pct,30,965,965,0,ok,16.790453649535312,40.27956594019061,18.575844956106263
LCL households,full,1215,965,ANKYRA-1x-archived,ANKYRA 1.x (archived input),daily_energy_CV_RMS_pct,31,965,965,0,ok,17.32868656741892,38.339275261479976,19.454493824601382
LCL households,full,1215,965,ANKYRA-1x-archived,ANKYRA 1.x (archived input),cumulative_energy_CV_RMS_pct,1,965,965,0,ok,12.438559025199824,30.319650754151443,14.084201751480924
LCL households,full,1215,965,ANKYRA-1x-archived,ANKYRA 1.x (archived input),cumulative_energy_CV_RMS_pct,2,965,965,0,ok,10.262508683800068,24.725309556751938,11.936348150882552
LCL households,full,1215,965,ANKYRA-1x-archived,ANKYRA 1.x (archived input),cumulative_energy_CV_RMS_pct,3,965,965,0,ok,9.637813188272595,22.930552197570716,10.857785594070767
LCL households,full,1215,965,ANKYRA-1x-archived,ANKYRA 1.x (archived input),cumulative_energy_CV_RMS_pct,4,965,965,0,ok,8.95780457947415,21.67621098653459,10.105158761467184
LCL households,full,1215,965,ANKYRA-1x-archived,ANKYRA 1.x (archived input),cumulative_energy_CV_RMS_pct,5,965,965,0,ok,8.709485817655517,21.487597371575173,10.211708600180856
LCL households,full,1215,965,ANKYRA-1x-archived,ANKYRA 1.x (archived input),cumulative_energy_CV_RMS_pct,6,965,965,0,ok,8.581930338635457,21.145483920804075,9.85913602391818
LCL households,full,1215,965,ANKYRA-1x-archived,ANKYRA 1.x (archived input),cumulative_energy_CV_RMS_pct,7,965,965,0,ok,8.153997616426368,20.642108591507547,9.370127983959986
LCL households,full,1215,965,ANKYRA-1x-archived,ANKYRA 1.x (archived input),cumulative_energy_CV_RMS_pct,8,965,965,0,ok,7.966431889810595,20.282167910057172,9.314727334608381
LCL households,full,1215,965,ANKYRA-1x-archived,ANKYRA 1.x (archived input),cumulative_energy_CV_RMS_pct,9,965,965,0,ok,7.990257112374342,20.00049576224574,8.959216314774926
LCL households,full,1215,965,ANKYRA-1x-archived,ANKYRA 1.x (archived input),cumulative_energy_CV_RMS_pct,10,965,965,0,ok,8.067946537335438,19.70486594740445,8.742113928612637
LCL households,full,1215,965,ANKYRA-1x-archived,ANKYRA 1.x (archived input),cumulative_energy_CV_RMS_pct,11,965,965,0,ok,8.095932887459659,19.521451380481473,8.997676512054104
LCL households,full,1215,965,ANKYRA-1x-archived,ANKYRA 1.x (archived input),cumulative_energy_CV_RMS_pct,12,965,965,0,ok,8.073679743771736,19.234170664216954,8.790171181807109
LCL households,full,1215,965,ANKYRA-1x-archived,ANKYRA 1.x (archived input),cumulative_energy_CV_RMS_pct,13,965,965,0,ok,8.032055880586492,19.10409355828149,8.775210471056003
LCL households,full,1215,965,ANKYRA-1x-archived,ANKYRA 1.x (archived input),cumulative_energy_CV_RMS_pct,14,965,965,0,ok,8.006280387281901,18.782024463323516,8.702762745916168
LCL households,full,1215,965,ANKYRA-1x-archived,ANKYRA 1.x (archived input),cumulative_energy_CV_RMS_pct,15,965,965,0,ok,7.998433041397102,18.773630876330035,8.748829548588729
LCL households,full,1215,965,ANKYRA-1x-archived,ANKYRA 1.x (archived input),cumulative_energy_CV_RMS_pct,16,965,965,0,ok,8.196029427860068,18.675534767023265,8.735065096379149
LCL households,full,1215,965,ANKYRA-1x-archived,ANKYRA 1.x (archived input),cumulative_energy_CV_RMS_pct,17,965,965,0,ok,8.207043023064058,18.731410644825555,8.966017329122689
LCL households,full,1215,965,ANKYRA-1x-archived,ANKYRA 1.x (archived input),cumulative_energy_CV_RMS_pct,18,965,965,0,ok,8.330328965888922,18.73245043770924,9.080729924792882
LCL households,full,1215,965,ANKYRA-1x-archived,ANKYRA 1.x (archived input),cumulative_energy_CV_RMS_pct,19,965,965,0,ok,8.204307903664768,18.63233207631865,8.756529222052965
LCL households,full,1215,965,ANKYRA-1x-archived,ANKYRA 1.x (archived input),cumulative_energy_CV_RMS_pct,20,965,965,0,ok,8.435069874581862,18.67603263982384,9.206232822646388
LCL households,full,1215,965,ANKYRA-1x-archived,ANKYRA 1.x (archived input),cumulative_energy_CV_RMS_pct,21,965,965,0,ok,8.545655395131787,18.675382591053204,9.370921919032272
LCL households,full,1215,965,ANKYRA-1x-archived,ANKYRA 1.x (archived input),cumulative_energy_CV_RMS_pct,22,965,965,0,ok,8.587414979298178,18.92212034234646,9.532074497209095
LCL households,full,1215,965,ANKYRA-1x-archived,ANKYRA 1.x (archived input),cumulative_energy_CV_RMS_pct,23,965,965,0,ok,8.350092070270103,19.088364529843258,9.492238554514756
LCL households,full,1215,965,ANKYRA-1x-archived,ANKYRA 1.x (archived input),cumulative_energy_CV_RMS_pct,24,965,965,0,ok,8.472666149894096,19.265542547759228,9.480725602263096
LCL households,full,1215,965,ANKYRA-1x-archived,ANKYRA 1.x (archived input),cumulative_energy_CV_RMS_pct,25,965,965,0,ok,8.634570806747456,19.50677439036323,9.792953742221028
LCL households,full,1215,965,ANKYRA-1x-archived,ANKYRA 1.x (archived input),cumulative_energy_CV_RMS_pct,26,965,965,0,ok,8.552602157249051,19.64596113388999,9.677064011334974
LCL households,full,1215,965,ANKYRA-1x-archived,ANKYRA 1.x (archived input),cumulative_energy_CV_RMS_pct,27,965,965,0,ok,8.423337798226104,19.789132743016147,9.734294054866094
LCL households,full,1215,965,ANKYRA-1x-archived,ANKYRA 1.x (archived input),cumulative_energy_CV_RMS_pct,28,965,965,0,ok,8.487022143607527,19.90154640585099,9.803059152877072
LCL households,full,1215,965,ANKYRA-1x-archived,ANKYRA 1.x (archived input),cumulative_energy_CV_RMS_pct,29,965,965,0,ok,8.49844345412896,20.04049714180149,9.929982974495855
LCL households,full,1215,965,ANKYRA-1x-archived,ANKYRA 1.x (archived input),cumulative_energy_CV_RMS_pct,30,965,965,0,ok,8.499704560485672,20.25979587569372,9.821493167475522
LCL households,full,1215,965,ANKYRA-1x-archived,ANKYRA 1.x (archived input),cumulative_energy_CV_RMS_pct,31,965,965,0,ok,8.690367106731667,20.415794411149783,9.774627922647936
LCL households,full,1215,965,GBT,GBT (zero-shot),hourly_CV_RMSE_pct,1,965,965,0,ok,81.94435913395687,166.03865121302613,79.57565634134673
LCL households,full,1215,965,GBT,GBT (zero-shot),hourly_CV_RMSE_pct,2,965,965,0,ok,80.77920353646961,152.04581438516982,77.03075843645465
LCL households,full,1215,965,GBT,GBT (zero-shot),hourly_CV_RMSE_pct,3,965,965,0,ok,81.09439306905665,148.15481596905406,75.86965448765777
LCL households,full,1215,965,GBT,GBT (zero-shot),hourly_CV_RMSE_pct,4,965,965,0,ok,80.46548611813445,145.75604395087186,76.3750060636845
LCL households,full,1215,965,GBT,GBT (zero-shot),hourly_CV_RMSE_pct,5,965,965,0,ok,83.5847025649908,149.8348397708788,79.00369710236244
LCL households,full,1215,965,GBT,GBT (zero-shot),hourly_CV_RMSE_pct,6,965,965,0,ok,84.9237910722643,152.02654417133274,82.22654497824979
LCL households,full,1215,965,GBT,GBT (zero-shot),hourly_CV_RMSE_pct,7,965,965,0,ok,83.77943137160769,152.32813635644635,79.91638833959635
LCL households,full,1215,965,GBT,GBT (zero-shot),hourly_CV_RMSE_pct,8,965,965,0,ok,87.47380890770062,155.01297202423157,85.39982175942772
LCL households,full,1215,965,GBT,GBT (zero-shot),hourly_CV_RMSE_pct,9,965,965,0,ok,88.81413003570756,154.46379426691345,88.17417645760612
LCL households,full,1215,965,GBT,GBT (zero-shot),hourly_CV_RMSE_pct,10,965,965,0,ok,87.81554773490515,148.60955667362526,85.64232110560602
LCL households,full,1215,965,GBT,GBT (zero-shot),hourly_CV_RMSE_pct,11,965,965,0,ok,87.14820787822049,148.97574989684566,85.08559919793264
LCL households,full,1215,965,GBT,GBT (zero-shot),hourly_CV_RMSE_pct,12,965,965,0,ok,86.54072709885305,139.67437415674107,82.89409081519247
LCL households,full,1215,965,GBT,GBT (zero-shot),hourly_CV_RMSE_pct,13,965,965,0,ok,88.8998255822724,143.75386974450564,85.82895877300044
LCL households,full,1215,965,GBT,GBT (zero-shot),hourly_CV_RMSE_pct,14,965,965,0,ok,89.36323817261662,156.27651046707447,86.67375476387458
LCL households,full,1215,965,GBT,GBT (zero-shot),hourly_CV_RMSE_pct,15,965,965,0,ok,89.98841970362055,145.0913661463006,88.29583402826907
LCL households,full,1215,965,GBT,GBT (zero-shot),hourly_CV_RMSE_pct,16,965,965,0,ok,87.71197686383583,141.9300238156099,86.08260208501619
LCL households,full,1215,965,GBT,GBT (zero-shot),hourly_CV_RMSE_pct,17,965,965,0,ok,88.1602276177272,142.8266800527683,84.22175690158144
LCL households,full,1215,965,GBT,GBT (zero-shot),hourly_CV_RMSE_pct,18,965,965,0,ok,87.97275239624996,142.65481898473874,84.32946247515578
LCL households,full,1215,965,GBT,GBT (zero-shot),hourly_CV_RMSE_pct,19,965,965,0,ok,88.74017223072937,144.14960309342771,85.57295515410932
LCL households,full,1215,965,GBT,GBT (zero-shot),hourly_CV_RMSE_pct,20,965,965,0,ok,90.00373703569808,146.27274526141613,86.35190772092257
LCL households,full,1215,965,GBT,GBT (zero-shot),hourly_CV_RMSE_pct,21,965,965,0,ok,88.7338985956749,147.89162050628488,85.67780840610658
LCL households,full,1215,965,GBT,GBT (zero-shot),hourly_CV_RMSE_pct,22,965,965,0,ok,92.09855768375772,158.58406335578186,91.25127022104911
LCL households,full,1215,965,GBT,GBT (zero-shot),hourly_CV_RMSE_pct,23,965,965,0,ok,92.49045151801207,160.07068829028373,89.71489930792394
LCL households,full,1215,965,GBT,GBT (zero-shot),hourly_CV_RMSE_pct,24,965,965,0,ok,91.60462795521357,159.83438717789272,88.4897492160659
LCL households,full,1215,965,GBT,GBT (zero-shot),hourly_CV_RMSE_pct,25,965,965,0,ok,93.27306382019079,161.6030210919686,90.64751321510815
LCL households,full,1215,965,GBT,GBT (zero-shot),hourly_CV_RMSE_pct,26,965,965,0,ok,91.95022525063415,162.9742899739969,88.54186562867865
LCL households,full,1215,965,GBT,GBT (zero-shot),hourly_CV_RMSE_pct,27,965,965,0,ok,94.82737499587758,152.64586035763455,92.32858691619009
LCL households,full,1215,965,GBT,GBT (zero-shot),hourly_CV_RMSE_pct,28,965,965,0,ok,95.77603458719275,162.7974923772177,93.7182945028505
LCL households,full,1215,965,GBT,GBT (zero-shot),hourly_CV_RMSE_pct,29,965,965,0,ok,102.2337414160517,162.8931727392965,100.24462321759265
LCL households,full,1215,965,GBT,GBT (zero-shot),hourly_CV_RMSE_pct,30,965,965,0,ok,105.10274525308704,160.7495328399772,101.16296387880432
LCL households,full,1215,965,GBT,GBT (zero-shot),hourly_CV_RMSE_pct,31,965,965,0,ok,102.4034873875977,155.67727290733882,96.99364587515804
LCL households,full,1215,965,GBT,GBT (zero-shot),daily_energy_CV_RMS_pct,1,965,965,0,ok,21.887537860343425,98.45351857653415,22.451861131740078
LCL households,full,1215,965,GBT,GBT (zero-shot),daily_energy_CV_RMS_pct,2,965,965,0,ok,22.997864729731774,99.27179278424191,25.72180608402092
LCL households,full,1215,965,GBT,GBT (zero-shot),daily_energy_CV_RMS_pct,3,965,965,0,ok,24.90576478037308,96.40387734388179,28.266358381382087
LCL households,full,1215,965,GBT,GBT (zero-shot),daily_energy_CV_RMS_pct,4,965,965,0,ok,24.647156599898622,96.36393944884227,27.64374551340942
LCL households,full,1215,965,GBT,GBT (zero-shot),daily_energy_CV_RMS_pct,5,965,965,0,ok,25.46062180832866,96.35830776341105,26.485515187286175
LCL households,full,1215,965,GBT,GBT (zero-shot),daily_energy_CV_RMS_pct,6,965,965,0,ok,26.622553745241355,99.7950830604467,30.086102207913875
LCL households,full,1215,965,GBT,GBT (zero-shot),daily_energy_CV_RMS_pct,7,965,965,0,ok,28.11086980955548,103.26824672379028,31.133605522288963
LCL households,full,1215,965,GBT,GBT (zero-shot),daily_energy_CV_RMS_pct,8,965,965,0,ok,29.75005717966383,103.39653118995588,32.822857599833725
LCL households,full,1215,965,GBT,GBT (zero-shot),daily_energy_CV_RMS_pct,9,965,965,0,ok,29.51501772064689,103.08490871154632,31.660972730522094
LCL households,full,1215,965,GBT,GBT (zero-shot),daily_energy_CV_RMS_pct,10,965,965,0,ok,28.208523201605644,96.41330350704222,31.124636182228645
LCL households,full,1215,965,GBT,GBT (zero-shot),daily_energy_CV_RMS_pct,11,965,965,0,ok,28.76064070322752,95.27978754254342,31.916252937928387
LCL households,full,1215,965,GBT,GBT (zero-shot),daily_energy_CV_RMS_pct,12,965,965,0,ok,25.781207506865005,84.39687776669246,27.910326573935595
LCL households,full,1215,965,GBT,GBT (zero-shot),daily_energy_CV_RMS_pct,13,965,965,0,ok,28.685801823798663,88.41004626232605,32.35822794930431
LCL households,full,1215,965,GBT,GBT (zero-shot),daily_energy_CV_RMS_pct,14,965,965,0,ok,28.883921162710184,90.13445300589291,32.1621412441964
LCL households,full,1215,965,GBT,GBT (zero-shot),daily_energy_CV_RMS_pct,15,965,965,0,ok,27.621867680796946,89.78204893739711,32.2760110089762
LCL households,full,1215,965,GBT,GBT (zero-shot),daily_energy_CV_RMS_pct,16,965,965,0,ok,25.68659650034616,87.27963863042828,29.46722890320477
LCL households,full,1215,965,GBT,GBT (zero-shot),daily_energy_CV_RMS_pct,17,965,965,0,ok,27.708772531209057,84.98779278743486,29.33919464492945
LCL households,full,1215,965,GBT,GBT (zero-shot),daily_energy_CV_RMS_pct,18,965,965,0,ok,27.275779015809626,86.96468431676391,32.20332978801446
LCL households,full,1215,965,GBT,GBT (zero-shot),daily_energy_CV_RMS_pct,19,965,965,0,ok,28.353899596561828,88.70333550748381,30.667130150555014
LCL households,full,1215,965,GBT,GBT (zero-shot),daily_energy_CV_RMS_pct,20,965,965,0,ok,29.686472320677797,91.692964348161,32.54159580085691
LCL households,full,1215,965,GBT,GBT (zero-shot),daily_energy_CV_RMS_pct,21,965,965,0,ok,27.68893228155625,93.12333817926456,31.070057645850497
LCL households,full,1215,965,GBT,GBT (zero-shot),daily_energy_CV_RMS_pct,22,965,965,0,ok,30.463886515388808,103.09131964497627,34.17902464622801
LCL households,full,1215,965,GBT,GBT (zero-shot),daily_energy_CV_RMS_pct,23,965,965,0,ok,28.362800024088575,103.25579475434216,30.52570263610151
LCL households,full,1215,965,GBT,GBT (zero-shot),daily_energy_CV_RMS_pct,24,965,965,0,ok,30.09210877873784,104.89760284718882,33.50014070088936
LCL households,full,1215,965,GBT,GBT (zero-shot),daily_energy_CV_RMS_pct,25,965,965,0,ok,29.238501571932577,103.63147684515745,33.65129753248708
LCL households,full,1215,965,GBT,GBT (zero-shot),daily_energy_CV_RMS_pct,26,965,965,0,ok,29.80557414830366,105.53631434436976,31.325690709159524
LCL households,full,1215,965,GBT,GBT (zero-shot),daily_energy_CV_RMS_pct,27,965,965,0,ok,30.92520679570444,94.8725663033697,35.18465658418814
LCL households,full,1215,965,GBT,GBT (zero-shot),daily_energy_CV_RMS_pct,28,965,965,0,ok,31.06814210925078,102.80355627878241,37.00167050281582
LCL households,full,1215,965,GBT,GBT (zero-shot),daily_energy_CV_RMS_pct,29,965,965,0,ok,35.19186096190487,100.48846395016363,39.0365166264255
LCL households,full,1215,965,GBT,GBT (zero-shot),daily_energy_CV_RMS_pct,30,965,965,0,ok,34.72204582440954,93.52597570028112,38.868865116659386
LCL households,full,1215,965,GBT,GBT (zero-shot),daily_energy_CV_RMS_pct,31,965,965,0,ok,32.89463226521738,86.38265287422134,35.77633439242939
LCL households,full,1215,965,GBT,GBT (zero-shot),cumulative_energy_CV_RMS_pct,1,965,965,0,ok,21.887537860343425,98.45351857653415,22.451861131740078
LCL households,full,1215,965,GBT,GBT (zero-shot),cumulative_energy_CV_RMS_pct,2,965,965,0,ok,20.670887709521345,95.37587746470136,20.86601035781113
LCL households,full,1215,965,GBT,GBT (zero-shot),cumulative_energy_CV_RMS_pct,3,965,965,0,ok,19.83815346719402,93.6921434953219,20.406711406481687
LCL households,full,1215,965,GBT,GBT (zero-shot),cumulative_energy_CV_RMS_pct,4,965,965,0,ok,19.06132141096067,92.48944856163261,20.04762791309043
LCL households,full,1215,965,GBT,GBT (zero-shot),cumulative_energy_CV_RMS_pct,5,965,965,0,ok,19.137583056526296,91.89285136674377,20.3481641247209
LCL households,full,1215,965,GBT,GBT (zero-shot),cumulative_energy_CV_RMS_pct,6,965,965,0,ok,18.41940997249746,91.88400738099259,20.320748350748367
LCL households,full,1215,965,GBT,GBT (zero-shot),cumulative_energy_CV_RMS_pct,7,965,965,0,ok,18.721122524697705,92.40100420157798,20.81006521919787
LCL households,full,1215,965,GBT,GBT (zero-shot),cumulative_energy_CV_RMS_pct,8,965,965,0,ok,18.638320457211517,92.87401300596663,21.33464253969538
LCL households,full,1215,965,GBT,GBT (zero-shot),cumulative_energy_CV_RMS_pct,9,965,965,0,ok,19.317367164363574,93.16536168857697,21.368692384557132
LCL households,full,1215,965,GBT,GBT (zero-shot),cumulative_energy_CV_RMS_pct,10,965,965,0,ok,19.614842970083217,92.7910640381578,21.201094840490946
LCL households,full,1215,965,GBT,GBT (zero-shot),cumulative_energy_CV_RMS_pct,11,965,965,0,ok,19.384343496654967,92.27793214231343,21.799928894502095
LCL households,full,1215,965,GBT,GBT (zero-shot),cumulative_energy_CV_RMS_pct,12,965,965,0,ok,19.364690526725145,90.83428748989591,21.1552834086059
LCL households,full,1215,965,GBT,GBT (zero-shot),cumulative_energy_CV_RMS_pct,13,965,965,0,ok,19.667292588411666,90.05460349923128,22.027051341828063
LCL households,full,1215,965,GBT,GBT (zero-shot),cumulative_energy_CV_RMS_pct,14,965,965,0,ok,19.913492093142995,89.15468207836284,22.051351455664147
LCL households,full,1215,965,GBT,GBT (zero-shot),cumulative_energy_CV_RMS_pct,15,965,965,0,ok,20.418331751902805,88.67052652869589,22.497162256408366
LCL households,full,1215,965,GBT,GBT (zero-shot),cumulative_energy_CV_RMS_pct,16,965,965,0,ok,20.46721543782767,88.05869952738966,22.887561632024042
LCL households,full,1215,965,GBT,GBT (zero-shot),cumulative_energy_CV_RMS_pct,17,965,965,0,ok,20.22579092993452,87.38200248752705,22.792937201366005
LCL households,full,1215,965,GBT,GBT (zero-shot),cumulative_energy_CV_RMS_pct,18,965,965,0,ok,20.436100413719686,86.84735321119865,22.819200444871274
LCL households,full,1215,965,GBT,GBT (zero-shot),cumulative_energy_CV_RMS_pct,19,965,965,0,ok,20.47666750269038,86.4714873836361,22.59204449654536
LCL households,full,1215,965,GBT,GBT (zero-shot),cumulative_energy_CV_RMS_pct,20,965,965,0,ok,20.828670678121235,86.3206223283885,22.612475771034923
LCL households,full,1215,965,GBT,GBT (zero-shot),cumulative_energy_CV_RMS_pct,21,965,965,0,ok,20.676127246787114,86.21865146298391,22.49080464648078
LCL households,full,1215,965,GBT,GBT (zero-shot),cumulative_energy_CV_RMS_pct,22,965,965,0,ok,20.319679623548673,86.5663888109713,22.419665158007902
LCL households,full,1215,965,GBT,GBT (zero-shot),cumulative_energy_CV_RMS_pct,23,965,965,0,ok,20.667288108846204,86.96104816486165,22.19109257250438
LCL households,full,1215,965,GBT,GBT (zero-shot),cumulative_energy_CV_RMS_pct,24,965,965,0,ok,20.795136727923257,87.28367624113733,22.52467259988385
LCL households,full,1215,965,GBT,GBT (zero-shot),cumulative_energy_CV_RMS_pct,25,965,965,0,ok,20.782516363801594,87.49309301502848,22.45946738703525
LCL households,full,1215,965,GBT,GBT (zero-shot),cumulative_energy_CV_RMS_pct,26,965,965,0,ok,21.095776021791007,87.82721279586139,22.395912017076107
LCL households,full,1215,965,GBT,GBT (zero-shot),cumulative_energy_CV_RMS_pct,27,965,965,0,ok,21.069641368970757,87.7762911345607,22.207942949229736
LCL households,full,1215,965,GBT,GBT (zero-shot),cumulative_energy_CV_RMS_pct,28,965,965,0,ok,21.25869087451879,88.00806374217026,22.16629387861122
LCL households,full,1215,965,GBT,GBT (zero-shot),cumulative_energy_CV_RMS_pct,29,965,965,0,ok,21.387052359512577,87.93816297290367,22.350974716834724
LCL households,full,1215,965,GBT,GBT (zero-shot),cumulative_energy_CV_RMS_pct,30,965,965,0,ok,21.43299187904907,87.79619861413123,22.934688267764642
LCL households,full,1215,965,GBT,GBT (zero-shot),cumulative_energy_CV_RMS_pct,31,965,965,0,ok,21.741421715800058,87.41788275351547,22.931460700248387
LCL households,full,1215,965,Holt-Winters,Holt-Winters,hourly_CV_RMSE_pct,1,965,965,0,ok,65.90360450416719,96.48435000708788,65.70672172469844
LCL households,full,1215,965,Holt-Winters,Holt-Winters,hourly_CV_RMSE_pct,2,965,965,0,ok,64.58264911212186,94.1418642451886,63.78894021430708
LCL households,full,1215,965,Holt-Winters,Holt-Winters,hourly_CV_RMSE_pct,3,965,965,0,ok,65.14466463803922,87.42251656090906,65.39771681426183
LCL households,full,1215,965,Holt-Winters,Holt-Winters,hourly_CV_RMSE_pct,4,965,965,0,ok,64.3708159692598,82.2555377120152,64.31590964970806
LCL households,full,1215,965,Holt-Winters,Holt-Winters,hourly_CV_RMSE_pct,5,965,965,0,ok,67.54984263896787,86.88538505873612,67.41525807358731
LCL households,full,1215,965,Holt-Winters,Holt-Winters,hourly_CV_RMSE_pct,6,965,965,0,ok,65.89423345047814,85.8163290278889,66.69911895263658
LCL households,full,1215,965,Holt-Winters,Holt-Winters,hourly_CV_RMSE_pct,7,965,965,0,ok,65.76252520088202,85.83706582916346,64.65805848906356
LCL households,full,1215,965,Holt-Winters,Holt-Winters,hourly_CV_RMSE_pct,8,965,965,0,ok,68.17695330066796,86.36629203827998,67.3055665805641
LCL households,full,1215,965,Holt-Winters,Holt-Winters,hourly_CV_RMSE_pct,9,965,965,0,ok,68.60967855892874,98.5615531784343,68.14176910909599
LCL households,full,1215,965,Holt-Winters,Holt-Winters,hourly_CV_RMSE_pct,10,965,965,0,ok,68.76900109664834,89.39749158008873,68.6963321917946
LCL households,full,1215,965,Holt-Winters,Holt-Winters,hourly_CV_RMSE_pct,11,965,965,0,ok,69.95260423629448,90.3693110238616,70.17608814424261
LCL households,full,1215,965,Holt-Winters,Holt-Winters,hourly_CV_RMSE_pct,12,965,965,0,ok,70.06041834392555,89.2683995036255,69.20798187747785
LCL households,full,1215,965,Holt-Winters,Holt-Winters,hourly_CV_RMSE_pct,13,965,965,0,ok,69.66412497207862,88.84858474370468,70.0297141435691
LCL households,full,1215,965,Holt-Winters,Holt-Winters,hourly_CV_RMSE_pct,14,965,965,0,ok,69.30031849611453,100.34100821102727,68.56685225254861
LCL households,full,1215,965,Holt-Winters,Holt-Winters,hourly_CV_RMSE_pct,15,965,965,0,ok,71.33467725169157,89.6281240460638,70.57814970890693
LCL households,full,1215,965,Holt-Winters,Holt-Winters,hourly_CV_RMSE_pct,16,965,965,0,ok,69.7608435401204,99.5822186715608,69.7665603586213
LCL households,full,1215,965,Holt-Winters,Holt-Winters,hourly_CV_RMSE_pct,17,965,965,0,ok,70.68095482993753,102.09768517813437,69.15987620471012
LCL households,full,1215,965,Holt-Winters,Holt-Winters,hourly_CV_RMSE_pct,18,965,965,0,ok,71.70953640021034,92.32652809897816,70.82102705135158
LCL households,full,1215,965,Holt-Winters,Holt-Winters,hourly_CV_RMSE_pct,19,965,965,0,ok,71.19691925839199,91.01642729072971,70.38179805857064
LCL households,full,1215,965,Holt-Winters,Holt-Winters,hourly_CV_RMSE_pct,20,965,965,0,ok,69.70421446569777,89.0774930851254,68.80207261572262
LCL households,full,1215,965,Holt-Winters,Holt-Winters,hourly_CV_RMSE_pct,21,965,965,0,ok,70.01524331714421,90.42524196193988,70.54689141440473
LCL households,full,1215,965,Holt-Winters,Holt-Winters,hourly_CV_RMSE_pct,22,965,965,0,ok,71.99660881107474,91.02285810945392,71.96860529267768
LCL households,full,1215,965,Holt-Winters,Holt-Winters,hourly_CV_RMSE_pct,23,965,965,0,ok,72.87536292016742,102.4440718087482,72.3750422666916
LCL households,full,1215,965,Holt-Winters,Holt-Winters,hourly_CV_RMSE_pct,24,965,965,0,ok,72.11041504973186,94.30484563509697,70.75899912376968
LCL households,full,1215,965,Holt-Winters,Holt-Winters,hourly_CV_RMSE_pct,25,965,965,0,ok,75.45637821798368,95.86998091930691,74.73940844026461
LCL households,full,1215,965,Holt-Winters,Holt-Winters,hourly_CV_RMSE_pct,26,965,965,0,ok,73.6066982428153,94.15623479764997,74.8985266215583
LCL households,full,1215,965,Holt-Winters,Holt-Winters,hourly_CV_RMSE_pct,27,965,965,0,ok,72.45172347778161,92.7225494105171,72.3365651079304
LCL households,full,1215,965,Holt-Winters,Holt-Winters,hourly_CV_RMSE_pct,28,965,965,0,ok,71.73065049544543,92.91883334050614,70.10418161675594
LCL households,full,1215,965,Holt-Winters,Holt-Winters,hourly_CV_RMSE_pct,29,965,965,0,ok,73.70986862562212,95.9741807230089,73.53231643285083
LCL households,full,1215,965,Holt-Winters,Holt-Winters,hourly_CV_RMSE_pct,30,965,965,0,ok,76.02444560514043,109.22425772703055,76.77844373216848
LCL households,full,1215,965,Holt-Winters,Holt-Winters,hourly_CV_RMSE_pct,31,965,965,0,ok,75.74504500822475,99.97392679876144,74.29729156169051
LCL households,full,1215,965,Holt-Winters,Holt-Winters,daily_energy_CV_RMS_pct,1,965,965,0,ok,17.578124779404554,38.2117486255535,20.225092033709064
LCL households,full,1215,965,Holt-Winters,Holt-Winters,daily_energy_CV_RMS_pct,2,965,965,0,ok,17.719086780609537,41.23810592778553,19.612889867339632
LCL households,full,1215,965,Holt-Winters,Holt-Winters,daily_energy_CV_RMS_pct,3,965,965,0,ok,18.334807085914377,40.58900351448817,19.52383973939348
LCL households,full,1215,965,Holt-Winters,Holt-Winters,daily_energy_CV_RMS_pct,4,965,965,0,ok,18.087343512038377,40.22899854228391,20.982762321299393
LCL households,full,1215,965,Holt-Winters,Holt-Winters,daily_energy_CV_RMS_pct,5,965,965,0,ok,19.36526232297262,41.92191143243681,22.284964583738038
LCL households,full,1215,965,Holt-Winters,Holt-Winters,daily_energy_CV_RMS_pct,6,965,965,0,ok,17.95184914476096,40.26974324773983,19.996836876412644
LCL households,full,1215,965,Holt-Winters,Holt-Winters,daily_energy_CV_RMS_pct,7,965,965,0,ok,17.66477880542759,40.098462790216246,19.902104587010612
LCL households,full,1215,965,Holt-Winters,Holt-Winters,daily_energy_CV_RMS_pct,8,965,965,0,ok,19.59045537722545,41.923698598643185,21.979023802878004
LCL households,full,1215,965,Holt-Winters,Holt-Winters,daily_energy_CV_RMS_pct,9,965,965,0,ok,20.19950550232164,47.23662148392438,21.686283524960647
LCL households,full,1215,965,Holt-Winters,Holt-Winters,daily_energy_CV_RMS_pct,10,965,965,0,ok,20.739512338492286,44.2389276978466,23.81650232976639
LCL households,full,1215,965,Holt-Winters,Holt-Winters,daily_energy_CV_RMS_pct,11,965,965,0,ok,20.855883905122514,44.68298685570785,24.487069633298898
LCL households,full,1215,965,Holt-Winters,Holt-Winters,daily_energy_CV_RMS_pct,12,965,965,0,ok,20.35260747533109,43.752746143696044,22.598767055940648
LCL households,full,1215,965,Holt-Winters,Holt-Winters,daily_energy_CV_RMS_pct,13,965,965,0,ok,20.38353184513234,43.52155419943368,23.178403844067937
LCL households,full,1215,965,Holt-Winters,Holt-Winters,daily_energy_CV_RMS_pct,14,965,965,0,ok,19.697401123950627,43.68002027178781,23.925380416406558
LCL households,full,1215,965,Holt-Winters,Holt-Winters,daily_energy_CV_RMS_pct,15,965,965,0,ok,21.705173610738424,44.37545082847813,25.21294430064196
LCL households,full,1215,965,Holt-Winters,Holt-Winters,daily_energy_CV_RMS_pct,16,965,965,0,ok,20.901628497604808,46.66621629048532,23.152592502075528
LCL households,full,1215,965,Holt-Winters,Holt-Winters,daily_energy_CV_RMS_pct,17,965,965,0,ok,22.131776580109214,47.55690420315115,26.106665999222354
LCL households,full,1215,965,Holt-Winters,Holt-Winters,daily_energy_CV_RMS_pct,18,965,965,0,ok,22.18431016932602,46.10813424897516,24.228345094434935
LCL households,full,1215,965,Holt-Winters,Holt-Winters,daily_energy_CV_RMS_pct,19,965,965,0,ok,21.964692977461407,45.19416159208915,24.574040895032766
LCL households,full,1215,965,Holt-Winters,Holt-Winters,daily_energy_CV_RMS_pct,20,965,965,0,ok,21.398949331174524,45.34138370746818,24.907528250817318
LCL households,full,1215,965,Holt-Winters,Holt-Winters,daily_energy_CV_RMS_pct,21,965,965,0,ok,20.200780493339973,43.52208440816218,23.81019461356723
LCL households,full,1215,965,Holt-Winters,Holt-Winters,daily_energy_CV_RMS_pct,22,965,965,0,ok,22.114206103751904,45.89185879074474,23.881817819933836
LCL households,full,1215,965,Holt-Winters,Holt-Winters,daily_energy_CV_RMS_pct,23,965,965,0,ok,22.111832583435667,49.82965224876183,24.427732800326886
LCL households,full,1215,965,Holt-Winters,Holt-Winters,daily_energy_CV_RMS_pct,24,965,965,0,ok,23.599540585493774,48.588396929898735,27.690549408809208
LCL households,full,1215,965,Holt-Winters,Holt-Winters,daily_energy_CV_RMS_pct,25,965,965,0,ok,24.338699142562426,49.11896316183221,27.256929228180912
LCL households,full,1215,965,Holt-Winters,Holt-Winters,daily_energy_CV_RMS_pct,26,965,965,0,ok,23.14362932814233,48.430505739670885,26.44238130863739
LCL households,full,1215,965,Holt-Winters,Holt-Winters,daily_energy_CV_RMS_pct,27,965,965,0,ok,22.8903566558788,47.44561308658773,26.885586281551785
LCL households,full,1215,965,Holt-Winters,Holt-Winters,daily_energy_CV_RMS_pct,28,965,965,0,ok,21.759627881297227,45.726490572292256,24.929184885483814
LCL households,full,1215,965,Holt-Winters,Holt-Winters,daily_energy_CV_RMS_pct,29,965,965,0,ok,23.38453646458341,48.74531672722801,25.816057302451398
LCL households,full,1215,965,Holt-Winters,Holt-Winters,daily_energy_CV_RMS_pct,30,965,965,0,ok,23.397208974749557,53.579745881822745,27.319334836762398
LCL households,full,1215,965,Holt-Winters,Holt-Winters,daily_energy_CV_RMS_pct,31,965,965,0,ok,23.476891396770746,51.61574625505633,27.63764170914186
LCL households,full,1215,965,Holt-Winters,Holt-Winters,cumulative_energy_CV_RMS_pct,1,965,965,0,ok,17.578124779404554,38.2117486255535,20.225092033709064
LCL households,full,1215,965,Holt-Winters,Holt-Winters,cumulative_energy_CV_RMS_pct,2,965,965,0,ok,15.566594040790315,36.91854083873565,16.73480618498543
LCL households,full,1215,965,Holt-Winters,Holt-Winters,cumulative_energy_CV_RMS_pct,3,965,965,0,ok,14.411746381680835,36.22196026387656,16.515994903686884
LCL households,full,1215,965,Holt-Winters,Holt-Winters,cumulative_energy_CV_RMS_pct,4,965,965,0,ok,13.710236859818218,35.4789642766445,15.606076956896736
LCL households,full,1215,965,Holt-Winters,Holt-Winters,cumulative_energy_CV_RMS_pct,5,965,965,0,ok,14.103985362465972,35.43863372878757,15.147012222127985
LCL households,full,1215,965,Holt-Winters,Holt-Winters,cumulative_energy_CV_RMS_pct,6,965,965,0,ok,13.452299557231434,35.019424715772594,15.026577755063961
LCL households,full,1215,965,Holt-Winters,Holt-Winters,cumulative_energy_CV_RMS_pct,7,965,965,0,ok,13.710270879507034,34.83718416246803,14.610614114842301
LCL households,full,1215,965,Holt-Winters,Holt-Winters,cumulative_energy_CV_RMS_pct,8,965,965,0,ok,13.48211957906121,34.88496183115172,14.478053198117733
LCL households,full,1215,965,Holt-Winters,Holt-Winters,cumulative_energy_CV_RMS_pct,9,965,965,0,ok,13.576101670815262,35.4802134284773,15.072238179834326
LCL households,full,1215,965,Holt-Winters,Holt-Winters,cumulative_energy_CV_RMS_pct,10,965,965,0,ok,14.094477787398285,35.724038749809665,14.881167568840482
LCL households,full,1215,965,Holt-Winters,Holt-Winters,cumulative_energy_CV_RMS_pct,11,965,965,0,ok,13.890172652807173,35.89611940198843,15.649465158073568
LCL households,full,1215,965,Holt-Winters,Holt-Winters,cumulative_energy_CV_RMS_pct,12,965,965,0,ok,14.050125147307611,35.91758647098532,15.713264262871526
LCL households,full,1215,965,Holt-Winters,Holt-Winters,cumulative_energy_CV_RMS_pct,13,965,965,0,ok,13.852994275657885,35.91441546334171,15.51317636233197
LCL households,full,1215,965,Holt-Winters,Holt-Winters,cumulative_energy_CV_RMS_pct,14,965,965,0,ok,14.19457391791433,35.60881716967674,15.458861664056164
LCL households,full,1215,965,Holt-Winters,Holt-Winters,cumulative_energy_CV_RMS_pct,15,965,965,0,ok,14.048325107085992,35.65501042572357,15.95054673001402
LCL households,full,1215,965,Holt-Winters,Holt-Winters,cumulative_energy_CV_RMS_pct,16,965,965,0,ok,14.011960645808207,35.88779568825007,15.985977947974362
LCL households,full,1215,965,Holt-Winters,Holt-Winters,cumulative_energy_CV_RMS_pct,17,965,965,0,ok,14.318583124578943,36.011784560982996,16.34708427603277
LCL households,full,1215,965,Holt-Winters,Holt-Winters,cumulative_energy_CV_RMS_pct,18,965,965,0,ok,14.422919107953586,36.14169210897786,17.32633335190803
LCL households,full,1215,965,Holt-Winters,Holt-Winters,cumulative_energy_CV_RMS_pct,19,965,965,0,ok,14.33784431703667,36.21843727975233,17.114347850605913
LCL households,full,1215,965,Holt-Winters,Holt-Winters,cumulative_energy_CV_RMS_pct,20,965,965,0,ok,14.824128956898369,36.35911865019691,17.04934048669086
LCL households,full,1215,965,Holt-Winters,Holt-Winters,cumulative_energy_CV_RMS_pct,21,965,965,0,ok,15.180174661663825,36.39157750172266,17.10838715523083
LCL households,full,1215,965,Holt-Winters,Holt-Winters,cumulative_energy_CV_RMS_pct,22,965,965,0,ok,15.109752245744447,36.513453837369006,17.421192421670064
LCL households,full,1215,965,Holt-Winters,Holt-Winters,cumulative_energy_CV_RMS_pct,23,965,965,0,ok,15.15821788900782,36.75618736784963,17.43185952316601
LCL households,full,1215,965,Holt-Winters,Holt-Winters,cumulative_energy_CV_RMS_pct,24,965,965,0,ok,15.399462475484667,36.92862736246782,17.143210297485492
LCL households,full,1215,965,Holt-Winters,Holt-Winters,cumulative_energy_CV_RMS_pct,25,965,965,0,ok,15.609850030239237,37.0467326314119,17.26053688091037
LCL households,full,1215,965,Holt-Winters,Holt-Winters,cumulative_energy_CV_RMS_pct,26,965,965,0,ok,15.574106872978769,37.161404112352066,17.615624437496983
LCL households,full,1215,965,Holt-Winters,Holt-Winters,cumulative_energy_CV_RMS_pct,27,965,965,0,ok,15.596100648470193,37.241210188014556,17.279989867724037
LCL households,full,1215,965,Holt-Winters,Holt-Winters,cumulative_energy_CV_RMS_pct,28,965,965,0,ok,15.783037892997562,37.29245643273415,17.52393230554876
LCL households,full,1215,965,Holt-Winters,Holt-Winters,cumulative_energy_CV_RMS_pct,29,965,965,0,ok,15.563371858608226,37.35658657171634,17.64878141184711
LCL households,full,1215,965,Holt-Winters,Holt-Winters,cumulative_energy_CV_RMS_pct,30,965,965,0,ok,15.783877750376906,37.62540310119966,17.68550683717203
LCL households,full,1215,965,Holt-Winters,Holt-Winters,cumulative_energy_CV_RMS_pct,31,965,965,0,ok,15.759858505239821,37.816422308652854,17.8766315837747
LCL households,full,1215,965,LYR-profile,Last-year profile,hourly_CV_RMSE_pct,1,965,965,1,geometric mean undefined,,371.9118643122647,85.57221652077841
LCL households,full,1215,965,LYR-profile,Last-year profile,hourly_CV_RMSE_pct,2,965,965,0,ok,83.52969361369622,363.07446994932405,80.98028961403233
LCL households,full,1215,965,LYR-profile,Last-year profile,hourly_CV_RMSE_pct,3,965,965,1,geometric mean undefined,,362.1659626577845,83.20377600208859
LCL households,full,1215,965,LYR-profile,Last-year profile,hourly_CV_RMSE_pct,4,965,965,1,geometric mean undefined,,350.71631536360815,79.57308821379966
LCL households,full,1215,965,LYR-profile,Last-year profile,hourly_CV_RMSE_pct,5,965,965,0,ok,86.61529666187775,277.2398261408798,83.4506349519049
LCL households,full,1215,965,LYR-profile,Last-year profile,hourly_CV_RMSE_pct,6,965,965,0,ok,84.97416230815928,364.3182976033255,82.9396422622578
LCL households,full,1215,965,LYR-profile,Last-year profile,hourly_CV_RMSE_pct,7,965,965,1,geometric mean undefined,,407.20509249417984,80.79104355399991
LCL households,full,1215,965,LYR-profile,Last-year profile,hourly_CV_RMSE_pct,8,965,965,0,ok,83.13338012081448,302.09041043940346,82.54095218721929
LCL households,full,1215,965,LYR-profile,Last-year profile,hourly_CV_RMSE_pct,9,965,965,0,ok,83.78201925721359,294.06469189384114,80.98789933533533
LCL households,full,1215,965,LYR-profile,Last-year profile,hourly_CV_RMSE_pct,10,965,965,1,geometric mean undefined,,238.36881212768836,82.79206089408609
LCL households,full,1215,965,LYR-profile,Last-year profile,hourly_CV_RMSE_pct,11,965,965,1,geometric mean undefined,,386.0759339459982,86.89310967396472
LCL households,full,1215,965,LYR-profile,Last-year profile,hourly_CV_RMSE_pct,12,965,965,0,ok,87.95941891832486,411.67980589742433,84.74435614600306
LCL households,full,1215,965,LYR-profile,Last-year profile,hourly_CV_RMSE_pct,13,965,965,1,geometric mean undefined,,434.1608085636837,84.98056488008996
LCL households,full,1215,965,LYR-profile,Last-year profile,hourly_CV_RMSE_pct,14,965,965,1,geometric mean undefined,,417.0418114272005,82.35301289237162
LCL households,full,1215,965,LYR-profile,Last-year profile,hourly_CV_RMSE_pct,15,965,965,0,ok,87.80738956808021,297.4155166238777,85.92340422844707
LCL households,full,1215,965,LYR-profile,Last-year profile,hourly_CV_RMSE_pct,16,965,965,0,ok,86.82884389785474,286.48729712782927,82.55266956790383
LCL households,full,1215,965,LYR-profile,Last-year profile,hourly_CV_RMSE_pct,17,965,965,0,ok,88.60892649517437,308.9540134616074,85.92337926175388
LCL households,full,1215,965,LYR-profile,Last-year profile,hourly_CV_RMSE_pct,18,965,965,0,ok,88.74996038370031,282.08056829097364,85.68567727405821
LCL households,full,1215,965,LYR-profile,Last-year profile,hourly_CV_RMSE_pct,19,965,965,1,geometric mean undefined,,361.1069706913519,84.84478545416322
LCL households,full,1215,965,LYR-profile,Last-year profile,hourly_CV_RMSE_pct,20,965,965,1,geometric mean undefined,,295.86111385877945,83.44056040772641
LCL households,full,1215,965,LYR-profile,Last-year profile,hourly_CV_RMSE_pct,21,965,965,1,geometric mean undefined,,371.18089987396905,85.7106535489403
LCL households,full,1215,965,LYR-profile,Last-year profile,hourly_CV_RMSE_pct,22,965,965,1,geometric mean undefined,,280.071316106952,82.24892392644564
LCL households,full,1215,965,LYR-profile,Last-year profile,hourly_CV_RMSE_pct,23,965,965,1,geometric mean undefined,,430.75222069598516,85.03204503237163
LCL households,full,1215,965,LYR-profile,Last-year profile,hourly_CV_RMSE_pct,24,965,965,1,geometric mean undefined,,428.3491480398748,84.47875370170787
LCL households,full,1215,965,LYR-profile,Last-year profile,hourly_CV_RMSE_pct,25,965,965,2,geometric mean undefined,,477.21344838181915,89.8809004228338
LCL households,full,1215,965,LYR-profile,Last-year profile,hourly_CV_RMSE_pct,26,965,965,1,geometric mean undefined,,319.2935867686311,88.91373127772029
LCL households,full,1215,965,LYR-profile,Last-year profile,hourly_CV_RMSE_pct,27,965,965,1,geometric mean undefined,,231.97369556995497,85.61228720483865
LCL households,full,1215,965,LYR-profile,Last-year profile,hourly_CV_RMSE_pct,28,965,965,1,geometric mean undefined,,394.88608255047785,82.45005106511974
LCL households,full,1215,965,LYR-profile,Last-year profile,hourly_CV_RMSE_pct,29,965,965,1,geometric mean undefined,,418.92706977821706,84.4927663596656
LCL households,full,1215,965,LYR-profile,Last-year profile,hourly_CV_RMSE_pct,30,965,965,1,geometric mean undefined,,566.153472160906,85.74818237106562
LCL households,full,1215,965,LYR-profile,Last-year profile,hourly_CV_RMSE_pct,31,965,965,0,ok,88.67379562524629,448.4867720638317,86.98922493484841
LCL households,full,1215,965,LYR-profile,Last-year profile,daily_energy_CV_RMS_pct,1,965,965,1,geometric mean undefined,,200.405448208047,24.903380083373488
LCL households,full,1215,965,LYR-profile,Last-year profile,daily_energy_CV_RMS_pct,2,965,965,0,ok,19.185037808201354,201.6779896142419,22.516001587323274
LCL households,full,1215,965,LYR-profile,Last-year profile,daily_energy_CV_RMS_pct,3,965,965,1,geometric mean undefined,,197.34988178738536,23.038735815806255
LCL households,full,1215,965,LYR-profile,Last-year profile,daily_energy_CV_RMS_pct,4,965,965,1,geometric mean undefined,,184.22818563404988,22.83236348915549
LCL households,full,1215,965,LYR-profile,Last-year profile,daily_energy_CV_RMS_pct,5,965,965,0,ok,20.8130510172472,151.40520939770437,23.79256208929374
LCL households,full,1215,965,LYR-profile,Last-year profile,daily_energy_CV_RMS_pct,6,965,965,0,ok,19.81988207415983,180.54551437762711,23.58931633146024
LCL households,full,1215,965,LYR-profile,Last-year profile,daily_energy_CV_RMS_pct,7,965,965,2,geometric mean undefined,,204.06359861603616,23.197130031474778
LCL households,full,1215,965,LYR-profile,Last-year profile,daily_energy_CV_RMS_pct,8,965,965,0,ok,19.510198846508775,150.44135605420706,21.67333259948113
LCL households,full,1215,965,LYR-profile,Last-year profile,daily_energy_CV_RMS_pct,9,965,965,0,ok,19.52053988047319,169.19077410346816,21.695784159748072
LCL households,full,1215,965,LYR-profile,Last-year profile,daily_energy_CV_RMS_pct,10,965,965,1,geometric mean undefined,,126.25181806152312,21.538462789684342
LCL households,full,1215,965,LYR-profile,Last-year profile,daily_energy_CV_RMS_pct,11,965,965,1,geometric mean undefined,,220.79855151124542,23.603324117428055
LCL households,full,1215,965,LYR-profile,Last-year profile,daily_energy_CV_RMS_pct,12,965,965,0,ok,20.121056373981766,214.9226679431163,23.032569980566088
LCL households,full,1215,965,LYR-profile,Last-year profile,daily_energy_CV_RMS_pct,13,965,965,1,geometric mean undefined,,259.6319166049617,22.020899394172115
LCL households,full,1215,965,LYR-profile,Last-year profile,daily_energy_CV_RMS_pct,14,965,965,1,geometric mean undefined,,237.75959853261216,23.77554442822393
LCL households,full,1215,965,LYR-profile,Last-year profile,daily_energy_CV_RMS_pct,15,965,965,0,ok,20.725320885962944,160.72573693235904,22.298636584873147
LCL households,full,1215,965,LYR-profile,Last-year profile,daily_energy_CV_RMS_pct,16,965,965,0,ok,20.555559042004216,158.7736116082461,22.447013290717905
LCL households,full,1215,965,LYR-profile,Last-year profile,daily_energy_CV_RMS_pct,17,965,965,0,ok,20.773841169767444,155.941324983626,24.445663170337262
LCL households,full,1215,965,LYR-profile,Last-year profile,daily_energy_CV_RMS_pct,18,965,965,0,ok,21.678864409757725,161.20710065595358,24.020472034281084
LCL households,full,1215,965,LYR-profile,Last-year profile,daily_energy_CV_RMS_pct,19,965,965,1,geometric mean undefined,,201.16522648236133,24.020148831809493
LCL households,full,1215,965,LYR-profile,Last-year profile,daily_energy_CV_RMS_pct,20,965,965,1,geometric mean undefined,,152.5799921324283,23.834110754807817
LCL households,full,1215,965,LYR-profile,Last-year profile,daily_energy_CV_RMS_pct,21,965,965,1,geometric mean undefined,,197.62161628653837,23.267290338088582
LCL households,full,1215,965,LYR-profile,Last-year profile,daily_energy_CV_RMS_pct,22,965,965,1,geometric mean undefined,,154.38855920099493,23.97289738294003
LCL households,full,1215,965,LYR-profile,Last-year profile,daily_energy_CV_RMS_pct,23,965,965,1,geometric mean undefined,,242.55297046036628,25.21098707321107
LCL households,full,1215,965,LYR-profile,Last-year profile,daily_energy_CV_RMS_pct,24,965,965,1,geometric mean undefined,,223.9319923053735,24.60619892022276
LCL households,full,1215,965,LYR-profile,Last-year profile,daily_energy_CV_RMS_pct,25,965,965,2,geometric mean undefined,,292.2584548795784,25.12045928264507
LCL households,full,1215,965,LYR-profile,Last-year profile,daily_energy_CV_RMS_pct,26,965,965,1,geometric mean undefined,,175.9517239127894,24.678334344878294
LCL households,full,1215,965,LYR-profile,Last-year profile,daily_energy_CV_RMS_pct,27,965,965,1,geometric mean undefined,,122.6946867178554,25.10931611330734
LCL households,full,1215,965,LYR-profile,Last-year profile,daily_energy_CV_RMS_pct,28,965,965,1,geometric mean undefined,,222.4396467870298,21.846548000211683
LCL households,full,1215,965,LYR-profile,Last-year profile,daily_energy_CV_RMS_pct,29,965,965,1,geometric mean undefined,,255.6387065303859,24.899596920869925
LCL households,full,1215,965,LYR-profile,Last-year profile,daily_energy_CV_RMS_pct,30,965,965,1,geometric mean undefined,,355.805917572892,23.530323805614916
LCL households,full,1215,965,LYR-profile,Last-year profile,daily_energy_CV_RMS_pct,31,965,965,0,ok,20.53853910655658,239.68046290456442,23.14239104060842
LCL households,full,1215,965,LYR-profile,Last-year profile,cumulative_energy_CV_RMS_pct,1,965,965,1,geometric mean undefined,,200.405448208047,24.903380083373488
LCL households,full,1215,965,LYR-profile,Last-year profile,cumulative_energy_CV_RMS_pct,2,965,965,0,ok,17.381355491636956,196.71308482466102,19.794655174035586
LCL households,full,1215,965,LYR-profile,Last-year profile,cumulative_energy_CV_RMS_pct,3,965,965,0,ok,16.775797108913718,193.7971431478498,18.90118612044869
LCL households,full,1215,965,LYR-profile,Last-year profile,cumulative_energy_CV_RMS_pct,4,965,965,0,ok,15.183279215433544,188.58688058136184,17.826467291109587
LCL households,full,1215,965,LYR-profile,Last-year profile,cumulative_energy_CV_RMS_pct,5,965,965,0,ok,14.798937111900328,178.77103133566675,16.703857871241247
LCL households,full,1215,965,LYR-profile,Last-year profile,cumulative_energy_CV_RMS_pct,6,965,965,0,ok,14.192166816554328,176.58108224070267,15.870558450896207
LCL households,full,1215,965,LYR-profile,Last-year profile,cumulative_energy_CV_RMS_pct,7,965,965,0,ok,13.488779911511886,178.4236574960899,15.199422143740062
LCL households,full,1215,965,LYR-profile,Last-year profile,cumulative_energy_CV_RMS_pct,8,965,965,0,ok,13.457025038710983,173.29111192354776,14.878578928544888
LCL households,full,1215,965,LYR-profile,Last-year profile,cumulative_energy_CV_RMS_pct,9,965,965,0,ok,13.313175146049776,171.35207884274288,14.408850905918861
LCL households,full,1215,965,LYR-profile,Last-year profile,cumulative_energy_CV_RMS_pct,10,965,965,0,ok,12.913347062107293,165.53244438375307,14.61303714167867
LCL households,full,1215,965,LYR-profile,Last-year profile,cumulative_energy_CV_RMS_pct,11,965,965,0,ok,12.356167131740586,169.00623092240266,13.963615097255776
LCL households,full,1215,965,LYR-profile,Last-year profile,cumulative_energy_CV_RMS_pct,12,965,965,0,ok,12.612818276315732,171.6248565304415,13.873037565782349
LCL households,full,1215,965,LYR-profile,Last-year profile,cumulative_energy_CV_RMS_pct,13,965,965,0,ok,12.501440442670118,177.10835077574603,13.792883133352383
LCL households,full,1215,965,LYR-profile,Last-year profile,cumulative_energy_CV_RMS_pct,14,965,965,0,ok,12.31013559078325,180.211801036746,13.618991870702047
LCL households,full,1215,965,LYR-profile,Last-year profile,cumulative_energy_CV_RMS_pct,15,965,965,0,ok,12.056157239401347,177.84003689802725,13.445873418278778
LCL households,full,1215,965,LYR-profile,Last-year profile,cumulative_energy_CV_RMS_pct,16,965,965,0,ok,11.921600572354633,175.58679704826227,13.662617289346736
LCL households,full,1215,965,LYR-profile,Last-year profile,cumulative_energy_CV_RMS_pct,17,965,965,0,ok,11.925884617646302,173.5162213743192,13.701461100918074
LCL households,full,1215,965,LYR-profile,Last-year profile,cumulative_energy_CV_RMS_pct,18,965,965,0,ok,12.017079475954965,171.90334575991622,13.621624659796945
LCL households,full,1215,965,LYR-profile,Last-year profile,cumulative_energy_CV_RMS_pct,19,965,965,0,ok,11.95379800070993,172.58097046729415,13.365055466137335
LCL households,full,1215,965,LYR-profile,Last-year profile,cumulative_energy_CV_RMS_pct,20,965,965,0,ok,11.649293059798303,170.74971201954546,13.68252322486842
LCL households,full,1215,965,LYR-profile,Last-year profile,cumulative_energy_CV_RMS_pct,21,965,965,0,ok,11.595357375033451,171.3050628427625,13.763575863860902
LCL households,full,1215,965,LYR-profile,Last-year profile,cumulative_energy_CV_RMS_pct,22,965,965,0,ok,11.592408062128806,169.77236347964524,13.620764384260413
LCL households,full,1215,965,LYR-profile,Last-year profile,cumulative_energy_CV_RMS_pct,23,965,965,0,ok,11.443331126700013,172.1168941869371,13.364557727058013
LCL households,full,1215,965,LYR-profile,Last-year profile,cumulative_energy_CV_RMS_pct,24,965,965,0,ok,11.405794888738239,173.49018514369715,13.226127180167158
LCL households,full,1215,965,LYR-profile,Last-year profile,cumulative_energy_CV_RMS_pct,25,965,965,0,ok,11.670097077431109,177.51531383053813,13.221851949484119
LCL households,full,1215,965,LYR-profile,Last-year profile,cumulative_energy_CV_RMS_pct,26,965,965,0,ok,11.715648814193731,176.78368957778807,13.242879052587824
LCL households,full,1215,965,LYR-profile,Last-year profile,cumulative_energy_CV_RMS_pct,27,965,965,0,ok,11.563619448576725,174.1536338020848,13.307634133955988
LCL households,full,1215,965,LYR-profile,Last-year profile,cumulative_energy_CV_RMS_pct,28,965,965,0,ok,11.479451033990575,175.27727780867468,13.183364536763207
LCL households,full,1215,965,LYR-profile,Last-year profile,cumulative_energy_CV_RMS_pct,29,965,965,0,ok,11.485470342378132,177.33916876354445,12.79893449298033
LCL households,full,1215,965,LYR-profile,Last-year profile,cumulative_energy_CV_RMS_pct,30,965,965,0,ok,11.471604943857976,182.629765973948,12.984441594202357
LCL households,full,1215,965,LYR-profile,Last-year profile,cumulative_energy_CV_RMS_pct,31,965,965,0,ok,11.375385196463679,183.83891342639274,12.78688302426016
LCL households,full,1215,965,MSTL,MSTL,hourly_CV_RMSE_pct,1,965,965,0,ok,78.99939474411617,111.88708990944015,78.88033709830943
LCL households,full,1215,965,MSTL,MSTL,hourly_CV_RMSE_pct,2,965,965,0,ok,77.6704516701995,106.105476785953,77.85892738039173
LCL households,full,1215,965,MSTL,MSTL,hourly_CV_RMSE_pct,3,965,965,0,ok,78.149232326912,104.34335832463739,77.91135168746818
LCL households,full,1215,965,MSTL,MSTL,hourly_CV_RMSE_pct,4,965,965,0,ok,76.84512521516714,95.20676097289615,75.42981926579961
LCL households,full,1215,965,MSTL,MSTL,hourly_CV_RMSE_pct,5,965,965,0,ok,78.03362948440329,97.59106545311504,77.97537369918074
LCL households,full,1215,965,MSTL,MSTL,hourly_CV_RMSE_pct,6,965,965,0,ok,75.29408781846014,94.59377165196541,75.95283775715876
LCL households,full,1215,965,MSTL,MSTL,hourly_CV_RMSE_pct,7,965,965,0,ok,73.09583922727572,94.74865371775283,73.90872946032924
LCL households,full,1215,965,MSTL,MSTL,hourly_CV_RMSE_pct,8,965,965,0,ok,82.98086263968975,103.51417433419974,81.72075404072848
LCL households,full,1215,965,MSTL,MSTL,hourly_CV_RMSE_pct,9,965,965,0,ok,84.37072091879236,112.67083887336085,83.57126213998806
LCL households,full,1215,965,MSTL,MSTL,hourly_CV_RMSE_pct,10,965,965,0,ok,82.73353613073128,106.7565459626698,81.52278822544564
LCL households,full,1215,965,MSTL,MSTL,hourly_CV_RMSE_pct,11,965,965,0,ok,82.37677298663655,102.6817607791208,81.66418136203231
LCL households,full,1215,965,MSTL,MSTL,hourly_CV_RMSE_pct,12,965,965,0,ok,81.15701590654986,100.15640687030894,80.5978801741142
LCL households,full,1215,965,MSTL,MSTL,hourly_CV_RMSE_pct,13,965,965,0,ok,80.34022649734226,98.62681924445117,82.01283416309022
LCL households,full,1215,965,MSTL,MSTL,hourly_CV_RMSE_pct,14,965,965,0,ok,77.24383016298178,106.52356082927888,76.4735663550551
LCL households,full,1215,965,MSTL,MSTL,hourly_CV_RMSE_pct,15,965,965,0,ok,87.5548839259767,107.36051362978257,85.46594982380269
LCL households,full,1215,965,MSTL,MSTL,hourly_CV_RMSE_pct,16,965,965,0,ok,85.19707225529132,113.96014758669999,84.49377238284116
LCL households,full,1215,965,MSTL,MSTL,hourly_CV_RMSE_pct,17,965,965,0,ok,85.40658072468186,116.9910966671993,83.42283693241671
LCL households,full,1215,965,MSTL,MSTL,hourly_CV_RMSE_pct,18,965,965,0,ok,85.03963592231338,105.6986678873579,83.51829147452608
LCL households,full,1215,965,MSTL,MSTL,hourly_CV_RMSE_pct,19,965,965,0,ok,82.34072844343305,101.96341933470772,81.31475893053887
LCL households,full,1215,965,MSTL,MSTL,hourly_CV_RMSE_pct,20,965,965,0,ok,80.66837574233502,99.52038708690695,79.53876389890301
LCL households,full,1215,965,MSTL,MSTL,hourly_CV_RMSE_pct,21,965,965,0,ok,79.07710471188722,100.8662139678865,79.60880719726754
LCL households,full,1215,965,MSTL,MSTL,hourly_CV_RMSE_pct,22,965,965,0,ok,88.05249831565865,108.43902414889314,86.4802299167505
LCL households,full,1215,965,MSTL,MSTL,hourly_CV_RMSE_pct,23,965,965,0,ok,87.9713186776927,116.03368294879033,87.53970003077136
LCL households,full,1215,965,MSTL,MSTL,hourly_CV_RMSE_pct,24,965,965,0,ok,86.10419232298551,111.0445174193573,85.21701341876907
LCL households,full,1215,965,MSTL,MSTL,hourly_CV_RMSE_pct,25,965,965,0,ok,88.65894834965147,108.95234091900674,88.30266299562564
LCL households,full,1215,965,MSTL,MSTL,hourly_CV_RMSE_pct,26,965,965,0,ok,85.4718752022046,105.60699362853931,85.39806476386573
LCL households,full,1215,965,MSTL,MSTL,hourly_CV_RMSE_pct,27,965,965,0,ok,83.3275619458905,102.2292211369736,82.61664451740039
LCL households,full,1215,965,MSTL,MSTL,hourly_CV_RMSE_pct,28,965,965,0,ok,81.36329193626331,103.98857593726645,79.3076377705021
LCL households,full,1215,965,MSTL,MSTL,hourly_CV_RMSE_pct,29,965,965,0,ok,90.52572253331081,113.75505855182826,87.96849239518053
LCL households,full,1215,965,MSTL,MSTL,hourly_CV_RMSE_pct,30,965,965,0,ok,91.40464801422523,122.89011652475266,92.61670880936646
LCL households,full,1215,965,MSTL,MSTL,hourly_CV_RMSE_pct,31,965,965,0,ok,90.90444044442526,117.93047324703191,88.76048161893515
LCL households,full,1215,965,MSTL,MSTL,daily_energy_CV_RMS_pct,1,965,965,0,ok,17.426596868537395,33.08222745389672,19.53845720516654
LCL households,full,1215,965,MSTL,MSTL,daily_energy_CV_RMS_pct,2,965,965,0,ok,18.038864140357948,34.492402678338586,20.52020442518846
LCL households,full,1215,965,MSTL,MSTL,daily_energy_CV_RMS_pct,3,965,965,0,ok,18.20709268033079,35.40005651111415,20.826604862480387
LCL households,full,1215,965,MSTL,MSTL,daily_energy_CV_RMS_pct,4,965,965,0,ok,18.15389810195027,34.41477088841093,20.708972776120643
LCL households,full,1215,965,MSTL,MSTL,daily_energy_CV_RMS_pct,5,965,965,0,ok,18.210146393360912,35.863088257408315,21.600673102911287
LCL households,full,1215,965,MSTL,MSTL,daily_energy_CV_RMS_pct,6,965,965,0,ok,17.768301929975713,34.528994476433446,19.882888915303813
LCL households,full,1215,965,MSTL,MSTL,daily_energy_CV_RMS_pct,7,965,965,0,ok,16.681856316343794,34.10901585163201,19.22092095144824
LCL households,full,1215,965,MSTL,MSTL,daily_energy_CV_RMS_pct,8,965,965,0,ok,19.294937956090408,36.748598002675635,21.550892216642882
LCL households,full,1215,965,MSTL,MSTL,daily_energy_CV_RMS_pct,9,965,965,0,ok,20.956911686099758,41.849069978667806,24.645080431745136
LCL households,full,1215,965,MSTL,MSTL,daily_energy_CV_RMS_pct,10,965,965,0,ok,20.732361011218387,39.414823794972655,24.558356733189882
LCL households,full,1215,965,MSTL,MSTL,daily_energy_CV_RMS_pct,11,965,965,0,ok,19.91348790677565,38.433914291367905,22.761626704619413
LCL households,full,1215,965,MSTL,MSTL,daily_energy_CV_RMS_pct,12,965,965,0,ok,19.203583225506417,37.284665201395505,22.40857556292273
LCL households,full,1215,965,MSTL,MSTL,daily_energy_CV_RMS_pct,13,965,965,0,ok,19.04025936196174,37.29506339163902,22.811052113827575
LCL households,full,1215,965,MSTL,MSTL,daily_energy_CV_RMS_pct,14,965,965,0,ok,19.599964216465427,38.02130318768805,23.909609398723575
LCL households,full,1215,965,MSTL,MSTL,daily_energy_CV_RMS_pct,15,965,965,0,ok,21.237226906643805,38.71381341638973,23.34283686873378
LCL households,full,1215,965,MSTL,MSTL,daily_energy_CV_RMS_pct,16,965,965,0,ok,21.102084640880918,40.9660317206372,23.74956545288019
LCL households,full,1215,965,MSTL,MSTL,daily_energy_CV_RMS_pct,17,965,965,0,ok,21.938070379151288,40.61639347413653,25.158823158729042
LCL households,full,1215,965,MSTL,MSTL,daily_energy_CV_RMS_pct,18,965,965,0,ok,20.93120016939842,40.485910375497376,23.513806491989623
LCL households,full,1215,965,MSTL,MSTL,daily_energy_CV_RMS_pct,19,965,965,0,ok,19.549991502846467,38.98368910962856,22.936798349736648
LCL households,full,1215,965,MSTL,MSTL,daily_energy_CV_RMS_pct,20,965,965,0,ok,20.16618690986028,39.64245422351018,23.518342497897237
LCL households,full,1215,965,MSTL,MSTL,daily_energy_CV_RMS_pct,21,965,965,0,ok,19.83369509635407,39.0002899524592,24.62611400959095
LCL households,full,1215,965,MSTL,MSTL,daily_energy_CV_RMS_pct,22,965,965,0,ok,20.831571636868233,40.070573159322606,23.364278549988615
LCL households,full,1215,965,MSTL,MSTL,daily_energy_CV_RMS_pct,23,965,965,0,ok,22.22835454300329,43.27581956393999,25.017990441164606
LCL households,full,1215,965,MSTL,MSTL,daily_energy_CV_RMS_pct,24,965,965,0,ok,23.165677283435777,43.514561521322456,27.983391808735313
LCL households,full,1215,965,MSTL,MSTL,daily_energy_CV_RMS_pct,25,965,965,0,ok,23.862393078635815,43.587537260943975,26.807409142687536
LCL households,full,1215,965,MSTL,MSTL,daily_energy_CV_RMS_pct,26,965,965,0,ok,21.938290519252558,42.174294901978115,26.361687116650923
LCL households,full,1215,965,MSTL,MSTL,daily_energy_CV_RMS_pct,27,965,965,0,ok,21.1133944975248,40.960015912707284,24.48219404460644
LCL households,full,1215,965,MSTL,MSTL,daily_energy_CV_RMS_pct,28,965,965,0,ok,21.78788699802991,40.86585022678384,24.393246768255
LCL households,full,1215,965,MSTL,MSTL,daily_energy_CV_RMS_pct,29,965,965,0,ok,22.561859044036993,43.752569351808994,25.151918366560352
LCL households,full,1215,965,MSTL,MSTL,daily_energy_CV_RMS_pct,30,965,965,0,ok,24.400753869071984,47.57007309600101,28.096367218975065
LCL households,full,1215,965,MSTL,MSTL,daily_energy_CV_RMS_pct,31,965,965,0,ok,24.719470944488016,47.289332005471714,28.158221378777736
LCL households,full,1215,965,MSTL,MSTL,cumulative_energy_CV_RMS_pct,1,965,965,0,ok,17.426596868537395,33.08222745389672,19.53845720516654
LCL households,full,1215,965,MSTL,MSTL,cumulative_energy_CV_RMS_pct,2,965,965,0,ok,15.085873193210691,29.076140515292895,16.75656777665449
LCL households,full,1215,965,MSTL,MSTL,cumulative_energy_CV_RMS_pct,3,965,965,0,ok,14.18925798935668,28.32135731408426,15.982145871126548
LCL households,full,1215,965,MSTL,MSTL,cumulative_energy_CV_RMS_pct,4,965,965,0,ok,12.725886477302074,27.61084561147227,15.647354062918856
LCL households,full,1215,965,MSTL,MSTL,cumulative_energy_CV_RMS_pct,5,965,965,0,ok,13.122994827863694,27.48072517630573,14.975661493697832
LCL households,full,1215,965,MSTL,MSTL,cumulative_energy_CV_RMS_pct,6,965,965,0,ok,13.13067211493069,27.27648445632965,14.783233578674052
LCL households,full,1215,965,MSTL,MSTL,cumulative_energy_CV_RMS_pct,7,965,965,0,ok,12.755432422302535,26.4792607583586,14.533195769840402
LCL households,full,1215,965,MSTL,MSTL,cumulative_energy_CV_RMS_pct,8,965,965,0,ok,12.651177428327495,26.652625140792964,14.40438909402856
LCL households,full,1215,965,MSTL,MSTL,cumulative_energy_CV_RMS_pct,9,965,965,0,ok,12.608980624734361,27.143775344248134,14.714319229757868
LCL households,full,1215,965,MSTL,MSTL,cumulative_energy_CV_RMS_pct,10,965,965,0,ok,13.028564382316956,27.64450012684335,15.159998403977996
LCL households,full,1215,965,MSTL,MSTL,cumulative_energy_CV_RMS_pct,11,965,965,0,ok,13.27382468350738,27.916991445448872,15.335413346227051
LCL households,full,1215,965,MSTL,MSTL,cumulative_energy_CV_RMS_pct,12,965,965,0,ok,13.201037081557399,27.863720638749633,15.397037182847393
LCL households,full,1215,965,MSTL,MSTL,cumulative_energy_CV_RMS_pct,13,965,965,0,ok,13.226430739486451,27.8903450547264,15.206841107576578
LCL households,full,1215,965,MSTL,MSTL,cumulative_energy_CV_RMS_pct,14,965,965,0,ok,13.239866711717747,27.87473297605102,15.235291870539372
LCL households,full,1215,965,MSTL,MSTL,cumulative_energy_CV_RMS_pct,15,965,965,0,ok,13.090946421415419,27.884819251336378,15.23085567373898
LCL households,full,1215,965,MSTL,MSTL,cumulative_energy_CV_RMS_pct,16,965,965,0,ok,13.44334872282704,28.0693933438707,15.677475962727632
LCL households,full,1215,965,MSTL,MSTL,cumulative_energy_CV_RMS_pct,17,965,965,0,ok,13.82105514932623,28.281709761370387,15.777353950332504
LCL households,full,1215,965,MSTL,MSTL,cumulative_energy_CV_RMS_pct,18,965,965,0,ok,13.793353579228263,28.459552875488317,15.75743221566972
LCL households,full,1215,965,MSTL,MSTL,cumulative_energy_CV_RMS_pct,19,965,965,0,ok,13.98844717711557,28.561180010784348,15.816201078104642
LCL households,full,1215,965,MSTL,MSTL,cumulative_energy_CV_RMS_pct,20,965,965,0,ok,14.220308764585331,28.65748817749482,15.918025862715782
LCL households,full,1215,965,MSTL,MSTL,cumulative_energy_CV_RMS_pct,21,965,965,0,ok,14.06709997309159,28.518025351244788,15.635355668934181
LCL households,full,1215,965,MSTL,MSTL,cumulative_energy_CV_RMS_pct,22,965,965,0,ok,13.8781168584144,28.5245462756024,15.847334508553987
LCL households,full,1215,965,MSTL,MSTL,cumulative_energy_CV_RMS_pct,23,965,965,0,ok,13.76682125500347,28.669628453828604,16.052819799289075
LCL households,full,1215,965,MSTL,MSTL,cumulative_energy_CV_RMS_pct,24,965,965,0,ok,14.061099068170499,28.84540811610471,16.14126609212379
LCL households,full,1215,965,MSTL,MSTL,cumulative_energy_CV_RMS_pct,25,965,965,0,ok,14.22065155882916,29.016113395763263,16.290586956370483
LCL households,full,1215,965,MSTL,MSTL,cumulative_energy_CV_RMS_pct,26,965,965,0,ok,14.133173304226142,29.112546950619173,16.260810942741255
LCL households,full,1215,965,MSTL,MSTL,cumulative_energy_CV_RMS_pct,27,965,965,0,ok,14.409421619250226,29.21687185964835,16.418152171716596
LCL households,full,1215,965,MSTL,MSTL,cumulative_energy_CV_RMS_pct,28,965,965,0,ok,14.418605033212781,29.163503928980347,16.5490037638881
LCL households,full,1215,965,MSTL,MSTL,cumulative_energy_CV_RMS_pct,29,965,965,0,ok,14.322850678341572,29.235685565845678,16.490349977615335
LCL households,full,1215,965,MSTL,MSTL,cumulative_energy_CV_RMS_pct,30,965,965,0,ok,14.284064741085936,29.46810787090629,16.742238254700265
LCL households,full,1215,965,MSTL,MSTL,cumulative_energy_CV_RMS_pct,31,965,965,0,ok,14.534136719679577,29.702454859757985,16.390577597492697
LCL households,full,1215,965,SN-day,Seasonal naive (day),hourly_CV_RMSE_pct,1,965,965,2,geometric mean undefined,,111.19218815152908,76.84387638955836
LCL households,full,1215,965,SN-day,Seasonal naive (day),hourly_CV_RMSE_pct,2,965,965,3,geometric mean undefined,,96.35296263665823,76.55177287496049
LCL households,full,1215,965,SN-day,Seasonal naive (day),hourly_CV_RMSE_pct,3,965,965,3,geometric mean undefined,,100.35130327823325,78.86706797704537
LCL households,full,1215,965,SN-day,Seasonal naive (day),hourly_CV_RMSE_pct,4,965,965,2,geometric mean undefined,,98.18140095720548,80.91198552757969
LCL households,full,1215,965,SN-day,Seasonal naive (day),hourly_CV_RMSE_pct,5,965,965,2,geometric mean undefined,,103.46255444678891,83.92692877750169
LCL households,full,1215,965,SN-day,Seasonal naive (day),hourly_CV_RMSE_pct,6,965,965,2,geometric mean undefined,,103.77167322230304,81.15480358507135
LCL households,full,1215,965,SN-day,Seasonal naive (day),hourly_CV_RMSE_pct,7,965,965,2,geometric mean undefined,,96.80323078905776,74.00532181155079
LCL households,full,1215,965,SN-day,Seasonal naive (day),hourly_CV_RMSE_pct,8,965,965,2,geometric mean undefined,,101.55730661859097,82.76608569597548
LCL households,full,1215,965,SN-day,Seasonal naive (day),hourly_CV_RMSE_pct,9,965,965,2,geometric mean undefined,,104.06197272570363,82.7701388936427
LCL households,full,1215,965,SN-day,Seasonal naive (day),hourly_CV_RMSE_pct,10,965,965,2,geometric mean undefined,,103.49643372286457,84.9023381242872
LCL households,full,1215,965,SN-day,Seasonal naive (day),hourly_CV_RMSE_pct,11,965,965,2,geometric mean undefined,,107.13067685674389,87.43512844486169
LCL households,full,1215,965,SN-day,Seasonal naive (day),hourly_CV_RMSE_pct,12,965,965,2,geometric mean undefined,,106.15095487521647,85.79034275985595
LCL households,full,1215,965,SN-day,Seasonal naive (day),hourly_CV_RMSE_pct,13,965,965,2,geometric mean undefined,,107.75289166928187,89.47422008016694
LCL households,full,1215,965,SN-day,Seasonal naive (day),hourly_CV_RMSE_pct,14,965,965,2,geometric mean undefined,,110.87108562246216,80.0816106366373
LCL households,full,1215,965,SN-day,Seasonal naive (day),hourly_CV_RMSE_pct,15,965,965,2,geometric mean undefined,,106.2321076337084,85.9455897271514
LCL households,full,1215,965,SN-day,Seasonal naive (day),hourly_CV_RMSE_pct,16,965,965,1,geometric mean undefined,,108.2631299731868,83.80772678564654
LCL households,full,1215,965,SN-day,Seasonal naive (day),hourly_CV_RMSE_pct,17,965,965,1,geometric mean undefined,,119.14309882940091,85.90796971561274
LCL households,full,1215,965,SN-day,Seasonal naive (day),hourly_CV_RMSE_pct,18,965,965,2,geometric mean undefined,,108.97972839757374,87.78506926970819
LCL households,full,1215,965,SN-day,Seasonal naive (day),hourly_CV_RMSE_pct,19,965,965,2,geometric mean undefined,,107.92604237897464,86.49574252749134
LCL households,full,1215,965,SN-day,Seasonal naive (day),hourly_CV_RMSE_pct,20,965,965,2,geometric mean undefined,,107.58692331245746,85.61302115334225
LCL households,full,1215,965,SN-day,Seasonal naive (day),hourly_CV_RMSE_pct,21,965,965,2,geometric mean undefined,,103.10408826667982,81.1529167988537
LCL households,full,1215,965,SN-day,Seasonal naive (day),hourly_CV_RMSE_pct,22,965,965,2,geometric mean undefined,,105.93180924627929,85.52734146326281
LCL households,full,1215,965,SN-day,Seasonal naive (day),hourly_CV_RMSE_pct,23,965,965,2,geometric mean undefined,,106.70522466107924,87.95143255909487
LCL households,full,1215,965,SN-day,Seasonal naive (day),hourly_CV_RMSE_pct,24,965,965,2,geometric mean undefined,,108.4554610708977,87.91712161364761
LCL households,full,1215,965,SN-day,Seasonal naive (day),hourly_CV_RMSE_pct,25,965,965,2,geometric mean undefined,,112.21239506370691,92.66574697089524
LCL households,full,1215,965,SN-day,Seasonal naive (day),hourly_CV_RMSE_pct,26,965,965,2,geometric mean undefined,,110.56703220638865,87.91466376408133
LCL households,full,1215,965,SN-day,Seasonal naive (day),hourly_CV_RMSE_pct,27,965,965,2,geometric mean undefined,,110.13123643066646,90.92981387552965
LCL households,full,1215,965,SN-day,Seasonal naive (day),hourly_CV_RMSE_pct,28,965,965,2,geometric mean undefined,,105.88900684413382,83.60760348392971
LCL households,full,1215,965,SN-day,Seasonal naive (day),hourly_CV_RMSE_pct,29,965,965,2,geometric mean undefined,,111.91925446623233,88.92314687715758
LCL households,full,1215,965,SN-day,Seasonal naive (day),hourly_CV_RMSE_pct,30,965,965,2,geometric mean undefined,,115.22987134067928,94.24753352755519
LCL households,full,1215,965,SN-day,Seasonal naive (day),hourly_CV_RMSE_pct,31,965,965,2,geometric mean undefined,,113.35479828954105,91.7437952168423
LCL households,full,1215,965,SN-day,Seasonal naive (day),daily_energy_CV_RMS_pct,1,965,965,4,geometric mean undefined,,28.098742244912646,15.489667460626634
LCL households,full,1215,965,SN-day,Seasonal naive (day),daily_energy_CV_RMS_pct,2,965,965,6,geometric mean undefined,,26.818855773519445,17.319069969383907
LCL households,full,1215,965,SN-day,Seasonal naive (day),daily_energy_CV_RMS_pct,3,965,965,4,geometric mean undefined,,29.20738388801922,17.983339483081267
LCL households,full,1215,965,SN-day,Seasonal naive (day),daily_energy_CV_RMS_pct,4,965,965,4,geometric mean undefined,,29.39598899630956,17.561802509474862
LCL households,full,1215,965,SN-day,Seasonal naive (day),daily_energy_CV_RMS_pct,5,965,965,3,geometric mean undefined,,32.31690573523989,20.579886633949915
LCL households,full,1215,965,SN-day,Seasonal naive (day),daily_energy_CV_RMS_pct,6,965,965,3,geometric mean undefined,,33.16484116959602,20.506711376439323
LCL households,full,1215,965,SN-day,Seasonal naive (day),daily_energy_CV_RMS_pct,7,965,965,4,geometric mean undefined,,30.088506069228128,17.628147373855803
LCL households,full,1215,965,SN-day,Seasonal naive (day),daily_energy_CV_RMS_pct,8,965,965,3,geometric mean undefined,,32.04551972828615,20.50850308214885
LCL households,full,1215,965,SN-day,Seasonal naive (day),daily_energy_CV_RMS_pct,9,965,965,3,geometric mean undefined,,34.03682118218008,21.278293584884647
LCL households,full,1215,965,SN-day,Seasonal naive (day),daily_energy_CV_RMS_pct,10,965,965,2,geometric mean undefined,,33.440028985896944,21.88169045431309
LCL households,full,1215,965,SN-day,Seasonal naive (day),daily_energy_CV_RMS_pct,11,965,965,2,geometric mean undefined,,34.40820108981986,20.926503123702766
LCL households,full,1215,965,SN-day,Seasonal naive (day),daily_energy_CV_RMS_pct,12,965,965,2,geometric mean undefined,,34.76293738421087,21.99219005223328
LCL households,full,1215,965,SN-day,Seasonal naive (day),daily_energy_CV_RMS_pct,13,965,965,3,geometric mean undefined,,35.78289920521686,22.224849711694606
LCL households,full,1215,965,SN-day,Seasonal naive (day),daily_energy_CV_RMS_pct,14,965,965,2,geometric mean undefined,,34.68071642567953,21.76698638328413
LCL households,full,1215,965,SN-day,Seasonal naive (day),daily_energy_CV_RMS_pct,15,965,965,2,geometric mean undefined,,35.055040670162015,23.562000588057938
LCL households,full,1215,965,SN-day,Seasonal naive (day),daily_energy_CV_RMS_pct,16,965,965,1,geometric mean undefined,,35.770134274560675,22.67659762575363
LCL households,full,1215,965,SN-day,Seasonal naive (day),daily_energy_CV_RMS_pct,17,965,965,1,geometric mean undefined,,38.35079372545154,23.026338886793635
LCL households,full,1215,965,SN-day,Seasonal naive (day),daily_energy_CV_RMS_pct,18,965,965,2,geometric mean undefined,,36.38963996618645,22.490733380571623
LCL households,full,1215,965,SN-day,Seasonal naive (day),daily_energy_CV_RMS_pct,19,965,965,2,geometric mean undefined,,36.556091553426604,23.22469200553079
LCL households,full,1215,965,SN-day,Seasonal naive (day),daily_energy_CV_RMS_pct,20,965,965,3,geometric mean undefined,,37.193976269446004,23.71678873178844
LCL households,full,1215,965,SN-day,Seasonal naive (day),daily_energy_CV_RMS_pct,21,965,965,2,geometric mean undefined,,35.26270528146152,22.12357097509092
LCL households,full,1215,965,SN-day,Seasonal naive (day),daily_energy_CV_RMS_pct,22,965,965,3,geometric mean undefined,,35.52347341565817,21.544338266803926
LCL households,full,1215,965,SN-day,Seasonal naive (day),daily_energy_CV_RMS_pct,23,965,965,2,geometric mean undefined,,35.99776034888206,23.54074174527001
LCL households,full,1215,965,SN-day,Seasonal naive (day),daily_energy_CV_RMS_pct,24,965,965,2,geometric mean undefined,,38.92227527990355,24.861770570479543
LCL households,full,1215,965,SN-day,Seasonal naive (day),daily_energy_CV_RMS_pct,25,965,965,2,geometric mean undefined,,39.55386550812351,25.076977012816254
LCL households,full,1215,965,SN-day,Seasonal naive (day),daily_energy_CV_RMS_pct,26,965,965,2,geometric mean undefined,,39.34549767405692,24.44263164377342
LCL households,full,1215,965,SN-day,Seasonal naive (day),daily_energy_CV_RMS_pct,27,965,965,2,geometric mean undefined,,39.15885215148539,24.456180686299717
LCL households,full,1215,965,SN-day,Seasonal naive (day),daily_energy_CV_RMS_pct,28,965,965,2,geometric mean undefined,,36.89744533893142,22.073990884432312
LCL households,full,1215,965,SN-day,Seasonal naive (day),daily_energy_CV_RMS_pct,29,965,965,2,geometric mean undefined,,39.96127188746687,24.68595582461415
LCL households,full,1215,965,SN-day,Seasonal naive (day),daily_energy_CV_RMS_pct,30,965,965,2,geometric mean undefined,,41.46786119264036,27.249260902633047
LCL households,full,1215,965,SN-day,Seasonal naive (day),daily_energy_CV_RMS_pct,31,965,965,2,geometric mean undefined,,40.64773116492521,24.881431108813583
LCL households,full,1215,965,SN-day,Seasonal naive (day),cumulative_energy_CV_RMS_pct,1,965,965,4,geometric mean undefined,,28.098742244912646,15.489667460626634
LCL households,full,1215,965,SN-day,Seasonal naive (day),cumulative_energy_CV_RMS_pct,2,965,965,4,geometric mean undefined,,24.242936410508797,14.915605838917843
LCL households,full,1215,965,SN-day,Seasonal naive (day),cumulative_energy_CV_RMS_pct,3,965,965,3,geometric mean undefined,,24.06422031855306,15.399526249723733
LCL households,full,1215,965,SN-day,Seasonal naive (day),cumulative_energy_CV_RMS_pct,4,965,965,2,geometric mean undefined,,23.834251257698703,15.116150452055296
LCL households,full,1215,965,SN-day,Seasonal naive (day),cumulative_energy_CV_RMS_pct,5,965,965,2,geometric mean undefined,,24.25208164327311,15.968655731483357
LCL households,full,1215,965,SN-day,Seasonal naive (day),cumulative_energy_CV_RMS_pct,6,965,965,1,geometric mean undefined,,24.34146151159152,15.421693782076915
LCL households,full,1215,965,SN-day,Seasonal naive (day),cumulative_energy_CV_RMS_pct,7,965,965,1,geometric mean undefined,,24.117755988573087,15.157896138383423
LCL households,full,1215,965,SN-day,Seasonal naive (day),cumulative_energy_CV_RMS_pct,8,965,965,2,geometric mean undefined,,24.279774032920557,15.266849490475725
LCL households,full,1215,965,SN-day,Seasonal naive (day),cumulative_energy_CV_RMS_pct,9,965,965,1,geometric mean undefined,,24.583449260225755,15.254542427963228
LCL households,full,1215,965,SN-day,Seasonal naive (day),cumulative_energy_CV_RMS_pct,10,965,965,1,geometric mean undefined,,24.83074961039559,15.375562099348068
LCL households,full,1215,965,SN-day,Seasonal naive (day),cumulative_energy_CV_RMS_pct,11,965,965,1,geometric mean undefined,,25.078170043188354,15.653304146057348
LCL households,full,1215,965,SN-day,Seasonal naive (day),cumulative_energy_CV_RMS_pct,12,965,965,2,geometric mean undefined,,25.18575721715831,15.628857739538088
LCL households,full,1215,965,SN-day,Seasonal naive (day),cumulative_energy_CV_RMS_pct,13,965,965,2,geometric mean undefined,,25.404713718610154,15.690652620417806
LCL households,full,1215,965,SN-day,Seasonal naive (day),cumulative_energy_CV_RMS_pct,14,965,965,1,geometric mean undefined,,25.18014840697108,16.05241871027509
LCL households,full,1215,965,SN-day,Seasonal naive (day),cumulative_energy_CV_RMS_pct,15,965,965,1,geometric mean undefined,,25.327044073004323,16.037819491615476
LCL households,full,1215,965,SN-day,Seasonal naive (day),cumulative_energy_CV_RMS_pct,16,965,965,0,ok,14.106599346160397,25.537444027253827,16.318374172691197
LCL households,full,1215,965,SN-day,Seasonal naive (day),cumulative_energy_CV_RMS_pct,17,965,965,0,ok,14.46107693888286,25.892702021724286,16.19998640343962
LCL households,full,1215,965,SN-day,Seasonal naive (day),cumulative_energy_CV_RMS_pct,18,965,965,0,ok,14.311767973669733,26.049804838123382,16.35890895580328
LCL households,full,1215,965,SN-day,Seasonal naive (day),cumulative_energy_CV_RMS_pct,19,965,965,0,ok,14.446338489570755,26.240923458444943,16.833294829030553
LCL households,full,1215,965,SN-day,Seasonal naive (day),cumulative_energy_CV_RMS_pct,20,965,965,0,ok,14.475519602210055,26.45852096572453,17.2977066647989
LCL households,full,1215,965,SN-day,Seasonal naive (day),cumulative_energy_CV_RMS_pct,21,965,965,0,ok,14.50108678626287,26.516778677116292,17.24761974187986
LCL households,full,1215,965,SN-day,Seasonal naive (day),cumulative_energy_CV_RMS_pct,22,965,965,0,ok,14.450461019213199,26.578768248892576,17.579706125450144
LCL households,full,1215,965,SN-day,Seasonal naive (day),cumulative_energy_CV_RMS_pct,23,965,965,0,ok,14.727907408246109,26.64606618897403,17.05950292355459
LCL households,full,1215,965,SN-day,Seasonal naive (day),cumulative_energy_CV_RMS_pct,24,965,965,0,ok,14.763849736450242,26.799030711117613,17.29566204387857
LCL households,full,1215,965,SN-day,Seasonal naive (day),cumulative_energy_CV_RMS_pct,25,965,965,0,ok,14.832150560246774,26.909356940846497,17.374019183423062
LCL households,full,1215,965,SN-day,Seasonal naive (day),cumulative_energy_CV_RMS_pct,26,965,965,0,ok,14.904117018783744,27.041567944111865,17.584874855679665
LCL households,full,1215,965,SN-day,Seasonal naive (day),cumulative_energy_CV_RMS_pct,27,965,965,0,ok,15.143073657875107,27.26713849784085,17.89533973405267
LCL households,full,1215,965,SN-day,Seasonal naive (day),cumulative_energy_CV_RMS_pct,28,965,965,0,ok,15.183528161809395,27.355689258236826,18.043572891896513
LCL households,full,1215,965,SN-day,Seasonal naive (day),cumulative_energy_CV_RMS_pct,29,965,965,0,ok,15.212839120569871,27.4222896965805,18.150984686138504
LCL households,full,1215,965,SN-day,Seasonal naive (day),cumulative_energy_CV_RMS_pct,30,965,965,0,ok,15.291673753178326,27.596067333225538,18.44257437500475
LCL households,full,1215,965,SN-day,Seasonal naive (day),cumulative_energy_CV_RMS_pct,31,965,965,0,ok,15.453423007159952,27.759381571495855,18.381181964611518
LCL households,full,1215,965,SN-week,Seasonal naive (week),hourly_CV_RMSE_pct,1,965,965,4,geometric mean undefined,,109.3611539152594,77.99753125342174
LCL households,full,1215,965,SN-week,Seasonal naive (week),hourly_CV_RMSE_pct,2,965,965,4,geometric mean undefined,,92.96409398705893,75.04631555889486
LCL households,full,1215,965,SN-week,Seasonal naive (week),hourly_CV_RMSE_pct,3,965,965,4,geometric mean undefined,,92.01685391719141,74.40057119395246
LCL households,full,1215,965,SN-week,Seasonal naive (week),hourly_CV_RMSE_pct,4,965,965,4,geometric mean undefined,,91.84508964582449,72.96628004389557
LCL households,full,1215,965,SN-week,Seasonal naive (week),hourly_CV_RMSE_pct,5,965,965,3,geometric mean undefined,,94.57306718912415,77.70503349363732
LCL households,full,1215,965,SN-week,Seasonal naive (week),hourly_CV_RMSE_pct,6,965,965,3,geometric mean undefined,,93.42348776131855,75.93507084216384
LCL households,full,1215,965,SN-week,Seasonal naive (week),hourly_CV_RMSE_pct,7,965,965,2,geometric mean undefined,,96.80323078905776,74.00532181155079
LCL households,full,1215,965,SN-week,Seasonal naive (week),hourly_CV_RMSE_pct,8,965,965,3,geometric mean undefined,,100.717485808714,79.76424094488752
LCL households,full,1215,965,SN-week,Seasonal naive (week),hourly_CV_RMSE_pct,9,965,965,4,geometric mean undefined,,96.92555321705697,78.59450203274987
LCL households,full,1215,965,SN-week,Seasonal naive (week),hourly_CV_RMSE_pct,10,965,965,4,geometric mean undefined,,93.7773475167694,78.75189114986108
LCL households,full,1215,965,SN-week,Seasonal naive (week),hourly_CV_RMSE_pct,11,965,965,4,geometric mean undefined,,98.26040330461372,80.64842463410277
LCL households,full,1215,965,SN-week,Seasonal naive (week),hourly_CV_RMSE_pct,12,965,965,3,geometric mean undefined,,96.93871642954345,79.86831234437801
LCL households,full,1215,965,SN-week,Seasonal naive (week),hourly_CV_RMSE_pct,13,965,965,4,geometric mean undefined,,97.20100013157092,82.3978644401028
LCL households,full,1215,965,SN-week,Seasonal naive (week),hourly_CV_RMSE_pct,14,965,965,2,geometric mean undefined,,110.87108562246216,80.0816106366373
LCL households,full,1215,965,SN-week,Seasonal naive (week),hourly_CV_RMSE_pct,15,965,965,3,geometric mean undefined,,105.2565567299672,85.03890910627125
LCL households,full,1215,965,SN-week,Seasonal naive (week),hourly_CV_RMSE_pct,16,965,965,2,geometric mean undefined,,100.80226220375529,81.29313807676252
LCL households,full,1215,965,SN-week,Seasonal naive (week),hourly_CV_RMSE_pct,17,965,965,2,geometric mean undefined,,108.77241735536278,80.69861205518775
LCL households,full,1215,965,SN-week,Seasonal naive (week),hourly_CV_RMSE_pct,18,965,965,4,geometric mean undefined,,101.46041618391722,81.26802895680775
LCL households,full,1215,965,SN-week,Seasonal naive (week),hourly_CV_RMSE_pct,19,965,965,3,geometric mean undefined,,99.54888125039417,81.27465101182477
LCL households,full,1215,965,SN-week,Seasonal naive (week),hourly_CV_RMSE_pct,20,965,965,3,geometric mean undefined,,98.25298234117658,80.1635763498551
LCL households,full,1215,965,SN-week,Seasonal naive (week),hourly_CV_RMSE_pct,21,965,965,2,geometric mean undefined,,103.10408826667982,81.1529167988537
LCL households,full,1215,965,SN-week,Seasonal naive (week),hourly_CV_RMSE_pct,22,965,965,3,geometric mean undefined,,105.83322763303741,85.96818614906852
LCL households,full,1215,965,SN-week,Seasonal naive (week),hourly_CV_RMSE_pct,23,965,965,3,geometric mean undefined,,100.57941528813201,83.8885055372319
LCL households,full,1215,965,SN-week,Seasonal naive (week),hourly_CV_RMSE_pct,24,965,965,3,geometric mean undefined,,98.22381579067601,82.76814954925165
LCL households,full,1215,965,SN-week,Seasonal naive (week),hourly_CV_RMSE_pct,25,965,965,4,geometric mean undefined,,105.54399854656613,85.57788559473317
LCL households,full,1215,965,SN-week,Seasonal naive (week),hourly_CV_RMSE_pct,26,965,965,3,geometric mean undefined,,102.55100779831284,83.89899003463533
LCL households,full,1215,965,SN-week,Seasonal naive (week),hourly_CV_RMSE_pct,27,965,965,3,geometric mean undefined,,100.8103538161799,82.49368983422656
LCL households,full,1215,965,SN-week,Seasonal naive (week),hourly_CV_RMSE_pct,28,965,965,2,geometric mean undefined,,105.88900684413382,83.60760348392971
LCL households,full,1215,965,SN-week,Seasonal naive (week),hourly_CV_RMSE_pct,29,965,965,3,geometric mean undefined,,109.16298289001513,87.46523778048604
LCL households,full,1215,965,SN-week,Seasonal naive (week),hourly_CV_RMSE_pct,30,965,965,3,geometric mean undefined,,106.64621179092808,88.28899468764618
LCL households,full,1215,965,SN-week,Seasonal naive (week),hourly_CV_RMSE_pct,31,965,965,3,geometric mean undefined,,105.25513029510756,86.85053403708756
LCL households,full,1215,965,SN-week,Seasonal naive (week),daily_energy_CV_RMS_pct,1,965,965,5,geometric mean undefined,,32.98367098945354,18.670565351191645
LCL households,full,1215,965,SN-week,Seasonal naive (week),daily_energy_CV_RMS_pct,2,965,965,6,geometric mean undefined,,28.632561586490922,18.48264488838375
LCL households,full,1215,965,SN-week,Seasonal naive (week),daily_energy_CV_RMS_pct,3,965,965,4,geometric mean undefined,,27.144314663610253,16.91722709341888
LCL households,full,1215,965,SN-week,Seasonal naive (week),daily_energy_CV_RMS_pct,4,965,965,6,geometric mean undefined,,28.617016638106836,16.423139323489355
LCL households,full,1215,965,SN-week,Seasonal naive (week),daily_energy_CV_RMS_pct,5,965,965,4,geometric mean undefined,,30.724387647266177,19.156484340880088
LCL households,full,1215,965,SN-week,Seasonal naive (week),daily_energy_CV_RMS_pct,6,965,965,4,geometric mean undefined,,29.270036370643464,17.192971195623887
LCL households,full,1215,965,SN-week,Seasonal naive (week),daily_energy_CV_RMS_pct,7,965,965,4,geometric mean undefined,,30.088506069228128,17.628147373855803
LCL households,full,1215,965,SN-week,Seasonal naive (week),daily_energy_CV_RMS_pct,8,965,965,3,geometric mean undefined,,36.00401866412959,21.79061992071935
LCL households,full,1215,965,SN-week,Seasonal naive (week),daily_energy_CV_RMS_pct,9,965,965,5,geometric mean undefined,,33.807739890441376,20.307568175393822
LCL households,full,1215,965,SN-week,Seasonal naive (week),daily_energy_CV_RMS_pct,10,965,965,5,geometric mean undefined,,30.395870397739756,19.624606726367805
LCL households,full,1215,965,SN-week,Seasonal naive (week),daily_energy_CV_RMS_pct,11,965,965,4,geometric mean undefined,,31.58350259131813,19.20701893479758
LCL households,full,1215,965,SN-week,Seasonal naive (week),daily_energy_CV_RMS_pct,12,965,965,3,geometric mean undefined,,31.344562251281715,18.471436376183977
LCL households,full,1215,965,SN-week,Seasonal naive (week),daily_energy_CV_RMS_pct,13,965,965,4,geometric mean undefined,,32.259721582654805,20.174429480580034
LCL households,full,1215,965,SN-week,Seasonal naive (week),daily_energy_CV_RMS_pct,14,965,965,2,geometric mean undefined,,34.68071642567953,21.76698638328413
LCL households,full,1215,965,SN-week,Seasonal naive (week),daily_energy_CV_RMS_pct,15,965,965,4,geometric mean undefined,,38.6004326709146,24.526109296995735
LCL households,full,1215,965,SN-week,Seasonal naive (week),daily_energy_CV_RMS_pct,16,965,965,2,geometric mean undefined,,36.08259933313417,21.89728984796641
LCL households,full,1215,965,SN-week,Seasonal naive (week),daily_energy_CV_RMS_pct,17,965,965,2,geometric mean undefined,,36.41379913190659,23.112341651427535
LCL households,full,1215,965,SN-week,Seasonal naive (week),daily_energy_CV_RMS_pct,18,965,965,4,geometric mean undefined,,34.24267174912742,21.05772956279445
LCL households,full,1215,965,SN-week,Seasonal naive (week),daily_energy_CV_RMS_pct,19,965,965,4,geometric mean undefined,,34.17117785948458,20.820917893929554
LCL households,full,1215,965,SN-week,Seasonal naive (week),daily_energy_CV_RMS_pct,20,965,965,3,geometric mean undefined,,34.367762568484224,21.846339419729848
LCL households,full,1215,965,SN-week,Seasonal naive (week),daily_energy_CV_RMS_pct,21,965,965,2,geometric mean undefined,,35.26270528146152,22.12357097509092
LCL households,full,1215,965,SN-week,Seasonal naive (week),daily_energy_CV_RMS_pct,22,965,965,3,geometric mean undefined,,38.85777292198668,24.260868247630825
LCL households,full,1215,965,SN-week,Seasonal naive (week),daily_energy_CV_RMS_pct,23,965,965,3,geometric mean undefined,,35.71351771881758,22.355469906352422
LCL households,full,1215,965,SN-week,Seasonal naive (week),daily_energy_CV_RMS_pct,24,965,965,3,geometric mean undefined,,34.87651046565014,22.246517126607184
LCL households,full,1215,965,SN-week,Seasonal naive (week),daily_energy_CV_RMS_pct,25,965,965,4,geometric mean undefined,,37.60072907623606,24.771866177799353
LCL households,full,1215,965,SN-week,Seasonal naive (week),daily_energy_CV_RMS_pct,26,965,965,4,geometric mean undefined,,37.2890472966256,23.50489118531544
LCL households,full,1215,965,SN-week,Seasonal naive (week),daily_energy_CV_RMS_pct,27,965,965,3,geometric mean undefined,,35.76262885029851,22.265994285076825
LCL households,full,1215,965,SN-week,Seasonal naive (week),daily_energy_CV_RMS_pct,28,965,965,2,geometric mean undefined,,36.89744533893142,22.073990884432312
LCL households,full,1215,965,SN-week,Seasonal naive (week),daily_energy_CV_RMS_pct,29,965,965,4,geometric mean undefined,,41.431950170126875,25.510619805246666
LCL households,full,1215,965,SN-week,Seasonal naive (week),daily_energy_CV_RMS_pct,30,965,965,4,geometric mean undefined,,38.51298072739025,24.250862078714142
LCL households,full,1215,965,SN-week,Seasonal naive (week),daily_energy_CV_RMS_pct,31,965,965,3,geometric mean undefined,,38.96556561394807,24.810802089249652
LCL households,full,1215,965,SN-week,Seasonal naive (week),cumulative_energy_CV_RMS_pct,1,965,965,5,geometric mean undefined,,32.98367098945354,18.670565351191645
LCL households,full,1215,965,SN-week,Seasonal naive (week),cumulative_energy_CV_RMS_pct,2,965,965,3,geometric mean undefined,,25.267961807160308,13.98765930269861
LCL households,full,1215,965,SN-week,Seasonal naive (week),cumulative_energy_CV_RMS_pct,3,965,965,3,geometric mean undefined,,21.654564044144085,12.487370536014534
LCL households,full,1215,965,SN-week,Seasonal naive (week),cumulative_energy_CV_RMS_pct,4,965,965,3,geometric mean undefined,,19.5865328550635,10.389649805745304
LCL households,full,1215,965,SN-week,Seasonal naive (week),cumulative_energy_CV_RMS_pct,5,965,965,2,geometric mean undefined,,18.886508204615897,10.085280287728933
LCL households,full,1215,965,SN-week,Seasonal naive (week),cumulative_energy_CV_RMS_pct,6,965,965,2,geometric mean undefined,,17.98863307228312,9.872632393218337
LCL households,full,1215,965,SN-week,Seasonal naive (week),cumulative_energy_CV_RMS_pct,7,965,965,1,geometric mean undefined,,17.448068809233124,9.599211370753986
LCL households,full,1215,965,SN-week,Seasonal naive (week),cumulative_energy_CV_RMS_pct,8,965,965,1,geometric mean undefined,,18.202456496686644,9.706392090601584
LCL households,full,1215,965,SN-week,Seasonal naive (week),cumulative_energy_CV_RMS_pct,9,965,965,1,geometric mean undefined,,18.74001389285136,10.016548719059175
LCL households,full,1215,965,SN-week,Seasonal naive (week),cumulative_energy_CV_RMS_pct,10,965,965,1,geometric mean undefined,,18.664327399585243,9.722815750438032
LCL households,full,1215,965,SN-week,Seasonal naive (week),cumulative_energy_CV_RMS_pct,11,965,965,1,geometric mean undefined,,18.55050916057923,9.7863949070677
LCL households,full,1215,965,SN-week,Seasonal naive (week),cumulative_energy_CV_RMS_pct,12,965,965,1,geometric mean undefined,,18.319470868794557,10.053948403407047
LCL households,full,1215,965,SN-week,Seasonal naive (week),cumulative_energy_CV_RMS_pct,13,965,965,2,geometric mean undefined,,18.134159853849045,9.78854748836597
LCL households,full,1215,965,SN-week,Seasonal naive (week),cumulative_energy_CV_RMS_pct,14,965,965,2,geometric mean undefined,,17.993822038527355,9.7587551091656
LCL households,full,1215,965,SN-week,Seasonal naive (week),cumulative_energy_CV_RMS_pct,15,965,965,2,geometric mean undefined,,18.457968834210934,10.426831822796462
LCL households,full,1215,965,SN-week,Seasonal naive (week),cumulative_energy_CV_RMS_pct,16,965,965,0,ok,9.044447224258521,18.80232071562204,10.774447050495693
LCL households,full,1215,965,SN-week,Seasonal naive (week),cumulative_energy_CV_RMS_pct,17,965,965,0,ok,9.35487468455766,19.051370567451478,10.482297393006995
LCL households,full,1215,965,SN-week,Seasonal naive (week),cumulative_energy_CV_RMS_pct,18,965,965,0,ok,9.156468284924435,19.08808624624286,10.496161127803317
LCL households,full,1215,965,SN-week,Seasonal naive (week),cumulative_energy_CV_RMS_pct,19,965,965,0,ok,9.072377595173904,19.02530892733934,10.323737659326845
LCL households,full,1215,965,SN-week,Seasonal naive (week),cumulative_energy_CV_RMS_pct,20,965,965,0,ok,8.847335842348853,18.92239926603388,10.299732705306088
LCL households,full,1215,965,SN-week,Seasonal naive (week),cumulative_energy_CV_RMS_pct,21,965,965,0,ok,9.271749610708179,18.868464326401394,10.340602047501946
LCL households,full,1215,965,SN-week,Seasonal naive (week),cumulative_energy_CV_RMS_pct,22,965,965,0,ok,9.304308225750447,19.108639292169048,10.571776082375555
LCL households,full,1215,965,SN-week,Seasonal naive (week),cumulative_energy_CV_RMS_pct,23,965,965,0,ok,9.487229838169823,19.24664048942321,10.35112046867048
LCL households,full,1215,965,SN-week,Seasonal naive (week),cumulative_energy_CV_RMS_pct,24,965,965,0,ok,9.400127488165948,19.21599670413792,10.617156776504128
LCL households,full,1215,965,SN-week,Seasonal naive (week),cumulative_energy_CV_RMS_pct,25,965,965,0,ok,9.617885968679325,19.308958169103597,10.760452962451351
LCL households,full,1215,965,SN-week,Seasonal naive (week),cumulative_energy_CV_RMS_pct,26,965,965,0,ok,9.510365452226036,19.322680313587302,10.85492581700192
LCL households,full,1215,965,SN-week,Seasonal naive (week),cumulative_energy_CV_RMS_pct,27,965,965,0,ok,9.482411581699832,19.313090398034507,10.713518872526121
LCL households,full,1215,965,SN-week,Seasonal naive (week),cumulative_energy_CV_RMS_pct,28,965,965,0,ok,9.618128940419279,19.333027123851043,10.986346976695815
LCL households,full,1215,965,SN-week,Seasonal naive (week),cumulative_energy_CV_RMS_pct,29,965,965,0,ok,9.667523843047674,19.489464561836364,11.136154957905752
LCL households,full,1215,965,SN-week,Seasonal naive (week),cumulative_energy_CV_RMS_pct,30,965,965,0,ok,9.745890720421844,19.683631575089457,11.308327936065124
LCL households,full,1215,965,SN-week,Seasonal naive (week),cumulative_energy_CV_RMS_pct,31,965,965,0,ok,9.885227727812044,19.77778387604868,11.434093467732913
LCL households,full,1215,965,SP-profile,Previous-month profile,hourly_CV_RMSE_pct,1,965,965,0,ok,64.85903248567304,92.64903417066375,65.23225787042458
LCL households,full,1215,965,SP-profile,Previous-month profile,hourly_CV_RMSE_pct,2,965,965,1,geometric mean undefined,,83.26173533934887,59.23120610932156
LCL households,full,1215,965,SP-profile,Previous-month profile,hourly_CV_RMSE_pct,3,965,965,1,geometric mean undefined,,76.94891556386365,60.67331786036377
LCL households,full,1215,965,SP-profile,Previous-month profile,hourly_CV_RMSE_pct,4,965,965,1,geometric mean undefined,,71.90004583497651,58.97492359579922
LCL households,full,1215,965,SP-profile,Previous-month profile,hourly_CV_RMSE_pct,5,965,965,1,geometric mean undefined,,76.54798742906996,61.87141125523373
LCL households,full,1215,965,SP-profile,Previous-month profile,hourly_CV_RMSE_pct,6,965,965,1,geometric mean undefined,,77.41885316598197,62.30484165172598
LCL households,full,1215,965,SP-profile,Previous-month profile,hourly_CV_RMSE_pct,7,965,965,1,geometric mean undefined,,77.51185690180762,60.323929258980606
LCL households,full,1215,965,SP-profile,Previous-month profile,hourly_CV_RMSE_pct,8,965,965,0,ok,62.3499978466034,76.37783512235028,61.570709070509835
LCL households,full,1215,965,SP-profile,Previous-month profile,hourly_CV_RMSE_pct,9,965,965,1,geometric mean undefined,,85.22473190114174,60.931654303338085
LCL households,full,1215,965,SP-profile,Previous-month profile,hourly_CV_RMSE_pct,10,965,965,1,geometric mean undefined,,77.62545082571954,62.004104968362256
LCL households,full,1215,965,SP-profile,Previous-month profile,hourly_CV_RMSE_pct,11,965,965,1,geometric mean undefined,,78.7168810097065,64.55669726719792
LCL households,full,1215,965,SP-profile,Previous-month profile,hourly_CV_RMSE_pct,12,965,965,1,geometric mean undefined,,78.16848861861263,63.183795618884496
LCL households,full,1215,965,SP-profile,Previous-month profile,hourly_CV_RMSE_pct,13,965,965,1,geometric mean undefined,,78.79007705016444,64.57610906025683
LCL households,full,1215,965,SP-profile,Previous-month profile,hourly_CV_RMSE_pct,14,965,965,1,geometric mean undefined,,92.37142640505652,63.5081081632247
LCL households,full,1215,965,SP-profile,Previous-month profile,hourly_CV_RMSE_pct,15,965,965,0,ok,65.94053025580534,80.21154752387493,64.9408775568014
LCL households,full,1215,965,SP-profile,Previous-month profile,hourly_CV_RMSE_pct,16,965,965,1,geometric mean undefined,,87.31157399683681,62.78161772275441
LCL households,full,1215,965,SP-profile,Previous-month profile,hourly_CV_RMSE_pct,17,965,965,1,geometric mean undefined,,90.18844145001677,64.16548334202479
LCL households,full,1215,965,SP-profile,Previous-month profile,hourly_CV_RMSE_pct,18,965,965,1,geometric mean undefined,,80.75201089496143,63.97663278759772
LCL households,full,1215,965,SP-profile,Previous-month profile,hourly_CV_RMSE_pct,19,965,965,1,geometric mean undefined,,79.7360303471654,63.53541884658384
LCL households,full,1215,965,SP-profile,Previous-month profile,hourly_CV_RMSE_pct,20,965,965,1,geometric mean undefined,,78.62115203601046,62.80301803076036
LCL households,full,1215,965,SP-profile,Previous-month profile,hourly_CV_RMSE_pct,21,965,965,1,geometric mean undefined,,81.66201151869183,65.0477784807507
LCL households,full,1215,965,SP-profile,Previous-month profile,hourly_CV_RMSE_pct,22,965,965,0,ok,66.18815916685337,81.03965411782585,66.67634419225176
LCL households,full,1215,965,SP-profile,Previous-month profile,hourly_CV_RMSE_pct,23,965,965,1,geometric mean undefined,,88.8386148300867,64.81335984127695
LCL households,full,1215,965,SP-profile,Previous-month profile,hourly_CV_RMSE_pct,24,965,965,1,geometric mean undefined,,82.22414656695949,65.11172888097819
LCL households,full,1215,965,SP-profile,Previous-month profile,hourly_CV_RMSE_pct,25,965,965,1,geometric mean undefined,,84.16239728145602,67.78491435251667
LCL households,full,1215,965,SP-profile,Previous-month profile,hourly_CV_RMSE_pct,26,965,965,1,geometric mean undefined,,83.55765871102724,67.55255503628527
LCL households,full,1215,965,SP-profile,Previous-month profile,hourly_CV_RMSE_pct,27,965,965,1,geometric mean undefined,,82.48604128194977,66.53613343767391
LCL households,full,1215,965,SP-profile,Previous-month profile,hourly_CV_RMSE_pct,28,965,965,1,geometric mean undefined,,83.02624051253908,65.27175942974436
LCL households,full,1215,965,SP-profile,Previous-month profile,hourly_CV_RMSE_pct,29,965,965,0,ok,67.67692407845672,85.41131314874374,67.02464968993831
LCL households,full,1215,965,SP-profile,Previous-month profile,hourly_CV_RMSE_pct,30,965,965,1,geometric mean undefined,,95.04254023529404,68.84002110618154
LCL households,full,1215,965,SP-profile,Previous-month profile,hourly_CV_RMSE_pct,31,965,965,1,geometric mean undefined,,86.82830882879398,68.33356610229752
LCL households,full,1215,965,SP-profile,Previous-month profile,daily_energy_CV_RMS_pct,1,965,965,0,ok,14.988067339801402,30.231457702592618,17.053611334126327
LCL households,full,1215,965,SP-profile,Previous-month profile,daily_energy_CV_RMS_pct,2,965,965,1,geometric mean undefined,,25.991593254635983,14.954248620815118
LCL households,full,1215,965,SP-profile,Previous-month profile,daily_energy_CV_RMS_pct,3,965,965,1,geometric mean undefined,,25.74259727332765,15.506713159915368
LCL households,full,1215,965,SP-profile,Previous-month profile,daily_energy_CV_RMS_pct,4,965,965,1,geometric mean undefined,,26.535270024147955,16.385680984983228
LCL households,full,1215,965,SP-profile,Previous-month profile,daily_energy_CV_RMS_pct,5,965,965,1,geometric mean undefined,,27.706182658234532,16.81095930886462
LCL households,full,1215,965,SP-profile,Previous-month profile,daily_energy_CV_RMS_pct,6,965,965,1,geometric mean undefined,,27.981494057066747,16.218326246344695
LCL households,full,1215,965,SP-profile,Previous-month profile,daily_energy_CV_RMS_pct,7,965,965,1,geometric mean undefined,,28.712229851918405,17.562872315424556
LCL households,full,1215,965,SP-profile,Previous-month profile,daily_energy_CV_RMS_pct,8,965,965,0,ok,14.754893537389012,27.93517553667589,17.81094455551203
LCL households,full,1215,965,SP-profile,Previous-month profile,daily_energy_CV_RMS_pct,9,965,965,1,geometric mean undefined,,30.17082084482177,17.157521332933023
LCL households,full,1215,965,SP-profile,Previous-month profile,daily_energy_CV_RMS_pct,10,965,965,1,geometric mean undefined,,28.076393399719937,16.715791343650196
LCL households,full,1215,965,SP-profile,Previous-month profile,daily_energy_CV_RMS_pct,11,965,965,1,geometric mean undefined,,29.19460572961546,17.783362473659622
LCL households,full,1215,965,SP-profile,Previous-month profile,daily_energy_CV_RMS_pct,12,965,965,1,geometric mean undefined,,28.233599932878125,17.369435399235524
LCL households,full,1215,965,SP-profile,Previous-month profile,daily_energy_CV_RMS_pct,13,965,965,1,geometric mean undefined,,29.167031924803375,17.846563307344034
LCL households,full,1215,965,SP-profile,Previous-month profile,daily_energy_CV_RMS_pct,14,965,965,1,geometric mean undefined,,32.233308711061284,18.796756232947807
LCL households,full,1215,965,SP-profile,Previous-month profile,daily_energy_CV_RMS_pct,15,965,965,0,ok,15.831842648920006,30.462728407549584,18.57068826156475
LCL households,full,1215,965,SP-profile,Previous-month profile,daily_energy_CV_RMS_pct,16,965,965,1,geometric mean undefined,,30.663692863428093,17.64259612584155
LCL households,full,1215,965,SP-profile,Previous-month profile,daily_energy_CV_RMS_pct,17,965,965,1,geometric mean undefined,,30.715697038178472,18.03366967845962
LCL households,full,1215,965,SP-profile,Previous-month profile,daily_energy_CV_RMS_pct,18,965,965,1,geometric mean undefined,,30.366631637923266,18.163393900708055
LCL households,full,1215,965,SP-profile,Previous-month profile,daily_energy_CV_RMS_pct,19,965,965,1,geometric mean undefined,,29.911218919988944,17.664773167347672
LCL households,full,1215,965,SP-profile,Previous-month profile,daily_energy_CV_RMS_pct,20,965,965,1,geometric mean undefined,,31.033251213584823,18.735575163694087
LCL households,full,1215,965,SP-profile,Previous-month profile,daily_energy_CV_RMS_pct,21,965,965,1,geometric mean undefined,,31.112630663344266,18.747689150968085
LCL households,full,1215,965,SP-profile,Previous-month profile,daily_energy_CV_RMS_pct,22,965,965,0,ok,16.775884828434986,31.402573509186855,19.441940762993138
LCL households,full,1215,965,SP-profile,Previous-month profile,daily_energy_CV_RMS_pct,23,965,965,1,geometric mean undefined,,32.16610215100852,18.456317849676594
LCL households,full,1215,965,SP-profile,Previous-month profile,daily_energy_CV_RMS_pct,24,965,965,1,geometric mean undefined,,32.25588604596736,20.057154334620336
LCL households,full,1215,965,SP-profile,Previous-month profile,daily_energy_CV_RMS_pct,25,965,965,1,geometric mean undefined,,34.162317148224965,21.686191611264512
LCL households,full,1215,965,SP-profile,Previous-month profile,daily_energy_CV_RMS_pct,26,965,965,1,geometric mean undefined,,33.33752754833377,19.93770142377277
LCL households,full,1215,965,SP-profile,Previous-month profile,daily_energy_CV_RMS_pct,27,965,965,1,geometric mean undefined,,32.006718313583185,19.320988999557017
LCL households,full,1215,965,SP-profile,Previous-month profile,daily_energy_CV_RMS_pct,28,965,965,1,geometric mean undefined,,31.400286837394646,19.02476790266014
LCL households,full,1215,965,SP-profile,Previous-month profile,daily_energy_CV_RMS_pct,29,965,965,0,ok,17.706220477466317,33.83239549279969,20.279371591429847
LCL households,full,1215,965,SP-profile,Previous-month profile,daily_energy_CV_RMS_pct,30,965,965,1,geometric mean undefined,,35.589751453649576,20.0662406696201
LCL households,full,1215,965,SP-profile,Previous-month profile,daily_energy_CV_RMS_pct,31,965,965,1,geometric mean undefined,,33.8677119251189,20.86664409437038
LCL households,full,1215,965,SP-profile,Previous-month profile,cumulative_energy_CV_RMS_pct,1,965,965,0,ok,14.988067339801402,30.231457702592618,17.053611334126327
LCL households,full,1215,965,SP-profile,Previous-month profile,cumulative_energy_CV_RMS_pct,2,965,965,0,ok,11.030303924178192,23.66073789127596,12.410088851581277
LCL households,full,1215,965,SP-profile,Previous-month profile,cumulative_energy_CV_RMS_pct,3,965,965,0,ok,9.31385364852736,21.32886172687008,10.87640158740237
LCL households,full,1215,965,SP-profile,Previous-month profile,cumulative_energy_CV_RMS_pct,4,965,965,0,ok,8.709610877521229,19.97250052139119,9.932535604741089
LCL households,full,1215,965,SP-profile,Previous-month profile,cumulative_energy_CV_RMS_pct,5,965,965,0,ok,8.562167106138698,19.50080494809695,9.54524195868389
LCL households,full,1215,965,SP-profile,Previous-month profile,cumulative_energy_CV_RMS_pct,6,965,965,0,ok,8.184130409962926,19.03578460771729,9.146603600195272
LCL households,full,1215,965,SP-profile,Previous-month profile,cumulative_energy_CV_RMS_pct,7,965,965,0,ok,7.81795016504081,18.556524062234246,8.626895010591914
LCL households,full,1215,965,SP-profile,Previous-month profile,cumulative_energy_CV_RMS_pct,8,965,965,0,ok,7.540149604744073,18.337806993452567,8.513063343825985
LCL households,full,1215,965,SP-profile,Previous-month profile,cumulative_energy_CV_RMS_pct,9,965,965,0,ok,7.604362908131484,18.368996478567844,8.165619066546578
LCL households,full,1215,965,SP-profile,Previous-month profile,cumulative_energy_CV_RMS_pct,10,965,965,0,ok,7.5673693894135035,18.278633911097213,8.217065602282945
LCL households,full,1215,965,SP-profile,Previous-month profile,cumulative_energy_CV_RMS_pct,11,965,965,0,ok,7.945361077061606,18.26347253142612,8.397153618417367
LCL households,full,1215,965,SP-profile,Previous-month profile,cumulative_energy_CV_RMS_pct,12,965,965,0,ok,7.844205176761115,18.090810480649086,8.423263877676705
LCL households,full,1215,965,SP-profile,Previous-month profile,cumulative_energy_CV_RMS_pct,13,965,965,0,ok,7.8780857531407555,18.097692984376337,8.54104440359422
LCL households,full,1215,965,SP-profile,Previous-month profile,cumulative_energy_CV_RMS_pct,14,965,965,0,ok,7.88473575876914,17.835666446133093,8.441873650244249
LCL households,full,1215,965,SP-profile,Previous-month profile,cumulative_energy_CV_RMS_pct,15,965,965,0,ok,7.931786141077219,17.84767012793743,8.581873202006278
LCL households,full,1215,965,SP-profile,Previous-month profile,cumulative_energy_CV_RMS_pct,16,965,965,0,ok,7.870546691240408,17.99923358193191,8.635826573337024
LCL households,full,1215,965,SP-profile,Previous-month profile,cumulative_energy_CV_RMS_pct,17,965,965,0,ok,7.976566938567747,17.919530943088695,8.932446819901928
LCL households,full,1215,965,SP-profile,Previous-month profile,cumulative_energy_CV_RMS_pct,18,965,965,0,ok,8.084743802056717,18.008572547494516,9.100886118013541
LCL households,full,1215,965,SP-profile,Previous-month profile,cumulative_energy_CV_RMS_pct,19,965,965,0,ok,8.09785309617239,17.986487935003822,8.939694420211664
LCL households,full,1215,965,SP-profile,Previous-month profile,cumulative_energy_CV_RMS_pct,20,965,965,0,ok,8.08365629611788,18.045206552407734,8.991304179330793
LCL households,full,1215,965,SP-profile,Previous-month profile,cumulative_energy_CV_RMS_pct,21,965,965,0,ok,8.186655026981148,18.08059862623783,8.956736509223463
LCL households,full,1215,965,SP-profile,Previous-month profile,cumulative_energy_CV_RMS_pct,22,965,965,0,ok,8.013510088566548,18.102305048353333,8.941320141880757
LCL households,full,1215,965,SP-profile,Previous-month profile,cumulative_energy_CV_RMS_pct,23,965,965,0,ok,7.953349445858751,18.13441493812718,8.919120800639053
LCL households,full,1215,965,SP-profile,Previous-month profile,cumulative_energy_CV_RMS_pct,24,965,965,0,ok,7.980979692342183,18.14840105837787,8.951097633426528
LCL households,full,1215,965,SP-profile,Previous-month profile,cumulative_energy_CV_RMS_pct,25,965,965,0,ok,8.186278948866072,18.219423564211752,9.039945038472904
LCL households,full,1215,965,SP-profile,Previous-month profile,cumulative_energy_CV_RMS_pct,26,965,965,0,ok,8.026630597250414,18.25740704679327,9.013040982056395
LCL households,full,1215,965,SP-profile,Previous-month profile,cumulative_energy_CV_RMS_pct,27,965,965,0,ok,8.14213480995171,18.325442631828402,9.157690132139312
LCL households,full,1215,965,SP-profile,Previous-month profile,cumulative_energy_CV_RMS_pct,28,965,965,0,ok,8.111160804027648,18.329658230309178,9.233022414792952
LCL households,full,1215,965,SP-profile,Previous-month profile,cumulative_energy_CV_RMS_pct,29,965,965,0,ok,8.180224148356626,18.346157587516373,9.347692956793766
LCL households,full,1215,965,SP-profile,Previous-month profile,cumulative_energy_CV_RMS_pct,30,965,965,0,ok,8.22511055528287,18.50039089875306,9.435225068585158
LCL households,full,1215,965,SP-profile,Previous-month profile,cumulative_energy_CV_RMS_pct,31,965,965,0,ok,8.298927338390298,18.57178142999579,9.309228147203855
LCL households,full,1215,965,TimesFM-X,TimesFM-X,hourly_CV_RMSE_pct,1,965,965,0,ok,54.55244594252973,82.7135219263397,54.36404630397894
LCL households,full,1215,965,TimesFM-X,TimesFM-X,hourly_CV_RMSE_pct,2,965,965,0,ok,52.55715162026509,66.42877275928868,53.43520871022403
LCL households,full,1215,965,TimesFM-X,TimesFM-X,hourly_CV_RMSE_pct,3,965,965,0,ok,52.63315223196752,67.77002547966434,51.88265938729041
LCL households,full,1215,965,TimesFM-X,TimesFM-X,hourly_CV_RMSE_pct,4,965,965,0,ok,52.19050141140245,64.33759409200637,53.075178671333646
LCL households,full,1215,965,TimesFM-X,TimesFM-X,hourly_CV_RMSE_pct,5,965,965,0,ok,57.10587096688163,70.92524331023725,57.554963931345306
LCL households,full,1215,965,TimesFM-X,TimesFM-X,hourly_CV_RMSE_pct,6,965,965,0,ok,56.31251504822445,72.0115767167661,57.93569282554484
LCL households,full,1215,965,TimesFM-X,TimesFM-X,hourly_CV_RMSE_pct,7,965,965,0,ok,54.65857651640243,69.74659971347276,54.384488759476596
LCL households,full,1215,965,TimesFM-X,TimesFM-X,hourly_CV_RMSE_pct,8,965,965,0,ok,56.24361789141839,69.22973215218016,57.902149987122336
LCL households,full,1215,965,TimesFM-X,TimesFM-X,hourly_CV_RMSE_pct,9,965,965,0,ok,56.546721532966444,70.06279929177781,56.82984550561584
LCL households,full,1215,965,TimesFM-X,TimesFM-X,hourly_CV_RMSE_pct,10,965,965,0,ok,57.576189661850556,69.89044773819168,57.65979361756504
LCL households,full,1215,965,TimesFM-X,TimesFM-X,hourly_CV_RMSE_pct,11,965,965,0,ok,59.47923483300424,74.44797802372584,60.271857397217296
LCL households,full,1215,965,TimesFM-X,TimesFM-X,hourly_CV_RMSE_pct,12,965,965,0,ok,60.20567392310988,74.27907390152602,59.70431363991819
LCL households,full,1215,965,TimesFM-X,TimesFM-X,hourly_CV_RMSE_pct,13,965,965,0,ok,60.72824083442052,76.04440538475185,60.74566315050543
LCL households,full,1215,965,TimesFM-X,TimesFM-X,hourly_CV_RMSE_pct,14,965,965,0,ok,60.894099271424814,89.31345595387788,60.758656128541006
LCL households,full,1215,965,TimesFM-X,TimesFM-X,hourly_CV_RMSE_pct,15,965,965,0,ok,61.41252337763504,74.85343099542887,61.72727727919414
LCL households,full,1215,965,TimesFM-X,TimesFM-X,hourly_CV_RMSE_pct,16,965,965,0,ok,59.63117865297932,74.52661034329618,58.78732601732959
LCL households,full,1215,965,TimesFM-X,TimesFM-X,hourly_CV_RMSE_pct,17,965,965,0,ok,60.840337184595505,85.65502587191551,60.18315443565431
LCL households,full,1215,965,TimesFM-X,TimesFM-X,hourly_CV_RMSE_pct,18,965,965,0,ok,62.161746041047245,76.98178331691722,60.38642872584724
LCL households,full,1215,965,TimesFM-X,TimesFM-X,hourly_CV_RMSE_pct,19,965,965,0,ok,61.539798925145526,76.4279469142353,59.51846420327353
LCL households,full,1215,965,TimesFM-X,TimesFM-X,hourly_CV_RMSE_pct,20,965,965,0,ok,60.270694680361956,74.80017260857488,57.83205070239147
LCL households,full,1215,965,TimesFM-X,TimesFM-X,hourly_CV_RMSE_pct,21,965,965,0,ok,61.42014396994973,75.09697888127074,61.0854691686615
LCL households,full,1215,965,TimesFM-X,TimesFM-X,hourly_CV_RMSE_pct,22,965,965,0,ok,60.88814450748083,74.48109467180052,61.582117217604385
LCL households,full,1215,965,TimesFM-X,TimesFM-X,hourly_CV_RMSE_pct,23,965,965,0,ok,61.99147436729462,75.8480894264154,61.77889639771941
LCL households,full,1215,965,TimesFM-X,TimesFM-X,hourly_CV_RMSE_pct,24,965,965,0,ok,61.232731489287104,75.75324337225173,60.29056028071439
LCL households,full,1215,965,TimesFM-X,TimesFM-X,hourly_CV_RMSE_pct,25,965,965,0,ok,64.14106341376237,80.31560876960087,65.1137177704936
LCL households,full,1215,965,TimesFM-X,TimesFM-X,hourly_CV_RMSE_pct,26,965,965,0,ok,62.609357254660594,77.95237194709347,63.800896620743615
LCL households,full,1215,965,TimesFM-X,TimesFM-X,hourly_CV_RMSE_pct,27,965,965,0,ok,62.514746914728995,77.27169574384753,63.10482027192856
LCL households,full,1215,965,TimesFM-X,TimesFM-X,hourly_CV_RMSE_pct,28,965,965,0,ok,62.2196416773585,78.5227463541435,61.035184843191935
LCL households,full,1215,965,TimesFM-X,TimesFM-X,hourly_CV_RMSE_pct,29,965,965,0,ok,62.59844039788331,82.07573187818141,62.703798371767235
LCL households,full,1215,965,TimesFM-X,TimesFM-X,hourly_CV_RMSE_pct,30,965,965,0,ok,64.12600983017528,82.3144039133597,64.46988712469322
LCL households,full,1215,965,TimesFM-X,TimesFM-X,hourly_CV_RMSE_pct,31,965,965,0,ok,64.21378081965747,80.79402422008296,64.12393842395619
LCL households,full,1215,965,TimesFM-X,TimesFM-X,daily_energy_CV_RMS_pct,1,965,965,0,ok,13.024743770868588,26.096316684371523,15.019825596439915
LCL households,full,1215,965,TimesFM-X,TimesFM-X,daily_energy_CV_RMS_pct,2,965,965,0,ok,12.343125974413452,20.82181613830485,14.4829957199325
LCL households,full,1215,965,TimesFM-X,TimesFM-X,daily_energy_CV_RMS_pct,3,965,965,0,ok,12.31080650779135,22.047118328961385,14.426321286356897
LCL households,full,1215,965,TimesFM-X,TimesFM-X,daily_energy_CV_RMS_pct,4,965,965,0,ok,12.309868404091583,22.52957889798379,14.00272300191489
LCL households,full,1215,965,TimesFM-X,TimesFM-X,daily_energy_CV_RMS_pct,5,965,965,0,ok,14.843864902578714,25.745772050438667,16.820417007153146
LCL households,full,1215,965,TimesFM-X,TimesFM-X,daily_energy_CV_RMS_pct,6,965,965,0,ok,14.167742215121196,26.56827403785501,17.213959478295628
LCL households,full,1215,965,TimesFM-X,TimesFM-X,daily_energy_CV_RMS_pct,7,965,965,0,ok,13.560480313165977,25.760254498366884,15.432273198803134
LCL households,full,1215,965,TimesFM-X,TimesFM-X,daily_energy_CV_RMS_pct,8,965,965,0,ok,14.539152488992316,25.231147128515794,17.30001677472888
LCL households,full,1215,965,TimesFM-X,TimesFM-X,daily_energy_CV_RMS_pct,9,965,965,0,ok,14.497686447260863,25.890032313505987,16.23231495092445
LCL households,full,1215,965,TimesFM-X,TimesFM-X,daily_energy_CV_RMS_pct,10,965,965,0,ok,14.885866419606982,25.910268360855184,16.869533689963166
LCL households,full,1215,965,TimesFM-X,TimesFM-X,daily_energy_CV_RMS_pct,11,965,965,0,ok,15.590792010590425,28.596692539353448,17.659024976714047
LCL households,full,1215,965,TimesFM-X,TimesFM-X,daily_energy_CV_RMS_pct,12,965,965,0,ok,15.2868057521501,27.439488073126338,18.292612116875368
LCL households,full,1215,965,TimesFM-X,TimesFM-X,daily_energy_CV_RMS_pct,13,965,965,0,ok,16.114597786417892,29.027342364955366,18.48934559767144
LCL households,full,1215,965,TimesFM-X,TimesFM-X,daily_energy_CV_RMS_pct,14,965,965,0,ok,16.622572933456254,32.41282435988654,19.192386267803116
LCL households,full,1215,965,TimesFM-X,TimesFM-X,daily_energy_CV_RMS_pct,15,965,965,0,ok,16.668082549060667,28.802126922858033,19.495944700744435
LCL households,full,1215,965,TimesFM-X,TimesFM-X,daily_energy_CV_RMS_pct,16,965,965,0,ok,16.430257709846607,28.312219962938652,19.01044581695454
LCL households,full,1215,965,TimesFM-X,TimesFM-X,daily_energy_CV_RMS_pct,17,965,965,0,ok,16.19567737235927,30.51816810043659,19.03844723509852
LCL households,full,1215,965,TimesFM-X,TimesFM-X,daily_energy_CV_RMS_pct,18,965,965,0,ok,16.994049225151006,29.846066234536664,19.956607693420263
LCL households,full,1215,965,TimesFM-X,TimesFM-X,daily_energy_CV_RMS_pct,19,965,965,0,ok,16.499296057093144,29.58216570582192,19.23758294961421
LCL households,full,1215,965,TimesFM-X,TimesFM-X,daily_energy_CV_RMS_pct,20,965,965,0,ok,16.05988555515368,30.191854840590224,19.67799567172159
LCL households,full,1215,965,TimesFM-X,TimesFM-X,daily_energy_CV_RMS_pct,21,965,965,0,ok,16.902834784191146,29.621346441362356,19.207596918511953
LCL households,full,1215,965,TimesFM-X,TimesFM-X,daily_energy_CV_RMS_pct,22,965,965,0,ok,16.862416052708816,29.58466965215477,18.645536912924307
LCL households,full,1215,965,TimesFM-X,TimesFM-X,daily_energy_CV_RMS_pct,23,965,965,0,ok,17.604048750598206,30.055274293585473,20.463094357083854
LCL households,full,1215,965,TimesFM-X,TimesFM-X,daily_energy_CV_RMS_pct,24,965,965,0,ok,17.706813001077066,31.033942712614742,20.41110143728369
LCL households,full,1215,965,TimesFM-X,TimesFM-X,daily_energy_CV_RMS_pct,25,965,965,0,ok,18.767954658888574,33.427941526032,21.579289221431022
LCL households,full,1215,965,TimesFM-X,TimesFM-X,daily_energy_CV_RMS_pct,26,965,965,0,ok,18.681779091010853,32.314370671825934,22.42057914703566
LCL households,full,1215,965,TimesFM-X,TimesFM-X,daily_energy_CV_RMS_pct,27,965,965,0,ok,17.538005048732987,31.5660999270689,20.449439146564174
LCL households,full,1215,965,TimesFM-X,TimesFM-X,daily_energy_CV_RMS_pct,28,965,965,0,ok,17.20425696253233,31.49014664430357,20.214180843743645
LCL households,full,1215,965,TimesFM-X,TimesFM-X,daily_energy_CV_RMS_pct,29,965,965,0,ok,18.00475715330965,34.98528855911099,22.187203382593687
LCL households,full,1215,965,TimesFM-X,TimesFM-X,daily_energy_CV_RMS_pct,30,965,965,0,ok,18.879615398622096,33.94093087098715,22.048312322205494
LCL households,full,1215,965,TimesFM-X,TimesFM-X,daily_energy_CV_RMS_pct,31,965,965,0,ok,18.4172411090163,33.09108369867575,21.412228755624035
LCL households,full,1215,965,TimesFM-X,TimesFM-X,cumulative_energy_CV_RMS_pct,1,965,965,0,ok,13.024743770868588,26.096316684371523,15.019825596439915
LCL households,full,1215,965,TimesFM-X,TimesFM-X,cumulative_energy_CV_RMS_pct,2,965,965,0,ok,11.49335137820008,20.91137460825843,13.8074810900532
LCL households,full,1215,965,TimesFM-X,TimesFM-X,cumulative_energy_CV_RMS_pct,3,965,965,0,ok,11.117672282203614,19.43827127866153,13.411225279059192
LCL households,full,1215,965,TimesFM-X,TimesFM-X,cumulative_energy_CV_RMS_pct,4,965,965,0,ok,10.626949497073767,18.109764973130687,13.002006188312889
LCL households,full,1215,965,TimesFM-X,TimesFM-X,cumulative_energy_CV_RMS_pct,5,965,965,0,ok,11.289540277612451,18.247155270342873,13.229918022727423
LCL households,full,1215,965,TimesFM-X,TimesFM-X,cumulative_energy_CV_RMS_pct,6,965,965,0,ok,11.248054875708396,18.467187543806034,13.727486774716905
LCL households,full,1215,965,TimesFM-X,TimesFM-X,cumulative_energy_CV_RMS_pct,7,965,965,0,ok,11.194214741438815,18.43452522423869,13.652384165982111
LCL households,full,1215,965,TimesFM-X,TimesFM-X,cumulative_energy_CV_RMS_pct,8,965,965,0,ok,11.518887632857783,18.414496485044268,13.488597301652645
LCL households,full,1215,965,TimesFM-X,TimesFM-X,cumulative_energy_CV_RMS_pct,9,965,965,0,ok,11.495792710705544,18.44170147753286,13.896252724198618
LCL households,full,1215,965,TimesFM-X,TimesFM-X,cumulative_energy_CV_RMS_pct,10,965,965,0,ok,11.23212472693119,18.35741602924521,13.668555061117575
LCL households,full,1215,965,TimesFM-X,TimesFM-X,cumulative_energy_CV_RMS_pct,11,965,965,0,ok,11.603778038637234,18.56878099807649,13.804301955423224
LCL households,full,1215,965,TimesFM-X,TimesFM-X,cumulative_energy_CV_RMS_pct,12,965,965,0,ok,11.405422532503044,18.537580979686986,14.049657940353935
LCL households,full,1215,965,TimesFM-X,TimesFM-X,cumulative_energy_CV_RMS_pct,13,965,965,0,ok,11.513426104887094,18.75542320394641,14.094876462455609
LCL households,full,1215,965,TimesFM-X,TimesFM-X,cumulative_energy_CV_RMS_pct,14,965,965,0,ok,11.688969330330162,18.865414001157124,14.088355892947975
LCL households,full,1215,965,TimesFM-X,TimesFM-X,cumulative_energy_CV_RMS_pct,15,965,965,0,ok,11.845814927085945,19.028301787146145,14.165182509919143
LCL households,full,1215,965,TimesFM-X,TimesFM-X,cumulative_energy_CV_RMS_pct,16,965,965,0,ok,11.87584985226502,19.051148646854948,14.359073694170414
LCL households,full,1215,965,TimesFM-X,TimesFM-X,cumulative_energy_CV_RMS_pct,17,965,965,0,ok,11.974435886842153,18.94541539698321,14.357000041265986
LCL households,full,1215,965,TimesFM-X,TimesFM-X,cumulative_energy_CV_RMS_pct,18,965,965,0,ok,12.1639444581928,19.04387254391322,14.274966664288415
LCL households,full,1215,965,TimesFM-X,TimesFM-X,cumulative_energy_CV_RMS_pct,19,965,965,0,ok,11.990573619778278,19.070366119097407,14.208064303629063
LCL households,full,1215,965,TimesFM-X,TimesFM-X,cumulative_energy_CV_RMS_pct,20,965,965,0,ok,12.253547682589723,19.185263761671244,14.267567786579802
LCL households,full,1215,965,TimesFM-X,TimesFM-X,cumulative_energy_CV_RMS_pct,21,965,965,0,ok,12.229571265300757,19.275581238305296,14.324735661726677
LCL households,full,1215,965,TimesFM-X,TimesFM-X,cumulative_energy_CV_RMS_pct,22,965,965,0,ok,12.48835054065749,19.3948798797523,14.713045688209593
LCL households,full,1215,965,TimesFM-X,TimesFM-X,cumulative_energy_CV_RMS_pct,23,965,965,0,ok,12.584494900107394,19.502005267227332,14.890711172022405
LCL households,full,1215,965,TimesFM-X,TimesFM-X,cumulative_energy_CV_RMS_pct,24,965,965,0,ok,12.665371798787401,19.63122624094386,15.027332692354037
LCL households,full,1215,965,TimesFM-X,TimesFM-X,cumulative_energy_CV_RMS_pct,25,965,965,0,ok,12.79753769082367,19.784044857335335,14.676860529436576
LCL households,full,1215,965,TimesFM-X,TimesFM-X,cumulative_energy_CV_RMS_pct,26,965,965,0,ok,12.720371376933704,19.84168009060538,14.778218494767541
LCL households,full,1215,965,TimesFM-X,TimesFM-X,cumulative_energy_CV_RMS_pct,27,965,965,0,ok,12.66643630086452,19.876028717259874,15.160567361712266
LCL households,full,1215,965,TimesFM-X,TimesFM-X,cumulative_energy_CV_RMS_pct,28,965,965,0,ok,12.642770454007614,19.86221890886202,15.273765494397914
LCL households,full,1215,965,TimesFM-X,TimesFM-X,cumulative_energy_CV_RMS_pct,29,965,965,0,ok,12.740444197701125,19.93024878289349,15.237493723347743
LCL households,full,1215,965,TimesFM-X,TimesFM-X,cumulative_energy_CV_RMS_pct,30,965,965,0,ok,12.866455039376985,20.068775697757218,14.983316775200187
LCL households,full,1215,965,TimesFM-X,TimesFM-X,cumulative_energy_CV_RMS_pct,31,965,965,0,ok,12.76297535738156,20.163205777446866,15.084065374550292
LCL households,full,1215,965,WeekProf4,4-week profile,hourly_CV_RMSE_pct,1,965,965,2,geometric mean undefined,,94.82090058125327,65.36478392361475
LCL households,full,1215,965,WeekProf4,4-week profile,hourly_CV_RMSE_pct,2,965,965,1,geometric mean undefined,,92.37461067944025,61.698240286446094
LCL households,full,1215,965,WeekProf4,4-week profile,hourly_CV_RMSE_pct,3,965,965,2,geometric mean undefined,,81.26059176927744,61.428291875558386
LCL households,full,1215,965,WeekProf4,4-week profile,hourly_CV_RMSE_pct,4,965,965,3,geometric mean undefined,,74.46442037619869,61.1721017602629
LCL households,full,1215,965,WeekProf4,4-week profile,hourly_CV_RMSE_pct,5,965,965,3,geometric mean undefined,,77.5669957621251,64.6265920410083
LCL households,full,1215,965,WeekProf4,4-week profile,hourly_CV_RMSE_pct,6,965,965,2,geometric mean undefined,,76.17941654917223,62.534441032190294
LCL households,full,1215,965,WeekProf4,4-week profile,hourly_CV_RMSE_pct,7,965,965,1,geometric mean undefined,,79.59917835200045,63.26407188935966
LCL households,full,1215,965,WeekProf4,4-week profile,hourly_CV_RMSE_pct,8,965,965,2,geometric mean undefined,,81.08326983928136,64.144432581294
LCL households,full,1215,965,WeekProf4,4-week profile,hourly_CV_RMSE_pct,9,965,965,1,geometric mean undefined,,94.43105219464151,63.454900739821156
LCL households,full,1215,965,WeekProf4,4-week profile,hourly_CV_RMSE_pct,10,965,965,2,geometric mean undefined,,80.83262716030498,63.66315757732419
LCL households,full,1215,965,WeekProf4,4-week profile,hourly_CV_RMSE_pct,11,965,965,3,geometric mean undefined,,80.63480712432329,64.05450115430598
LCL households,full,1215,965,WeekProf4,4-week profile,hourly_CV_RMSE_pct,12,965,965,3,geometric mean undefined,,78.77229092634039,65.24568567702977
LCL households,full,1215,965,WeekProf4,4-week profile,hourly_CV_RMSE_pct,13,965,965,2,geometric mean undefined,,79.3719459266245,66.01256170471855
LCL households,full,1215,965,WeekProf4,4-week profile,hourly_CV_RMSE_pct,14,965,965,1,geometric mean undefined,,91.26671508328353,66.14997406002061
LCL households,full,1215,965,WeekProf4,4-week profile,hourly_CV_RMSE_pct,15,965,965,2,geometric mean undefined,,84.6181728628606,67.15974314290558
LCL households,full,1215,965,WeekProf4,4-week profile,hourly_CV_RMSE_pct,16,965,965,1,geometric mean undefined,,96.53627087485562,64.06344309567854
LCL households,full,1215,965,WeekProf4,4-week profile,hourly_CV_RMSE_pct,17,965,965,2,geometric mean undefined,,92.39648355763191,64.93948800843711
LCL households,full,1215,965,WeekProf4,4-week profile,hourly_CV_RMSE_pct,18,965,965,3,geometric mean undefined,,83.59780816655682,65.74916714143313
LCL households,full,1215,965,WeekProf4,4-week profile,hourly_CV_RMSE_pct,19,965,965,3,geometric mean undefined,,80.26332496430213,65.35235984927421
LCL households,full,1215,965,WeekProf4,4-week profile,hourly_CV_RMSE_pct,20,965,965,2,geometric mean undefined,,79.17388899734249,64.33022545558805
LCL households,full,1215,965,WeekProf4,4-week profile,hourly_CV_RMSE_pct,21,965,965,1,geometric mean undefined,,84.88728789848682,66.88761226319153
LCL households,full,1215,965,WeekProf4,4-week profile,hourly_CV_RMSE_pct,22,965,965,2,geometric mean undefined,,85.4301408354834,67.87841063610077
LCL households,full,1215,965,WeekProf4,4-week profile,hourly_CV_RMSE_pct,23,965,965,1,geometric mean undefined,,98.89159507652616,67.96465408758665
LCL households,full,1215,965,WeekProf4,4-week profile,hourly_CV_RMSE_pct,24,965,965,2,geometric mean undefined,,86.00102897041917,66.27743578943316
LCL households,full,1215,965,WeekProf4,4-week profile,hourly_CV_RMSE_pct,25,965,965,3,geometric mean undefined,,87.34549019389758,70.12338129888595
LCL households,full,1215,965,WeekProf4,4-week profile,hourly_CV_RMSE_pct,26,965,965,3,geometric mean undefined,,83.79119564625933,69.8201230174644
LCL households,full,1215,965,WeekProf4,4-week profile,hourly_CV_RMSE_pct,27,965,965,2,geometric mean undefined,,82.61067125905224,69.5376073133461
LCL households,full,1215,965,WeekProf4,4-week profile,hourly_CV_RMSE_pct,28,965,965,1,geometric mean undefined,,86.90175530009965,67.32677148776159
LCL households,full,1215,965,WeekProf4,4-week profile,hourly_CV_RMSE_pct,29,965,965,2,geometric mean undefined,,89.84488159491949,69.51341093316779
LCL households,full,1215,965,WeekProf4,4-week profile,hourly_CV_RMSE_pct,30,965,965,1,geometric mean undefined,,104.46460729454333,72.26999799456323
LCL households,full,1215,965,WeekProf4,4-week profile,hourly_CV_RMSE_pct,31,965,965,2,geometric mean undefined,,91.69481604867012,70.10460070142952
LCL households,full,1215,965,WeekProf4,4-week profile,daily_energy_CV_RMS_pct,1,965,965,2,geometric mean undefined,,30.808812845750403,16.08717784444748
LCL households,full,1215,965,WeekProf4,4-week profile,daily_energy_CV_RMS_pct,2,965,965,1,geometric mean undefined,,28.16694857542777,15.026170323258397
LCL households,full,1215,965,WeekProf4,4-week profile,daily_energy_CV_RMS_pct,3,965,965,2,geometric mean undefined,,25.61225712537541,14.667270794943596
LCL households,full,1215,965,WeekProf4,4-week profile,daily_energy_CV_RMS_pct,4,965,965,3,geometric mean undefined,,25.450503481816266,15.688846312246886
LCL households,full,1215,965,WeekProf4,4-week profile,daily_energy_CV_RMS_pct,5,965,965,3,geometric mean undefined,,26.330173745331397,15.988683163820584
LCL households,full,1215,965,WeekProf4,4-week profile,daily_energy_CV_RMS_pct,6,965,965,2,geometric mean undefined,,25.22193683963212,14.50400712364342
LCL households,full,1215,965,WeekProf4,4-week profile,daily_energy_CV_RMS_pct,7,965,965,1,geometric mean undefined,,27.382072864741467,17.03778692754514
LCL households,full,1215,965,WeekProf4,4-week profile,daily_energy_CV_RMS_pct,8,965,965,2,geometric mean undefined,,29.358454479329193,16.487109597797225
LCL households,full,1215,965,WeekProf4,4-week profile,daily_energy_CV_RMS_pct,9,965,965,1,geometric mean undefined,,31.656235787443073,17.814817694354943
LCL households,full,1215,965,WeekProf4,4-week profile,daily_energy_CV_RMS_pct,10,965,965,2,geometric mean undefined,,27.400483636897864,15.6254986170589
LCL households,full,1215,965,WeekProf4,4-week profile,daily_energy_CV_RMS_pct,11,965,965,3,geometric mean undefined,,27.911721597507135,16.949037461060108
LCL households,full,1215,965,WeekProf4,4-week profile,daily_energy_CV_RMS_pct,12,965,965,3,geometric mean undefined,,26.725147231266924,16.0511863968307
LCL households,full,1215,965,WeekProf4,4-week profile,daily_energy_CV_RMS_pct,13,965,965,2,geometric mean undefined,,27.353759603305168,17.06140793343196
LCL households,full,1215,965,WeekProf4,4-week profile,daily_energy_CV_RMS_pct,14,965,965,1,geometric mean undefined,,30.015014779103346,18.295637678641523
LCL households,full,1215,965,WeekProf4,4-week profile,daily_energy_CV_RMS_pct,15,965,965,2,geometric mean undefined,,31.16534210397306,18.191690894866365
LCL households,full,1215,965,WeekProf4,4-week profile,daily_energy_CV_RMS_pct,16,965,965,1,geometric mean undefined,,32.308651921197324,17.83518027832755
LCL households,full,1215,965,WeekProf4,4-week profile,daily_energy_CV_RMS_pct,17,965,965,2,geometric mean undefined,,29.320453120313797,17.989003054611217
LCL households,full,1215,965,WeekProf4,4-week profile,daily_energy_CV_RMS_pct,18,965,965,3,geometric mean undefined,,29.74283042666355,18.139064228268044
LCL households,full,1215,965,WeekProf4,4-week profile,daily_energy_CV_RMS_pct,19,965,965,3,geometric mean undefined,,28.31561056979969,18.06528497321343
LCL households,full,1215,965,WeekProf4,4-week profile,daily_energy_CV_RMS_pct,20,965,965,2,geometric mean undefined,,29.23013416855202,17.957796599931225
LCL households,full,1215,965,WeekProf4,4-week profile,daily_energy_CV_RMS_pct,21,965,965,1,geometric mean undefined,,30.864377013286248,18.662638228988435
LCL households,full,1215,965,WeekProf4,4-week profile,daily_energy_CV_RMS_pct,22,965,965,2,geometric mean undefined,,32.48418067224854,19.111526993052472
LCL households,full,1215,965,WeekProf4,4-week profile,daily_energy_CV_RMS_pct,23,965,965,1,geometric mean undefined,,34.27421751867441,19.20900785143935
LCL households,full,1215,965,WeekProf4,4-week profile,daily_energy_CV_RMS_pct,24,965,965,2,geometric mean undefined,,31.779411313034526,19.986606353415446
LCL households,full,1215,965,WeekProf4,4-week profile,daily_energy_CV_RMS_pct,25,965,965,3,geometric mean undefined,,33.49896650034048,20.668733425474766
LCL households,full,1215,965,WeekProf4,4-week profile,daily_energy_CV_RMS_pct,26,965,965,3,geometric mean undefined,,31.725697694106465,19.756223857380746
LCL households,full,1215,965,WeekProf4,4-week profile,daily_energy_CV_RMS_pct,27,965,965,2,geometric mean undefined,,30.505609780352753,18.545771910468105
LCL households,full,1215,965,WeekProf4,4-week profile,daily_energy_CV_RMS_pct,28,965,965,1,geometric mean undefined,,31.72658734877336,19.114331711839657
LCL households,full,1215,965,WeekProf4,4-week profile,daily_energy_CV_RMS_pct,29,965,965,2,geometric mean undefined,,34.835954607522666,19.261909365859005
LCL households,full,1215,965,WeekProf4,4-week profile,daily_energy_CV_RMS_pct,30,965,965,1,geometric mean undefined,,36.64945801896632,19.738894846626845
LCL households,full,1215,965,WeekProf4,4-week profile,daily_energy_CV_RMS_pct,31,965,965,2,geometric mean undefined,,34.49508276949925,20.766311223193696
LCL households,full,1215,965,WeekProf4,4-week profile,cumulative_energy_CV_RMS_pct,1,965,965,2,geometric mean undefined,,30.808812845750403,16.08717784444748
LCL households,full,1215,965,WeekProf4,4-week profile,cumulative_energy_CV_RMS_pct,2,965,965,0,ok,10.981736815741147,25.15735936984342,12.49130450231197
LCL households,full,1215,965,WeekProf4,4-week profile,cumulative_energy_CV_RMS_pct,3,965,965,1,geometric mean undefined,,22.349411136730836,10.803133199789807
LCL households,full,1215,965,WeekProf4,4-week profile,cumulative_energy_CV_RMS_pct,4,965,965,0,ok,8.963319238892469,20.317917753407887,9.85362687257247
LCL households,full,1215,965,WeekProf4,4-week profile,cumulative_energy_CV_RMS_pct,5,965,965,1,geometric mean undefined,,19.41575908821874,9.431443030753368
LCL households,full,1215,965,WeekProf4,4-week profile,cumulative_energy_CV_RMS_pct,6,965,965,0,ok,7.860532015855048,18.450854787430327,8.689624005691016
LCL households,full,1215,965,WeekProf4,4-week profile,cumulative_energy_CV_RMS_pct,7,965,965,0,ok,7.633209143571409,17.856936999732316,8.559005346610288
LCL households,full,1215,965,WeekProf4,4-week profile,cumulative_energy_CV_RMS_pct,8,965,965,0,ok,7.779681969924015,18.033345444581087,8.280397627382133
LCL households,full,1215,965,WeekProf4,4-week profile,cumulative_energy_CV_RMS_pct,9,965,965,0,ok,7.6440187078588755,18.264722266972488,8.007006096575457
LCL households,full,1215,965,WeekProf4,4-week profile,cumulative_energy_CV_RMS_pct,10,965,965,0,ok,7.7112176848770115,18.122432748449757,8.349240446093232
LCL households,full,1215,965,WeekProf4,4-week profile,cumulative_energy_CV_RMS_pct,11,965,965,0,ok,7.788818913705581,17.923154744084325,8.614601198883705
LCL households,full,1215,965,WeekProf4,4-week profile,cumulative_energy_CV_RMS_pct,12,965,965,0,ok,7.644652096077113,17.588564697379738,8.338056513656655
LCL households,full,1215,965,WeekProf4,4-week profile,cumulative_energy_CV_RMS_pct,13,965,965,0,ok,7.726757381622343,17.455779618809856,8.36413214502417
LCL households,full,1215,965,WeekProf4,4-week profile,cumulative_energy_CV_RMS_pct,14,965,965,0,ok,7.826567838129162,17.194290486983242,8.297110553000465
LCL households,full,1215,965,WeekProf4,4-week profile,cumulative_energy_CV_RMS_pct,15,965,965,0,ok,7.9093873855956,17.371691894812766,8.46825473803516
LCL households,full,1215,965,WeekProf4,4-week profile,cumulative_energy_CV_RMS_pct,16,965,965,0,ok,7.960090729818725,17.644311424152487,8.361143963442942
LCL households,full,1215,965,WeekProf4,4-week profile,cumulative_energy_CV_RMS_pct,17,965,965,0,ok,8.15839525392076,17.55688646724926,8.629869312314492
LCL households,full,1215,965,WeekProf4,4-week profile,cumulative_energy_CV_RMS_pct,18,965,965,0,ok,8.168782791934516,17.593665513614617,8.801504773209238
LCL households,full,1215,965,WeekProf4,4-week profile,cumulative_energy_CV_RMS_pct,19,965,965,0,ok,8.059208974081532,17.484513937787654,8.835084068185871
LCL households,full,1215,965,WeekProf4,4-week profile,cumulative_energy_CV_RMS_pct,20,965,965,0,ok,7.981344685358811,17.462609338702556,8.953782114496214
LCL households,full,1215,965,WeekProf4,4-week profile,cumulative_energy_CV_RMS_pct,21,965,965,0,ok,8.214124814508741,17.48412436615541,8.879314471503312
LCL households,full,1215,965,WeekProf4,4-week profile,cumulative_energy_CV_RMS_pct,22,965,965,0,ok,8.158102063126632,17.595238484054875,8.909890747953984
LCL households,full,1215,965,WeekProf4,4-week profile,cumulative_energy_CV_RMS_pct,23,965,965,0,ok,7.910192895107529,17.714069740496512,8.979285083156455
LCL households,full,1215,965,WeekProf4,4-week profile,cumulative_energy_CV_RMS_pct,24,965,965,0,ok,7.766709873644414,17.704402114115776,8.828610364397184
LCL households,full,1215,965,WeekProf4,4-week profile,cumulative_energy_CV_RMS_pct,25,965,965,0,ok,8.036754072181006,17.795295616328865,8.82606723059215
LCL households,full,1215,965,WeekProf4,4-week profile,cumulative_energy_CV_RMS_pct,26,965,965,0,ok,8.150434154146808,17.79579925237851,8.912954153969165
LCL households,full,1215,965,WeekProf4,4-week profile,cumulative_energy_CV_RMS_pct,27,965,965,0,ok,8.28217281653581,17.802431061032976,9.102924351489694
LCL households,full,1215,965,WeekProf4,4-week profile,cumulative_energy_CV_RMS_pct,28,965,965,0,ok,8.388615849083731,17.820530374760576,9.008519108232196
LCL households,full,1215,965,WeekProf4,4-week profile,cumulative_energy_CV_RMS_pct,29,965,965,0,ok,8.474166674292682,17.897315961507005,8.940871166081331
LCL households,full,1215,965,WeekProf4,4-week profile,cumulative_energy_CV_RMS_pct,30,965,965,0,ok,8.381880027541303,18.10377573192705,9.169917996942168
LCL households,full,1215,965,WeekProf4,4-week profile,cumulative_energy_CV_RMS_pct,31,965,965,0,ok,8.49126977587494,18.171718945320865,9.513105211001589
LCL households,full,1215,965,RIDGE-L,Ridge (per unit),hourly_CV_RMSE_pct,1,965,965,0,ok,60.74354711639292,121.11100383431736,61.145318882842865
LCL households,full,1215,965,RIDGE-L,Ridge (per unit),hourly_CV_RMSE_pct,2,965,965,0,ok,57.849211676008274,95.02362285391564,57.985603169212325
LCL households,full,1215,965,RIDGE-L,Ridge (per unit),hourly_CV_RMSE_pct,3,965,965,0,ok,58.42336166236432,100.83295083610737,57.00542442214404
LCL households,full,1215,965,RIDGE-L,Ridge (per unit),hourly_CV_RMSE_pct,4,965,965,0,ok,57.91886927456567,98.00634874874122,55.7476498515884
LCL households,full,1215,965,RIDGE-L,Ridge (per unit),hourly_CV_RMSE_pct,5,965,965,0,ok,61.60390357946596,99.99589787282572,60.360163603873225
LCL households,full,1215,965,RIDGE-L,Ridge (per unit),hourly_CV_RMSE_pct,6,965,965,0,ok,61.46428716411937,100.88740764081221,61.335176072418946
LCL households,full,1215,965,RIDGE-L,Ridge (per unit),hourly_CV_RMSE_pct,7,965,965,0,ok,60.41983641724725,109.28998694049359,59.009244597732035
LCL households,full,1215,965,RIDGE-L,Ridge (per unit),hourly_CV_RMSE_pct,8,965,965,0,ok,61.0342833903058,110.31391570993316,60.79683671057346
LCL households,full,1215,965,RIDGE-L,Ridge (per unit),hourly_CV_RMSE_pct,9,965,965,0,ok,61.75355066087413,100.60574670912207,60.82878617303143
LCL households,full,1215,965,RIDGE-L,Ridge (per unit),hourly_CV_RMSE_pct,10,965,965,0,ok,62.40551736311888,104.35141565500976,60.7739133270566
LCL households,full,1215,965,RIDGE-L,Ridge (per unit),hourly_CV_RMSE_pct,11,965,965,0,ok,63.030370876278255,107.10518372561714,61.823405677077254
LCL households,full,1215,965,RIDGE-L,Ridge (per unit),hourly_CV_RMSE_pct,12,965,965,0,ok,63.931600259489045,103.17312538620284,61.52336888192377
LCL households,full,1215,965,RIDGE-L,Ridge (per unit),hourly_CV_RMSE_pct,13,965,965,0,ok,64.37514554531441,104.44095944951258,63.28898091111628
LCL households,full,1215,965,RIDGE-L,Ridge (per unit),hourly_CV_RMSE_pct,14,965,965,0,ok,63.73116849887054,126.31683782847803,61.771587519103775
LCL households,full,1215,965,RIDGE-L,Ridge (per unit),hourly_CV_RMSE_pct,15,965,965,0,ok,64.91762981506558,115.52866369252179,63.573318221833674
LCL households,full,1215,965,RIDGE-L,Ridge (per unit),hourly_CV_RMSE_pct,16,965,965,0,ok,63.46035705663861,103.28418092875253,62.65906780798075
LCL households,full,1215,965,RIDGE-L,Ridge (per unit),hourly_CV_RMSE_pct,17,965,965,0,ok,64.19884964022621,108.86399668287847,62.170425609866534
LCL households,full,1215,965,RIDGE-L,Ridge (per unit),hourly_CV_RMSE_pct,18,965,965,0,ok,65.0252201172926,110.77054622738802,62.77570272681306
LCL households,full,1215,965,RIDGE-L,Ridge (per unit),hourly_CV_RMSE_pct,19,965,965,0,ok,64.42035972343562,106.0404362053006,62.53592994319659
LCL households,full,1215,965,RIDGE-L,Ridge (per unit),hourly_CV_RMSE_pct,20,965,965,0,ok,63.85678534659861,105.63583247135081,60.82600844332429
LCL households,full,1215,965,RIDGE-L,Ridge (per unit),hourly_CV_RMSE_pct,21,965,965,0,ok,64.66035092543244,116.45357905395623,63.99222956075708
LCL households,full,1215,965,RIDGE-L,Ridge (per unit),hourly_CV_RMSE_pct,22,965,965,0,ok,64.22671968112209,116.32203326887934,63.20567645511858
LCL households,full,1215,965,RIDGE-L,Ridge (per unit),hourly_CV_RMSE_pct,23,965,965,0,ok,64.77375802469167,106.13638691069843,63.55175156390037
LCL households,full,1215,965,RIDGE-L,Ridge (per unit),hourly_CV_RMSE_pct,24,965,965,0,ok,65.47230321723222,110.91094909555763,62.66040526471399
LCL households,full,1215,965,RIDGE-L,Ridge (per unit),hourly_CV_RMSE_pct,25,965,965,0,ok,68.1045628436222,151.34597724133135,65.66137896211166
LCL households,full,1215,965,RIDGE-L,Ridge (per unit),hourly_CV_RMSE_pct,26,965,965,0,ok,66.3154848615289,147.2154264551656,64.55822269426218
LCL households,full,1215,965,RIDGE-L,Ridge (per unit),hourly_CV_RMSE_pct,27,965,965,0,ok,66.20974812802177,109.31886750320837,64.81630108603544
LCL households,full,1215,965,RIDGE-L,Ridge (per unit),hourly_CV_RMSE_pct,28,965,965,0,ok,65.49815520263066,118.40467045841763,63.6056341981506
LCL households,full,1215,965,RIDGE-L,Ridge (per unit),hourly_CV_RMSE_pct,29,965,965,0,ok,66.12515580190907,121.41513228575049,63.83507288293727
LCL households,full,1215,965,RIDGE-L,Ridge (per unit),hourly_CV_RMSE_pct,30,965,965,0,ok,68.04658211156665,113.52603902429816,67.49053891046749
LCL households,full,1215,965,RIDGE-L,Ridge (per unit),hourly_CV_RMSE_pct,31,965,965,0,ok,68.77095183127308,116.58124614891081,66.89170050435104
LCL households,full,1215,965,RIDGE-L,Ridge (per unit),daily_energy_CV_RMS_pct,1,965,965,0,ok,13.169173764790694,49.45777279989511,14.44725931771082
LCL households,full,1215,965,RIDGE-L,Ridge (per unit),daily_energy_CV_RMS_pct,2,965,965,0,ok,12.784253604834307,41.130510193077,13.931214367575652
LCL households,full,1215,965,RIDGE-L,Ridge (per unit),daily_energy_CV_RMS_pct,3,965,965,0,ok,12.570342275725787,45.60160053381453,14.101113282933943
LCL households,full,1215,965,RIDGE-L,Ridge (per unit),daily_energy_CV_RMS_pct,4,965,965,0,ok,13.382163895869914,47.05447128934314,15.18834280321484
LCL households,full,1215,965,RIDGE-L,Ridge (per unit),daily_energy_CV_RMS_pct,5,965,965,0,ok,14.595145292000229,47.01173670701832,16.800592765948537
LCL households,full,1215,965,RIDGE-L,Ridge (per unit),daily_energy_CV_RMS_pct,6,965,965,0,ok,13.68012452511432,47.821795394091424,16.5262561593535
LCL households,full,1215,965,RIDGE-L,Ridge (per unit),daily_energy_CV_RMS_pct,7,965,965,0,ok,14.466449760119591,52.02622590267286,15.866695899934877
LCL households,full,1215,965,RIDGE-L,Ridge (per unit),daily_energy_CV_RMS_pct,8,965,965,0,ok,15.116674916283566,52.48106026744703,16.96744896066039
LCL households,full,1215,965,RIDGE-L,Ridge (per unit),daily_energy_CV_RMS_pct,9,965,965,0,ok,14.978463679563866,48.927522797236826,16.751900984326248
LCL households,full,1215,965,RIDGE-L,Ridge (per unit),daily_energy_CV_RMS_pct,10,965,965,0,ok,15.008001686371795,51.11850061818744,16.65583378527396
LCL households,full,1215,965,RIDGE-L,Ridge (per unit),daily_energy_CV_RMS_pct,11,965,965,0,ok,14.550792299565053,51.887272075959466,16.462584535250105
LCL households,full,1215,965,RIDGE-L,Ridge (per unit),daily_energy_CV_RMS_pct,12,965,965,0,ok,14.688605568366649,49.42097323297674,16.052792850537145
LCL households,full,1215,965,RIDGE-L,Ridge (per unit),daily_energy_CV_RMS_pct,13,965,965,0,ok,15.626326817918722,50.56718748335854,17.49397481438757
LCL households,full,1215,965,RIDGE-L,Ridge (per unit),daily_energy_CV_RMS_pct,14,965,965,0,ok,15.677366511354183,55.97659307729225,17.870865773083654
LCL households,full,1215,965,RIDGE-L,Ridge (per unit),daily_energy_CV_RMS_pct,15,965,965,0,ok,16.03843978838277,56.26806563857505,18.260048506112703
LCL households,full,1215,965,RIDGE-L,Ridge (per unit),daily_energy_CV_RMS_pct,16,965,965,0,ok,15.603860032201183,50.94396762722853,17.98330482144069
LCL households,full,1215,965,RIDGE-L,Ridge (per unit),daily_energy_CV_RMS_pct,17,965,965,0,ok,15.84972479757184,51.88412118787154,18.277789362652786
LCL households,full,1215,965,RIDGE-L,Ridge (per unit),daily_energy_CV_RMS_pct,18,965,965,0,ok,16.039431627619848,55.36547725901555,18.063639040156662
LCL households,full,1215,965,RIDGE-L,Ridge (per unit),daily_energy_CV_RMS_pct,19,965,965,0,ok,15.881612440516166,53.195229845872454,17.89527783802401
LCL households,full,1215,965,RIDGE-L,Ridge (per unit),daily_energy_CV_RMS_pct,20,965,965,0,ok,16.050261789405347,53.68972584154937,18.10634133829855
LCL households,full,1215,965,RIDGE-L,Ridge (per unit),daily_energy_CV_RMS_pct,21,965,965,0,ok,16.344547494348976,57.98766312382999,18.414071535218277
LCL households,full,1215,965,RIDGE-L,Ridge (per unit),daily_energy_CV_RMS_pct,22,965,965,0,ok,16.108093750530387,58.2575535478605,18.719751159023797
LCL households,full,1215,965,RIDGE-L,Ridge (per unit),daily_energy_CV_RMS_pct,23,965,965,0,ok,16.00506738384985,53.482721915492746,18.746794113275385
LCL households,full,1215,965,RIDGE-L,Ridge (per unit),daily_energy_CV_RMS_pct,24,965,965,0,ok,17.288124124169467,58.097853512012094,19.97655074863586
LCL households,full,1215,965,RIDGE-L,Ridge (per unit),daily_energy_CV_RMS_pct,25,965,965,0,ok,18.281218329188512,94.96776043176317,20.22109380764221
LCL households,full,1215,965,RIDGE-L,Ridge (per unit),daily_energy_CV_RMS_pct,26,965,965,0,ok,16.588816826619517,92.6473758511144,19.81773141771882
LCL households,full,1215,965,RIDGE-L,Ridge (per unit),daily_energy_CV_RMS_pct,27,965,965,0,ok,17.354251809728936,57.0545317670475,19.322790029407983
LCL households,full,1215,965,RIDGE-L,Ridge (per unit),daily_energy_CV_RMS_pct,28,965,965,0,ok,16.15369756247862,59.802699162680724,18.10747248172197
LCL households,full,1215,965,RIDGE-L,Ridge (per unit),daily_energy_CV_RMS_pct,29,965,965,0,ok,17.76345856619152,61.93758817324609,19.768739564786614
LCL households,full,1215,965,RIDGE-L,Ridge (per unit),daily_energy_CV_RMS_pct,30,965,965,0,ok,17.682278896119204,58.27178553408263,20.107774381570366
LCL households,full,1215,965,RIDGE-L,Ridge (per unit),daily_energy_CV_RMS_pct,31,965,965,0,ok,18.328953074388224,61.439122631206,20.49127147373644
LCL households,full,1215,965,RIDGE-L,Ridge (per unit),cumulative_energy_CV_RMS_pct,1,965,965,0,ok,13.169173764790694,49.45777279989511,14.44725931771082
LCL households,full,1215,965,RIDGE-L,Ridge (per unit),cumulative_energy_CV_RMS_pct,2,965,965,0,ok,10.038863872307529,40.74408262907969,11.25974257062048
LCL households,full,1215,965,RIDGE-L,Ridge (per unit),cumulative_energy_CV_RMS_pct,3,965,965,0,ok,8.85435261634004,39.254698991949994,9.902468401308806
LCL households,full,1215,965,RIDGE-L,Ridge (per unit),cumulative_energy_CV_RMS_pct,4,965,965,0,ok,8.361676172836708,38.486536684961855,9.323328382019747
LCL households,full,1215,965,RIDGE-L,Ridge (per unit),cumulative_energy_CV_RMS_pct,5,965,965,0,ok,8.195178107426182,38.07064163108357,8.938893764683906
LCL households,full,1215,965,RIDGE-L,Ridge (per unit),cumulative_energy_CV_RMS_pct,6,965,965,0,ok,8.229004542785853,37.813775576209714,8.760045449074367
LCL households,full,1215,965,RIDGE-L,Ridge (per unit),cumulative_energy_CV_RMS_pct,7,965,965,0,ok,8.042309069878343,38.28202423079203,8.870626510335766
LCL households,full,1215,965,RIDGE-L,Ridge (per unit),cumulative_energy_CV_RMS_pct,8,965,965,0,ok,7.85986547976716,38.65618180653813,8.510320584026715
LCL households,full,1215,965,RIDGE-L,Ridge (per unit),cumulative_energy_CV_RMS_pct,9,965,965,0,ok,7.696946983289122,38.55157488793885,8.389722308418158
LCL households,full,1215,965,RIDGE-L,Ridge (per unit),cumulative_energy_CV_RMS_pct,10,965,965,0,ok,7.909530290656086,38.70388374633561,8.525090624828405
LCL households,full,1215,965,RIDGE-L,Ridge (per unit),cumulative_energy_CV_RMS_pct,11,965,965,0,ok,7.90514316707393,38.898162631548466,8.494583248227737
LCL households,full,1215,965,RIDGE-L,Ridge (per unit),cumulative_energy_CV_RMS_pct,12,965,965,0,ok,7.676599884758841,38.69838192507928,8.626511030091866
LCL households,full,1215,965,RIDGE-L,Ridge (per unit),cumulative_energy_CV_RMS_pct,13,965,965,0,ok,7.8224101626797005,38.79120429141914,8.620049186319287
LCL households,full,1215,965,RIDGE-L,Ridge (per unit),cumulative_energy_CV_RMS_pct,14,965,965,0,ok,7.81005544474458,38.94656230641883,8.428668514561158
LCL households,full,1215,965,RIDGE-L,Ridge (per unit),cumulative_energy_CV_RMS_pct,15,965,965,0,ok,7.99234637132008,39.422934271172856,8.827171010726875
LCL households,full,1215,965,RIDGE-L,Ridge (per unit),cumulative_energy_CV_RMS_pct,16,965,965,0,ok,7.899034192028989,39.48360870735746,8.985953408700574
LCL households,full,1215,965,RIDGE-L,Ridge (per unit),cumulative_energy_CV_RMS_pct,17,965,965,0,ok,8.08460296606879,39.58759215875337,8.833527108822215
LCL households,full,1215,965,RIDGE-L,Ridge (per unit),cumulative_energy_CV_RMS_pct,18,965,965,0,ok,7.837393803391701,39.8236000643054,8.774459704197055
LCL households,full,1215,965,RIDGE-L,Ridge (per unit),cumulative_energy_CV_RMS_pct,19,965,965,0,ok,7.878316505157432,39.829116981078776,8.73284402344545
LCL households,full,1215,965,RIDGE-L,Ridge (per unit),cumulative_energy_CV_RMS_pct,20,965,965,0,ok,7.677275122753301,39.945685103967634,9.047147545040131
LCL households,full,1215,965,RIDGE-L,Ridge (per unit),cumulative_energy_CV_RMS_pct,21,965,965,0,ok,7.924567248923594,40.25640994416229,8.835552586117146
LCL households,full,1215,965,RIDGE-L,Ridge (per unit),cumulative_energy_CV_RMS_pct,22,965,965,0,ok,7.874837956766309,40.544858268803246,8.847960452935828
LCL households,full,1215,965,RIDGE-L,Ridge (per unit),cumulative_energy_CV_RMS_pct,23,965,965,0,ok,7.773381158753033,40.58202186750097,8.911125535412953
LCL households,full,1215,965,RIDGE-L,Ridge (per unit),cumulative_energy_CV_RMS_pct,24,965,965,0,ok,7.819531983278782,40.76751977642301,9.143664113910434
LCL households,full,1215,965,RIDGE-L,Ridge (per unit),cumulative_energy_CV_RMS_pct,25,965,965,0,ok,8.200938678176135,42.438419685068745,9.224756152511928
LCL households,full,1215,965,RIDGE-L,Ridge (per unit),cumulative_energy_CV_RMS_pct,26,965,965,0,ok,8.225146259104362,43.83938350064692,9.307536354816476
LCL households,full,1215,965,RIDGE-L,Ridge (per unit),cumulative_energy_CV_RMS_pct,27,965,965,0,ok,8.52410802919409,43.89158189545137,9.485253610566929
LCL households,full,1215,965,RIDGE-L,Ridge (per unit),cumulative_energy_CV_RMS_pct,28,965,965,0,ok,8.474308834146067,44.030044693775444,9.246665745416173
LCL households,full,1215,965,RIDGE-L,Ridge (per unit),cumulative_energy_CV_RMS_pct,29,965,965,0,ok,8.418718637056038,44.122030539689035,9.442247652748971
LCL households,full,1215,965,RIDGE-L,Ridge (per unit),cumulative_energy_CV_RMS_pct,30,965,965,0,ok,8.503830575495181,44.16635433583568,9.434618911024877
LCL households,full,1215,965,RIDGE-L,Ridge (per unit),cumulative_energy_CV_RMS_pct,31,965,965,0,ok,8.618012338235316,44.27765598890984,9.535954852020621
LCL households,full,1215,965,TimesFM,TimesFM,hourly_CV_RMSE_pct,1,965,965,0,ok,52.6053600291742,81.2180652376811,54.05732999911375
LCL households,full,1215,965,TimesFM,TimesFM,hourly_CV_RMSE_pct,2,965,965,0,ok,50.159671622857715,64.46761539744882,51.53808725836618
LCL households,full,1215,965,TimesFM,TimesFM,hourly_CV_RMSE_pct,3,965,965,0,ok,51.023496487158255,66.18880118481225,51.54441396247783
LCL households,full,1215,965,TimesFM,TimesFM,hourly_CV_RMSE_pct,4,965,965,0,ok,50.7329562901344,62.4975182403831,51.82556986872809
LCL households,full,1215,965,TimesFM,TimesFM,hourly_CV_RMSE_pct,5,965,965,0,ok,55.34515514493857,69.24857219205508,55.959852394248074
LCL households,full,1215,965,TimesFM,TimesFM,hourly_CV_RMSE_pct,6,965,965,0,ok,54.86370098189963,69.84903764172573,56.32086135303555
LCL households,full,1215,965,TimesFM,TimesFM,hourly_CV_RMSE_pct,7,965,965,0,ok,52.969349268582135,65.9207643729653,53.311331502705734
LCL households,full,1215,965,TimesFM,TimesFM,hourly_CV_RMSE_pct,8,965,965,0,ok,54.59421075085177,67.47495174638696,56.354333581866
LCL households,full,1215,965,TimesFM,TimesFM,hourly_CV_RMSE_pct,9,965,965,0,ok,55.37583043206568,68.35505785950662,56.48931289962091
LCL households,full,1215,965,TimesFM,TimesFM,hourly_CV_RMSE_pct,10,965,965,0,ok,55.83314881434877,68.1766238010607,56.900114020328864
LCL households,full,1215,965,TimesFM,TimesFM,hourly_CV_RMSE_pct,11,965,965,0,ok,57.458036607421896,72.15098966543897,57.90095233908868
LCL households,full,1215,965,TimesFM,TimesFM,hourly_CV_RMSE_pct,12,965,965,0,ok,58.649737331982344,72.0131916526894,58.39013426496491
LCL households,full,1215,965,TimesFM,TimesFM,hourly_CV_RMSE_pct,13,965,965,0,ok,59.52509043652543,73.9976408223032,60.72827476979337
LCL households,full,1215,965,TimesFM,TimesFM,hourly_CV_RMSE_pct,14,965,965,0,ok,59.384606883497185,87.66371588480075,60.68655253411675
LCL households,full,1215,965,TimesFM,TimesFM,hourly_CV_RMSE_pct,15,965,965,0,ok,60.37515580711406,73.71699248907166,59.97918787226003
LCL households,full,1215,965,TimesFM,TimesFM,hourly_CV_RMSE_pct,16,965,965,0,ok,58.015914664893806,73.34907824152916,59.55276506882962
LCL households,full,1215,965,TimesFM,TimesFM,hourly_CV_RMSE_pct,17,965,965,0,ok,59.460910946522645,84.94212996355282,58.973574387759534
LCL households,full,1215,965,TimesFM,TimesFM,hourly_CV_RMSE_pct,18,965,965,0,ok,60.424985540234054,75.29411128103541,59.63365656196305
LCL households,full,1215,965,TimesFM,TimesFM,hourly_CV_RMSE_pct,19,965,965,0,ok,59.8846231248651,74.01162704350583,58.76354109116449
LCL households,full,1215,965,TimesFM,TimesFM,hourly_CV_RMSE_pct,20,965,965,0,ok,59.36317428391039,73.4583118306155,57.34219609697539
LCL households,full,1215,965,TimesFM,TimesFM,hourly_CV_RMSE_pct,21,965,965,0,ok,59.6697094325905,73.42944382718458,60.268616408463686
LCL households,full,1215,965,TimesFM,TimesFM,hourly_CV_RMSE_pct,22,965,965,0,ok,59.4906596263912,73.48224364901245,60.09368888265272
LCL households,full,1215,965,TimesFM,TimesFM,hourly_CV_RMSE_pct,23,965,965,0,ok,60.5447384630191,73.60002614642823,60.45687637778106
LCL households,full,1215,965,TimesFM,TimesFM,hourly_CV_RMSE_pct,24,965,965,0,ok,60.04852488729072,74.08871763638905,61.005927729147814
LCL households,full,1215,965,TimesFM,TimesFM,hourly_CV_RMSE_pct,25,965,965,0,ok,62.949552409756954,78.14002947922985,63.72705632002578
LCL households,full,1215,965,TimesFM,TimesFM,hourly_CV_RMSE_pct,26,965,965,0,ok,61.56716221421547,76.44229694816222,62.29281838936821
LCL households,full,1215,965,TimesFM,TimesFM,hourly_CV_RMSE_pct,27,965,965,0,ok,61.54140725007763,76.22427784861907,61.220252658654665
LCL households,full,1215,965,TimesFM,TimesFM,hourly_CV_RMSE_pct,28,965,965,0,ok,60.77081692677294,74.93519819033253,60.757372613763344
LCL households,full,1215,965,TimesFM,TimesFM,hourly_CV_RMSE_pct,29,965,965,0,ok,61.309828869855096,78.18075896838302,62.10461292909952
LCL households,full,1215,965,TimesFM,TimesFM,hourly_CV_RMSE_pct,30,965,965,0,ok,63.36585824275802,79.95217149200147,64.48304827938009
LCL households,full,1215,965,TimesFM,TimesFM,hourly_CV_RMSE_pct,31,965,965,0,ok,62.922226934437205,78.99242262234335,62.92560979772239
LCL households,full,1215,965,TimesFM,TimesFM,daily_energy_CV_RMS_pct,1,965,965,0,ok,12.535147353954942,26.71573365427829,15.270917676618637
LCL households,full,1215,965,TimesFM,TimesFM,daily_energy_CV_RMS_pct,2,965,965,0,ok,12.192815643455296,20.9487743421908,14.432797421638064
LCL households,full,1215,965,TimesFM,TimesFM,daily_energy_CV_RMS_pct,3,965,965,0,ok,12.470064605154743,22.44282411743652,14.903175433381513
LCL households,full,1215,965,TimesFM,TimesFM,daily_energy_CV_RMS_pct,4,965,965,0,ok,12.859935769709999,22.836179478591017,15.386982614059903
LCL households,full,1215,965,TimesFM,TimesFM,daily_energy_CV_RMS_pct,5,965,965,0,ok,15.080841105843676,26.30847486510494,17.568169319112933
LCL households,full,1215,965,TimesFM,TimesFM,daily_energy_CV_RMS_pct,6,965,965,0,ok,14.579245334470178,26.32403944447809,17.602566205950247
LCL households,full,1215,965,TimesFM,TimesFM,daily_energy_CV_RMS_pct,7,965,965,0,ok,13.612966104543668,24.127369131731143,15.636135620570082
LCL households,full,1215,965,TimesFM,TimesFM,daily_energy_CV_RMS_pct,8,965,965,0,ok,14.569671629268106,25.101754910669992,17.0072703153132
LCL households,full,1215,965,TimesFM,TimesFM,daily_energy_CV_RMS_pct,9,965,965,0,ok,14.955335780243882,26.13635568538039,16.79283279487986
LCL households,full,1215,965,TimesFM,TimesFM,daily_energy_CV_RMS_pct,10,965,965,0,ok,14.914057908763988,25.885054859782098,17.48659745658787
LCL households,full,1215,965,TimesFM,TimesFM,daily_energy_CV_RMS_pct,11,965,965,0,ok,15.722932785585463,28.170120545268915,18.532225797742818
LCL households,full,1215,965,TimesFM,TimesFM,daily_energy_CV_RMS_pct,12,965,965,0,ok,15.394468648959027,27.763495375271763,18.895386030056134
LCL households,full,1215,965,TimesFM,TimesFM,daily_energy_CV_RMS_pct,13,965,965,0,ok,16.465451841853568,28.872023805645718,18.913065462628513
LCL households,full,1215,965,TimesFM,TimesFM,daily_energy_CV_RMS_pct,14,965,965,0,ok,16.720119728157606,32.57525149537983,19.123629420127646
LCL households,full,1215,965,TimesFM,TimesFM,daily_energy_CV_RMS_pct,15,965,965,0,ok,16.28745245678593,29.33776817787232,20.140568210631248
LCL households,full,1215,965,TimesFM,TimesFM,daily_energy_CV_RMS_pct,16,965,965,0,ok,16.598640759440144,28.658393790985592,19.17393500802206
LCL households,full,1215,965,TimesFM,TimesFM,daily_energy_CV_RMS_pct,17,965,965,0,ok,15.77473548443605,30.79435027139369,18.873086891048025
LCL households,full,1215,965,TimesFM,TimesFM,daily_energy_CV_RMS_pct,18,965,965,0,ok,17.128073509198828,29.907329266591514,20.069505483247138
LCL households,full,1215,965,TimesFM,TimesFM,daily_energy_CV_RMS_pct,19,965,965,0,ok,16.87099255314197,29.587595963649733,19.904091286751484
LCL households,full,1215,965,TimesFM,TimesFM,daily_energy_CV_RMS_pct,20,965,965,0,ok,16.52794961639085,29.998284577624613,20.15129443537922
LCL households,full,1215,965,TimesFM,TimesFM,daily_energy_CV_RMS_pct,21,965,965,0,ok,17.233252721438767,29.882575708818244,20.04686420367455
LCL households,full,1215,965,TimesFM,TimesFM,daily_energy_CV_RMS_pct,22,965,965,0,ok,16.637536816495757,29.95804944408348,18.29136103247771
LCL households,full,1215,965,TimesFM,TimesFM,daily_energy_CV_RMS_pct,23,965,965,0,ok,16.347743326338843,29.30530875807563,19.457477692584007
LCL households,full,1215,965,TimesFM,TimesFM,daily_energy_CV_RMS_pct,24,965,965,0,ok,18.405018267937734,31.368742851308415,20.461768495295736
LCL households,full,1215,965,TimesFM,TimesFM,daily_energy_CV_RMS_pct,25,965,965,0,ok,19.422025308760748,33.69263330839309,22.787138107563752
LCL households,full,1215,965,TimesFM,TimesFM,daily_energy_CV_RMS_pct,26,965,965,0,ok,19.174703259483593,33.111730845436874,22.99266505240708
LCL households,full,1215,965,TimesFM,TimesFM,daily_energy_CV_RMS_pct,27,965,965,0,ok,18.42469787416983,31.890502186837885,21.505564591288042
LCL households,full,1215,965,TimesFM,TimesFM,daily_energy_CV_RMS_pct,28,965,965,0,ok,17.13138274226186,30.67876362804377,20.288059370345362
LCL households,full,1215,965,TimesFM,TimesFM,daily_energy_CV_RMS_pct,29,965,965,0,ok,17.95594775783965,33.1497863889907,21.895574838384317
LCL households,full,1215,965,TimesFM,TimesFM,daily_energy_CV_RMS_pct,30,965,965,0,ok,18.48236291780803,33.31000667711171,22.262357898395987
LCL households,full,1215,965,TimesFM,TimesFM,daily_energy_CV_RMS_pct,31,965,965,0,ok,19.156410226084862,33.636912197981324,21.51561260139528
LCL households,full,1215,965,TimesFM,TimesFM,cumulative_energy_CV_RMS_pct,1,965,965,0,ok,12.535147353954942,26.71573365427829,15.270917676618637
LCL households,full,1215,965,TimesFM,TimesFM,cumulative_energy_CV_RMS_pct,2,965,965,0,ok,11.856541587098732,21.618891913196443,14.143412325654166
LCL households,full,1215,965,TimesFM,TimesFM,cumulative_energy_CV_RMS_pct,3,965,965,0,ok,11.976069653097895,20.38933435984293,14.212498000721975
LCL households,full,1215,965,TimesFM,TimesFM,cumulative_energy_CV_RMS_pct,4,965,965,0,ok,11.895018127841794,19.299816887926124,14.293394718633811
LCL households,full,1215,965,TimesFM,TimesFM,cumulative_energy_CV_RMS_pct,5,965,965,0,ok,12.200661318755417,19.265416554347844,14.426545256322868
LCL households,full,1215,965,TimesFM,TimesFM,cumulative_energy_CV_RMS_pct,6,965,965,0,ok,12.596789084538038,19.49590425069384,15.086692269835137
LCL households,full,1215,965,TimesFM,TimesFM,cumulative_energy_CV_RMS_pct,7,965,965,0,ok,12.538813226139395,19.236945081929385,14.649833415001233
LCL households,full,1215,965,TimesFM,TimesFM,cumulative_energy_CV_RMS_pct,8,965,965,0,ok,12.409922022995282,19.18584845391582,15.156087846052566
LCL households,full,1215,965,TimesFM,TimesFM,cumulative_energy_CV_RMS_pct,9,965,965,0,ok,12.447641260173102,19.266624940952685,15.003343080289048
LCL households,full,1215,965,TimesFM,TimesFM,cumulative_energy_CV_RMS_pct,10,965,965,0,ok,12.517089727738766,19.281476871841473,14.89441437324131
LCL households,full,1215,965,TimesFM,TimesFM,cumulative_energy_CV_RMS_pct,11,965,965,0,ok,12.763527740969105,19.50805608882635,15.03377306486158
LCL households,full,1215,965,TimesFM,TimesFM,cumulative_energy_CV_RMS_pct,12,965,965,0,ok,12.81528324329946,19.562408360570867,15.341817082266427
LCL households,full,1215,965,TimesFM,TimesFM,cumulative_energy_CV_RMS_pct,13,965,965,0,ok,12.842130207418178,19.76439075342227,15.346227953822684
LCL households,full,1215,965,TimesFM,TimesFM,cumulative_energy_CV_RMS_pct,14,965,965,0,ok,13.285313114063616,20.177317811756787,15.417998081843558
LCL households,full,1215,965,TimesFM,TimesFM,cumulative_energy_CV_RMS_pct,15,965,965,0,ok,13.369201395554974,20.37880188353741,15.726973295056224
LCL households,full,1215,965,TimesFM,TimesFM,cumulative_energy_CV_RMS_pct,16,965,965,0,ok,13.30939171940473,20.415509454090007,16.110965862874117
LCL households,full,1215,965,TimesFM,TimesFM,cumulative_energy_CV_RMS_pct,17,965,965,0,ok,13.600357277973444,20.647655670373986,16.013320174965948
LCL households,full,1215,965,TimesFM,TimesFM,cumulative_energy_CV_RMS_pct,18,965,965,0,ok,13.670811539569142,20.76588834097301,16.047620438176335
LCL households,full,1215,965,TimesFM,TimesFM,cumulative_energy_CV_RMS_pct,19,965,965,0,ok,13.702279544819865,20.808758769317254,15.92538729259416
LCL households,full,1215,965,TimesFM,TimesFM,cumulative_energy_CV_RMS_pct,20,965,965,0,ok,13.804887093592887,20.89835047365143,16.206186291588676
LCL households,full,1215,965,TimesFM,TimesFM,cumulative_energy_CV_RMS_pct,21,965,965,0,ok,13.954336616660589,20.972023978344435,16.299617362429178
LCL households,full,1215,965,TimesFM,TimesFM,cumulative_energy_CV_RMS_pct,22,965,965,0,ok,13.908372303344649,21.039423172839957,16.365394120012333
LCL households,full,1215,965,TimesFM,TimesFM,cumulative_energy_CV_RMS_pct,23,965,965,0,ok,14.08564895317643,21.0737565004496,16.499881901690493
LCL households,full,1215,965,TimesFM,TimesFM,cumulative_energy_CV_RMS_pct,24,965,965,0,ok,14.12431080018516,21.149740507056944,16.726649045320976
LCL households,full,1215,965,TimesFM,TimesFM,cumulative_energy_CV_RMS_pct,25,965,965,0,ok,14.338860676405826,21.282118112536782,16.619202063727183
LCL households,full,1215,965,TimesFM,TimesFM,cumulative_energy_CV_RMS_pct,26,965,965,0,ok,14.414553321714134,21.387453809718174,16.850542131809114
LCL households,full,1215,965,TimesFM,TimesFM,cumulative_energy_CV_RMS_pct,27,965,965,0,ok,14.420877745017084,21.436584793402915,16.610277385305142
LCL households,full,1215,965,TimesFM,TimesFM,cumulative_energy_CV_RMS_pct,28,965,965,0,ok,14.339232973661806,21.422233626558615,16.6783385114736
LCL households,full,1215,965,TimesFM,TimesFM,cumulative_energy_CV_RMS_pct,29,965,965,0,ok,14.408306542149923,21.52032470279132,16.674209999180263
LCL households,full,1215,965,TimesFM,TimesFM,cumulative_energy_CV_RMS_pct,30,965,965,0,ok,14.43161189243547,21.598803356463833,16.875027045535838
LCL households,full,1215,965,TimesFM,TimesFM,cumulative_energy_CV_RMS_pct,31,965,965,0,ok,14.538593035890957,21.704310926367175,16.88122025241034
LCL households,full,1215,965,ANKYRA-1x-matched,ANKYRA 1.x (matched input),hourly_CV_RMSE_pct,1,965,965,0,ok,55.59940037825202,87.89774131481589,55.73521282523501
LCL households,full,1215,965,ANKYRA-1x-matched,ANKYRA 1.x (matched input),hourly_CV_RMSE_pct,2,965,965,0,ok,52.479750577437294,72.03364028271433,52.656102625872045
LCL households,full,1215,965,ANKYRA-1x-matched,ANKYRA 1.x (matched input),hourly_CV_RMSE_pct,3,965,965,1,geometric mean undefined,,72.3848961295099,52.521571255124705
LCL households,full,1215,965,ANKYRA-1x-matched,ANKYRA 1.x (matched input),hourly_CV_RMSE_pct,4,965,965,1,geometric mean undefined,,69.19319650291116,52.872809722486934
LCL households,full,1215,965,ANKYRA-1x-matched,ANKYRA 1.x (matched input),hourly_CV_RMSE_pct,5,965,965,0,ok,56.64819402576016,75.49633586043339,56.16098099971256
LCL households,full,1215,965,ANKYRA-1x-matched,ANKYRA 1.x (matched input),hourly_CV_RMSE_pct,6,965,965,0,ok,56.15593035415699,75.87973985928578,56.42561849677529
LCL households,full,1215,965,ANKYRA-1x-matched,ANKYRA 1.x (matched input),hourly_CV_RMSE_pct,7,965,965,0,ok,54.79319398098809,73.3161243507128,53.77798855282033
LCL households,full,1215,965,ANKYRA-1x-matched,ANKYRA 1.x (matched input),hourly_CV_RMSE_pct,8,965,965,0,ok,56.65058626034896,73.01907306428711,57.02797437180122
LCL households,full,1215,965,ANKYRA-1x-matched,ANKYRA 1.x (matched input),hourly_CV_RMSE_pct,9,965,965,0,ok,57.09916632332488,73.00080119878608,56.92101992148896
LCL households,full,1215,965,ANKYRA-1x-matched,ANKYRA 1.x (matched input),hourly_CV_RMSE_pct,10,965,965,1,geometric mean undefined,,72.03404264546548,57.31443972186861
LCL households,full,1215,965,ANKYRA-1x-matched,ANKYRA 1.x (matched input),hourly_CV_RMSE_pct,11,965,965,1,geometric mean undefined,,75.70564681328985,58.8288150608673
LCL households,full,1215,965,ANKYRA-1x-matched,ANKYRA 1.x (matched input),hourly_CV_RMSE_pct,12,965,965,0,ok,60.24938536692557,75.70341414872978,58.68720805213516
LCL households,full,1215,965,ANKYRA-1x-matched,ANKYRA 1.x (matched input),hourly_CV_RMSE_pct,13,965,965,0,ok,60.69131881192576,77.35898205238003,60.75065795055337
LCL households,full,1215,965,ANKYRA-1x-matched,ANKYRA 1.x (matched input),hourly_CV_RMSE_pct,14,965,965,0,ok,60.60573859111352,87.61533656864853,59.59021928720415
LCL households,full,1215,965,ANKYRA-1x-matched,ANKYRA 1.x (matched input),hourly_CV_RMSE_pct,15,965,965,0,ok,61.60122823087458,77.31212978060762,60.155416161126745
LCL households,full,1215,965,ANKYRA-1x-matched,ANKYRA 1.x (matched input),hourly_CV_RMSE_pct,16,965,965,0,ok,59.84565987110856,76.34507417318136,58.8860766103827
LCL households,full,1215,965,ANKYRA-1x-matched,ANKYRA 1.x (matched input),hourly_CV_RMSE_pct,17,965,965,0,ok,60.98534055038889,87.49630302336891,58.818469298307434
LCL households,full,1215,965,ANKYRA-1x-matched,ANKYRA 1.x (matched input),hourly_CV_RMSE_pct,18,965,965,1,geometric mean undefined,,77.90520023610513,59.93751651082619
LCL households,full,1215,965,ANKYRA-1x-matched,ANKYRA 1.x (matched input),hourly_CV_RMSE_pct,19,965,965,0,ok,61.05947601786826,76.58582199746743,58.47580403066341
LCL households,full,1215,965,ANKYRA-1x-matched,ANKYRA 1.x (matched input),hourly_CV_RMSE_pct,20,965,965,0,ok,60.59806495493995,75.9735665103102,57.961834020346124
LCL households,full,1215,965,ANKYRA-1x-matched,ANKYRA 1.x (matched input),hourly_CV_RMSE_pct,21,965,965,0,ok,61.56846962908705,76.62301885091273,60.66925778822896
LCL households,full,1215,965,ANKYRA-1x-matched,ANKYRA 1.x (matched input),hourly_CV_RMSE_pct,22,965,965,0,ok,61.19669707092428,81.33505468126455,60.01386100315218
LCL households,full,1215,965,ANKYRA-1x-matched,ANKYRA 1.x (matched input),hourly_CV_RMSE_pct,23,965,965,0,ok,61.69751693742617,81.86748980051642,60.273249197566415
LCL households,full,1215,965,ANKYRA-1x-matched,ANKYRA 1.x (matched input),hourly_CV_RMSE_pct,24,965,965,0,ok,61.59362941089839,80.83616786570747,60.4439760847985
LCL households,full,1215,965,ANKYRA-1x-matched,ANKYRA 1.x (matched input),hourly_CV_RMSE_pct,25,965,965,1,geometric mean undefined,,85.09863067681968,63.44365550529627
LCL households,full,1215,965,ANKYRA-1x-matched,ANKYRA 1.x (matched input),hourly_CV_RMSE_pct,26,965,965,0,ok,62.74341294604131,83.35803474332585,62.63052235236082
LCL households,full,1215,965,ANKYRA-1x-matched,ANKYRA 1.x (matched input),hourly_CV_RMSE_pct,27,965,965,0,ok,62.7511878431197,83.20963890181807,60.81068236485505
LCL households,full,1215,965,ANKYRA-1x-matched,ANKYRA 1.x (matched input),hourly_CV_RMSE_pct,28,965,965,0,ok,62.436788160998745,83.06941503103043,61.75658577398354
LCL households,full,1215,965,ANKYRA-1x-matched,ANKYRA 1.x (matched input),hourly_CV_RMSE_pct,29,965,965,0,ok,63.03983293829318,86.94506552213855,62.535988417709405
LCL households,full,1215,965,ANKYRA-1x-matched,ANKYRA 1.x (matched input),hourly_CV_RMSE_pct,30,965,965,0,ok,64.61346153992052,89.83156157793668,64.72611752513052
LCL households,full,1215,965,ANKYRA-1x-matched,ANKYRA 1.x (matched input),hourly_CV_RMSE_pct,31,965,965,0,ok,64.89041073077544,86.2043900922641,62.97255112683574
LCL households,full,1215,965,ANKYRA-1x-matched,ANKYRA 1.x (matched input),daily_energy_CV_RMS_pct,1,965,965,0,ok,12.65917953341348,31.100292348565798,14.140024402965324
LCL households,full,1215,965,ANKYRA-1x-matched,ANKYRA 1.x (matched input),daily_energy_CV_RMS_pct,2,965,965,0,ok,11.820236476139138,26.862692063166666,13.51860627724419
LCL households,full,1215,965,ANKYRA-1x-matched,ANKYRA 1.x (matched input),daily_energy_CV_RMS_pct,3,965,965,1,geometric mean undefined,,26.88532550709082,14.029688864260487
LCL households,full,1215,965,ANKYRA-1x-matched,ANKYRA 1.x (matched input),daily_energy_CV_RMS_pct,4,965,965,1,geometric mean undefined,,28.03359948527664,14.390162069742065
LCL households,full,1215,965,ANKYRA-1x-matched,ANKYRA 1.x (matched input),daily_energy_CV_RMS_pct,5,965,965,0,ok,13.263517688845425,30.03636734245116,15.53527716271487
LCL households,full,1215,965,ANKYRA-1x-matched,ANKYRA 1.x (matched input),daily_energy_CV_RMS_pct,6,965,965,0,ok,13.03441605667204,29.90326345353127,14.63226179155961
LCL households,full,1215,965,ANKYRA-1x-matched,ANKYRA 1.x (matched input),daily_energy_CV_RMS_pct,7,965,965,0,ok,12.65892608350397,29.558724236475637,14.768947275644061
LCL households,full,1215,965,ANKYRA-1x-matched,ANKYRA 1.x (matched input),daily_energy_CV_RMS_pct,8,965,965,0,ok,13.543481133356728,28.578453557641705,15.572383011118648
LCL households,full,1215,965,ANKYRA-1x-matched,ANKYRA 1.x (matched input),daily_energy_CV_RMS_pct,9,965,965,0,ok,13.485172811897533,28.631708867033883,15.45952480555567
LCL households,full,1215,965,ANKYRA-1x-matched,ANKYRA 1.x (matched input),daily_energy_CV_RMS_pct,10,965,965,1,geometric mean undefined,,27.464721417972097,15.2702201048056
LCL households,full,1215,965,ANKYRA-1x-matched,ANKYRA 1.x (matched input),daily_energy_CV_RMS_pct,11,965,965,1,geometric mean undefined,,29.22991500832267,16.11897631085691
LCL households,full,1215,965,ANKYRA-1x-matched,ANKYRA 1.x (matched input),daily_energy_CV_RMS_pct,12,965,965,0,ok,13.567514562196868,28.664774148161747,15.885852659871217
LCL households,full,1215,965,ANKYRA-1x-matched,ANKYRA 1.x (matched input),daily_energy_CV_RMS_pct,13,965,965,0,ok,14.655393629826394,29.433979435379023,15.778373150770161
LCL households,full,1215,965,ANKYRA-1x-matched,ANKYRA 1.x (matched input),daily_energy_CV_RMS_pct,14,965,965,0,ok,15.051674881538734,27.43506201807264,17.524527130214477
LCL households,full,1215,965,ANKYRA-1x-matched,ANKYRA 1.x (matched input),daily_energy_CV_RMS_pct,15,965,965,0,ok,14.718968167587214,30.075717047466988,16.962256687386407
LCL households,full,1215,965,ANKYRA-1x-matched,ANKYRA 1.x (matched input),daily_energy_CV_RMS_pct,16,965,965,0,ok,14.66773956131191,29.162952706072005,16.606461418513746
LCL households,full,1215,965,ANKYRA-1x-matched,ANKYRA 1.x (matched input),daily_energy_CV_RMS_pct,17,965,965,0,ok,14.586589361369034,31.021210970168738,16.458465343972886
LCL households,full,1215,965,ANKYRA-1x-matched,ANKYRA 1.x (matched input),daily_energy_CV_RMS_pct,18,965,965,1,geometric mean undefined,,29.904930746397316,17.509543697766293
LCL households,full,1215,965,ANKYRA-1x-matched,ANKYRA 1.x (matched input),daily_energy_CV_RMS_pct,19,965,965,0,ok,14.787218526172184,29.274503530940613,17.037335874310784
LCL households,full,1215,965,ANKYRA-1x-matched,ANKYRA 1.x (matched input),daily_energy_CV_RMS_pct,20,965,965,0,ok,15.184095995248367,30.19151074687436,17.413119338484613
LCL households,full,1215,965,ANKYRA-1x-matched,ANKYRA 1.x (matched input),daily_energy_CV_RMS_pct,21,965,965,0,ok,15.356599953173026,30.42700793536205,17.961559587377824
LCL households,full,1215,965,ANKYRA-1x-matched,ANKYRA 1.x (matched input),daily_energy_CV_RMS_pct,22,965,965,0,ok,15.267937879215863,35.44225355448537,17.598947212990797
LCL households,full,1215,965,ANKYRA-1x-matched,ANKYRA 1.x (matched input),daily_energy_CV_RMS_pct,23,965,965,0,ok,14.817897257655142,35.36314208921228,17.41864825543191
LCL households,full,1215,965,ANKYRA-1x-matched,ANKYRA 1.x (matched input),daily_energy_CV_RMS_pct,24,965,965,0,ok,16.63061220155096,35.746296699923576,18.88697814054175
LCL households,full,1215,965,ANKYRA-1x-matched,ANKYRA 1.x (matched input),daily_energy_CV_RMS_pct,25,965,965,1,geometric mean undefined,,37.87781230980515,20.10336199941294
LCL households,full,1215,965,ANKYRA-1x-matched,ANKYRA 1.x (matched input),daily_energy_CV_RMS_pct,26,965,965,0,ok,16.7808866772908,36.95763038268282,19.867205047684195
LCL households,full,1215,965,ANKYRA-1x-matched,ANKYRA 1.x (matched input),daily_energy_CV_RMS_pct,27,965,965,0,ok,16.00127853864212,36.08218910765389,18.436291237277104
LCL households,full,1215,965,ANKYRA-1x-matched,ANKYRA 1.x (matched input),daily_energy_CV_RMS_pct,28,965,965,0,ok,15.735208910311986,36.33180752914799,17.29006729257605
LCL households,full,1215,965,ANKYRA-1x-matched,ANKYRA 1.x (matched input),daily_energy_CV_RMS_pct,29,965,965,0,ok,17.01748843867484,39.32004238395473,18.589370329008357
LCL households,full,1215,965,ANKYRA-1x-matched,ANKYRA 1.x (matched input),daily_energy_CV_RMS_pct,30,965,965,0,ok,16.848737785017967,40.40758598564288,18.51028757138727
LCL households,full,1215,965,ANKYRA-1x-matched,ANKYRA 1.x (matched input),daily_energy_CV_RMS_pct,31,965,965,0,ok,17.232539238369686,38.44281312558741,19.621758815328896
LCL households,full,1215,965,ANKYRA-1x-matched,ANKYRA 1.x (matched input),cumulative_energy_CV_RMS_pct,1,965,965,0,ok,12.65917953341348,31.100292348565798,14.140024402965324
LCL households,full,1215,965,ANKYRA-1x-matched,ANKYRA 1.x (matched input),cumulative_energy_CV_RMS_pct,2,965,965,0,ok,10.41284184393939,25.60773960263644,12.113027065321315
LCL households,full,1215,965,ANKYRA-1x-matched,ANKYRA 1.x (matched input),cumulative_energy_CV_RMS_pct,3,965,965,0,ok,9.909480121584286,23.812517414514055,10.889917730113625
LCL households,full,1215,965,ANKYRA-1x-matched,ANKYRA 1.x (matched input),cumulative_energy_CV_RMS_pct,4,965,965,0,ok,9.131779648234886,22.5446749515014,10.499656254602922
LCL households,full,1215,965,ANKYRA-1x-matched,ANKYRA 1.x (matched input),cumulative_energy_CV_RMS_pct,5,965,965,0,ok,9.10965142943636,22.37072973228797,10.43945587681549
LCL households,full,1215,965,ANKYRA-1x-matched,ANKYRA 1.x (matched input),cumulative_energy_CV_RMS_pct,6,965,965,0,ok,8.689646942615452,22.001414437044858,10.097275335193787
LCL households,full,1215,965,ANKYRA-1x-matched,ANKYRA 1.x (matched input),cumulative_energy_CV_RMS_pct,7,965,965,0,ok,8.349020115342508,21.51870849832417,9.609018221322062
LCL households,full,1215,965,ANKYRA-1x-matched,ANKYRA 1.x (matched input),cumulative_energy_CV_RMS_pct,8,965,965,0,ok,8.306189231878731,21.13235090028981,9.605910347904091
LCL households,full,1215,965,ANKYRA-1x-matched,ANKYRA 1.x (matched input),cumulative_energy_CV_RMS_pct,9,965,965,0,ok,8.03855866538724,20.84138037872697,9.18411283756452
LCL households,full,1215,965,ANKYRA-1x-matched,ANKYRA 1.x (matched input),cumulative_energy_CV_RMS_pct,10,965,965,0,ok,8.199553286388701,20.535694266541306,9.039000972638105
LCL households,full,1215,965,ANKYRA-1x-matched,ANKYRA 1.x (matched input),cumulative_energy_CV_RMS_pct,11,965,965,0,ok,8.203184843125634,20.348482839198937,9.424853678712845
LCL households,full,1215,965,ANKYRA-1x-matched,ANKYRA 1.x (matched input),cumulative_energy_CV_RMS_pct,12,965,965,0,ok,8.343290388359664,20.066710177569565,8.991803699524011
LCL households,full,1215,965,ANKYRA-1x-matched,ANKYRA 1.x (matched input),cumulative_energy_CV_RMS_pct,13,965,965,0,ok,8.251802721407714,19.934876850203796,9.063056089140293
LCL households,full,1215,965,ANKYRA-1x-matched,ANKYRA 1.x (matched input),cumulative_energy_CV_RMS_pct,14,965,965,0,ok,8.268193952338143,19.635806019198238,8.924635401075799
LCL households,full,1215,965,ANKYRA-1x-matched,ANKYRA 1.x (matched input),cumulative_energy_CV_RMS_pct,15,965,965,0,ok,8.245954648707542,19.62659513228333,9.01260356073011
LCL households,full,1215,965,ANKYRA-1x-matched,ANKYRA 1.x (matched input),cumulative_energy_CV_RMS_pct,16,965,965,0,ok,8.231599983466317,19.525425359067576,9.235821915651625
LCL households,full,1215,965,ANKYRA-1x-matched,ANKYRA 1.x (matched input),cumulative_energy_CV_RMS_pct,17,965,965,0,ok,8.412007007435248,19.576476618321365,9.388855575082742
LCL households,full,1215,965,ANKYRA-1x-matched,ANKYRA 1.x (matched input),cumulative_energy_CV_RMS_pct,18,965,965,0,ok,8.38717225887252,19.567509457959734,9.46597325017537
LCL households,full,1215,965,ANKYRA-1x-matched,ANKYRA 1.x (matched input),cumulative_energy_CV_RMS_pct,19,965,965,0,ok,8.378185054017651,19.46638878132265,9.181089390376403
LCL households,full,1215,965,ANKYRA-1x-matched,ANKYRA 1.x (matched input),cumulative_energy_CV_RMS_pct,20,965,965,0,ok,8.651985389551035,19.50180985803131,9.416876896628194
LCL households,full,1215,965,ANKYRA-1x-matched,ANKYRA 1.x (matched input),cumulative_energy_CV_RMS_pct,21,965,965,0,ok,8.832532593390365,19.507875852659392,9.649196989266173
LCL households,full,1215,965,ANKYRA-1x-matched,ANKYRA 1.x (matched input),cumulative_energy_CV_RMS_pct,22,965,965,0,ok,8.750468052191115,19.718872401703045,9.868076679861304
LCL households,full,1215,965,ANKYRA-1x-matched,ANKYRA 1.x (matched input),cumulative_energy_CV_RMS_pct,23,965,965,0,ok,8.659394144730387,19.876885664351462,9.660110420690769
LCL households,full,1215,965,ANKYRA-1x-matched,ANKYRA 1.x (matched input),cumulative_energy_CV_RMS_pct,24,965,965,0,ok,8.719622827963414,20.018305827008135,9.798821929144914
LCL households,full,1215,965,ANKYRA-1x-matched,ANKYRA 1.x (matched input),cumulative_energy_CV_RMS_pct,25,965,965,0,ok,8.783137211613,20.233203263450427,10.128252839358188
LCL households,full,1215,965,ANKYRA-1x-matched,ANKYRA 1.x (matched input),cumulative_energy_CV_RMS_pct,26,965,965,0,ok,8.869754041234847,20.36270920349818,9.95650097265501
LCL households,full,1215,965,ANKYRA-1x-matched,ANKYRA 1.x (matched input),cumulative_energy_CV_RMS_pct,27,965,965,0,ok,8.646326769674845,20.464551818967305,9.941206647048384
LCL households,full,1215,965,ANKYRA-1x-matched,ANKYRA 1.x (matched input),cumulative_energy_CV_RMS_pct,28,965,965,0,ok,8.709044459164232,20.567674613582273,9.9867457537599
LCL households,full,1215,965,ANKYRA-1x-matched,ANKYRA 1.x (matched input),cumulative_energy_CV_RMS_pct,29,965,965,0,ok,8.820114855385832,20.69709445159232,10.186261552148453
LCL households,full,1215,965,ANKYRA-1x-matched,ANKYRA 1.x (matched input),cumulative_energy_CV_RMS_pct,30,965,965,0,ok,8.770584431503583,20.898820038403734,10.121672221588966
LCL households,full,1215,965,ANKYRA-1x-matched,ANKYRA 1.x (matched input),cumulative_energy_CV_RMS_pct,31,965,965,0,ok,8.838316227262426,21.031174661862075,9.989449433505277
