set,subset,windows,units,model,model_label,metric,day,units_total,units_eligible,zero_error_units,status,geometric_mean,arithmetic_unit_mean,unit_median
LCL households,late,710,710,ANKYRA,ANKYRA,hourly_CV_RMSE_pct,1,710,710,0,ok,52.964214087312705,85.14159784239695,52.525303894343594
LCL households,late,710,710,ANKYRA,ANKYRA,hourly_CV_RMSE_pct,2,710,710,0,ok,48.79557477823905,62.04327670183819,49.12203018749499
LCL households,late,710,710,ANKYRA,ANKYRA,hourly_CV_RMSE_pct,3,710,710,0,ok,49.15840816146104,62.487185355410915,48.90684326958398
LCL households,late,710,710,ANKYRA,ANKYRA,hourly_CV_RMSE_pct,4,710,710,0,ok,48.57040155566907,60.00590403145833,48.42330376778801
LCL households,late,710,710,ANKYRA,ANKYRA,hourly_CV_RMSE_pct,5,710,710,0,ok,53.93212728811254,67.69759787219228,54.479023155061356
LCL households,late,710,710,ANKYRA,ANKYRA,hourly_CV_RMSE_pct,6,710,710,0,ok,52.23687292911514,65.71333034911008,52.38047378156887
LCL households,late,710,710,ANKYRA,ANKYRA,hourly_CV_RMSE_pct,7,710,710,0,ok,51.081678313499204,63.01707655079777,51.39334072284643
LCL households,late,710,710,ANKYRA,ANKYRA,hourly_CV_RMSE_pct,8,710,710,0,ok,53.64667366636707,67.38021257504307,54.57119859359241
LCL households,late,710,710,ANKYRA,ANKYRA,hourly_CV_RMSE_pct,9,710,710,0,ok,54.00305923118487,66.25306555771667,54.44536749741393
LCL households,late,710,710,ANKYRA,ANKYRA,hourly_CV_RMSE_pct,10,710,710,0,ok,54.4570486790126,66.303269662046,54.72996395472377
LCL households,late,710,710,ANKYRA,ANKYRA,hourly_CV_RMSE_pct,11,710,710,0,ok,56.78103504747699,71.93479835666392,54.93242681426638
LCL households,late,710,710,ANKYRA,ANKYRA,hourly_CV_RMSE_pct,12,710,710,0,ok,57.52051023955074,70.87767451826127,55.400558839566386
LCL households,late,710,710,ANKYRA,ANKYRA,hourly_CV_RMSE_pct,13,710,710,0,ok,58.261435825157704,72.17859786715398,57.61850810179638
LCL households,late,710,710,ANKYRA,ANKYRA,hourly_CV_RMSE_pct,14,710,710,0,ok,58.25726217295493,72.957554105902,57.13211046101365
LCL households,late,710,710,ANKYRA,ANKYRA,hourly_CV_RMSE_pct,15,710,710,0,ok,59.16039684695481,75.31169523780095,58.26726087959865
LCL households,late,710,710,ANKYRA,ANKYRA,hourly_CV_RMSE_pct,16,710,710,0,ok,56.7288116515467,73.3584800472841,56.18347363693344
LCL households,late,710,710,ANKYRA,ANKYRA,hourly_CV_RMSE_pct,17,710,710,0,ok,58.61660547444801,88.98145269957655,57.09466459588249
LCL households,late,710,710,ANKYRA,ANKYRA,hourly_CV_RMSE_pct,18,710,710,0,ok,59.12138665457115,74.53611823998959,59.11319039207548
LCL households,late,710,710,ANKYRA,ANKYRA,hourly_CV_RMSE_pct,19,710,710,0,ok,59.36321007213749,74.8508824429968,56.56138893948348
LCL households,late,710,710,ANKYRA,ANKYRA,hourly_CV_RMSE_pct,20,710,710,0,ok,59.21332417837247,74.51319177929005,56.584454198234596
LCL households,late,710,710,ANKYRA,ANKYRA,hourly_CV_RMSE_pct,21,710,710,0,ok,59.62019831264014,74.72069002133439,59.046445952254665
LCL households,late,710,710,ANKYRA,ANKYRA,hourly_CV_RMSE_pct,22,710,710,0,ok,57.81244816564966,74.23776364894583,56.94173950989203
LCL households,late,710,710,ANKYRA,ANKYRA,hourly_CV_RMSE_pct,23,710,710,0,ok,59.15911512711611,73.25676676399506,57.615294521264325
LCL households,late,710,710,ANKYRA,ANKYRA,hourly_CV_RMSE_pct,24,710,710,0,ok,58.69484204269089,72.20988269749024,58.10713898613365
LCL households,late,710,710,ANKYRA,ANKYRA,hourly_CV_RMSE_pct,25,710,710,0,ok,62.624210043522275,78.78930747890162,62.127067677156894
LCL households,late,710,710,ANKYRA,ANKYRA,hourly_CV_RMSE_pct,26,710,710,0,ok,60.5260603158405,75.43839419953986,59.456094730433634
LCL households,late,710,710,ANKYRA,ANKYRA,hourly_CV_RMSE_pct,27,710,710,0,ok,60.599059739721596,76.12837688077367,59.190352935198916
LCL households,late,710,710,ANKYRA,ANKYRA,hourly_CV_RMSE_pct,28,710,710,0,ok,59.29910347748183,74.28979145901673,58.77228274477238
LCL households,late,710,710,ANKYRA,ANKYRA,hourly_CV_RMSE_pct,29,710,710,0,ok,61.519463445829125,83.06927771257577,61.08953440035987
LCL households,late,710,710,ANKYRA,ANKYRA,hourly_CV_RMSE_pct,30,710,710,0,ok,61.85593237276267,80.94953830411154,61.68017521275456
LCL households,late,710,710,ANKYRA,ANKYRA,hourly_CV_RMSE_pct,31,710,710,0,ok,63.81625971568005,81.20501099690384,63.00092610990044
LCL households,late,710,710,ANKYRA,ANKYRA,daily_energy_CV_RMS_pct,1,710,710,0,ok,12.047527639526196,26.372460921944214,13.502390904227045
LCL households,late,710,710,ANKYRA,ANKYRA,daily_energy_CV_RMS_pct,2,710,710,0,ok,9.782684116290612,18.161775880021477,11.81409091230536
LCL households,late,710,710,ANKYRA,ANKYRA,daily_energy_CV_RMS_pct,3,710,710,0,ok,9.912933408317384,18.7957131155153,11.568420240257804
LCL households,late,710,710,ANKYRA,ANKYRA,daily_energy_CV_RMS_pct,4,710,710,0,ok,11.026060251505774,20.90921729446935,12.863968091050815
LCL households,late,710,710,ANKYRA,ANKYRA,daily_energy_CV_RMS_pct,5,710,710,0,ok,11.918844206258607,23.734262416488814,14.11212080263006
LCL households,late,710,710,ANKYRA,ANKYRA,daily_energy_CV_RMS_pct,6,710,710,0,ok,11.52098324254522,23.290231021353108,13.62840972692075
LCL households,late,710,710,ANKYRA,ANKYRA,daily_energy_CV_RMS_pct,7,710,710,0,ok,11.011235921543216,22.067966074978525,13.861583019923938
LCL households,late,710,710,ANKYRA,ANKYRA,daily_energy_CV_RMS_pct,8,710,710,0,ok,12.154744114228242,25.09888400017536,13.824283933928712
LCL households,late,710,710,ANKYRA,ANKYRA,daily_energy_CV_RMS_pct,9,710,710,0,ok,11.874705701022453,23.928352266778493,13.653378463719289
LCL households,late,710,710,ANKYRA,ANKYRA,daily_energy_CV_RMS_pct,10,710,710,0,ok,11.65883444307083,23.437538976822687,13.810320941356373
LCL households,late,710,710,ANKYRA,ANKYRA,daily_energy_CV_RMS_pct,11,710,710,0,ok,13.383303289825886,26.47084091489565,15.212980352216864
LCL households,late,710,710,ANKYRA,ANKYRA,daily_energy_CV_RMS_pct,12,710,710,0,ok,12.090593872446409,24.945893062784883,14.464405710534038
LCL households,late,710,710,ANKYRA,ANKYRA,daily_energy_CV_RMS_pct,13,710,710,0,ok,13.66439799808855,26.716053572232134,15.498523361363127
LCL households,late,710,710,ANKYRA,ANKYRA,daily_energy_CV_RMS_pct,14,710,710,0,ok,14.145100076900105,27.884977484695828,16.27177983456075
LCL households,late,710,710,ANKYRA,ANKYRA,daily_energy_CV_RMS_pct,15,710,710,0,ok,13.285584952766605,29.196125253320158,16.056406431828897
LCL households,late,710,710,ANKYRA,ANKYRA,daily_energy_CV_RMS_pct,16,710,710,0,ok,12.892928473641534,27.215843127592635,15.420802144015546
LCL households,late,710,710,ANKYRA,ANKYRA,daily_energy_CV_RMS_pct,17,710,710,0,ok,12.516269828059542,29.467854380443395,14.60680540731363
LCL households,late,710,710,ANKYRA,ANKYRA,daily_energy_CV_RMS_pct,18,710,710,0,ok,13.336392691565672,28.2306125013338,16.692653287035245
LCL households,late,710,710,ANKYRA,ANKYRA,daily_energy_CV_RMS_pct,19,710,710,0,ok,13.264251311338224,28.284381634005857,15.774399966841678
LCL households,late,710,710,ANKYRA,ANKYRA,daily_energy_CV_RMS_pct,20,710,710,0,ok,14.17305132528369,29.062501287313662,16.60619039079583
LCL households,late,710,710,ANKYRA,ANKYRA,daily_energy_CV_RMS_pct,21,710,710,0,ok,14.826798199347941,30.22068296160266,17.94548473896476
LCL households,late,710,710,ANKYRA,ANKYRA,daily_energy_CV_RMS_pct,22,710,710,0,ok,13.68847548271507,30.049319868789542,16.858636611229443
LCL households,late,710,710,ANKYRA,ANKYRA,daily_energy_CV_RMS_pct,23,710,710,0,ok,13.106983923123977,27.37087086566461,16.56694648980324
LCL households,late,710,710,ANKYRA,ANKYRA,daily_energy_CV_RMS_pct,24,710,710,0,ok,14.451282408782124,28.6199657655611,16.477606955690202
LCL households,late,710,710,ANKYRA,ANKYRA,daily_energy_CV_RMS_pct,25,710,710,0,ok,15.899252329173216,32.04688623689125,18.975005809510918
LCL households,late,710,710,ANKYRA,ANKYRA,daily_energy_CV_RMS_pct,26,710,710,0,ok,15.980402080016281,31.05542162986638,18.876548250403857
LCL households,late,710,710,ANKYRA,ANKYRA,daily_energy_CV_RMS_pct,27,710,710,0,ok,15.280768609444666,30.645380362718146,17.752474958663438
LCL households,late,710,710,ANKYRA,ANKYRA,daily_energy_CV_RMS_pct,28,710,710,0,ok,14.683863603961449,29.908520712050855,16.886750057045056
LCL households,late,710,710,ANKYRA,ANKYRA,daily_energy_CV_RMS_pct,29,710,710,0,ok,16.169789620679047,35.376068865244704,17.955133197212305
LCL households,late,710,710,ANKYRA,ANKYRA,daily_energy_CV_RMS_pct,30,710,710,0,ok,15.326289531376545,33.424352153958786,17.697549535558558
LCL households,late,710,710,ANKYRA,ANKYRA,daily_energy_CV_RMS_pct,31,710,710,0,ok,16.482345940400045,32.871571490574496,19.011645245667793
LCL households,late,710,710,ANKYRA,ANKYRA,cumulative_energy_CV_RMS_pct,1,710,710,0,ok,12.047527639526196,26.372460921944214,13.502390904227045
LCL households,late,710,710,ANKYRA,ANKYRA,cumulative_energy_CV_RMS_pct,2,710,710,0,ok,9.384134991574799,18.866131050845976,10.77134960030838
LCL households,late,710,710,ANKYRA,ANKYRA,cumulative_energy_CV_RMS_pct,3,710,710,0,ok,8.680947343212502,16.834948056638193,10.120437880466744
LCL households,late,710,710,ANKYRA,ANKYRA,cumulative_energy_CV_RMS_pct,4,710,710,0,ok,8.035426371909143,15.814880804186888,9.54266632972718
LCL households,late,710,710,ANKYRA,ANKYRA,cumulative_energy_CV_RMS_pct,5,710,710,0,ok,8.130752350376623,15.850470421859079,9.310911363363317
LCL households,late,710,710,ANKYRA,ANKYRA,cumulative_energy_CV_RMS_pct,6,710,710,0,ok,7.8877112031171075,15.660887140638557,9.647863923285314
LCL households,late,710,710,ANKYRA,ANKYRA,cumulative_energy_CV_RMS_pct,7,710,710,0,ok,7.579279831980493,15.182338194131674,9.190096387256833
LCL households,late,710,710,ANKYRA,ANKYRA,cumulative_energy_CV_RMS_pct,8,710,710,0,ok,7.679265174969358,15.315519252096951,9.239778318107597
LCL households,late,710,710,ANKYRA,ANKYRA,cumulative_energy_CV_RMS_pct,9,710,710,0,ok,7.4892365624523025,15.263174933497758,8.858347395680568
LCL households,late,710,710,ANKYRA,ANKYRA,cumulative_energy_CV_RMS_pct,10,710,710,0,ok,7.680238021313309,15.262508843006195,8.829683929836374
LCL households,late,710,710,ANKYRA,ANKYRA,cumulative_energy_CV_RMS_pct,11,710,710,0,ok,7.739549975762703,15.387363009526588,9.23403922355595
LCL households,late,710,710,ANKYRA,ANKYRA,cumulative_energy_CV_RMS_pct,12,710,710,0,ok,8.03028301298617,15.377296562091624,9.17620460287873
LCL households,late,710,710,ANKYRA,ANKYRA,cumulative_energy_CV_RMS_pct,13,710,710,0,ok,7.902854584656123,15.550019139047164,9.303485845205174
LCL households,late,710,710,ANKYRA,ANKYRA,cumulative_energy_CV_RMS_pct,14,710,710,0,ok,8.177150863935784,15.701084518303064,9.221334062667589
LCL households,late,710,710,ANKYRA,ANKYRA,cumulative_energy_CV_RMS_pct,15,710,710,0,ok,8.124126396836353,16.01280855700763,9.242578528009005
LCL households,late,710,710,ANKYRA,ANKYRA,cumulative_energy_CV_RMS_pct,16,710,710,0,ok,7.939247558435192,16.02249264995586,9.418906922973907
LCL households,late,710,710,ANKYRA,ANKYRA,cumulative_energy_CV_RMS_pct,17,710,710,0,ok,8.205020521631196,16.251764587205432,9.77408962158595
LCL households,late,710,710,ANKYRA,ANKYRA,cumulative_energy_CV_RMS_pct,18,710,710,0,ok,8.335589651759086,16.380686478780028,9.667997240148374
LCL households,late,710,710,ANKYRA,ANKYRA,cumulative_energy_CV_RMS_pct,19,710,710,0,ok,8.438315729531883,16.421545651000866,9.418393661769093
LCL households,late,710,710,ANKYRA,ANKYRA,cumulative_energy_CV_RMS_pct,20,710,710,0,ok,8.622965986090419,16.58167288913402,9.488083069514325
LCL households,late,710,710,ANKYRA,ANKYRA,cumulative_energy_CV_RMS_pct,21,710,710,0,ok,8.82960778242284,16.706506352236612,9.697384721409842
LCL households,late,710,710,ANKYRA,ANKYRA,cumulative_energy_CV_RMS_pct,22,710,710,0,ok,8.817728100130601,16.808484912296745,9.940672772436763
LCL households,late,710,710,ANKYRA,ANKYRA,cumulative_energy_CV_RMS_pct,23,710,710,0,ok,8.653077739494272,16.760794967356528,9.507561642798628
LCL households,late,710,710,ANKYRA,ANKYRA,cumulative_energy_CV_RMS_pct,24,710,710,0,ok,8.479775969713046,16.73953530908378,9.590445850549226
LCL households,late,710,710,ANKYRA,ANKYRA,cumulative_energy_CV_RMS_pct,25,710,710,0,ok,8.576576800319103,16.87769316507341,9.979435045278812
LCL households,late,710,710,ANKYRA,ANKYRA,cumulative_energy_CV_RMS_pct,26,710,710,0,ok,8.660237460151704,16.919226580403635,9.861834671886005
LCL households,late,710,710,ANKYRA,ANKYRA,cumulative_energy_CV_RMS_pct,27,710,710,0,ok,8.520602589752848,16.96441810012387,9.870900756164474
LCL households,late,710,710,ANKYRA,ANKYRA,cumulative_energy_CV_RMS_pct,28,710,710,0,ok,8.531774559326829,16.999674801635642,10.197180729884291
LCL households,late,710,710,ANKYRA,ANKYRA,cumulative_energy_CV_RMS_pct,29,710,710,0,ok,8.541804262490986,17.127907117858282,10.255029125833584
LCL households,late,710,710,ANKYRA,ANKYRA,cumulative_energy_CV_RMS_pct,30,710,710,0,ok,8.60274472699446,17.289343046932487,10.352668533554965
LCL households,late,710,710,ANKYRA,ANKYRA,cumulative_energy_CV_RMS_pct,31,710,710,0,ok,8.74320738781083,17.445357607526848,10.334364786971646
LCL households,late,710,710,Chronos-2-X,Chronos-2-X,hourly_CV_RMSE_pct,1,710,710,0,ok,48.487726717493054,84.49170901780076,51.38145158712257
LCL households,late,710,710,Chronos-2-X,Chronos-2-X,hourly_CV_RMSE_pct,2,710,710,0,ok,45.161424427773355,61.4300443031554,48.10692291748366
LCL households,late,710,710,Chronos-2-X,Chronos-2-X,hourly_CV_RMSE_pct,3,710,710,0,ok,45.90435035555545,61.85675612508639,48.80772427055848
LCL households,late,710,710,Chronos-2-X,Chronos-2-X,hourly_CV_RMSE_pct,4,710,710,0,ok,46.45114588314049,59.37921502435469,46.85896260395042
LCL households,late,710,710,Chronos-2-X,Chronos-2-X,hourly_CV_RMSE_pct,5,710,710,0,ok,52.53433623418371,67.56762204373926,54.18342865596615
LCL households,late,710,710,Chronos-2-X,Chronos-2-X,hourly_CV_RMSE_pct,6,710,710,0,ok,50.51019168880984,65.60320176793519,51.56560726589383
LCL households,late,710,710,Chronos-2-X,Chronos-2-X,hourly_CV_RMSE_pct,7,710,710,0,ok,48.27543581107,61.92869659978605,49.83432917572691
LCL households,late,710,710,Chronos-2-X,Chronos-2-X,hourly_CV_RMSE_pct,8,710,710,0,ok,51.68661178476135,64.57106757344155,54.10423481387038
LCL households,late,710,710,Chronos-2-X,Chronos-2-X,hourly_CV_RMSE_pct,9,710,710,0,ok,51.727825521858165,65.16245968521747,53.75581655323924
LCL households,late,710,710,Chronos-2-X,Chronos-2-X,hourly_CV_RMSE_pct,10,710,710,0,ok,52.482606645946895,65.49347241394705,53.76692057629196
LCL households,late,710,710,Chronos-2-X,Chronos-2-X,hourly_CV_RMSE_pct,11,710,710,0,ok,56.15051870882555,72.0335197918285,56.239845787570474
LCL households,late,710,710,Chronos-2-X,Chronos-2-X,hourly_CV_RMSE_pct,12,710,710,0,ok,56.10384106657217,70.48048284795962,55.771029805706505
LCL households,late,710,710,Chronos-2-X,Chronos-2-X,hourly_CV_RMSE_pct,13,710,710,0,ok,57.285686442043975,72.43747109593352,59.354865153798784
LCL households,late,710,710,Chronos-2-X,Chronos-2-X,hourly_CV_RMSE_pct,14,710,710,0,ok,56.0309806177891,71.92448452685738,56.32383861851844
LCL households,late,710,710,Chronos-2-X,Chronos-2-X,hourly_CV_RMSE_pct,15,710,710,0,ok,58.04872700207505,72.53127211018543,59.03105180097428
LCL households,late,710,710,Chronos-2-X,Chronos-2-X,hourly_CV_RMSE_pct,16,710,710,0,ok,54.993737916170474,72.01594709381304,55.51992794916122
LCL households,late,710,710,Chronos-2-X,Chronos-2-X,hourly_CV_RMSE_pct,17,710,710,0,ok,57.458935470663185,87.91443560116566,58.509024614484
LCL households,late,710,710,Chronos-2-X,Chronos-2-X,hourly_CV_RMSE_pct,18,710,710,0,ok,58.25098016446574,73.5651446300157,57.8399252387105
LCL households,late,710,710,Chronos-2-X,Chronos-2-X,hourly_CV_RMSE_pct,19,710,710,0,ok,58.49825512523841,73.94098978994948,57.398618354847464
LCL households,late,710,710,Chronos-2-X,Chronos-2-X,hourly_CV_RMSE_pct,20,710,710,0,ok,58.09920449116701,73.829542921747,57.706580732476965
LCL households,late,710,710,Chronos-2-X,Chronos-2-X,hourly_CV_RMSE_pct,21,710,710,0,ok,57.35278497566306,72.33307499487293,59.35325485069819
LCL households,late,710,710,Chronos-2-X,Chronos-2-X,hourly_CV_RMSE_pct,22,710,710,0,ok,56.76376339638247,72.14693760879278,58.47364979002981
LCL households,late,710,710,Chronos-2-X,Chronos-2-X,hourly_CV_RMSE_pct,23,710,710,0,ok,58.04420335577002,72.5222903849083,59.12095812114151
LCL households,late,710,710,Chronos-2-X,Chronos-2-X,hourly_CV_RMSE_pct,24,710,710,0,ok,57.47399308801959,72.07864923480868,60.8454790445996
LCL households,late,710,710,Chronos-2-X,Chronos-2-X,hourly_CV_RMSE_pct,25,710,710,0,ok,60.818754168939165,77.39104782092588,64.34466609419121
LCL households,late,710,710,Chronos-2-X,Chronos-2-X,hourly_CV_RMSE_pct,26,710,710,0,ok,59.23078746859051,74.55916131875716,61.07588083101579
LCL households,late,710,710,Chronos-2-X,Chronos-2-X,hourly_CV_RMSE_pct,27,710,710,0,ok,58.8567239674861,75.07605192379589,60.146143594448475
LCL households,late,710,710,Chronos-2-X,Chronos-2-X,hourly_CV_RMSE_pct,28,710,710,0,ok,57.98019277733392,73.12868782497407,59.28039680262322
LCL households,late,710,710,Chronos-2-X,Chronos-2-X,hourly_CV_RMSE_pct,29,710,710,0,ok,59.65813759226339,79.50742005133341,59.98614089655261
LCL households,late,710,710,Chronos-2-X,Chronos-2-X,hourly_CV_RMSE_pct,30,710,710,0,ok,60.63791661916142,77.91909709479911,61.66380666712527
LCL households,late,710,710,Chronos-2-X,Chronos-2-X,hourly_CV_RMSE_pct,31,710,710,0,ok,62.00559607116142,80.25191548626508,65.0037450118321
LCL households,late,710,710,Chronos-2-X,Chronos-2-X,daily_energy_CV_RMS_pct,1,710,710,0,ok,10.37646098227277,27.526004974486067,13.755051062841156
LCL households,late,710,710,Chronos-2-X,Chronos-2-X,daily_energy_CV_RMS_pct,2,710,710,0,ok,9.311585357974765,18.75184187391148,12.521505481501066
LCL households,late,710,710,Chronos-2-X,Chronos-2-X,daily_energy_CV_RMS_pct,3,710,710,0,ok,10.76807547887836,20.117774119649106,13.432745604124907
LCL households,late,710,710,Chronos-2-X,Chronos-2-X,daily_energy_CV_RMS_pct,4,710,710,0,ok,10.940525604117994,21.31838683208009,12.839321351083226
LCL households,late,710,710,Chronos-2-X,Chronos-2-X,daily_energy_CV_RMS_pct,5,710,710,0,ok,13.432455300790785,25.725799551789926,16.346303115507304
LCL households,late,710,710,Chronos-2-X,Chronos-2-X,daily_energy_CV_RMS_pct,6,710,710,0,ok,12.54720035001699,25.241642633540366,14.906741734143935
LCL households,late,710,710,Chronos-2-X,Chronos-2-X,daily_energy_CV_RMS_pct,7,710,710,0,ok,11.039893773691906,22.91676001769937,13.484454626754722
LCL households,late,710,710,Chronos-2-X,Chronos-2-X,daily_energy_CV_RMS_pct,8,710,710,0,ok,12.853611042081763,24.310328881750443,16.16199740285622
LCL households,late,710,710,Chronos-2-X,Chronos-2-X,daily_energy_CV_RMS_pct,9,710,710,0,ok,13.142998810275996,25.194585355406517,15.023022018793977
LCL households,late,710,710,Chronos-2-X,Chronos-2-X,daily_energy_CV_RMS_pct,10,710,710,0,ok,13.543008369774645,25.111575455781303,15.7907301410952
LCL households,late,710,710,Chronos-2-X,Chronos-2-X,daily_energy_CV_RMS_pct,11,710,710,0,ok,15.21468336679998,29.22985433993014,17.87453192055662
LCL households,late,710,710,Chronos-2-X,Chronos-2-X,daily_energy_CV_RMS_pct,12,710,710,0,ok,13.008762521194647,26.79627960834786,17.17229729655927
LCL households,late,710,710,Chronos-2-X,Chronos-2-X,daily_energy_CV_RMS_pct,13,710,710,0,ok,16.01583527062639,29.879008092339134,18.821513681991416
LCL households,late,710,710,Chronos-2-X,Chronos-2-X,daily_energy_CV_RMS_pct,14,710,710,0,ok,15.536257152065799,29.73356539705917,18.988926444537885
LCL households,late,710,710,Chronos-2-X,Chronos-2-X,daily_energy_CV_RMS_pct,15,710,710,0,ok,15.959996642282608,29.605130147518786,19.35992879495351
LCL households,late,710,710,Chronos-2-X,Chronos-2-X,daily_energy_CV_RMS_pct,16,710,710,0,ok,14.71445161591722,28.700827632709807,17.067806151700495
LCL households,late,710,710,Chronos-2-X,Chronos-2-X,daily_energy_CV_RMS_pct,17,710,710,0,ok,15.112745380228588,31.714070914153137,18.241260568589865
LCL households,late,710,710,Chronos-2-X,Chronos-2-X,daily_energy_CV_RMS_pct,18,710,710,0,ok,15.24378515107024,29.9563718151858,18.64131591933863
LCL households,late,710,710,Chronos-2-X,Chronos-2-X,daily_energy_CV_RMS_pct,19,710,710,0,ok,16.1558511686752,30.665924219948657,19.313223929936868
LCL households,late,710,710,Chronos-2-X,Chronos-2-X,daily_energy_CV_RMS_pct,20,710,710,0,ok,17.169607976946814,31.572812131865323,20.030878051235405
LCL households,late,710,710,Chronos-2-X,Chronos-2-X,daily_energy_CV_RMS_pct,21,710,710,0,ok,16.758449018923567,30.95361084676831,20.559180825322855
LCL households,late,710,710,Chronos-2-X,Chronos-2-X,daily_energy_CV_RMS_pct,22,710,710,0,ok,15.87634575844121,30.71150421003531,19.124863266311458
LCL households,late,710,710,Chronos-2-X,Chronos-2-X,daily_energy_CV_RMS_pct,23,710,710,0,ok,15.479846082266715,29.340979474319067,18.366674335313494
LCL households,late,710,710,Chronos-2-X,Chronos-2-X,daily_energy_CV_RMS_pct,24,710,710,0,ok,17.100695904266697,31.0273402311469,21.008414434891215
LCL households,late,710,710,Chronos-2-X,Chronos-2-X,daily_energy_CV_RMS_pct,25,710,710,0,ok,17.85436700238489,33.963487886825746,22.870074193259107
LCL households,late,710,710,Chronos-2-X,Chronos-2-X,daily_energy_CV_RMS_pct,26,710,710,0,ok,18.056218473516818,33.09601210885409,22.64230439636867
LCL households,late,710,710,Chronos-2-X,Chronos-2-X,daily_energy_CV_RMS_pct,27,710,710,0,ok,16.323291089183225,31.741842044176693,20.891426858912986
LCL households,late,710,710,Chronos-2-X,Chronos-2-X,daily_energy_CV_RMS_pct,28,710,710,0,ok,16.64069583417874,30.435463882469293,20.6238003580614
LCL households,late,710,710,Chronos-2-X,Chronos-2-X,daily_energy_CV_RMS_pct,29,710,710,0,ok,18.332397030734924,34.65711742975982,21.76298220800572
LCL households,late,710,710,Chronos-2-X,Chronos-2-X,daily_energy_CV_RMS_pct,30,710,710,0,ok,16.97795606383108,32.766482301600384,20.618191519004093
LCL households,late,710,710,Chronos-2-X,Chronos-2-X,daily_energy_CV_RMS_pct,31,710,710,0,ok,17.650921964015346,34.088873598945625,21.89445947229889
LCL households,late,710,710,Chronos-2-X,Chronos-2-X,cumulative_energy_CV_RMS_pct,1,710,710,0,ok,10.37646098227277,27.526004974486067,13.755051062841156
LCL households,late,710,710,Chronos-2-X,Chronos-2-X,cumulative_energy_CV_RMS_pct,2,710,710,0,ok,10.22035894239733,21.173880442696923,13.47675843967262
LCL households,late,710,710,Chronos-2-X,Chronos-2-X,cumulative_energy_CV_RMS_pct,3,710,710,0,ok,10.049994727555898,19.520089662552774,12.917413823630643
LCL households,late,710,710,Chronos-2-X,Chronos-2-X,cumulative_energy_CV_RMS_pct,4,710,710,0,ok,10.182158266468722,18.295601349133353,12.420240289717224
LCL households,late,710,710,Chronos-2-X,Chronos-2-X,cumulative_energy_CV_RMS_pct,5,710,710,0,ok,10.893712623063877,18.60547054781505,13.64092978227016
LCL households,late,710,710,Chronos-2-X,Chronos-2-X,cumulative_energy_CV_RMS_pct,6,710,710,0,ok,11.229250479599829,19.00136382698539,14.096711218218928
LCL households,late,710,710,Chronos-2-X,Chronos-2-X,cumulative_energy_CV_RMS_pct,7,710,710,0,ok,11.630994010686807,18.880201500667106,13.677246346346173
LCL households,late,710,710,Chronos-2-X,Chronos-2-X,cumulative_energy_CV_RMS_pct,8,710,710,0,ok,11.482977375718283,18.909931569453512,14.453494578397459
LCL households,late,710,710,Chronos-2-X,Chronos-2-X,cumulative_energy_CV_RMS_pct,9,710,710,0,ok,11.826747938836851,19.0592723301081,14.07669404713778
LCL households,late,710,710,Chronos-2-X,Chronos-2-X,cumulative_energy_CV_RMS_pct,10,710,710,0,ok,11.3103282828295,19.066678028887107,14.153883689136672
LCL households,late,710,710,Chronos-2-X,Chronos-2-X,cumulative_energy_CV_RMS_pct,11,710,710,0,ok,11.771846851665513,19.55833294876265,14.845595198916026
LCL households,late,710,710,Chronos-2-X,Chronos-2-X,cumulative_energy_CV_RMS_pct,12,710,710,0,ok,11.927650459782974,19.6870070717307,15.086219695733412
LCL households,late,710,710,Chronos-2-X,Chronos-2-X,cumulative_energy_CV_RMS_pct,13,710,710,0,ok,12.724609674623965,20.177139957882755,15.297568604427775
LCL households,late,710,710,Chronos-2-X,Chronos-2-X,cumulative_energy_CV_RMS_pct,14,710,710,0,ok,12.795849557861823,20.435829054136896,15.56712826260005
LCL households,late,710,710,Chronos-2-X,Chronos-2-X,cumulative_energy_CV_RMS_pct,15,710,710,0,ok,13.13692823025723,20.712338599175514,15.956259900852643
LCL households,late,710,710,Chronos-2-X,Chronos-2-X,cumulative_energy_CV_RMS_pct,16,710,710,0,ok,13.011975683978248,20.810511727731818,15.845094980342594
LCL households,late,710,710,Chronos-2-X,Chronos-2-X,cumulative_energy_CV_RMS_pct,17,710,710,0,ok,13.079464808871275,21.061160207260478,15.66100477847857
LCL households,late,710,710,Chronos-2-X,Chronos-2-X,cumulative_energy_CV_RMS_pct,18,710,710,0,ok,13.065892453869031,21.213010529863972,15.715372505750144
LCL households,late,710,710,Chronos-2-X,Chronos-2-X,cumulative_energy_CV_RMS_pct,19,710,710,0,ok,13.398034595582033,21.34562711924117,15.79448643011276
LCL households,late,710,710,Chronos-2-X,Chronos-2-X,cumulative_energy_CV_RMS_pct,20,710,710,0,ok,13.167845802159894,21.483053881029562,15.794473074929666
LCL households,late,710,710,Chronos-2-X,Chronos-2-X,cumulative_energy_CV_RMS_pct,21,710,710,0,ok,13.356157820175914,21.647284739057792,15.639591156729637
LCL households,late,710,710,Chronos-2-X,Chronos-2-X,cumulative_energy_CV_RMS_pct,22,710,710,0,ok,13.419818959365442,21.76618035052265,15.466938889090803
LCL households,late,710,710,Chronos-2-X,Chronos-2-X,cumulative_energy_CV_RMS_pct,23,710,710,0,ok,13.519135271902691,21.83897480621967,15.593589307486791
LCL households,late,710,710,Chronos-2-X,Chronos-2-X,cumulative_energy_CV_RMS_pct,24,710,710,0,ok,13.507083452409498,21.912427722758995,16.06672388847037
LCL households,late,710,710,Chronos-2-X,Chronos-2-X,cumulative_energy_CV_RMS_pct,25,710,710,0,ok,13.822109521952736,22.10089079779968,16.493568559241236
LCL households,late,710,710,Chronos-2-X,Chronos-2-X,cumulative_energy_CV_RMS_pct,26,710,710,0,ok,14.202170431903973,22.20403910258852,17.003024826049852
LCL households,late,710,710,Chronos-2-X,Chronos-2-X,cumulative_energy_CV_RMS_pct,27,710,710,0,ok,14.231592789258675,22.302292826747045,17.20904225066601
LCL households,late,710,710,Chronos-2-X,Chronos-2-X,cumulative_energy_CV_RMS_pct,28,710,710,0,ok,14.136777528586284,22.346804150556242,17.316236897463597
LCL households,late,710,710,Chronos-2-X,Chronos-2-X,cumulative_energy_CV_RMS_pct,29,710,710,0,ok,14.442776586072943,22.535633492993824,17.49704897482776
LCL households,late,710,710,Chronos-2-X,Chronos-2-X,cumulative_energy_CV_RMS_pct,30,710,710,0,ok,14.272096243512113,22.63020561040728,17.45178846200384
LCL households,late,710,710,Chronos-2-X,Chronos-2-X,cumulative_energy_CV_RMS_pct,31,710,710,0,ok,14.3214174833205,22.774923403143003,17.746289872680784
LCL households,late,710,710,Chronos-2,Chronos-2,hourly_CV_RMSE_pct,1,710,710,0,ok,47.45912206369634,83.49530373668574,50.39280330031319
LCL households,late,710,710,Chronos-2,Chronos-2,hourly_CV_RMSE_pct,2,710,710,0,ok,44.5434660805017,61.18990958751854,47.6752581467852
LCL households,late,710,710,Chronos-2,Chronos-2,hourly_CV_RMSE_pct,3,710,710,0,ok,45.597439741939716,61.8372557168219,48.70460189302676
LCL households,late,710,710,Chronos-2,Chronos-2,hourly_CV_RMSE_pct,4,710,710,0,ok,46.082837062381216,59.03537377253887,47.191282403367524
LCL households,late,710,710,Chronos-2,Chronos-2,hourly_CV_RMSE_pct,5,710,710,0,ok,52.503025481733665,67.87156743868019,54.783790210183454
LCL households,late,710,710,Chronos-2,Chronos-2,hourly_CV_RMSE_pct,6,710,710,0,ok,50.44330143675557,65.75336777000375,52.32196978237875
LCL households,late,710,710,Chronos-2,Chronos-2,hourly_CV_RMSE_pct,7,710,710,0,ok,48.62152777027568,62.157039043750565,50.07729928274316
LCL households,late,710,710,Chronos-2,Chronos-2,hourly_CV_RMSE_pct,8,710,710,0,ok,51.41497145792769,64.22955003586279,52.66011719864387
LCL households,late,710,710,Chronos-2,Chronos-2,hourly_CV_RMSE_pct,9,710,710,0,ok,51.980933803820896,65.20144361060444,53.22538940416702
LCL households,late,710,710,Chronos-2,Chronos-2,hourly_CV_RMSE_pct,10,710,710,0,ok,52.165503343810116,65.31181623351536,52.496131266991725
LCL households,late,710,710,Chronos-2,Chronos-2,hourly_CV_RMSE_pct,11,710,710,0,ok,55.955889357129294,71.76648988706313,55.54600788934087
LCL households,late,710,710,Chronos-2,Chronos-2,hourly_CV_RMSE_pct,12,710,710,0,ok,55.66311695197519,70.0879885366751,56.37225259795336
LCL households,late,710,710,Chronos-2,Chronos-2,hourly_CV_RMSE_pct,13,710,710,0,ok,57.58687870069312,72.44347037273174,59.51419564350208
LCL households,late,710,710,Chronos-2,Chronos-2,hourly_CV_RMSE_pct,14,710,710,0,ok,56.379566063967744,72.28520800954622,57.60254381521332
LCL households,late,710,710,Chronos-2,Chronos-2,hourly_CV_RMSE_pct,15,710,710,0,ok,58.653540863700236,72.71438806621191,58.707450719899626
LCL households,late,710,710,Chronos-2,Chronos-2,hourly_CV_RMSE_pct,16,710,710,0,ok,55.061374068125325,71.74749532114946,55.64570519388164
LCL households,late,710,710,Chronos-2,Chronos-2,hourly_CV_RMSE_pct,17,710,710,0,ok,57.28587142128937,87.53020928681667,58.17814205574193
LCL households,late,710,710,Chronos-2,Chronos-2,hourly_CV_RMSE_pct,18,710,710,0,ok,57.88893510324131,72.91182747869564,58.47212809091212
LCL households,late,710,710,Chronos-2,Chronos-2,hourly_CV_RMSE_pct,19,710,710,0,ok,58.347503840251825,73.54962096622909,57.419322063949934
LCL households,late,710,710,Chronos-2,Chronos-2,hourly_CV_RMSE_pct,20,710,710,0,ok,57.820929981797036,73.31334104799761,57.102321695721244
LCL households,late,710,710,Chronos-2,Chronos-2,hourly_CV_RMSE_pct,21,710,710,0,ok,57.93999884953793,73.00566650186451,59.358329708200294
LCL households,late,710,710,Chronos-2,Chronos-2,hourly_CV_RMSE_pct,22,710,710,0,ok,56.63101513312521,71.65850791415856,57.429985940542736
LCL households,late,710,710,Chronos-2,Chronos-2,hourly_CV_RMSE_pct,23,710,710,0,ok,58.68364837658626,72.52513060161148,58.45652715328511
LCL households,late,710,710,Chronos-2,Chronos-2,hourly_CV_RMSE_pct,24,710,710,0,ok,57.31392584509738,71.53768163978866,58.86227529601796
LCL households,late,710,710,Chronos-2,Chronos-2,hourly_CV_RMSE_pct,25,710,710,0,ok,61.23165204358817,77.24636415019687,62.38963579664002
LCL households,late,710,710,Chronos-2,Chronos-2,hourly_CV_RMSE_pct,26,710,710,0,ok,58.72155062196508,73.67943145314952,61.05651140756622
LCL households,late,710,710,Chronos-2,Chronos-2,hourly_CV_RMSE_pct,27,710,710,0,ok,59.266849161246085,75.34798246917124,60.31288508767241
LCL households,late,710,710,Chronos-2,Chronos-2,hourly_CV_RMSE_pct,28,710,710,0,ok,58.35754325136991,73.51007608387913,59.75820597993571
LCL households,late,710,710,Chronos-2,Chronos-2,hourly_CV_RMSE_pct,29,710,710,0,ok,60.06173949336739,80.05533469590307,60.91361162760363
LCL households,late,710,710,Chronos-2,Chronos-2,hourly_CV_RMSE_pct,30,710,710,0,ok,61.04200855055132,77.74932972193645,62.30434209424237
LCL households,late,710,710,Chronos-2,Chronos-2,hourly_CV_RMSE_pct,31,710,710,0,ok,62.167835154173254,80.35877595714084,64.94435244308654
LCL households,late,710,710,Chronos-2,Chronos-2,daily_energy_CV_RMS_pct,1,710,710,0,ok,10.654093394845257,27.10562537165757,13.755682784497111
LCL households,late,710,710,Chronos-2,Chronos-2,daily_energy_CV_RMS_pct,2,710,710,0,ok,9.801350473378148,18.762561897774834,11.59839905317422
LCL households,late,710,710,Chronos-2,Chronos-2,daily_energy_CV_RMS_pct,3,710,710,0,ok,10.305767140876169,19.761789275635167,12.599062934196908
LCL households,late,710,710,Chronos-2,Chronos-2,daily_energy_CV_RMS_pct,4,710,710,0,ok,10.45173221680714,20.949749018104946,12.338122943031468
LCL households,late,710,710,Chronos-2,Chronos-2,daily_energy_CV_RMS_pct,5,710,710,0,ok,13.002734191708438,25.943649023998656,16.455485157459044
LCL households,late,710,710,Chronos-2,Chronos-2,daily_energy_CV_RMS_pct,6,710,710,0,ok,12.357010508412504,25.3471596865486,15.385577214538952
LCL households,late,710,710,Chronos-2,Chronos-2,daily_energy_CV_RMS_pct,7,710,710,0,ok,11.2966386340569,22.918698426928696,13.276925759091245
LCL households,late,710,710,Chronos-2,Chronos-2,daily_energy_CV_RMS_pct,8,710,710,0,ok,12.525490899444836,23.658238721941085,15.472319326435358
LCL households,late,710,710,Chronos-2,Chronos-2,daily_energy_CV_RMS_pct,9,710,710,0,ok,13.0983786184231,24.8903634931991,15.041503921687703
LCL households,late,710,710,Chronos-2,Chronos-2,daily_energy_CV_RMS_pct,10,710,710,0,ok,12.523355360490294,24.442824623436362,15.402844238801688
LCL households,late,710,710,Chronos-2,Chronos-2,daily_energy_CV_RMS_pct,11,710,710,0,ok,15.190333157687089,28.959488533162048,18.38813865297798
LCL households,late,710,710,Chronos-2,Chronos-2,daily_energy_CV_RMS_pct,12,710,710,0,ok,13.620479805550852,26.600153342453904,17.04323183226986
LCL households,late,710,710,Chronos-2,Chronos-2,daily_energy_CV_RMS_pct,13,710,710,0,ok,16.207019162913117,29.77462516665308,19.577090935555823
LCL households,late,710,710,Chronos-2,Chronos-2,daily_energy_CV_RMS_pct,14,710,710,0,ok,16.251948330020255,30.128413198592348,19.06100332164559
LCL households,late,710,710,Chronos-2,Chronos-2,daily_energy_CV_RMS_pct,15,710,710,0,ok,15.935208321268945,29.655206302612505,19.371805227315626
LCL households,late,710,710,Chronos-2,Chronos-2,daily_energy_CV_RMS_pct,16,710,710,0,ok,14.481383250232042,28.329704556539916,17.783849242412032
LCL households,late,710,710,Chronos-2,Chronos-2,daily_energy_CV_RMS_pct,17,710,710,0,ok,14.140253119666133,30.97543948743576,17.169656366491214
LCL households,late,710,710,Chronos-2,Chronos-2,daily_energy_CV_RMS_pct,18,710,710,0,ok,15.541947444271974,29.2101435456625,18.69998138022824
LCL households,late,710,710,Chronos-2,Chronos-2,daily_energy_CV_RMS_pct,19,710,710,0,ok,15.859973037472656,29.806117729562754,18.449658478991864
LCL households,late,710,710,Chronos-2,Chronos-2,daily_energy_CV_RMS_pct,20,710,710,0,ok,16.757034300539114,30.83593620039086,20.516429363618702
LCL households,late,710,710,Chronos-2,Chronos-2,daily_energy_CV_RMS_pct,21,710,710,0,ok,17.59807688699039,31.51554296463897,21.457177271499482
LCL households,late,710,710,Chronos-2,Chronos-2,daily_energy_CV_RMS_pct,22,710,710,0,ok,15.516058565937959,29.526129479732255,18.583927384712023
LCL households,late,710,710,Chronos-2,Chronos-2,daily_energy_CV_RMS_pct,23,710,710,0,ok,15.707499732873044,29.155908975848025,18.80932795509041
LCL households,late,710,710,Chronos-2,Chronos-2,daily_energy_CV_RMS_pct,24,710,710,0,ok,16.991388647608122,30.372679937284435,19.997061393913135
LCL households,late,710,710,Chronos-2,Chronos-2,daily_energy_CV_RMS_pct,25,710,710,0,ok,18.366195593586855,33.35160072441391,22.81624201232943
LCL households,late,710,710,Chronos-2,Chronos-2,daily_energy_CV_RMS_pct,26,710,710,0,ok,17.05117145852825,31.771026104379832,22.553150093941234
LCL households,late,710,710,Chronos-2,Chronos-2,daily_energy_CV_RMS_pct,27,710,710,0,ok,17.756645196719123,32.111292690754,21.687479447913717
LCL households,late,710,710,Chronos-2,Chronos-2,daily_energy_CV_RMS_pct,28,710,710,0,ok,16.62202195560393,30.72557717235343,20.42265699168189
LCL households,late,710,710,Chronos-2,Chronos-2,daily_energy_CV_RMS_pct,29,710,710,0,ok,18.512860985095813,35.18871944653685,21.756511848517487
LCL households,late,710,710,Chronos-2,Chronos-2,daily_energy_CV_RMS_pct,30,710,710,0,ok,17.22657422596981,32.382447542428245,21.503169221842413
LCL households,late,710,710,Chronos-2,Chronos-2,daily_energy_CV_RMS_pct,31,710,710,0,ok,18.47739531853476,34.13028845943635,22.694183494184067
LCL households,late,710,710,Chronos-2,Chronos-2,cumulative_energy_CV_RMS_pct,1,710,710,0,ok,10.654093394845257,27.10562537165757,13.755682784497111
LCL households,late,710,710,Chronos-2,Chronos-2,cumulative_energy_CV_RMS_pct,2,710,710,0,ok,9.715461001359238,20.951701970459098,12.692090377979598
LCL households,late,710,710,Chronos-2,Chronos-2,cumulative_energy_CV_RMS_pct,3,710,710,0,ok,9.965927043417741,19.412768905390315,12.648305423837371
LCL households,late,710,710,Chronos-2,Chronos-2,cumulative_energy_CV_RMS_pct,4,710,710,0,ok,9.696223644247315,18.12672963757336,12.130678143185584
LCL households,late,710,710,Chronos-2,Chronos-2,cumulative_energy_CV_RMS_pct,5,710,710,0,ok,10.01308874085903,18.32784454382269,12.884229509250261
LCL households,late,710,710,Chronos-2,Chronos-2,cumulative_energy_CV_RMS_pct,6,710,710,0,ok,10.679478235631041,18.7923157672633,13.818581810187572
LCL households,late,710,710,Chronos-2,Chronos-2,cumulative_energy_CV_RMS_pct,7,710,710,0,ok,10.616477213861401,18.656991754176577,13.335441524399675
LCL households,late,710,710,Chronos-2,Chronos-2,cumulative_energy_CV_RMS_pct,8,710,710,0,ok,11.14133887007845,18.699166016097198,13.423703755247852
LCL households,late,710,710,Chronos-2,Chronos-2,cumulative_energy_CV_RMS_pct,9,710,710,0,ok,11.035273885391717,18.86785936181722,13.718226732511457
LCL households,late,710,710,Chronos-2,Chronos-2,cumulative_energy_CV_RMS_pct,10,710,710,0,ok,11.322654045736098,18.92465150076537,13.662853971207365
LCL households,late,710,710,Chronos-2,Chronos-2,cumulative_energy_CV_RMS_pct,11,710,710,0,ok,11.831551211091389,19.390357479884734,14.338386184428773
LCL households,late,710,710,Chronos-2,Chronos-2,cumulative_energy_CV_RMS_pct,12,710,710,0,ok,11.872822034067973,19.48122187892712,14.37320005019209
LCL households,late,710,710,Chronos-2,Chronos-2,cumulative_energy_CV_RMS_pct,13,710,710,0,ok,12.364707454214436,19.936014470455536,15.037234984350931
LCL households,late,710,710,Chronos-2,Chronos-2,cumulative_energy_CV_RMS_pct,14,710,710,0,ok,12.615654204112385,20.236050312418595,15.022895393142626
LCL households,late,710,710,Chronos-2,Chronos-2,cumulative_energy_CV_RMS_pct,15,710,710,0,ok,12.668763318569809,20.478302999991467,15.629400258734906
LCL households,late,710,710,Chronos-2,Chronos-2,cumulative_energy_CV_RMS_pct,16,710,710,0,ok,12.70012464722439,20.513459069914163,15.453150266343737
LCL households,late,710,710,Chronos-2,Chronos-2,cumulative_energy_CV_RMS_pct,17,710,710,0,ok,12.470682567704014,20.764758707280436,15.421597490382084
LCL households,late,710,710,Chronos-2,Chronos-2,cumulative_energy_CV_RMS_pct,18,710,710,0,ok,12.753231466559651,20.89483673019596,15.279608531157242
LCL households,late,710,710,Chronos-2,Chronos-2,cumulative_energy_CV_RMS_pct,19,710,710,0,ok,12.744378193081136,20.974828822981607,15.359053996037177
LCL households,late,710,710,Chronos-2,Chronos-2,cumulative_energy_CV_RMS_pct,20,710,710,0,ok,13.056525499002968,21.158480104616732,15.480164594819112
LCL households,late,710,710,Chronos-2,Chronos-2,cumulative_energy_CV_RMS_pct,21,710,710,0,ok,13.448638014496117,21.365869833437376,15.876932732916561
LCL households,late,710,710,Chronos-2,Chronos-2,cumulative_energy_CV_RMS_pct,22,710,710,0,ok,13.636461169794945,21.450304517746424,16.15517055690114
LCL households,late,710,710,Chronos-2,Chronos-2,cumulative_energy_CV_RMS_pct,23,710,710,0,ok,13.758416195848461,21.518251169641875,16.385738693421082
LCL households,late,710,710,Chronos-2,Chronos-2,cumulative_energy_CV_RMS_pct,24,710,710,0,ok,13.831753895724846,21.586487668264176,16.68069324689598
LCL households,late,710,710,Chronos-2,Chronos-2,cumulative_energy_CV_RMS_pct,25,710,710,0,ok,13.878321335852059,21.734166412795112,16.876252614369626
LCL households,late,710,710,Chronos-2,Chronos-2,cumulative_energy_CV_RMS_pct,26,710,710,0,ok,13.983853872674382,21.780615181046215,16.959873503228263
LCL households,late,710,710,Chronos-2,Chronos-2,cumulative_energy_CV_RMS_pct,27,710,710,0,ok,13.892573465604357,21.87778139808657,17.154245962647778
LCL households,late,710,710,Chronos-2,Chronos-2,cumulative_energy_CV_RMS_pct,28,710,710,0,ok,14.063545994897153,21.944149357362566,17.033121015682706
LCL households,late,710,710,Chronos-2,Chronos-2,cumulative_energy_CV_RMS_pct,29,710,710,0,ok,14.20296388754423,22.152805261004673,16.92570298945031
LCL households,late,710,710,Chronos-2,Chronos-2,cumulative_energy_CV_RMS_pct,30,710,710,0,ok,14.274854262718428,22.272722783238038,17.40926296514136
LCL households,late,710,710,Chronos-2,Chronos-2,cumulative_energy_CV_RMS_pct,31,710,710,0,ok,14.412417184077452,22.426638091206286,17.574373699375457
LCL households,late,710,710,DLinear,DLinear,hourly_CV_RMSE_pct,1,710,710,0,ok,58.243561766517445,99.2587906824653,56.09741459115629
LCL households,late,710,710,DLinear,DLinear,hourly_CV_RMSE_pct,2,710,710,0,ok,55.04083444165615,83.91785817906421,54.01762586854322
LCL households,late,710,710,DLinear,DLinear,hourly_CV_RMSE_pct,3,710,710,0,ok,55.573943060433784,88.69073598280197,54.42270790819101
LCL households,late,710,710,DLinear,DLinear,hourly_CV_RMSE_pct,4,710,710,0,ok,56.05772394079027,93.50678959105726,53.897536813545585
LCL households,late,710,710,DLinear,DLinear,hourly_CV_RMSE_pct,5,710,710,0,ok,60.21081445436079,99.64282412360079,58.03693684998436
LCL households,late,710,710,DLinear,DLinear,hourly_CV_RMSE_pct,6,710,710,0,ok,59.025341176266245,98.93308337708204,56.81144921408243
LCL households,late,710,710,DLinear,DLinear,hourly_CV_RMSE_pct,7,710,710,0,ok,58.13823177760138,100.62126483840115,56.419144906453596
LCL households,late,710,710,DLinear,DLinear,hourly_CV_RMSE_pct,8,710,710,0,ok,60.01177706799783,107.87321449928503,59.24814340005547
LCL households,late,710,710,DLinear,DLinear,hourly_CV_RMSE_pct,9,710,710,0,ok,59.93574365560944,109.26638866100292,57.83385527407272
LCL households,late,710,710,DLinear,DLinear,hourly_CV_RMSE_pct,10,710,710,0,ok,59.99957768971937,110.77542131405535,57.384576923287355
LCL households,late,710,710,DLinear,DLinear,hourly_CV_RMSE_pct,11,710,710,0,ok,62.57066001259058,119.17949298881074,58.90925888968606
LCL households,late,710,710,DLinear,DLinear,hourly_CV_RMSE_pct,12,710,710,0,ok,63.59788913026849,120.81561533097153,60.46281709649983
LCL households,late,710,710,DLinear,DLinear,hourly_CV_RMSE_pct,13,710,710,0,ok,63.96037134089704,127.40997981525015,61.693552543176025
LCL households,late,710,710,DLinear,DLinear,hourly_CV_RMSE_pct,14,710,710,0,ok,63.939173084264475,129.31378457235445,60.05668901440586
LCL households,late,710,710,DLinear,DLinear,hourly_CV_RMSE_pct,15,710,710,0,ok,64.45097570378749,129.65549065759603,60.786590172157986
LCL households,late,710,710,DLinear,DLinear,hourly_CV_RMSE_pct,16,710,710,0,ok,61.38030289812656,127.2237317967477,58.74530760722861
LCL households,late,710,710,DLinear,DLinear,hourly_CV_RMSE_pct,17,710,710,0,ok,63.44398126561337,127.5683070497596,60.466186182018106
LCL households,late,710,710,DLinear,DLinear,hourly_CV_RMSE_pct,18,710,710,0,ok,63.869693973132534,127.94387810732245,61.796486018405496
LCL households,late,710,710,DLinear,DLinear,hourly_CV_RMSE_pct,19,710,710,0,ok,64.93509396672034,130.52173008210917,60.50772361149308
LCL households,late,710,710,DLinear,DLinear,hourly_CV_RMSE_pct,20,710,710,0,ok,64.24034440916903,135.37698052312658,59.911320035895585
LCL households,late,710,710,DLinear,DLinear,hourly_CV_RMSE_pct,21,710,710,0,ok,65.30769362625601,135.85639044820707,64.02752620937383
LCL households,late,710,710,DLinear,DLinear,hourly_CV_RMSE_pct,22,710,710,0,ok,63.939698996641994,136.45801153890415,61.28014851950127
LCL households,late,710,710,DLinear,DLinear,hourly_CV_RMSE_pct,23,710,710,0,ok,64.24413566986124,137.294202006774,60.61316840565243
LCL households,late,710,710,DLinear,DLinear,hourly_CV_RMSE_pct,24,710,710,0,ok,64.84374460778606,141.2099672241208,62.14863125264773
LCL households,late,710,710,DLinear,DLinear,hourly_CV_RMSE_pct,25,710,710,0,ok,69.91813336526859,146.2145343227784,66.76984029322213
LCL households,late,710,710,DLinear,DLinear,hourly_CV_RMSE_pct,26,710,710,0,ok,67.12671526124743,144.01267215388353,64.63608044844938
LCL households,late,710,710,DLinear,DLinear,hourly_CV_RMSE_pct,27,710,710,0,ok,67.06654533618998,145.0310621972094,64.36128928036501
LCL households,late,710,710,DLinear,DLinear,hourly_CV_RMSE_pct,28,710,710,0,ok,65.63996932434962,151.31312417484955,63.72662024247943
LCL households,late,710,710,DLinear,DLinear,hourly_CV_RMSE_pct,29,710,710,0,ok,67.52502870831864,161.94611399819152,64.3996335529892
LCL households,late,710,710,DLinear,DLinear,hourly_CV_RMSE_pct,30,710,710,0,ok,67.72029737890479,153.38993123451226,65.35637105829291
LCL households,late,710,710,DLinear,DLinear,hourly_CV_RMSE_pct,31,710,710,0,ok,70.07605507546685,159.15579052652956,66.57129844197922
LCL households,late,710,710,DLinear,DLinear,daily_energy_CV_RMS_pct,1,710,710,0,ok,12.51395157868939,32.500082659088676,14.149345702880877
LCL households,late,710,710,DLinear,DLinear,daily_energy_CV_RMS_pct,2,710,710,0,ok,11.191448801306207,35.05451301188559,13.095354519363386
LCL households,late,710,710,DLinear,DLinear,daily_energy_CV_RMS_pct,3,710,710,0,ok,11.428044038658278,39.32017510295884,13.557072023254882
LCL households,late,710,710,DLinear,DLinear,daily_energy_CV_RMS_pct,4,710,710,0,ok,13.045876351141814,46.782098829535634,15.073798658472933
LCL households,late,710,710,DLinear,DLinear,daily_energy_CV_RMS_pct,5,710,710,0,ok,13.122286927933388,48.43024577531806,15.686108099605729
LCL households,late,710,710,DLinear,DLinear,daily_energy_CV_RMS_pct,6,710,710,0,ok,12.419580535672052,50.49432803230633,14.253499974767285
LCL households,late,710,710,DLinear,DLinear,daily_energy_CV_RMS_pct,7,710,710,0,ok,12.81191667234688,53.07655701353956,15.115989832983692
LCL households,late,710,710,DLinear,DLinear,daily_energy_CV_RMS_pct,8,710,710,0,ok,13.593000296666029,58.02806267678566,15.706696410039019
LCL households,late,710,710,DLinear,DLinear,daily_energy_CV_RMS_pct,9,710,710,0,ok,12.518873570572826,59.64885917384941,16.080734645128143
LCL households,late,710,710,DLinear,DLinear,daily_energy_CV_RMS_pct,10,710,710,0,ok,13.155778363458776,60.8621430050411,14.896736630123055
LCL households,late,710,710,DLinear,DLinear,daily_energy_CV_RMS_pct,11,710,710,0,ok,13.82718339809473,65.72779654703645,15.141594241982624
LCL households,late,710,710,DLinear,DLinear,daily_energy_CV_RMS_pct,12,710,710,0,ok,13.769327621466719,66.75819738443933,15.829893216615925
LCL households,late,710,710,DLinear,DLinear,daily_energy_CV_RMS_pct,13,710,710,0,ok,13.857272368511374,73.84751096728723,16.226902702479784
LCL households,late,710,710,DLinear,DLinear,daily_energy_CV_RMS_pct,14,710,710,0,ok,13.905593207647147,73.8257283566074,16.036166323843425
LCL households,late,710,710,DLinear,DLinear,daily_energy_CV_RMS_pct,15,710,710,0,ok,14.163758395225866,77.92303045245991,16.664821287962226
LCL households,late,710,710,DLinear,DLinear,daily_energy_CV_RMS_pct,16,710,710,0,ok,13.309790318930762,75.1406316652143,16.40793520213156
LCL households,late,710,710,DLinear,DLinear,daily_energy_CV_RMS_pct,17,710,710,0,ok,13.858417710910501,68.74918952063503,15.91412111590621
LCL households,late,710,710,DLinear,DLinear,daily_energy_CV_RMS_pct,18,710,710,0,ok,14.407178185397559,72.41370406985868,15.69294806244233
LCL households,late,710,710,DLinear,DLinear,daily_energy_CV_RMS_pct,19,710,710,0,ok,14.44441712614192,72.55911670618343,16.74333633935216
LCL households,late,710,710,DLinear,DLinear,daily_energy_CV_RMS_pct,20,710,710,0,ok,14.217841667124976,81.85481920857238,16.18563403085171
LCL households,late,710,710,DLinear,DLinear,daily_energy_CV_RMS_pct,21,710,710,0,ok,15.076533024387066,82.61897888855712,18.839438049695953
LCL households,late,710,710,DLinear,DLinear,daily_energy_CV_RMS_pct,22,710,710,0,ok,15.044157519999768,83.3279226376545,17.427472072699526
LCL households,late,710,710,DLinear,DLinear,daily_energy_CV_RMS_pct,23,710,710,0,ok,15.11023037053916,82.39361099299767,18.447308359872984
LCL households,late,710,710,DLinear,DLinear,daily_energy_CV_RMS_pct,24,710,710,0,ok,16.473873645078683,90.177173342767,18.530969457688308
LCL households,late,710,710,DLinear,DLinear,daily_energy_CV_RMS_pct,25,710,710,0,ok,17.83309787825006,93.62560934495119,21.386988768342086
LCL households,late,710,710,DLinear,DLinear,daily_energy_CV_RMS_pct,26,710,710,0,ok,17.679798157949758,92.50940853333626,20.93167868047145
LCL households,late,710,710,DLinear,DLinear,daily_energy_CV_RMS_pct,27,710,710,0,ok,16.303416312584233,91.47119643879236,19.272919412742887
LCL households,late,710,710,DLinear,DLinear,daily_energy_CV_RMS_pct,28,710,710,0,ok,16.030763780863506,97.75150205400216,17.241354197001932
LCL households,late,710,710,DLinear,DLinear,daily_energy_CV_RMS_pct,29,710,710,0,ok,16.82981007926094,104.85825550391775,18.93786187525968
LCL households,late,710,710,DLinear,DLinear,daily_energy_CV_RMS_pct,30,710,710,0,ok,16.883689947655824,98.25618809618754,19.380538006220846
LCL households,late,710,710,DLinear,DLinear,daily_energy_CV_RMS_pct,31,710,710,0,ok,18.274552732756415,102.0160919970335,20.433286970876686
LCL households,late,710,710,DLinear,DLinear,cumulative_energy_CV_RMS_pct,1,710,710,0,ok,12.51395157868939,32.500082659088676,14.149345702880877
LCL households,late,710,710,DLinear,DLinear,cumulative_energy_CV_RMS_pct,2,710,710,0,ok,9.813631718096557,27.896225759243546,11.12618023094427
LCL households,late,710,710,DLinear,DLinear,cumulative_energy_CV_RMS_pct,3,710,710,0,ok,8.973579896355506,29.12362845697707,10.368502599795045
LCL households,late,710,710,DLinear,DLinear,cumulative_energy_CV_RMS_pct,4,710,710,0,ok,8.609044335026296,31.22035059029753,9.53350955238383
LCL households,late,710,710,DLinear,DLinear,cumulative_energy_CV_RMS_pct,5,710,710,0,ok,8.04379642330627,32.63751908019649,9.442172774463675
LCL households,late,710,710,DLinear,DLinear,cumulative_energy_CV_RMS_pct,6,710,710,0,ok,7.638704842009421,33.846981451305126,8.99514966156773
LCL households,late,710,710,DLinear,DLinear,cumulative_energy_CV_RMS_pct,7,710,710,0,ok,7.330484994706366,35.13864868344777,8.64666903747669
LCL households,late,710,710,DLinear,DLinear,cumulative_energy_CV_RMS_pct,8,710,710,0,ok,6.995181978409041,36.66767293391002,8.234595696446432
LCL households,late,710,710,DLinear,DLinear,cumulative_energy_CV_RMS_pct,9,710,710,0,ok,7.184982834966846,38.103966683612285,8.396599677728647
LCL households,late,710,710,DLinear,DLinear,cumulative_energy_CV_RMS_pct,10,710,710,0,ok,7.383317629604902,39.38058823667084,7.970811512724769
LCL households,late,710,710,DLinear,DLinear,cumulative_energy_CV_RMS_pct,11,710,710,0,ok,7.50483956182646,40.70990004916795,8.13090488369923
LCL households,late,710,710,DLinear,DLinear,cumulative_energy_CV_RMS_pct,12,710,710,0,ok,7.129727870411373,41.87752471933457,7.964830240902614
LCL households,late,710,710,DLinear,DLinear,cumulative_energy_CV_RMS_pct,13,710,710,0,ok,7.221336309124319,43.500558876496484,7.9255228900573425
LCL households,late,710,710,DLinear,DLinear,cumulative_energy_CV_RMS_pct,14,710,710,0,ok,7.182600846830861,44.82741540093115,7.823888252764734
LCL households,late,710,710,DLinear,DLinear,cumulative_energy_CV_RMS_pct,15,710,710,0,ok,7.125360831903837,46.32244644642565,7.901764921051228
LCL households,late,710,710,DLinear,DLinear,cumulative_energy_CV_RMS_pct,16,710,710,0,ok,7.067974850124425,47.44491743114328,7.979583410547706
LCL households,late,710,710,DLinear,DLinear,cumulative_energy_CV_RMS_pct,17,710,710,0,ok,7.1341339594043145,48.06372480043123,7.7216251502643924
LCL households,late,710,710,DLinear,DLinear,cumulative_energy_CV_RMS_pct,18,710,710,0,ok,6.871487917475274,48.7404041468568,7.894215562196013
LCL households,late,710,710,DLinear,DLinear,cumulative_energy_CV_RMS_pct,19,710,710,0,ok,6.828378733647582,49.25776648024467,7.726772022592556
LCL households,late,710,710,DLinear,DLinear,cumulative_energy_CV_RMS_pct,20,710,710,0,ok,6.840035343100942,50.323688325049126,7.816926815376328
LCL households,late,710,710,DLinear,DLinear,cumulative_energy_CV_RMS_pct,21,710,710,0,ok,6.772309021470597,51.201509173312076,7.954198936150696
LCL households,late,710,710,DLinear,DLinear,cumulative_energy_CV_RMS_pct,22,710,710,0,ok,6.812006574668156,52.096192971483966,8.152746351377012
LCL households,late,710,710,DLinear,DLinear,cumulative_energy_CV_RMS_pct,23,710,710,0,ok,7.063693565937472,52.91935684438528,8.156489899169175
LCL households,late,710,710,DLinear,DLinear,cumulative_energy_CV_RMS_pct,24,710,710,0,ok,7.029673776479527,53.91950728422917,8.247775746845706
LCL households,late,710,710,DLinear,DLinear,cumulative_energy_CV_RMS_pct,25,710,710,0,ok,7.216190364317176,54.944876017874876,8.408261170576342
LCL households,late,710,710,DLinear,DLinear,cumulative_energy_CV_RMS_pct,26,710,710,0,ok,7.268631899122229,55.847328354665514,8.35067723500913
LCL households,late,710,710,DLinear,DLinear,cumulative_energy_CV_RMS_pct,27,710,710,0,ok,7.4267392669574575,56.71986473949259,8.458418308318581
LCL households,late,710,710,DLinear,DLinear,cumulative_energy_CV_RMS_pct,28,710,710,0,ok,7.286323723045705,57.7235926105069,8.544793549389357
LCL households,late,710,710,DLinear,DLinear,cumulative_energy_CV_RMS_pct,29,710,710,0,ok,7.360994300626531,58.797421307766705,8.646924866903603
LCL households,late,710,710,DLinear,DLinear,cumulative_energy_CV_RMS_pct,30,710,710,0,ok,7.392667514135514,59.68370131898981,8.676456487961573
LCL households,late,710,710,DLinear,DLinear,cumulative_energy_CV_RMS_pct,31,710,710,0,ok,7.5514618661350745,60.6782928472538,8.720857208323963
LCL households,late,710,710,ANKYRA-1x-archived,ANKYRA 1.x (archived input),hourly_CV_RMSE_pct,1,710,710,0,ok,53.36052069825694,85.8201370095622,53.34043808237885
LCL households,late,710,710,ANKYRA-1x-archived,ANKYRA 1.x (archived input),hourly_CV_RMSE_pct,2,710,710,0,ok,48.89841312817475,62.433006941423606,49.07363360961588
LCL households,late,710,710,ANKYRA-1x-archived,ANKYRA 1.x (archived input),hourly_CV_RMSE_pct,3,710,710,0,ok,49.34775264917903,62.815738181749616,49.725467227082476
LCL households,late,710,710,ANKYRA-1x-archived,ANKYRA 1.x (archived input),hourly_CV_RMSE_pct,4,710,710,0,ok,49.033605651652756,60.579566319747464,48.09089913760269
LCL households,late,710,710,ANKYRA-1x-archived,ANKYRA 1.x (archived input),hourly_CV_RMSE_pct,5,710,710,0,ok,54.37583290232952,68.39700437590027,54.33201375897524
LCL households,late,710,710,ANKYRA-1x-archived,ANKYRA 1.x (archived input),hourly_CV_RMSE_pct,6,710,710,0,ok,52.75572447218686,66.5296397747458,52.40609610543906
LCL households,late,710,710,ANKYRA-1x-archived,ANKYRA 1.x (archived input),hourly_CV_RMSE_pct,7,710,710,0,ok,51.53813923432526,63.66805938013063,52.31666117618686
LCL households,late,710,710,ANKYRA-1x-archived,ANKYRA 1.x (archived input),hourly_CV_RMSE_pct,8,710,710,0,ok,54.0622878125371,67.90302336988469,54.96664191963926
LCL households,late,710,710,ANKYRA-1x-archived,ANKYRA 1.x (archived input),hourly_CV_RMSE_pct,9,710,710,0,ok,54.329363594861725,66.78769369027951,54.77684363347442
LCL households,late,710,710,ANKYRA-1x-archived,ANKYRA 1.x (archived input),hourly_CV_RMSE_pct,10,710,710,0,ok,54.900825548204104,66.93159745567264,54.40289366325584
LCL households,late,710,710,ANKYRA-1x-archived,ANKYRA 1.x (archived input),hourly_CV_RMSE_pct,11,710,710,0,ok,57.43947709659582,72.81924291007654,55.516030102778686
LCL households,late,710,710,ANKYRA-1x-archived,ANKYRA 1.x (archived input),hourly_CV_RMSE_pct,12,710,710,0,ok,58.20349619090866,71.8698455916112,56.22527352584892
LCL households,late,710,710,ANKYRA-1x-archived,ANKYRA 1.x (archived input),hourly_CV_RMSE_pct,13,710,710,0,ok,59.101788614797904,73.43668892293883,59.605343044705336
LCL households,late,710,710,ANKYRA-1x-archived,ANKYRA 1.x (archived input),hourly_CV_RMSE_pct,14,710,710,0,ok,59.10286263573303,74.08063925667203,57.975768141931226
LCL households,late,710,710,ANKYRA-1x-archived,ANKYRA 1.x (archived input),hourly_CV_RMSE_pct,15,710,710,0,ok,60.001542034831665,76.46390236411902,58.98370540676293
LCL households,late,710,710,ANKYRA-1x-archived,ANKYRA 1.x (archived input),hourly_CV_RMSE_pct,16,710,710,0,ok,57.15141266220511,74.14718085660303,56.48191427647181
LCL households,late,710,710,ANKYRA-1x-archived,ANKYRA 1.x (archived input),hourly_CV_RMSE_pct,17,710,710,0,ok,59.06575291540686,89.49109387737953,58.350048052559174
LCL households,late,710,710,ANKYRA-1x-archived,ANKYRA 1.x (archived input),hourly_CV_RMSE_pct,18,710,710,0,ok,59.71292319749543,75.29474547947463,59.803415020521115
LCL households,late,710,710,ANKYRA-1x-archived,ANKYRA 1.x (archived input),hourly_CV_RMSE_pct,19,710,710,0,ok,60.135261132381125,75.94841966133448,57.08742064917103
LCL households,late,710,710,ANKYRA-1x-archived,ANKYRA 1.x (archived input),hourly_CV_RMSE_pct,20,710,710,0,ok,60.01863398579102,75.6689412352277,57.56682803613312
LCL households,late,710,710,ANKYRA-1x-archived,ANKYRA 1.x (archived input),hourly_CV_RMSE_pct,21,710,710,0,ok,60.36054799411744,75.78184180686229,59.688230753456224
LCL households,late,710,710,ANKYRA-1x-archived,ANKYRA 1.x (archived input),hourly_CV_RMSE_pct,22,710,710,0,ok,58.64580409904647,75.20304026784066,58.29186057610855
LCL households,late,710,710,ANKYRA-1x-archived,ANKYRA 1.x (archived input),hourly_CV_RMSE_pct,23,710,710,0,ok,59.85584380284248,74.20599982011596,58.4633836616639
LCL households,late,710,710,ANKYRA-1x-archived,ANKYRA 1.x (archived input),hourly_CV_RMSE_pct,24,710,710,0,ok,59.4268497757075,72.91965625834273,59.1351933091822
LCL households,late,710,710,ANKYRA-1x-archived,ANKYRA 1.x (archived input),hourly_CV_RMSE_pct,25,710,710,0,ok,63.12061326759498,79.39381364739597,62.48086640702766
LCL households,late,710,710,ANKYRA-1x-archived,ANKYRA 1.x (archived input),hourly_CV_RMSE_pct,26,710,710,0,ok,61.33431321405362,76.42734765822037,59.966895533501884
LCL households,late,710,710,ANKYRA-1x-archived,ANKYRA 1.x (archived input),hourly_CV_RMSE_pct,27,710,710,0,ok,61.455856945976755,77.39176288036278,59.84838257257732
LCL households,late,710,710,ANKYRA-1x-archived,ANKYRA 1.x (archived input),hourly_CV_RMSE_pct,28,710,710,0,ok,60.13716757266933,75.44613558555818,59.47475115933885
LCL households,late,710,710,ANKYRA-1x-archived,ANKYRA 1.x (archived input),hourly_CV_RMSE_pct,29,710,710,0,ok,62.52679882786219,84.14447984527149,61.69532956163164
LCL households,late,710,710,ANKYRA-1x-archived,ANKYRA 1.x (archived input),hourly_CV_RMSE_pct,30,710,710,0,ok,62.552876828637665,81.76170102465645,61.816581048184695
LCL households,late,710,710,ANKYRA-1x-archived,ANKYRA 1.x (archived input),hourly_CV_RMSE_pct,31,710,710,0,ok,64.43220073270527,81.8735944144125,63.23499115572789
LCL households,late,710,710,ANKYRA-1x-archived,ANKYRA 1.x (archived input),daily_energy_CV_RMS_pct,1,710,710,0,ok,11.831274371894384,26.27370989633998,13.309737521456027
LCL households,late,710,710,ANKYRA-1x-archived,ANKYRA 1.x (archived input),daily_energy_CV_RMS_pct,2,710,710,0,ok,9.775596602022881,18.184924665172513,11.695208770394338
LCL households,late,710,710,ANKYRA-1x-archived,ANKYRA 1.x (archived input),daily_energy_CV_RMS_pct,3,710,710,0,ok,9.882944933534025,18.816338623309832,11.46132495373141
LCL households,late,710,710,ANKYRA-1x-archived,ANKYRA 1.x (archived input),daily_energy_CV_RMS_pct,4,710,710,0,ok,10.890082156735401,20.913571953281828,12.667372260282619
LCL households,late,710,710,ANKYRA-1x-archived,ANKYRA 1.x (archived input),daily_energy_CV_RMS_pct,5,710,710,0,ok,12.138689245737122,23.682622411288612,14.140266514645369
LCL households,late,710,710,ANKYRA-1x-archived,ANKYRA 1.x (archived input),daily_energy_CV_RMS_pct,6,710,710,0,ok,11.652712666554924,23.28337385594551,13.315913317050454
LCL households,late,710,710,ANKYRA-1x-archived,ANKYRA 1.x (archived input),daily_energy_CV_RMS_pct,7,710,710,0,ok,11.150017729914564,22.169703825249087,14.04546787175393
LCL households,late,710,710,ANKYRA-1x-archived,ANKYRA 1.x (archived input),daily_energy_CV_RMS_pct,8,710,710,0,ok,12.278677606534892,25.176110605054348,13.848525218592695
LCL households,late,710,710,ANKYRA-1x-archived,ANKYRA 1.x (archived input),daily_energy_CV_RMS_pct,9,710,710,0,ok,11.920881362898495,24.06486738500229,13.677371329839309
LCL households,late,710,710,ANKYRA-1x-archived,ANKYRA 1.x (archived input),daily_energy_CV_RMS_pct,10,710,710,0,ok,11.817480077471066,23.538740115145117,13.725367398300044
LCL households,late,710,710,ANKYRA-1x-archived,ANKYRA 1.x (archived input),daily_energy_CV_RMS_pct,11,710,710,0,ok,13.151223752640735,26.479360589320866,15.093330793841229
LCL households,late,710,710,ANKYRA-1x-archived,ANKYRA 1.x (archived input),daily_energy_CV_RMS_pct,12,710,710,0,ok,12.089996511549735,24.98476523197965,14.454058527056379
LCL households,late,710,710,ANKYRA-1x-archived,ANKYRA 1.x (archived input),daily_energy_CV_RMS_pct,13,710,710,0,ok,13.508454520018912,26.745067417753898,15.266157665305686
LCL households,late,710,710,ANKYRA-1x-archived,ANKYRA 1.x (archived input),daily_energy_CV_RMS_pct,14,710,710,0,ok,13.68934829653103,27.88743086900425,16.41668642455631
LCL households,late,710,710,ANKYRA-1x-archived,ANKYRA 1.x (archived input),daily_energy_CV_RMS_pct,15,710,710,0,ok,13.253669311016901,29.336318846498376,15.85114441737184
LCL households,late,710,710,ANKYRA-1x-archived,ANKYRA 1.x (archived input),daily_energy_CV_RMS_pct,16,710,710,0,ok,13.065578301567792,27.385053316762306,14.999607598259995
LCL households,late,710,710,ANKYRA-1x-archived,ANKYRA 1.x (archived input),daily_energy_CV_RMS_pct,17,710,710,0,ok,12.651600275093863,29.59711769363184,14.46545677584184
LCL households,late,710,710,ANKYRA-1x-archived,ANKYRA 1.x (archived input),daily_energy_CV_RMS_pct,18,710,710,0,ok,13.525203217124892,28.36295398928926,16.35192780786152
LCL households,late,710,710,ANKYRA-1x-archived,ANKYRA 1.x (archived input),daily_energy_CV_RMS_pct,19,710,710,0,ok,13.535910602350537,28.42236447161181,15.973368166583754
LCL households,late,710,710,ANKYRA-1x-archived,ANKYRA 1.x (archived input),daily_energy_CV_RMS_pct,20,710,710,0,ok,14.019341418706137,29.08610137313222,16.322256298793178
LCL households,late,710,710,ANKYRA-1x-archived,ANKYRA 1.x (archived input),daily_energy_CV_RMS_pct,21,710,710,0,ok,14.80989412266821,30.29243091105609,17.918682114332732
LCL households,late,710,710,ANKYRA-1x-archived,ANKYRA 1.x (archived input),daily_energy_CV_RMS_pct,22,710,710,0,ok,13.707312787435088,30.16009509498002,17.0875971014024
LCL households,late,710,710,ANKYRA-1x-archived,ANKYRA 1.x (archived input),daily_energy_CV_RMS_pct,23,710,710,0,ok,13.117021478182384,27.414069743500253,16.365027487850035
LCL households,late,710,710,ANKYRA-1x-archived,ANKYRA 1.x (archived input),daily_energy_CV_RMS_pct,24,710,710,0,ok,14.463483944607077,28.670462200400017,17.083390234933145
LCL households,late,710,710,ANKYRA-1x-archived,ANKYRA 1.x (archived input),daily_energy_CV_RMS_pct,25,710,710,0,ok,15.892444391978351,32.141173190268695,19.10583775568403
LCL households,late,710,710,ANKYRA-1x-archived,ANKYRA 1.x (archived input),daily_energy_CV_RMS_pct,26,710,710,0,ok,15.827796720472273,31.059092807778377,18.66032984462364
LCL households,late,710,710,ANKYRA-1x-archived,ANKYRA 1.x (archived input),daily_energy_CV_RMS_pct,27,710,710,0,ok,15.327552564673342,30.733713983597625,17.632478331627944
LCL households,late,710,710,ANKYRA-1x-archived,ANKYRA 1.x (archived input),daily_energy_CV_RMS_pct,28,710,710,0,ok,14.661580956738975,30.066883038001617,17.030424014952196
LCL households,late,710,710,ANKYRA-1x-archived,ANKYRA 1.x (archived input),daily_energy_CV_RMS_pct,29,710,710,0,ok,15.755295346370145,35.298259651666555,17.606110611917643
LCL households,late,710,710,ANKYRA-1x-archived,ANKYRA 1.x (archived input),daily_energy_CV_RMS_pct,30,710,710,0,ok,15.365943171236266,33.38459711918779,17.50835709702735
LCL households,late,710,710,ANKYRA-1x-archived,ANKYRA 1.x (archived input),daily_energy_CV_RMS_pct,31,710,710,0,ok,16.22993067078311,32.82716591822127,18.78488244725059
LCL households,late,710,710,ANKYRA-1x-archived,ANKYRA 1.x (archived input),cumulative_energy_CV_RMS_pct,1,710,710,0,ok,11.831274371894384,26.27370989633998,13.309737521456027
LCL households,late,710,710,ANKYRA-1x-archived,ANKYRA 1.x (archived input),cumulative_energy_CV_RMS_pct,2,710,710,0,ok,9.109778975976393,18.755949762345377,10.705093793952134
LCL households,late,710,710,ANKYRA-1x-archived,ANKYRA 1.x (archived input),cumulative_energy_CV_RMS_pct,3,710,710,0,ok,8.227379621431076,16.71570135938702,9.589825704890899
LCL households,late,710,710,ANKYRA-1x-archived,ANKYRA 1.x (archived input),cumulative_energy_CV_RMS_pct,4,710,710,0,ok,7.834540860864954,15.681823410096248,9.502582148420071
LCL households,late,710,710,ANKYRA-1x-archived,ANKYRA 1.x (archived input),cumulative_energy_CV_RMS_pct,5,710,710,0,ok,7.77150212514799,15.684105089138875,9.004790019064833
LCL households,late,710,710,ANKYRA-1x-archived,ANKYRA 1.x (archived input),cumulative_energy_CV_RMS_pct,6,710,710,0,ok,7.439987203881592,15.462353857392193,9.455516470470695
LCL households,late,710,710,ANKYRA-1x-archived,ANKYRA 1.x (archived input),cumulative_energy_CV_RMS_pct,7,710,710,0,ok,7.199870784942412,14.982523081748283,8.895907043504081
LCL households,late,710,710,ANKYRA-1x-archived,ANKYRA 1.x (archived input),cumulative_energy_CV_RMS_pct,8,710,710,0,ok,7.256862201358895,15.135799738173482,9.018947989390501
LCL households,late,710,710,ANKYRA-1x-archived,ANKYRA 1.x (archived input),cumulative_energy_CV_RMS_pct,9,710,710,0,ok,7.207279908684955,15.087484712255158,8.867145873099979
LCL households,late,710,710,ANKYRA-1x-archived,ANKYRA 1.x (archived input),cumulative_energy_CV_RMS_pct,10,710,710,0,ok,7.260820009452028,15.086743343281,8.695119435102367
LCL households,late,710,710,ANKYRA-1x-archived,ANKYRA 1.x (archived input),cumulative_energy_CV_RMS_pct,11,710,710,0,ok,7.4875206127778435,15.212957916342935,9.068588226187728
LCL households,late,710,710,ANKYRA-1x-archived,ANKYRA 1.x (archived input),cumulative_energy_CV_RMS_pct,12,710,710,0,ok,7.509570435235614,15.182074462296569,8.766155111245077
LCL households,late,710,710,ANKYRA-1x-archived,ANKYRA 1.x (archived input),cumulative_energy_CV_RMS_pct,13,710,710,0,ok,7.49893390396736,15.343103209491943,8.845006809653668
LCL households,late,710,710,ANKYRA-1x-archived,ANKYRA 1.x (archived input),cumulative_energy_CV_RMS_pct,14,710,710,0,ok,7.678878108169618,15.491025335078339,8.786003358276492
LCL households,late,710,710,ANKYRA-1x-archived,ANKYRA 1.x (archived input),cumulative_energy_CV_RMS_pct,15,710,710,0,ok,7.73009292340374,15.811737483588729,8.919010007722491
LCL households,late,710,710,ANKYRA-1x-archived,ANKYRA 1.x (archived input),cumulative_energy_CV_RMS_pct,16,710,710,0,ok,7.925240443395664,15.852869823005578,8.979179688646116
LCL households,late,710,710,ANKYRA-1x-archived,ANKYRA 1.x (archived input),cumulative_energy_CV_RMS_pct,17,710,710,0,ok,7.8180004082922565,16.06325911510245,9.075388345242096
LCL households,late,710,710,ANKYRA-1x-archived,ANKYRA 1.x (archived input),cumulative_energy_CV_RMS_pct,18,710,710,0,ok,7.981063648709233,16.188557860631015,9.182082053448424
LCL households,late,710,710,ANKYRA-1x-archived,ANKYRA 1.x (archived input),cumulative_energy_CV_RMS_pct,19,710,710,0,ok,7.858107781318385,16.22192293534769,8.973266726275051
LCL households,late,710,710,ANKYRA-1x-archived,ANKYRA 1.x (archived input),cumulative_energy_CV_RMS_pct,20,710,710,0,ok,8.183263540133723,16.402810283863573,9.209239298722913
LCL households,late,710,710,ANKYRA-1x-archived,ANKYRA 1.x (archived input),cumulative_energy_CV_RMS_pct,21,710,710,0,ok,8.43421809944982,16.527744540863132,9.396698455601227
LCL households,late,710,710,ANKYRA-1x-archived,ANKYRA 1.x (archived input),cumulative_energy_CV_RMS_pct,22,710,710,0,ok,8.392920617245704,16.63376341815353,9.445079037730935
LCL households,late,710,710,ANKYRA-1x-archived,ANKYRA 1.x (archived input),cumulative_energy_CV_RMS_pct,23,710,710,0,ok,8.297353175191953,16.576334320589826,9.208559520860206
LCL households,late,710,710,ANKYRA-1x-archived,ANKYRA 1.x (archived input),cumulative_energy_CV_RMS_pct,24,710,710,0,ok,8.146067556936554,16.576639661147887,9.189406533704314
LCL households,late,710,710,ANKYRA-1x-archived,ANKYRA 1.x (archived input),cumulative_energy_CV_RMS_pct,25,710,710,0,ok,8.267784557764243,16.71876172520093,9.46421491185831
LCL households,late,710,710,ANKYRA-1x-archived,ANKYRA 1.x (archived input),cumulative_energy_CV_RMS_pct,26,710,710,0,ok,8.243903585925912,16.750453598205855,9.440377343310342
LCL households,late,710,710,ANKYRA-1x-archived,ANKYRA 1.x (archived input),cumulative_energy_CV_RMS_pct,27,710,710,0,ok,8.176370769845029,16.827356679260326,9.583214957830998
LCL households,late,710,710,ANKYRA-1x-archived,ANKYRA 1.x (archived input),cumulative_energy_CV_RMS_pct,28,710,710,0,ok,8.255441958624127,16.8540111979803,9.887093644950006
LCL households,late,710,710,ANKYRA-1x-archived,ANKYRA 1.x (archived input),cumulative_energy_CV_RMS_pct,29,710,710,0,ok,8.374420645974793,16.980605434070117,9.902430514925292
LCL households,late,710,710,ANKYRA-1x-archived,ANKYRA 1.x (archived input),cumulative_energy_CV_RMS_pct,30,710,710,0,ok,8.403700771414588,17.140316885683937,9.873587849477477
LCL households,late,710,710,ANKYRA-1x-archived,ANKYRA 1.x (archived input),cumulative_energy_CV_RMS_pct,31,710,710,0,ok,8.499177362441012,17.29807570557728,9.819080953157933
LCL households,late,710,710,GBT-T,GBT-T,hourly_CV_RMSE_pct,1,710,710,0,ok,62.23286236387068,137.0081712218323,60.47997817034062
LCL households,late,710,710,GBT-T,GBT-T,hourly_CV_RMSE_pct,2,710,710,0,ok,58.7455180583432,108.13682509428905,58.05070640160022
LCL households,late,710,710,GBT-T,GBT-T,hourly_CV_RMSE_pct,3,710,710,0,ok,59.941957980282204,112.87236438672718,57.01376723551366
LCL households,late,710,710,GBT-T,GBT-T,hourly_CV_RMSE_pct,4,710,710,0,ok,58.198897843755475,134.9979740118001,55.001832050653434
LCL households,late,710,710,GBT-T,GBT-T,hourly_CV_RMSE_pct,5,710,710,0,ok,62.92333920414384,133.83101264955695,59.463979808174145
LCL households,late,710,710,GBT-T,GBT-T,hourly_CV_RMSE_pct,6,710,710,0,ok,62.47460779312637,106.35933169076618,60.22181646398359
LCL households,late,710,710,GBT-T,GBT-T,hourly_CV_RMSE_pct,7,710,710,0,ok,60.90029932014013,124.72788742910197,58.41797770294492
LCL households,late,710,710,GBT-T,GBT-T,hourly_CV_RMSE_pct,8,710,710,0,ok,63.01320618109857,126.43973030894401,61.40388976169495
LCL households,late,710,710,GBT-T,GBT-T,hourly_CV_RMSE_pct,9,710,710,0,ok,63.02074442389569,139.99337005013837,58.92442759618291
LCL households,late,710,710,GBT-T,GBT-T,hourly_CV_RMSE_pct,10,710,710,0,ok,63.62714844753922,135.14685787792243,59.60070938879974
LCL households,late,710,710,GBT-T,GBT-T,hourly_CV_RMSE_pct,11,710,710,0,ok,64.83890017848984,157.37700673565982,60.84975929866902
LCL households,late,710,710,GBT-T,GBT-T,hourly_CV_RMSE_pct,12,710,710,0,ok,66.04351347348955,162.6196935941468,63.34836994793707
LCL households,late,710,710,GBT-T,GBT-T,hourly_CV_RMSE_pct,13,710,710,0,ok,66.93470228468234,151.49094450080761,63.232527330212875
LCL households,late,710,710,GBT-T,GBT-T,hourly_CV_RMSE_pct,14,710,710,0,ok,67.459055161509,346.94175260162245,62.26987742495506
LCL households,late,710,710,GBT-T,GBT-T,hourly_CV_RMSE_pct,15,710,710,0,ok,70.36835277859954,888.526910371373,64.91560914722872
LCL households,late,710,710,GBT-T,GBT-T,hourly_CV_RMSE_pct,16,710,710,0,ok,66.73576849664164,392.86766419097546,62.96901080490423
LCL households,late,710,710,GBT-T,GBT-T,hourly_CV_RMSE_pct,17,710,710,0,ok,69.16329156502198,359.34503807414706,66.87814417052773
LCL households,late,710,710,GBT-T,GBT-T,hourly_CV_RMSE_pct,18,710,710,0,ok,68.97647631862392,411.74258888364216,65.27175207946334
LCL households,late,710,710,GBT-T,GBT-T,hourly_CV_RMSE_pct,19,710,710,0,ok,70.32805548769207,404.0930591608964,65.06528811132009
LCL households,late,710,710,GBT-T,GBT-T,hourly_CV_RMSE_pct,20,710,710,0,ok,69.83205352708237,366.8279898202282,65.27172450548048
LCL households,late,710,710,GBT-T,GBT-T,hourly_CV_RMSE_pct,21,710,710,0,ok,69.38190139801306,293.6053869241979,65.56876297577216
LCL households,late,710,710,GBT-T,GBT-T,hourly_CV_RMSE_pct,22,710,710,0,ok,67.8418998123037,282.76773374116334,63.749909860807286
LCL households,late,710,710,GBT-T,GBT-T,hourly_CV_RMSE_pct,23,710,710,0,ok,69.64248610718806,308.6511784122478,65.53534077649749
LCL households,late,710,710,GBT-T,GBT-T,hourly_CV_RMSE_pct,24,710,710,0,ok,70.89602128472443,348.9850257899642,66.06877987396692
LCL households,late,710,710,GBT-T,GBT-T,hourly_CV_RMSE_pct,25,710,710,0,ok,74.24565838919285,400.81672674110604,69.46871336161088
LCL households,late,710,710,GBT-T,GBT-T,hourly_CV_RMSE_pct,26,710,710,0,ok,71.80561492473552,321.32748468992224,68.12299535235711
LCL households,late,710,710,GBT-T,GBT-T,hourly_CV_RMSE_pct,27,710,710,0,ok,72.14053813661953,357.9796583055774,68.31607273210301
LCL households,late,710,710,GBT-T,GBT-T,hourly_CV_RMSE_pct,28,710,710,0,ok,71.34457159982664,724.6473294621828,67.15282066667626
LCL households,late,710,710,GBT-T,GBT-T,hourly_CV_RMSE_pct,29,710,710,0,ok,72.53988931233012,274.7622571439349,66.43171864103132
LCL households,late,710,710,GBT-T,GBT-T,hourly_CV_RMSE_pct,30,710,710,0,ok,73.8633931627273,212.19362398142775,69.40351668567371
LCL households,late,710,710,GBT-T,GBT-T,hourly_CV_RMSE_pct,31,710,710,0,ok,74.99675083538256,199.003890859454,70.16631839900045
LCL households,late,710,710,GBT-T,GBT-T,daily_energy_CV_RMS_pct,1,710,710,0,ok,14.74567819770428,67.74827058885519,17.338771235976264
LCL households,late,710,710,GBT-T,GBT-T,daily_energy_CV_RMS_pct,2,710,710,0,ok,13.610965160137855,51.31265690191942,14.48587429565223
LCL households,late,710,710,GBT-T,GBT-T,daily_energy_CV_RMS_pct,3,710,710,0,ok,13.287564885165601,52.865724564642804,15.527719520410953
LCL households,late,710,710,GBT-T,GBT-T,daily_energy_CV_RMS_pct,4,710,710,0,ok,14.12873310714348,87.35266466535637,15.09868804073932
LCL households,late,710,710,GBT-T,GBT-T,daily_energy_CV_RMS_pct,5,710,710,0,ok,15.217077240618131,81.75666815591568,17.064262014047785
LCL households,late,710,710,GBT-T,GBT-T,daily_energy_CV_RMS_pct,6,710,710,0,ok,14.393787470610965,54.69661175923503,16.441266727746033
LCL households,late,710,710,GBT-T,GBT-T,daily_energy_CV_RMS_pct,7,710,710,0,ok,15.254687664357219,76.5366984300832,16.40552392121767
LCL households,late,710,710,GBT-T,GBT-T,daily_energy_CV_RMS_pct,8,710,710,0,ok,14.215431414787833,63.974307108049146,16.090942871942183
LCL households,late,710,710,GBT-T,GBT-T,daily_energy_CV_RMS_pct,9,710,710,0,ok,14.993896037837015,64.9804287630653,17.01660470461644
LCL households,late,710,710,GBT-T,GBT-T,daily_energy_CV_RMS_pct,10,710,710,0,ok,16.543825830361126,77.99136148005259,18.538413275333905
LCL households,late,710,710,GBT-T,GBT-T,daily_energy_CV_RMS_pct,11,710,710,0,ok,15.378788312940436,94.40448091457162,17.87340803817137
LCL households,late,710,710,GBT-T,GBT-T,daily_energy_CV_RMS_pct,12,710,710,0,ok,16.08444969118493,99.53232378694148,17.191714192656853
LCL households,late,710,710,GBT-T,GBT-T,daily_energy_CV_RMS_pct,13,710,710,0,ok,16.88909354452087,70.59623196956424,17.664330781861537
LCL households,late,710,710,GBT-T,GBT-T,daily_energy_CV_RMS_pct,14,710,710,0,ok,16.469357012802888,230.96926286883712,17.763802719583836
LCL households,late,710,710,GBT-T,GBT-T,daily_energy_CV_RMS_pct,15,710,710,0,ok,16.348731654637284,825.8880550029259,18.64524370943232
LCL households,late,710,710,GBT-T,GBT-T,daily_energy_CV_RMS_pct,16,710,710,0,ok,17.229053647934492,340.21465773493793,18.35601588832289
LCL households,late,710,710,GBT-T,GBT-T,daily_energy_CV_RMS_pct,17,710,710,0,ok,17.6794309306362,306.6526510920139,19.568623260674805
LCL households,late,710,710,GBT-T,GBT-T,daily_energy_CV_RMS_pct,18,710,710,0,ok,16.739147711515496,357.5847568759556,16.992583553557857
LCL households,late,710,710,GBT-T,GBT-T,daily_energy_CV_RMS_pct,19,710,710,0,ok,17.844982753445603,350.9305741779962,20.46544456758445
LCL households,late,710,710,GBT-T,GBT-T,daily_energy_CV_RMS_pct,20,710,710,0,ok,17.69119712009216,314.5716413473807,20.24487649328126
LCL households,late,710,710,GBT-T,GBT-T,daily_energy_CV_RMS_pct,21,710,710,0,ok,18.76660759630167,240.92017706914092,20.892734753210938
LCL households,late,710,710,GBT-T,GBT-T,daily_energy_CV_RMS_pct,22,710,710,0,ok,18.7952696133545,225.7272019593773,20.753908462954097
LCL households,late,710,710,GBT-T,GBT-T,daily_energy_CV_RMS_pct,23,710,710,0,ok,17.839628995235234,248.37982654408805,20.01214787823148
LCL households,late,710,710,GBT-T,GBT-T,daily_energy_CV_RMS_pct,24,710,710,0,ok,20.35663706493895,291.7532165308544,22.723225893642805
LCL households,late,710,710,GBT-T,GBT-T,daily_energy_CV_RMS_pct,25,710,710,0,ok,21.73571331654385,344.20371866131336,24.83712830865229
LCL households,late,710,710,GBT-T,GBT-T,daily_energy_CV_RMS_pct,26,710,710,0,ok,20.69407010668014,260.44526048620946,24.063772041374484
LCL households,late,710,710,GBT-T,GBT-T,daily_energy_CV_RMS_pct,27,710,710,0,ok,20.37126826196404,301.4541271341788,22.352349720009578
LCL households,late,710,710,GBT-T,GBT-T,daily_energy_CV_RMS_pct,28,710,710,0,ok,19.527800851048994,669.6646998907495,21.505485983368075
LCL households,late,710,710,GBT-T,GBT-T,daily_energy_CV_RMS_pct,29,710,710,0,ok,19.5298114718119,195.61159354996627,21.44683681561593
LCL households,late,710,710,GBT-T,GBT-T,daily_energy_CV_RMS_pct,30,710,710,0,ok,20.126614256502364,106.62329610912043,21.440881858598246
LCL households,late,710,710,GBT-T,GBT-T,daily_energy_CV_RMS_pct,31,710,710,0,ok,20.690387382711613,124.09751682368916,22.337182572341177
LCL households,late,710,710,GBT-T,GBT-T,cumulative_energy_CV_RMS_pct,1,710,710,0,ok,14.74567819770428,67.74827058885519,17.338771235976264
LCL households,late,710,710,GBT-T,GBT-T,cumulative_energy_CV_RMS_pct,2,710,710,0,ok,11.591639076809873,54.77234111143646,12.70438633465946
LCL households,late,710,710,GBT-T,GBT-T,cumulative_energy_CV_RMS_pct,3,710,710,0,ok,10.468820295450827,51.50738551767172,11.130185173307996
LCL households,late,710,710,GBT-T,GBT-T,cumulative_energy_CV_RMS_pct,4,710,710,0,ok,9.551487433856304,41.90527264363082,10.894389447611054
LCL households,late,710,710,GBT-T,GBT-T,cumulative_energy_CV_RMS_pct,5,710,710,0,ok,9.156335009591864,40.88847821455738,10.865430621608638
LCL households,late,710,710,GBT-T,GBT-T,cumulative_energy_CV_RMS_pct,6,710,710,0,ok,8.776664238378062,41.26777977973577,9.921739134376175
LCL households,late,710,710,GBT-T,GBT-T,cumulative_energy_CV_RMS_pct,7,710,710,0,ok,8.872778564051172,44.91554728015783,9.578094171509925
LCL households,late,710,710,GBT-T,GBT-T,cumulative_energy_CV_RMS_pct,8,710,710,0,ok,8.302498167688153,39.129902794893006,9.165282106347103
LCL households,late,710,710,GBT-T,GBT-T,cumulative_energy_CV_RMS_pct,9,710,710,0,ok,8.666841398658812,36.316892142667726,8.535539037535635
LCL households,late,710,710,GBT-T,GBT-T,cumulative_energy_CV_RMS_pct,10,710,710,0,ok,8.501379883985441,38.719727324604634,9.001863569121298
LCL households,late,710,710,GBT-T,GBT-T,cumulative_energy_CV_RMS_pct,11,710,710,0,ok,8.600851667975645,42.780977318876765,9.137374310163738
LCL households,late,710,710,GBT-T,GBT-T,cumulative_energy_CV_RMS_pct,12,710,710,0,ok,8.44540138783432,46.59347237226117,8.777104299495807
LCL households,late,710,710,GBT-T,GBT-T,cumulative_energy_CV_RMS_pct,13,710,710,0,ok,8.291095088007241,47.57935799888258,9.107904077111272
LCL households,late,710,710,GBT-T,GBT-T,cumulative_energy_CV_RMS_pct,14,710,710,0,ok,8.465324788529323,39.11805774338893,8.784867671452236
LCL households,late,710,710,GBT-T,GBT-T,cumulative_energy_CV_RMS_pct,15,710,710,0,ok,8.612857723891011,87.77226702192112,8.644537653341256
LCL households,late,710,710,GBT-T,GBT-T,cumulative_energy_CV_RMS_pct,16,710,710,0,ok,8.453562509996097,102.80579292733593,9.322378466652466
LCL households,late,710,710,GBT-T,GBT-T,cumulative_energy_CV_RMS_pct,17,710,710,0,ok,8.5815956267878,114.1783288328345,9.196746995606945
LCL households,late,710,710,GBT-T,GBT-T,cumulative_energy_CV_RMS_pct,18,710,710,0,ok,8.438359823519619,126.99544831022178,9.205123062446166
LCL households,late,710,710,GBT-T,GBT-T,cumulative_energy_CV_RMS_pct,19,710,710,0,ok,8.39277359136204,138.0343255558766,9.179603051579823
LCL households,late,710,710,GBT-T,GBT-T,cumulative_energy_CV_RMS_pct,20,710,710,0,ok,8.567074345270798,146.2070360659901,8.917297747888082
LCL households,late,710,710,GBT-T,GBT-T,cumulative_energy_CV_RMS_pct,21,710,710,0,ok,8.555156515178819,150.04995984310165,8.8878134454357
LCL households,late,710,710,GBT-T,GBT-T,cumulative_energy_CV_RMS_pct,22,710,710,0,ok,8.911595721901021,152.93762833283444,9.166083879720277
LCL households,late,710,710,GBT-T,GBT-T,cumulative_energy_CV_RMS_pct,23,710,710,0,ok,8.97041042209347,156.54501049815093,9.17319310990463
LCL households,late,710,710,GBT-T,GBT-T,cumulative_energy_CV_RMS_pct,24,710,710,0,ok,9.061519632264504,161.6198408304689,8.771784058228892
LCL households,late,710,710,GBT-T,GBT-T,cumulative_energy_CV_RMS_pct,25,710,710,0,ok,9.299625258132311,168.3747225605361,9.068471891861048
LCL households,late,710,710,GBT-T,GBT-T,cumulative_energy_CV_RMS_pct,26,710,710,0,ok,9.294353052623858,171.4322014572352,9.390886760179157
LCL households,late,710,710,GBT-T,GBT-T,cumulative_energy_CV_RMS_pct,27,710,710,0,ok,9.246979599076749,175.77284123545826,9.531772842878837
LCL households,late,710,710,GBT-T,GBT-T,cumulative_energy_CV_RMS_pct,28,710,710,0,ok,9.154212308777609,192.94980406486818,10.088024907344758
LCL households,late,710,710,GBT-T,GBT-T,cumulative_energy_CV_RMS_pct,29,710,710,0,ok,9.190107597264358,191.84541891567372,9.837702173866969
LCL households,late,710,710,GBT-T,GBT-T,cumulative_energy_CV_RMS_pct,30,710,710,0,ok,9.375895158871154,186.24675969160862,9.761802048649349
LCL households,late,710,710,GBT-T,GBT-T,cumulative_energy_CV_RMS_pct,31,710,710,0,ok,9.104938579758718,178.9403620740124,9.737022095664269
LCL households,late,710,710,GBT,GBT (zero-shot),hourly_CV_RMSE_pct,1,710,710,0,ok,80.2987542835174,187.47220524601354,79.68672391439294
LCL households,late,710,710,GBT,GBT (zero-shot),hourly_CV_RMSE_pct,2,710,710,0,ok,79.37080675424039,170.1052907416343,75.11763699676203
LCL households,late,710,710,GBT,GBT (zero-shot),hourly_CV_RMSE_pct,3,710,710,0,ok,81.18702609794647,165.63246678319175,76.86982129643906
LCL households,late,710,710,GBT,GBT (zero-shot),hourly_CV_RMSE_pct,4,710,710,0,ok,80.21856461339459,162.8942826023657,77.70014595774083
LCL households,late,710,710,GBT,GBT (zero-shot),hourly_CV_RMSE_pct,5,710,710,0,ok,84.27437497901236,167.43221009216361,80.95085406126347
LCL households,late,710,710,GBT,GBT (zero-shot),hourly_CV_RMSE_pct,6,710,710,0,ok,86.17498514245709,169.7107290029781,83.6291155605436
LCL households,late,710,710,GBT,GBT (zero-shot),hourly_CV_RMSE_pct,7,710,710,0,ok,84.44190876217435,170.5804084635213,83.40941131251947
LCL households,late,710,710,GBT,GBT (zero-shot),hourly_CV_RMSE_pct,8,710,710,0,ok,87.31484927193048,171.3979575142166,84.92303083275574
LCL households,late,710,710,GBT,GBT (zero-shot),hourly_CV_RMSE_pct,9,710,710,0,ok,90.79844822041022,173.25559795119386,89.55613555622229
LCL households,late,710,710,GBT,GBT (zero-shot),hourly_CV_RMSE_pct,10,710,710,0,ok,91.86298775023191,169.50091396584412,88.98140928284855
LCL households,late,710,710,GBT,GBT (zero-shot),hourly_CV_RMSE_pct,11,710,710,0,ok,90.54935056624704,169.65321135251185,90.33593797362818
LCL households,late,710,710,GBT,GBT (zero-shot),hourly_CV_RMSE_pct,12,710,710,0,ok,90.17959788294668,157.4216726119709,88.82424465782907
LCL households,late,710,710,GBT,GBT (zero-shot),hourly_CV_RMSE_pct,13,710,710,0,ok,92.5366387464037,159.63406603389654,90.44987216846269
LCL households,late,710,710,GBT,GBT (zero-shot),hourly_CV_RMSE_pct,14,710,710,0,ok,92.91942189295602,160.89495756635304,90.19915189909972
LCL households,late,710,710,GBT,GBT (zero-shot),hourly_CV_RMSE_pct,15,710,710,0,ok,94.0690514233226,161.71709680505325,91.67658794735385
LCL households,late,710,710,GBT,GBT (zero-shot),hourly_CV_RMSE_pct,16,710,710,0,ok,90.76926132514556,158.39883666137635,88.61090858747389
LCL households,late,710,710,GBT,GBT (zero-shot),hourly_CV_RMSE_pct,17,710,710,0,ok,93.2518582067626,162.1682605575938,89.56589502674376
LCL households,late,710,710,GBT,GBT (zero-shot),hourly_CV_RMSE_pct,18,710,710,0,ok,91.62145482645778,160.4457208923793,87.80041019240281
LCL households,late,710,710,GBT,GBT (zero-shot),hourly_CV_RMSE_pct,19,710,710,0,ok,93.75296901579917,164.2672080921878,92.90370812108173
LCL households,late,710,710,GBT,GBT (zero-shot),hourly_CV_RMSE_pct,20,710,710,0,ok,95.39351037546454,165.47007992740424,92.84930192825954
LCL households,late,710,710,GBT,GBT (zero-shot),hourly_CV_RMSE_pct,21,710,710,0,ok,93.14845459217474,167.15829273711245,92.59678824022879
LCL households,late,710,710,GBT,GBT (zero-shot),hourly_CV_RMSE_pct,22,710,710,0,ok,97.4720120699629,181.70244396234557,96.33756108820256
LCL households,late,710,710,GBT,GBT (zero-shot),hourly_CV_RMSE_pct,23,710,710,0,ok,97.48771502523739,183.15855138709523,95.49803074886526
LCL households,late,710,710,GBT,GBT (zero-shot),hourly_CV_RMSE_pct,24,710,710,0,ok,96.8387016244442,182.82134750006276,94.81717087718461
LCL households,late,710,710,GBT,GBT (zero-shot),hourly_CV_RMSE_pct,25,710,710,0,ok,98.50600160459588,185.7608071600729,97.45537955986447
LCL households,late,710,710,GBT,GBT (zero-shot),hourly_CV_RMSE_pct,26,710,710,0,ok,97.81030793481887,188.2712321961948,95.2639839677737
LCL households,late,710,710,GBT,GBT (zero-shot),hourly_CV_RMSE_pct,27,710,710,0,ok,101.30976533793633,171.57798883029326,102.25437943292097
LCL households,late,710,710,GBT,GBT (zero-shot),hourly_CV_RMSE_pct,28,710,710,0,ok,101.5755793331121,181.67537951881647,100.51049009686776
LCL households,late,710,710,GBT,GBT (zero-shot),hourly_CV_RMSE_pct,29,710,710,0,ok,110.34346703577643,185.68095107780348,104.79999851351931
LCL households,late,710,710,GBT,GBT (zero-shot),hourly_CV_RMSE_pct,30,710,710,0,ok,110.15604395378598,178.49208576076705,102.23896583689546
LCL households,late,710,710,GBT,GBT (zero-shot),hourly_CV_RMSE_pct,31,710,710,0,ok,108.34456732619887,172.41551757727797,103.00931325319426
LCL households,late,710,710,GBT,GBT (zero-shot),daily_energy_CV_RMS_pct,1,710,710,0,ok,19.85930373018209,116.1863579810522,20.34425293530696
LCL households,late,710,710,GBT,GBT (zero-shot),daily_energy_CV_RMS_pct,2,710,710,0,ok,22.951148394430724,118.270931460413,25.854931878593234
LCL households,late,710,710,GBT,GBT (zero-shot),daily_energy_CV_RMS_pct,3,710,710,0,ok,25.726974727422956,114.63911193951564,28.94828997582551
LCL households,late,710,710,GBT,GBT (zero-shot),daily_energy_CV_RMS_pct,4,710,710,0,ok,23.485585551235268,114.02254349211158,25.561737664914627
LCL households,late,710,710,GBT,GBT (zero-shot),daily_energy_CV_RMS_pct,5,710,710,0,ok,25.006573441484313,113.68289054608813,25.951518936147057
LCL households,late,710,710,GBT,GBT (zero-shot),daily_energy_CV_RMS_pct,6,710,710,0,ok,27.340074642662476,119.10982765127048,32.008860490442736
LCL households,late,710,710,GBT,GBT (zero-shot),daily_energy_CV_RMS_pct,7,710,710,0,ok,28.149382878886744,122.96796962515263,32.583496558184656
LCL households,late,710,710,GBT,GBT (zero-shot),daily_energy_CV_RMS_pct,8,710,710,0,ok,29.07694779027111,121.44091807144765,31.77724881646011
LCL households,late,710,710,GBT,GBT (zero-shot),daily_energy_CV_RMS_pct,9,710,710,0,ok,30.8647219265519,122.94397773257961,32.287939645227446
LCL households,late,710,710,GBT,GBT (zero-shot),daily_energy_CV_RMS_pct,10,710,710,0,ok,30.039849053653967,116.87723617058562,33.470415075330564
LCL households,late,710,710,GBT,GBT (zero-shot),daily_energy_CV_RMS_pct,11,710,710,0,ok,29.6103464475364,114.55991191427152,34.74109984758574
LCL households,late,710,710,GBT,GBT (zero-shot),daily_energy_CV_RMS_pct,12,710,710,0,ok,26.27441181489897,100.10218760826103,28.739064351765975
LCL households,late,710,710,GBT,GBT (zero-shot),daily_energy_CV_RMS_pct,13,710,710,0,ok,30.83999809435813,104.13451952440816,35.857254904976514
LCL households,late,710,710,GBT,GBT (zero-shot),daily_energy_CV_RMS_pct,14,710,710,0,ok,30.85352691728453,105.09178498213747,34.8382070852994
LCL households,late,710,710,GBT,GBT (zero-shot),daily_energy_CV_RMS_pct,15,710,710,0,ok,28.95882324927455,105.2354771195938,34.57818032149285
LCL households,late,710,710,GBT,GBT (zero-shot),daily_energy_CV_RMS_pct,16,710,710,0,ok,27.105871907993862,103.1372086709953,31.510952115961558
LCL households,late,710,710,GBT,GBT (zero-shot),daily_energy_CV_RMS_pct,17,710,710,0,ok,28.23573587775973,101.14937457948012,29.757516897896686
LCL households,late,710,710,GBT,GBT (zero-shot),daily_energy_CV_RMS_pct,18,710,710,0,ok,27.862982166839902,103.18086870179631,32.03744810523349
LCL households,late,710,710,GBT,GBT (zero-shot),daily_energy_CV_RMS_pct,19,710,710,0,ok,29.551737179181394,105.86402803551933,31.872149530539986
LCL households,late,710,710,GBT,GBT (zero-shot),daily_energy_CV_RMS_pct,20,710,710,0,ok,32.08623060874136,108.7355421570505,34.55618888762718
LCL households,late,710,710,GBT,GBT (zero-shot),daily_energy_CV_RMS_pct,21,710,710,0,ok,30.226020480445204,111.28078110201976,33.86203977374643
LCL households,late,710,710,GBT,GBT (zero-shot),daily_energy_CV_RMS_pct,22,710,710,0,ok,32.73461238044748,124.22801867895707,40.02250542204111
LCL households,late,710,710,GBT,GBT (zero-shot),daily_energy_CV_RMS_pct,23,710,710,0,ok,29.900572382022645,123.75714444394623,33.17929594459148
LCL households,late,710,710,GBT,GBT (zero-shot),daily_energy_CV_RMS_pct,24,710,710,0,ok,31.123236334378287,126.25413811141424,36.04764977250959
LCL households,late,710,710,GBT,GBT (zero-shot),daily_energy_CV_RMS_pct,25,710,710,0,ok,29.748844180525285,124.43946413328204,34.06492854666173
LCL households,late,710,710,GBT,GBT (zero-shot),daily_energy_CV_RMS_pct,26,710,710,0,ok,29.206064040707307,127.43067380562765,32.89359716003873
LCL households,late,710,710,GBT,GBT (zero-shot),daily_energy_CV_RMS_pct,27,710,710,0,ok,35.00690438631767,112.07138884804215,40.57173051245682
LCL households,late,710,710,GBT,GBT (zero-shot),daily_energy_CV_RMS_pct,28,710,710,0,ok,34.642913785443,120.83336786980317,39.86791557958851
LCL households,late,710,710,GBT,GBT (zero-shot),daily_energy_CV_RMS_pct,29,710,710,0,ok,38.842990600171525,119.99363019847242,45.966232159635396
LCL households,late,710,710,GBT,GBT (zero-shot),daily_energy_CV_RMS_pct,30,710,710,0,ok,37.13148620289933,108.70648671491908,41.95883791919135
LCL households,late,710,710,GBT,GBT (zero-shot),daily_energy_CV_RMS_pct,31,710,710,0,ok,34.8720444659165,97.13125855630919,36.17268780564016
LCL households,late,710,710,GBT,GBT (zero-shot),cumulative_energy_CV_RMS_pct,1,710,710,0,ok,19.85930373018209,116.1863579810522,20.34425293530696
LCL households,late,710,710,GBT,GBT (zero-shot),cumulative_energy_CV_RMS_pct,2,710,710,0,ok,19.312265667922244,113.55325463269934,19.4613305530847
LCL households,late,710,710,GBT,GBT (zero-shot),cumulative_energy_CV_RMS_pct,3,710,710,0,ok,19.252600053618117,112.09108777942254,19.558976641676757
LCL households,late,710,710,GBT,GBT (zero-shot),cumulative_energy_CV_RMS_pct,4,710,710,0,ok,18.639115503047908,110.96882229392158,19.035377138238886
LCL households,late,710,710,GBT,GBT (zero-shot),cumulative_energy_CV_RMS_pct,5,710,710,0,ok,19.003884237189233,110.28675920506149,18.97753181000152
LCL households,late,710,710,GBT,GBT (zero-shot),cumulative_energy_CV_RMS_pct,6,710,710,0,ok,18.812354036926695,110.70450185375789,20.2172220747616
LCL households,late,710,710,GBT,GBT (zero-shot),cumulative_energy_CV_RMS_pct,7,710,710,0,ok,19.241517373165415,111.59241649941332,20.693852726804316
LCL households,late,710,710,GBT,GBT (zero-shot),cumulative_energy_CV_RMS_pct,8,710,710,0,ok,19.273256695183342,112.1072030219477,21.145573493172638
LCL households,late,710,710,GBT,GBT (zero-shot),cumulative_energy_CV_RMS_pct,9,710,710,0,ok,19.905150013197456,112.56400412577742,21.646478163167842
LCL households,late,710,710,GBT,GBT (zero-shot),cumulative_energy_CV_RMS_pct,10,710,710,0,ok,20.38694579016169,112.38435095116081,22.75244619674956
LCL households,late,710,710,GBT,GBT (zero-shot),cumulative_energy_CV_RMS_pct,11,710,710,0,ok,20.472949341363545,111.99589069735269,22.436194352900827
LCL households,late,710,710,GBT,GBT (zero-shot),cumulative_energy_CV_RMS_pct,12,710,710,0,ok,20.08277588135126,110.34184253265303,22.448416830741152
LCL households,late,710,710,GBT,GBT (zero-shot),cumulative_energy_CV_RMS_pct,13,710,710,0,ok,21.218086933030392,109.42690458544803,23.248149727543762
LCL households,late,710,710,GBT,GBT (zero-shot),cumulative_energy_CV_RMS_pct,14,710,710,0,ok,21.721803772548295,108.62966256902189,23.63930053365702
LCL households,late,710,710,GBT,GBT (zero-shot),cumulative_energy_CV_RMS_pct,15,710,710,0,ok,22.005331941296216,107.9047907437436,24.132251455202216
LCL households,late,710,710,GBT,GBT (zero-shot),cumulative_energy_CV_RMS_pct,16,710,710,0,ok,22.388310505303483,107.11735980406355,24.368095630194716
LCL households,late,710,710,GBT,GBT (zero-shot),cumulative_energy_CV_RMS_pct,17,710,710,0,ok,22.198364057779774,106.36682124021664,24.30915393891994
LCL households,late,710,710,GBT,GBT (zero-shot),cumulative_energy_CV_RMS_pct,18,710,710,0,ok,22.74839918779999,105.80837641602662,24.81528651159714
LCL households,late,710,710,GBT,GBT (zero-shot),cumulative_energy_CV_RMS_pct,19,710,710,0,ok,23.006054580432505,105.3549052381173,24.27385947991236
LCL households,late,710,710,GBT,GBT (zero-shot),cumulative_energy_CV_RMS_pct,20,710,710,0,ok,22.999824946930726,105.16371921227538,24.867805855760786
LCL households,late,710,710,GBT,GBT (zero-shot),cumulative_energy_CV_RMS_pct,21,710,710,0,ok,22.738190418548005,105.0267831935755,24.29962449344441
LCL households,late,710,710,GBT,GBT (zero-shot),cumulative_energy_CV_RMS_pct,22,710,710,0,ok,22.4103959108585,105.52430762949922,25.15501018058746
LCL households,late,710,710,GBT,GBT (zero-shot),cumulative_energy_CV_RMS_pct,23,710,710,0,ok,22.53630470229806,106.02537279316046,24.34765054584163
LCL households,late,710,710,GBT,GBT (zero-shot),cumulative_energy_CV_RMS_pct,24,710,710,0,ok,22.482038550057673,106.5309232465115,24.324322718841934
LCL households,late,710,710,GBT,GBT (zero-shot),cumulative_energy_CV_RMS_pct,25,710,710,0,ok,22.679923469037526,106.85986463782471,24.681578700994617
LCL households,late,710,710,GBT,GBT (zero-shot),cumulative_energy_CV_RMS_pct,26,710,710,0,ok,23.40896335131916,107.38425444426554,24.943858524907426
LCL households,late,710,710,GBT,GBT (zero-shot),cumulative_energy_CV_RMS_pct,27,710,710,0,ok,23.293438426696113,107.2887818439423,25.569172001535836
LCL households,late,710,710,GBT,GBT (zero-shot),cumulative_energy_CV_RMS_pct,28,710,710,0,ok,23.672982226597405,107.50369768795514,25.79076257654895
LCL households,late,710,710,GBT,GBT (zero-shot),cumulative_energy_CV_RMS_pct,29,710,710,0,ok,23.61353997821563,107.32549062457772,25.588846843349963
LCL households,late,710,710,GBT,GBT (zero-shot),cumulative_energy_CV_RMS_pct,30,710,710,0,ok,24.100817106650773,107.10104806450683,25.800894669116182
LCL households,late,710,710,GBT,GBT (zero-shot),cumulative_energy_CV_RMS_pct,31,710,710,0,ok,24.271459488867457,106.51455090488709,26.218286309682764
LCL households,late,710,710,Holt-Winters,Holt-Winters,hourly_CV_RMSE_pct,1,710,710,0,ok,63.09858154866176,101.0058228411774,62.81431652371674
LCL households,late,710,710,Holt-Winters,Holt-Winters,hourly_CV_RMSE_pct,2,710,710,0,ok,60.83757603745407,92.51385527379027,60.611289411335875
LCL households,late,710,710,Holt-Winters,Holt-Winters,hourly_CV_RMSE_pct,3,710,710,0,ok,61.12036133234783,87.18382158803983,60.37152395362604
LCL households,late,710,710,Holt-Winters,Holt-Winters,hourly_CV_RMSE_pct,4,710,710,0,ok,60.569640974368035,82.04150074650974,59.481635976447606
LCL households,late,710,710,Holt-Winters,Holt-Winters,hourly_CV_RMSE_pct,5,710,710,0,ok,64.750645591204,87.29608947501764,63.87622210345232
LCL households,late,710,710,Holt-Winters,Holt-Winters,hourly_CV_RMSE_pct,6,710,710,0,ok,62.22988789988713,85.07927814218546,62.60926914937599
LCL households,late,710,710,Holt-Winters,Holt-Winters,hourly_CV_RMSE_pct,7,710,710,0,ok,61.29790244001608,81.57224746109117,59.79880343108876
LCL households,late,710,710,Holt-Winters,Holt-Winters,hourly_CV_RMSE_pct,8,710,710,0,ok,64.83126868948827,84.80442708231702,65.25360702838397
LCL households,late,710,710,Holt-Winters,Holt-Winters,hourly_CV_RMSE_pct,9,710,710,0,ok,64.91516412587129,95.57722040809948,63.84073484112018
LCL households,late,710,710,Holt-Winters,Holt-Winters,hourly_CV_RMSE_pct,10,710,710,0,ok,64.67304999655016,89.51621784520688,64.89063678422102
LCL households,late,710,710,Holt-Winters,Holt-Winters,hourly_CV_RMSE_pct,11,710,710,0,ok,68.18694007911559,92.41566256878203,68.53544026292971
LCL households,late,710,710,Holt-Winters,Holt-Winters,hourly_CV_RMSE_pct,12,710,710,0,ok,67.64607364930387,89.73318224045721,67.30293864293353
LCL households,late,710,710,Holt-Winters,Holt-Winters,hourly_CV_RMSE_pct,13,710,710,0,ok,67.71625971395741,90.09472032051632,69.04572727307145
LCL households,late,710,710,Holt-Winters,Holt-Winters,hourly_CV_RMSE_pct,14,710,710,0,ok,66.72249154648499,88.59380858342588,65.8204519571049
LCL households,late,710,710,Holt-Winters,Holt-Winters,hourly_CV_RMSE_pct,15,710,710,0,ok,69.0292491479316,89.8945844640559,69.7595620962446
LCL households,late,710,710,Holt-Winters,Holt-Winters,hourly_CV_RMSE_pct,16,710,710,0,ok,66.75854984473914,97.94169914622962,66.70542834351829
LCL households,late,710,710,Holt-Winters,Holt-Winters,hourly_CV_RMSE_pct,17,710,710,0,ok,68.61161884571627,108.12217313286978,67.70733710930702
LCL households,late,710,710,Holt-Winters,Holt-Winters,hourly_CV_RMSE_pct,18,710,710,0,ok,68.7613113511459,92.60118547046717,68.74029232538291
LCL households,late,710,710,Holt-Winters,Holt-Winters,hourly_CV_RMSE_pct,19,710,710,0,ok,70.16233206189558,93.34313818404277,66.65992896754601
LCL households,late,710,710,Holt-Winters,Holt-Winters,hourly_CV_RMSE_pct,20,710,710,0,ok,68.88665344618649,92.5999539453365,67.34615884277002
LCL households,late,710,710,Holt-Winters,Holt-Winters,hourly_CV_RMSE_pct,21,710,710,0,ok,67.8275782590567,89.0588352701192,68.14252162740456
LCL households,late,710,710,Holt-Winters,Holt-Winters,hourly_CV_RMSE_pct,22,710,710,0,ok,69.43704780744731,91.08076820546762,68.43661746347789
LCL households,late,710,710,Holt-Winters,Holt-Winters,hourly_CV_RMSE_pct,23,710,710,0,ok,70.43251213604641,100.94898959853943,68.46474801227805
LCL households,late,710,710,Holt-Winters,Holt-Winters,hourly_CV_RMSE_pct,24,710,710,0,ok,69.61309582451489,95.57338561580924,69.74383457160287
LCL households,late,710,710,Holt-Winters,Holt-Winters,hourly_CV_RMSE_pct,25,710,710,0,ok,73.83648515491875,97.91055661655038,73.05853264981928
LCL households,late,710,710,Holt-Winters,Holt-Winters,hourly_CV_RMSE_pct,26,710,710,0,ok,70.7973282309889,93.58332792557624,70.68283871819852
LCL households,late,710,710,Holt-Winters,Holt-Winters,hourly_CV_RMSE_pct,27,710,710,0,ok,70.92637404289991,94.61541565899523,71.6334705759055
LCL households,late,710,710,Holt-Winters,Holt-Winters,hourly_CV_RMSE_pct,28,710,710,0,ok,69.22189894967137,90.74524551471704,67.47737474178622
LCL households,late,710,710,Holt-Winters,Holt-Winters,hourly_CV_RMSE_pct,29,710,710,0,ok,72.28468660937085,98.52117998721795,71.25486659522332
LCL households,late,710,710,Holt-Winters,Holt-Winters,hourly_CV_RMSE_pct,30,710,710,0,ok,73.65656915167712,107.29587233898941,74.11075342366254
LCL households,late,710,710,Holt-Winters,Holt-Winters,hourly_CV_RMSE_pct,31,710,710,0,ok,74.63999741419617,103.73118050191322,72.7317653540712
LCL households,late,710,710,Holt-Winters,Holt-Winters,daily_energy_CV_RMS_pct,1,710,710,0,ok,15.57970338431847,39.39569353488019,17.196576873644588
LCL households,late,710,710,Holt-Winters,Holt-Winters,daily_energy_CV_RMS_pct,2,710,710,0,ok,16.276413119746444,42.78837769964232,18.93310662734376
LCL households,late,710,710,Holt-Winters,Holt-Winters,daily_energy_CV_RMS_pct,3,710,710,0,ok,16.226749154123834,42.181244683848966,18.251735892834777
LCL households,late,710,710,Holt-Winters,Holt-Winters,daily_energy_CV_RMS_pct,4,710,710,0,ok,15.783405053377825,42.17080274443484,18.93270173590485
LCL households,late,710,710,Holt-Winters,Holt-Winters,daily_energy_CV_RMS_pct,5,710,710,0,ok,17.9483239127819,44.707105160150576,20.891084982611623
LCL households,late,710,710,Holt-Winters,Holt-Winters,daily_energy_CV_RMS_pct,6,710,710,0,ok,16.529324895726116,42.07509692437649,18.51139256449873
LCL households,late,710,710,Holt-Winters,Holt-Winters,daily_energy_CV_RMS_pct,7,710,710,0,ok,15.712544964264996,39.80757551033837,18.074632860221378
LCL households,late,710,710,Holt-Winters,Holt-Winters,daily_energy_CV_RMS_pct,8,710,710,0,ok,18.018969391724145,42.568179375958316,20.14624204550453
LCL households,late,710,710,Holt-Winters,Holt-Winters,daily_energy_CV_RMS_pct,9,710,710,0,ok,18.777768607563484,48.421325259028436,20.467261791691968
LCL households,late,710,710,Holt-Winters,Holt-Winters,daily_energy_CV_RMS_pct,10,710,710,0,ok,18.30525926566893,46.35788449740202,22.60556113718998
LCL households,late,710,710,Holt-Winters,Holt-Winters,daily_energy_CV_RMS_pct,11,710,710,0,ok,19.83024462892463,47.79515265679232,23.274422942554544
LCL households,late,710,710,Holt-Winters,Holt-Winters,daily_energy_CV_RMS_pct,12,710,710,0,ok,19.093147036300437,46.007849636220314,23.187556476520907
LCL households,late,710,710,Holt-Winters,Holt-Winters,daily_energy_CV_RMS_pct,13,710,710,0,ok,18.97848442527875,45.21055102850086,22.787560993502254
LCL households,late,710,710,Holt-Winters,Holt-Winters,daily_energy_CV_RMS_pct,14,710,710,0,ok,18.576035184206493,43.141199760140545,23.719987882504938
LCL households,late,710,710,Holt-Winters,Holt-Winters,daily_energy_CV_RMS_pct,15,710,710,0,ok,20.562736489485392,45.68008934979288,23.722882070868785
LCL households,late,710,710,Holt-Winters,Holt-Winters,daily_energy_CV_RMS_pct,16,710,710,0,ok,19.554617448238147,48.071218374723294,22.562532360757046
LCL households,late,710,710,Holt-Winters,Holt-Winters,daily_energy_CV_RMS_pct,17,710,710,0,ok,20.725054803953917,51.22414092555609,25.569619391688704
LCL households,late,710,710,Holt-Winters,Holt-Winters,daily_energy_CV_RMS_pct,18,710,710,0,ok,20.575069173811883,48.56596886785349,22.78444173665686
LCL households,late,710,710,Holt-Winters,Holt-Winters,daily_energy_CV_RMS_pct,19,710,710,0,ok,21.4678272310142,48.62177429663885,24.436920677706627
LCL households,late,710,710,Holt-Winters,Holt-Winters,daily_energy_CV_RMS_pct,20,710,710,0,ok,20.089445867430168,48.22482699721053,24.315782717954594
LCL households,late,710,710,Holt-Winters,Holt-Winters,daily_energy_CV_RMS_pct,21,710,710,0,ok,18.899768710587274,44.08848863874213,22.522564223518998
LCL households,late,710,710,Holt-Winters,Holt-Winters,daily_energy_CV_RMS_pct,22,710,710,0,ok,21.506812885664864,47.62839696896715,25.14488470347223
LCL households,late,710,710,Holt-Winters,Holt-Winters,daily_energy_CV_RMS_pct,23,710,710,0,ok,21.605306505428647,51.13712615293859,23.725139120019985
LCL households,late,710,710,Holt-Winters,Holt-Winters,daily_energy_CV_RMS_pct,24,710,710,0,ok,22.596557845642838,51.63898579808414,25.463409338766123
LCL households,late,710,710,Holt-Winters,Holt-Winters,daily_energy_CV_RMS_pct,25,710,710,0,ok,23.76622389726254,52.110429738105324,26.080021303469223
LCL households,late,710,710,Holt-Winters,Holt-Winters,daily_energy_CV_RMS_pct,26,710,710,0,ok,22.300145087486978,50.89472761833399,26.846248724982573
LCL households,late,710,710,Holt-Winters,Holt-Winters,daily_energy_CV_RMS_pct,27,710,710,0,ok,21.849857470016417,49.034323318558265,25.39741577996184
LCL households,late,710,710,Holt-Winters,Holt-Winters,daily_energy_CV_RMS_pct,28,710,710,0,ok,20.16012459232318,45.4265366049076,23.99186810479654
LCL households,late,710,710,Holt-Winters,Holt-Winters,daily_energy_CV_RMS_pct,29,710,710,0,ok,22.013902872570778,50.93481779781513,25.273830171997783
LCL households,late,710,710,Holt-Winters,Holt-Winters,daily_energy_CV_RMS_pct,30,710,710,0,ok,21.669012190239524,54.46918577104728,24.90087483689191
LCL households,late,710,710,Holt-Winters,Holt-Winters,daily_energy_CV_RMS_pct,31,710,710,0,ok,22.719249731486144,55.03537390696561,28.271739592028155
LCL households,late,710,710,Holt-Winters,Holt-Winters,cumulative_energy_CV_RMS_pct,1,710,710,0,ok,15.57970338431847,39.39569353488019,17.196576873644588
LCL households,late,710,710,Holt-Winters,Holt-Winters,cumulative_energy_CV_RMS_pct,2,710,710,0,ok,14.081855365790114,38.483830042932134,15.431579086586776
LCL households,late,710,710,Holt-Winters,Holt-Winters,cumulative_energy_CV_RMS_pct,3,710,710,0,ok,13.169927622098589,38.050710220050235,15.855147352510874
LCL households,late,710,710,Holt-Winters,Holt-Winters,cumulative_energy_CV_RMS_pct,4,710,710,0,ok,12.846028263825094,37.78965622166164,15.414745213720682
LCL households,late,710,710,Holt-Winters,Holt-Winters,cumulative_energy_CV_RMS_pct,5,710,710,0,ok,13.44888193836291,38.09685660842138,15.346567358182607
LCL households,late,710,710,Holt-Winters,Holt-Winters,cumulative_energy_CV_RMS_pct,6,710,710,0,ok,13.001373542817682,37.750425403320186,14.935093966718743
LCL households,late,710,710,Holt-Winters,Holt-Winters,cumulative_energy_CV_RMS_pct,7,710,710,0,ok,13.204786131243376,37.3333097801657,14.500625051372774
LCL households,late,710,710,Holt-Winters,Holt-Winters,cumulative_energy_CV_RMS_pct,8,710,710,0,ok,13.023523012517952,37.285592048495104,14.285464626742836
LCL households,late,710,710,Holt-Winters,Holt-Winters,cumulative_energy_CV_RMS_pct,9,710,710,0,ok,12.96502733590785,37.839129780489976,15.105946947949732
LCL households,late,710,710,Holt-Winters,Holt-Winters,cumulative_energy_CV_RMS_pct,10,710,710,0,ok,13.449539854938044,38.14513284221924,14.952040111431415
LCL households,late,710,710,Holt-Winters,Holt-Winters,cumulative_energy_CV_RMS_pct,11,710,710,0,ok,13.38059400125578,38.437968208422646,15.55417753298137
LCL households,late,710,710,Holt-Winters,Holt-Winters,cumulative_energy_CV_RMS_pct,12,710,710,0,ok,13.501233685340004,38.53615855006002,15.677879941350495
LCL households,late,710,710,Holt-Winters,Holt-Winters,cumulative_energy_CV_RMS_pct,13,710,710,0,ok,13.092874879289191,38.54301103715387,15.539138809362841
LCL households,late,710,710,Holt-Winters,Holt-Winters,cumulative_energy_CV_RMS_pct,14,710,710,0,ok,13.800866962197015,38.40967628370127,15.566335508723888
LCL households,late,710,710,Holt-Winters,Holt-Winters,cumulative_energy_CV_RMS_pct,15,710,710,0,ok,13.849546715753862,38.47532679935526,15.759811501712143
LCL households,late,710,710,Holt-Winters,Holt-Winters,cumulative_energy_CV_RMS_pct,16,710,710,0,ok,14.042567211092384,38.728940868450344,15.535978797829962
LCL households,late,710,710,Holt-Winters,Holt-Winters,cumulative_energy_CV_RMS_pct,17,710,710,0,ok,14.187273710757877,38.91569517860972,16.2197829762877
LCL households,late,710,710,Holt-Winters,Holt-Winters,cumulative_energy_CV_RMS_pct,18,710,710,0,ok,14.375623061498898,39.09016460055797,17.014412733784074
LCL households,late,710,710,Holt-Winters,Holt-Winters,cumulative_energy_CV_RMS_pct,19,710,710,0,ok,14.180842337963151,39.22230834844066,16.895648859459207
LCL households,late,710,710,Holt-Winters,Holt-Winters,cumulative_energy_CV_RMS_pct,20,710,710,0,ok,14.312914627512809,39.397472909808045,16.994117615794273
LCL households,late,710,710,Holt-Winters,Holt-Winters,cumulative_energy_CV_RMS_pct,21,710,710,0,ok,15.162796664694095,39.35731389238687,17.061851654641316
LCL households,late,710,710,Holt-Winters,Holt-Winters,cumulative_energy_CV_RMS_pct,22,710,710,0,ok,14.954213506945372,39.45246657228227,17.349868637640473
LCL households,late,710,710,Holt-Winters,Holt-Winters,cumulative_energy_CV_RMS_pct,23,710,710,0,ok,15.022480194101368,39.66090749517002,16.981447302078035
LCL households,late,710,710,Holt-Winters,Holt-Winters,cumulative_energy_CV_RMS_pct,24,710,710,0,ok,15.438019657113298,39.86384431790782,16.41318437885634
LCL households,late,710,710,Holt-Winters,Holt-Winters,cumulative_energy_CV_RMS_pct,25,710,710,0,ok,15.4717406342802,39.96798753063393,16.891186410810555
LCL households,late,710,710,Holt-Winters,Holt-Winters,cumulative_energy_CV_RMS_pct,26,710,710,0,ok,15.570123622824347,40.104453619781516,17.098387859996034
LCL households,late,710,710,Holt-Winters,Holt-Winters,cumulative_energy_CV_RMS_pct,27,710,710,0,ok,15.548542529521876,40.14838497425272,16.98048116611066
LCL households,late,710,710,Holt-Winters,Holt-Winters,cumulative_energy_CV_RMS_pct,28,710,710,0,ok,15.726685949126756,40.101868578273006,17.38281295809478
LCL households,late,710,710,Holt-Winters,Holt-Winters,cumulative_energy_CV_RMS_pct,29,710,710,0,ok,15.430315004325706,40.16416741300531,17.591770464387515
LCL households,late,710,710,Holt-Winters,Holt-Winters,cumulative_energy_CV_RMS_pct,30,710,710,0,ok,15.796702575675711,40.44499469613851,17.75637379253812
LCL households,late,710,710,Holt-Winters,Holt-Winters,cumulative_energy_CV_RMS_pct,31,710,710,0,ok,15.761866433413617,40.731016046421686,17.859424894372452
LCL households,late,710,710,iTransformer-X,iTransformer-X,hourly_CV_RMSE_pct,1,710,710,0,ok,59.35061320025209,93.80612119336298,58.37531972204013
LCL households,late,710,710,iTransformer-X,iTransformer-X,hourly_CV_RMSE_pct,2,710,710,0,ok,55.20008133709513,71.61377899208537,55.13614556941759
LCL households,late,710,710,iTransformer-X,iTransformer-X,hourly_CV_RMSE_pct,3,710,710,0,ok,54.70227201779071,71.17702748055522,54.31934265290114
LCL households,late,710,710,iTransformer-X,iTransformer-X,hourly_CV_RMSE_pct,4,710,710,0,ok,54.776607417342085,68.76855079030375,53.686660049949424
LCL households,late,710,710,iTransformer-X,iTransformer-X,hourly_CV_RMSE_pct,5,710,710,0,ok,59.39228937437752,74.72573459404731,59.39793534433326
LCL households,late,710,710,iTransformer-X,iTransformer-X,hourly_CV_RMSE_pct,6,710,710,0,ok,58.49797572114387,74.91664722693886,58.20967578725704
LCL households,late,710,710,iTransformer-X,iTransformer-X,hourly_CV_RMSE_pct,7,710,710,0,ok,57.75163389172064,73.0263984122637,57.196384884055945
LCL households,late,710,710,iTransformer-X,iTransformer-X,hourly_CV_RMSE_pct,8,710,710,0,ok,59.185199006658344,75.54056119675705,59.03156205451522
LCL households,late,710,710,iTransformer-X,iTransformer-X,hourly_CV_RMSE_pct,9,710,710,0,ok,58.797588335532595,76.9157914692664,57.04754657604049
LCL households,late,710,710,iTransformer-X,iTransformer-X,hourly_CV_RMSE_pct,10,710,710,0,ok,59.21091743613832,75.21511777490875,57.6402586916888
LCL households,late,710,710,iTransformer-X,iTransformer-X,hourly_CV_RMSE_pct,11,710,710,0,ok,61.901198567333324,80.12220825588939,60.516777497754035
LCL households,late,710,710,iTransformer-X,iTransformer-X,hourly_CV_RMSE_pct,12,710,710,0,ok,61.92237731626975,78.94392988425751,59.46134948781328
LCL households,late,710,710,iTransformer-X,iTransformer-X,hourly_CV_RMSE_pct,13,710,710,0,ok,62.105889414023494,80.25888355699585,61.42714025945732
LCL households,late,710,710,iTransformer-X,iTransformer-X,hourly_CV_RMSE_pct,14,710,710,0,ok,62.58577000934509,81.46537700568354,60.340266371637725
LCL households,late,710,710,iTransformer-X,iTransformer-X,hourly_CV_RMSE_pct,15,710,710,0,ok,63.68267479224011,82.41124407962548,62.909838737295246
LCL households,late,710,710,iTransformer-X,iTransformer-X,hourly_CV_RMSE_pct,16,710,710,0,ok,60.36319603180008,79.30411456044182,59.97308453333732
LCL households,late,710,710,iTransformer-X,iTransformer-X,hourly_CV_RMSE_pct,17,710,710,0,ok,61.9219878635826,91.98050675214056,60.8667861454087
LCL households,late,710,710,iTransformer-X,iTransformer-X,hourly_CV_RMSE_pct,18,710,710,0,ok,63.32341854329567,81.14312435022644,62.36527608155411
LCL households,late,710,710,iTransformer-X,iTransformer-X,hourly_CV_RMSE_pct,19,710,710,0,ok,63.90455549513302,83.46794424901549,61.460791509130736
LCL households,late,710,710,iTransformer-X,iTransformer-X,hourly_CV_RMSE_pct,20,710,710,0,ok,63.11876635412428,84.27802637238646,59.74090532724397
LCL households,late,710,710,iTransformer-X,iTransformer-X,hourly_CV_RMSE_pct,21,710,710,0,ok,63.78516811179537,83.99629941379644,62.54071978220598
LCL households,late,710,710,iTransformer-X,iTransformer-X,hourly_CV_RMSE_pct,22,710,710,0,ok,62.57799079125933,83.60940888521654,61.52752001928468
LCL households,late,710,710,iTransformer-X,iTransformer-X,hourly_CV_RMSE_pct,23,710,710,0,ok,63.29988917345173,82.76702627328564,61.64427283254014
LCL households,late,710,710,iTransformer-X,iTransformer-X,hourly_CV_RMSE_pct,24,710,710,0,ok,63.337737271473515,81.95484615004789,61.60271791736268
LCL households,late,710,710,iTransformer-X,iTransformer-X,hourly_CV_RMSE_pct,25,710,710,0,ok,68.4097620692262,87.22894920105632,67.55793613828496
LCL households,late,710,710,iTransformer-X,iTransformer-X,hourly_CV_RMSE_pct,26,710,710,0,ok,66.10453207682978,85.59187099332111,65.26550536635429
LCL households,late,710,710,iTransformer-X,iTransformer-X,hourly_CV_RMSE_pct,27,710,710,0,ok,66.07803680790873,86.93907183575062,65.59279833979392
LCL households,late,710,710,iTransformer-X,iTransformer-X,hourly_CV_RMSE_pct,28,710,710,0,ok,63.97057800430661,84.98910830748265,63.86997364723676
LCL households,late,710,710,iTransformer-X,iTransformer-X,hourly_CV_RMSE_pct,29,710,710,0,ok,66.28877009622212,91.55316601194468,65.27283038939467
LCL households,late,710,710,iTransformer-X,iTransformer-X,hourly_CV_RMSE_pct,30,710,710,0,ok,66.18769304249344,90.35663915287569,65.51654941395198
LCL households,late,710,710,iTransformer-X,iTransformer-X,hourly_CV_RMSE_pct,31,710,710,0,ok,67.70313467133377,90.07548428498457,67.92391337320515
LCL households,late,710,710,iTransformer-X,iTransformer-X,daily_energy_CV_RMS_pct,1,710,710,0,ok,12.502050383155149,28.8785408043022,14.703155496833908
LCL households,late,710,710,iTransformer-X,iTransformer-X,daily_energy_CV_RMS_pct,2,710,710,0,ok,11.569404339750914,24.017995409364495,13.896821031338279
LCL households,late,710,710,iTransformer-X,iTransformer-X,daily_energy_CV_RMS_pct,3,710,710,0,ok,11.320206756092775,23.712218001979146,14.320181868255863
LCL households,late,710,710,iTransformer-X,iTransformer-X,daily_energy_CV_RMS_pct,4,710,710,0,ok,11.959777424698533,25.177621875257614,13.528493920645797
LCL households,late,710,710,iTransformer-X,iTransformer-X,daily_energy_CV_RMS_pct,5,710,710,0,ok,13.232163146757497,26.87924685280658,15.812176611175211
LCL households,late,710,710,iTransformer-X,iTransformer-X,daily_energy_CV_RMS_pct,6,710,710,0,ok,13.217568723185435,28.65918985455178,14.837722923373631
LCL households,late,710,710,iTransformer-X,iTransformer-X,daily_energy_CV_RMS_pct,7,710,710,0,ok,13.167279007400923,28.802787385512097,15.014951309891496
LCL households,late,710,710,iTransformer-X,iTransformer-X,daily_energy_CV_RMS_pct,8,710,710,0,ok,13.093686042769747,29.169246587344507,15.44460082085977
LCL households,late,710,710,iTransformer-X,iTransformer-X,daily_energy_CV_RMS_pct,9,710,710,0,ok,13.07461785567434,30.786994728610853,15.475918325118387
LCL households,late,710,710,iTransformer-X,iTransformer-X,daily_energy_CV_RMS_pct,10,710,710,0,ok,12.827720783590792,29.435770162830085,15.254340659649591
LCL households,late,710,710,iTransformer-X,iTransformer-X,daily_energy_CV_RMS_pct,11,710,710,0,ok,15.273541389979266,31.58829220085835,17.383948958079557
LCL households,late,710,710,iTransformer-X,iTransformer-X,daily_energy_CV_RMS_pct,12,710,710,0,ok,12.963636131862161,29.717429494019832,15.91452214678467
LCL households,late,710,710,iTransformer-X,iTransformer-X,daily_energy_CV_RMS_pct,13,710,710,0,ok,13.88118577187358,31.270418048159417,16.7865192705079
LCL households,late,710,710,iTransformer-X,iTransformer-X,daily_energy_CV_RMS_pct,14,710,710,0,ok,14.208289198356976,32.29661483961462,16.42564431134138
LCL households,late,710,710,iTransformer-X,iTransformer-X,daily_energy_CV_RMS_pct,15,710,710,0,ok,15.225325037316042,33.71335644679913,18.48004576678502
LCL households,late,710,710,iTransformer-X,iTransformer-X,daily_energy_CV_RMS_pct,16,710,710,0,ok,13.662448900055947,31.56409019666894,16.52121648952823
LCL households,late,710,710,iTransformer-X,iTransformer-X,daily_energy_CV_RMS_pct,17,710,710,0,ok,13.603388124024098,28.597286492237345,16.43532341959957
LCL households,late,710,710,iTransformer-X,iTransformer-X,daily_energy_CV_RMS_pct,18,710,710,0,ok,14.676882993774855,31.723006055514883,17.29050890477174
LCL households,late,710,710,iTransformer-X,iTransformer-X,daily_energy_CV_RMS_pct,19,710,710,0,ok,15.002105065177965,33.67397022533496,17.524126389441413
LCL households,late,710,710,iTransformer-X,iTransformer-X,daily_energy_CV_RMS_pct,20,710,710,0,ok,14.725332865592826,34.983687925154946,16.79641815869799
LCL households,late,710,710,iTransformer-X,iTransformer-X,daily_energy_CV_RMS_pct,21,710,710,0,ok,15.938863237098886,36.15375627146018,18.950813275132383
LCL households,late,710,710,iTransformer-X,iTransformer-X,daily_energy_CV_RMS_pct,22,710,710,0,ok,14.464076706548024,35.7822042336647,18.10987716476818
LCL households,late,710,710,iTransformer-X,iTransformer-X,daily_energy_CV_RMS_pct,23,710,710,0,ok,14.541326894071261,33.68406777478282,18.061646304491006
LCL households,late,710,710,iTransformer-X,iTransformer-X,daily_energy_CV_RMS_pct,24,710,710,0,ok,15.714438829662672,35.593532593331496,18.703882288352563
LCL households,late,710,710,iTransformer-X,iTransformer-X,daily_energy_CV_RMS_pct,25,710,710,0,ok,17.054830725398237,37.4665143329569,19.872938918034876
LCL households,late,710,710,iTransformer-X,iTransformer-X,daily_energy_CV_RMS_pct,26,710,710,0,ok,16.706605763335826,37.76347825845375,19.941696611099943
LCL households,late,710,710,iTransformer-X,iTransformer-X,daily_energy_CV_RMS_pct,27,710,710,0,ok,16.22029250119614,37.53730483837658,19.452922658078286
LCL households,late,710,710,iTransformer-X,iTransformer-X,daily_energy_CV_RMS_pct,28,710,710,0,ok,15.348672871274136,37.47095436346426,18.333464203469955
LCL households,late,710,710,iTransformer-X,iTransformer-X,daily_energy_CV_RMS_pct,29,710,710,0,ok,16.98967012399768,40.693765347676624,19.77597056602359
LCL households,late,710,710,iTransformer-X,iTransformer-X,daily_energy_CV_RMS_pct,30,710,710,0,ok,17.012247108165266,40.074339774009296,20.10103205954067
LCL households,late,710,710,iTransformer-X,iTransformer-X,daily_energy_CV_RMS_pct,31,710,710,0,ok,17.138295789163845,38.94220161707183,19.31136292153878
LCL households,late,710,710,iTransformer-X,iTransformer-X,cumulative_energy_CV_RMS_pct,1,710,710,0,ok,12.502050383155149,28.8785408043022,14.703155496833908
LCL households,late,710,710,iTransformer-X,iTransformer-X,cumulative_energy_CV_RMS_pct,2,710,710,0,ok,9.138148946653137,22.11137824433446,11.098035302929688
LCL households,late,710,710,iTransformer-X,iTransformer-X,cumulative_energy_CV_RMS_pct,3,710,710,0,ok,8.747677876142227,20.224888477452122,10.498028022000971
LCL households,late,710,710,iTransformer-X,iTransformer-X,cumulative_energy_CV_RMS_pct,4,710,710,0,ok,8.408476687174474,19.367778274637374,9.910926489579094
LCL households,late,710,710,iTransformer-X,iTransformer-X,cumulative_energy_CV_RMS_pct,5,710,710,0,ok,7.914721862103884,18.935841706053846,9.816706114146204
LCL households,late,710,710,iTransformer-X,iTransformer-X,cumulative_energy_CV_RMS_pct,6,710,710,0,ok,8.162195392322868,18.953311642419713,9.323173781536212
LCL households,late,710,710,iTransformer-X,iTransformer-X,cumulative_energy_CV_RMS_pct,7,710,710,0,ok,8.058795049206738,19.020588573768734,9.097146908851627
LCL households,late,710,710,iTransformer-X,iTransformer-X,cumulative_energy_CV_RMS_pct,8,710,710,0,ok,8.019561198181961,19.186434085041775,8.749063477007883
LCL households,late,710,710,iTransformer-X,iTransformer-X,cumulative_energy_CV_RMS_pct,9,710,710,0,ok,7.89130165417892,19.411104647913056,8.684420734168128
LCL households,late,710,710,iTransformer-X,iTransformer-X,cumulative_energy_CV_RMS_pct,10,710,710,0,ok,7.804583569213165,19.515144934734206,8.65811258436825
LCL households,late,710,710,iTransformer-X,iTransformer-X,cumulative_energy_CV_RMS_pct,11,710,710,0,ok,7.9978137410774925,19.630073163764138,9.105509643252109
LCL households,late,710,710,iTransformer-X,iTransformer-X,cumulative_energy_CV_RMS_pct,12,710,710,0,ok,7.684338744108758,19.57264543133914,9.269549847100635
LCL households,late,710,710,iTransformer-X,iTransformer-X,cumulative_energy_CV_RMS_pct,13,710,710,0,ok,7.724751706356779,19.71667995243186,8.911242072815151
LCL households,late,710,710,iTransformer-X,iTransformer-X,cumulative_energy_CV_RMS_pct,14,710,710,0,ok,7.731608400337689,19.82889866478375,8.812654694308875
LCL households,late,710,710,iTransformer-X,iTransformer-X,cumulative_energy_CV_RMS_pct,15,710,710,0,ok,7.593874443120839,20.034786715562884,9.11458545064232
LCL households,late,710,710,iTransformer-X,iTransformer-X,cumulative_energy_CV_RMS_pct,16,710,710,0,ok,7.42753670306088,20.063940364934012,9.264579316281313
LCL households,late,710,710,iTransformer-X,iTransformer-X,cumulative_energy_CV_RMS_pct,17,710,710,0,ok,7.438901727674485,19.967603684552575,9.184077358387439
LCL households,late,710,710,iTransformer-X,iTransformer-X,cumulative_energy_CV_RMS_pct,18,710,710,0,ok,7.427648888408887,20.033290047301648,9.107737605135316
LCL households,late,710,710,iTransformer-X,iTransformer-X,cumulative_energy_CV_RMS_pct,19,710,710,0,ok,7.452633051249301,20.11845160570584,8.901427246171016
LCL households,late,710,710,iTransformer-X,iTransformer-X,cumulative_energy_CV_RMS_pct,20,710,710,0,ok,7.863528397957508,20.365421682335892,9.266848414295717
LCL households,late,710,710,iTransformer-X,iTransformer-X,cumulative_energy_CV_RMS_pct,21,710,710,0,ok,7.821616181043028,20.48411590807075,9.01620569765979
LCL households,late,710,710,iTransformer-X,iTransformer-X,cumulative_energy_CV_RMS_pct,22,710,710,0,ok,7.871038128730872,20.664766803770984,9.01505267127901
LCL households,late,710,710,iTransformer-X,iTransformer-X,cumulative_energy_CV_RMS_pct,23,710,710,0,ok,7.872198266018766,20.737903118633767,8.86586774768058
LCL households,late,710,710,iTransformer-X,iTransformer-X,cumulative_energy_CV_RMS_pct,24,710,710,0,ok,7.911811007748075,20.85424896526487,9.14173340251465
LCL households,late,710,710,iTransformer-X,iTransformer-X,cumulative_energy_CV_RMS_pct,25,710,710,0,ok,7.968693326423472,20.97490937368609,9.330004553254682
LCL households,late,710,710,iTransformer-X,iTransformer-X,cumulative_energy_CV_RMS_pct,26,710,710,0,ok,7.873079690167903,21.132239942869077,9.478980322729072
LCL households,late,710,710,iTransformer-X,iTransformer-X,cumulative_energy_CV_RMS_pct,27,710,710,0,ok,8.014575251905441,21.32283517191419,9.548038548101722
LCL households,late,710,710,iTransformer-X,iTransformer-X,cumulative_energy_CV_RMS_pct,28,710,710,0,ok,8.214433013152112,21.512084379992675,9.451575238982246
LCL households,late,710,710,iTransformer-X,iTransformer-X,cumulative_energy_CV_RMS_pct,29,710,710,0,ok,8.19185844726488,21.655873891365623,9.549680802631187
LCL households,late,710,710,iTransformer-X,iTransformer-X,cumulative_energy_CV_RMS_pct,30,710,710,0,ok,8.22558926942624,21.910395671601968,9.652852691628333
LCL households,late,710,710,iTransformer-X,iTransformer-X,cumulative_energy_CV_RMS_pct,31,710,710,0,ok,8.48010589995747,22.083213695368435,9.622864564022274
LCL households,late,710,710,iTransformer,iTransformer,hourly_CV_RMSE_pct,1,710,710,0,ok,57.85341179307381,89.35097115931453,56.74408381427526
LCL households,late,710,710,iTransformer,iTransformer,hourly_CV_RMSE_pct,2,710,710,0,ok,53.54506911419892,68.4600714660312,52.73008306051601
LCL households,late,710,710,iTransformer,iTransformer,hourly_CV_RMSE_pct,3,710,710,0,ok,53.618246726550105,68.31668200488805,52.887692898885135
LCL households,late,710,710,iTransformer,iTransformer,hourly_CV_RMSE_pct,4,710,710,0,ok,53.79236236138502,65.45944453112328,53.52826149774522
LCL households,late,710,710,iTransformer,iTransformer,hourly_CV_RMSE_pct,5,710,710,0,ok,58.54209812523779,72.93642117085085,57.580410510911584
LCL households,late,710,710,iTransformer,iTransformer,hourly_CV_RMSE_pct,6,710,710,0,ok,56.77340968846199,70.6333496426375,56.58104082590316
LCL households,late,710,710,iTransformer,iTransformer,hourly_CV_RMSE_pct,7,710,710,0,ok,55.42162019249039,68.02399305426064,55.57805530267194
LCL households,late,710,710,iTransformer,iTransformer,hourly_CV_RMSE_pct,8,710,710,0,ok,57.3261787797797,70.2224909365234,57.26241089426889
LCL households,late,710,710,iTransformer,iTransformer,hourly_CV_RMSE_pct,9,710,710,0,ok,57.564969212998385,72.03055798464612,55.93948274635838
LCL households,late,710,710,iTransformer,iTransformer,hourly_CV_RMSE_pct,10,710,710,0,ok,58.02972655634801,71.15920644207127,56.968633330067874
LCL households,late,710,710,iTransformer,iTransformer,hourly_CV_RMSE_pct,11,710,710,0,ok,60.236458953367325,74.8869303338553,59.46714804422123
LCL households,late,710,710,iTransformer,iTransformer,hourly_CV_RMSE_pct,12,710,710,0,ok,61.09725997045666,75.08698322964746,59.02280396246475
LCL households,late,710,710,iTransformer,iTransformer,hourly_CV_RMSE_pct,13,710,710,0,ok,61.10979852266126,75.9443643978158,61.34261543626516
LCL households,late,710,710,iTransformer,iTransformer,hourly_CV_RMSE_pct,14,710,710,0,ok,61.557428536017696,76.74788059483386,60.09123114880359
LCL households,late,710,710,iTransformer,iTransformer,hourly_CV_RMSE_pct,15,710,710,0,ok,62.285706716361,76.29652936162555,60.390152147698274
LCL households,late,710,710,iTransformer,iTransformer,hourly_CV_RMSE_pct,16,710,710,0,ok,58.75392808859366,74.9911127734257,57.736539669487065
LCL households,late,710,710,iTransformer,iTransformer,hourly_CV_RMSE_pct,17,710,710,0,ok,60.94334904819155,90.50518142203538,60.71881686933939
LCL households,late,710,710,iTransformer,iTransformer,hourly_CV_RMSE_pct,18,710,710,0,ok,61.480603135778324,76.77216024398959,61.34212073494636
LCL households,late,710,710,iTransformer,iTransformer,hourly_CV_RMSE_pct,19,710,710,0,ok,62.165107327347926,77.54830657124023,59.14950000543662
LCL households,late,710,710,iTransformer,iTransformer,hourly_CV_RMSE_pct,20,710,710,0,ok,61.40857123388056,77.09085954758007,58.60529603457792
LCL households,late,710,710,iTransformer,iTransformer,hourly_CV_RMSE_pct,21,710,710,0,ok,62.46357123273938,77.18698597874209,61.88268194320655
LCL households,late,710,710,iTransformer,iTransformer,hourly_CV_RMSE_pct,22,710,710,0,ok,60.61680655576819,75.35007528284164,58.8245796479115
LCL households,late,710,710,iTransformer,iTransformer,hourly_CV_RMSE_pct,23,710,710,0,ok,61.66077415715509,76.59208354009317,61.029900218956854
LCL households,late,710,710,iTransformer,iTransformer,hourly_CV_RMSE_pct,24,710,710,0,ok,61.186935306398276,75.3316844302095,59.49254050669371
LCL households,late,710,710,iTransformer,iTransformer,hourly_CV_RMSE_pct,25,710,710,0,ok,65.71402233784882,80.73567256963862,65.01377230949493
LCL households,late,710,710,iTransformer,iTransformer,hourly_CV_RMSE_pct,26,710,710,0,ok,63.667411237900104,78.50133269081196,62.823955018213226
LCL households,late,710,710,iTransformer,iTransformer,hourly_CV_RMSE_pct,27,710,710,0,ok,63.722888660568415,78.98573890792261,63.48288419941965
LCL households,late,710,710,iTransformer,iTransformer,hourly_CV_RMSE_pct,28,710,710,0,ok,61.96335827316969,76.46286833646961,62.239628606142524
LCL households,late,710,710,iTransformer,iTransformer,hourly_CV_RMSE_pct,29,710,710,0,ok,64.30599098943614,82.93917191131546,62.99450090647504
LCL households,late,710,710,iTransformer,iTransformer,hourly_CV_RMSE_pct,30,710,710,0,ok,64.36338100507481,81.8357979980314,63.642689845054264
LCL households,late,710,710,iTransformer,iTransformer,hourly_CV_RMSE_pct,31,710,710,0,ok,66.62454357534885,84.15360397092446,65.69758515653098
LCL households,late,710,710,iTransformer,iTransformer,daily_energy_CV_RMS_pct,1,710,710,0,ok,12.077145646211035,26.525628767381793,13.91434251997306
LCL households,late,710,710,iTransformer,iTransformer,daily_energy_CV_RMS_pct,2,710,710,0,ok,10.829826812695881,22.028591959277687,13.194854761177048
LCL households,late,710,710,iTransformer,iTransformer,daily_energy_CV_RMS_pct,3,710,710,0,ok,10.951959840543616,21.665104093342315,13.173166847610458
LCL households,late,710,710,iTransformer,iTransformer,daily_energy_CV_RMS_pct,4,710,710,0,ok,11.78218178750024,23.013686831294766,13.354273428629767
LCL households,late,710,710,iTransformer,iTransformer,daily_energy_CV_RMS_pct,5,710,710,0,ok,12.471486574785896,25.68135001370907,15.166207363133335
LCL households,late,710,710,iTransformer,iTransformer,daily_energy_CV_RMS_pct,6,710,710,0,ok,11.48309300706845,25.4913207956727,13.455454254408364
LCL households,late,710,710,iTransformer,iTransformer,daily_energy_CV_RMS_pct,7,710,710,0,ok,11.829792239444958,24.58282144490106,14.166125665621177
LCL households,late,710,710,iTransformer,iTransformer,daily_energy_CV_RMS_pct,8,710,710,0,ok,12.191213276642491,25.35021532488929,15.287958937972522
LCL households,late,710,710,iTransformer,iTransformer,daily_energy_CV_RMS_pct,9,710,710,0,ok,12.58800129103653,27.1250522183118,14.31778112876215
LCL households,late,710,710,iTransformer,iTransformer,daily_energy_CV_RMS_pct,10,710,710,0,ok,12.594947484495655,25.89472877571634,14.738468696153443
LCL households,late,710,710,iTransformer,iTransformer,daily_energy_CV_RMS_pct,11,710,710,0,ok,13.711483056382713,27.32405464442535,16.2806097495182
LCL households,late,710,710,iTransformer,iTransformer,daily_energy_CV_RMS_pct,12,710,710,0,ok,12.503039296656057,26.78562747990861,15.098401710160712
LCL households,late,710,710,iTransformer,iTransformer,daily_energy_CV_RMS_pct,13,710,710,0,ok,14.21953295060115,28.233207635225014,16.348839975683923
LCL households,late,710,710,iTransformer,iTransformer,daily_energy_CV_RMS_pct,14,710,710,0,ok,14.293411687779656,28.875924546765873,16.831087416714407
LCL households,late,710,710,iTransformer,iTransformer,daily_energy_CV_RMS_pct,15,710,710,0,ok,14.979548761027583,29.041657535716762,17.398603159396707
LCL households,late,710,710,iTransformer,iTransformer,daily_energy_CV_RMS_pct,16,710,710,0,ok,12.965994616725013,26.981599155545148,15.756178326013295
LCL households,late,710,710,iTransformer,iTransformer,daily_energy_CV_RMS_pct,17,710,710,0,ok,13.48368806991663,28.77713847719813,15.92632857992521
LCL households,late,710,710,iTransformer,iTransformer,daily_energy_CV_RMS_pct,18,710,710,0,ok,13.989962752098982,28.647525422027634,16.01031047153294
LCL households,late,710,710,iTransformer,iTransformer,daily_energy_CV_RMS_pct,19,710,710,0,ok,14.247936738497492,29.457904763044674,16.528379923470517
LCL households,late,710,710,iTransformer,iTransformer,daily_energy_CV_RMS_pct,20,710,710,0,ok,14.891917803437806,30.147298621215427,17.371425578115762
LCL households,late,710,710,iTransformer,iTransformer,daily_energy_CV_RMS_pct,21,710,710,0,ok,15.173189831076673,30.65037258634337,17.874481517389768
LCL households,late,710,710,iTransformer,iTransformer,daily_energy_CV_RMS_pct,22,710,710,0,ok,14.518912945189458,29.394661826182837,16.008134564450813
LCL households,late,710,710,iTransformer,iTransformer,daily_energy_CV_RMS_pct,23,710,710,0,ok,14.541031240124537,28.826534825118987,16.961620613372386
LCL households,late,710,710,iTransformer,iTransformer,daily_energy_CV_RMS_pct,24,710,710,0,ok,14.788491052300412,30.10453387440303,17.6456090166375
LCL households,late,710,710,iTransformer,iTransformer,daily_energy_CV_RMS_pct,25,710,710,0,ok,16.16364861557554,32.25966045939741,18.365392066466526
LCL households,late,710,710,iTransformer,iTransformer,daily_energy_CV_RMS_pct,26,710,710,0,ok,16.222661555619897,32.07694671838435,19.434032762217313
LCL households,late,710,710,iTransformer,iTransformer,daily_energy_CV_RMS_pct,27,710,710,0,ok,16.66784268701687,31.767963073009604,19.47723523596396
LCL households,late,710,710,iTransformer,iTransformer,daily_energy_CV_RMS_pct,28,710,710,0,ok,14.55329092218873,29.986611289333577,17.222147213503774
LCL households,late,710,710,iTransformer,iTransformer,daily_energy_CV_RMS_pct,29,710,710,0,ok,15.878807936035,33.651353518854044,18.523724212608098
LCL households,late,710,710,iTransformer,iTransformer,daily_energy_CV_RMS_pct,30,710,710,0,ok,16.74037284323813,33.205149161280204,18.94013522965399
LCL households,late,710,710,iTransformer,iTransformer,daily_energy_CV_RMS_pct,31,710,710,0,ok,16.900824308657235,34.19414230458119,19.571356927115485
LCL households,late,710,710,iTransformer,iTransformer,cumulative_energy_CV_RMS_pct,1,710,710,0,ok,12.077145646211035,26.525628767381793,13.91434251997306
LCL households,late,710,710,iTransformer,iTransformer,cumulative_energy_CV_RMS_pct,2,710,710,0,ok,9.301560310657875,20.602886413185463,11.360940965690244
LCL households,late,710,710,iTransformer,iTransformer,cumulative_energy_CV_RMS_pct,3,710,710,0,ok,8.495262325433307,18.33190046576,10.184600790147451
LCL households,late,710,710,iTransformer,iTransformer,cumulative_energy_CV_RMS_pct,4,710,710,0,ok,7.585498599963214,17.216185096502123,9.27058519123806
LCL households,late,710,710,iTransformer,iTransformer,cumulative_energy_CV_RMS_pct,5,710,710,0,ok,7.529786744416893,16.877691286040346,8.371081030716145
LCL households,late,710,710,iTransformer,iTransformer,cumulative_energy_CV_RMS_pct,6,710,710,0,ok,7.3997312039057235,16.710202826238877,8.51146626449119
LCL households,late,710,710,iTransformer,iTransformer,cumulative_energy_CV_RMS_pct,7,710,710,0,ok,7.35231204884021,16.475980908805997,8.058672001047086
LCL households,late,710,710,iTransformer,iTransformer,cumulative_energy_CV_RMS_pct,8,710,710,0,ok,7.168135720484616,16.454215238890093,8.211316841117165
LCL households,late,710,710,iTransformer,iTransformer,cumulative_energy_CV_RMS_pct,9,710,710,0,ok,7.386454902431473,16.71087775737818,8.08010231575506
LCL households,late,710,710,iTransformer,iTransformer,cumulative_energy_CV_RMS_pct,10,710,710,0,ok,7.245825295521327,16.748247668286396,8.57174033852197
LCL households,late,710,710,iTransformer,iTransformer,cumulative_energy_CV_RMS_pct,11,710,710,0,ok,7.4905255501053265,16.764305146567867,8.702759165830143
LCL households,late,710,710,iTransformer,iTransformer,cumulative_energy_CV_RMS_pct,12,710,710,0,ok,7.123245482286434,16.618259567122326,8.552616099639327
LCL households,late,710,710,iTransformer,iTransformer,cumulative_energy_CV_RMS_pct,13,710,710,0,ok,7.130349606309826,16.7832443084941,8.525044273391995
LCL households,late,710,710,iTransformer,iTransformer,cumulative_energy_CV_RMS_pct,14,710,710,0,ok,7.515035346646247,16.887413160635646,8.232847938018441
LCL households,late,710,710,iTransformer,iTransformer,cumulative_energy_CV_RMS_pct,15,710,710,0,ok,7.316972106301839,16.95665633690351,8.26597373789932
LCL households,late,710,710,iTransformer,iTransformer,cumulative_energy_CV_RMS_pct,16,710,710,0,ok,7.220103081389521,16.964044927403087,8.481549045107858
LCL households,late,710,710,iTransformer,iTransformer,cumulative_energy_CV_RMS_pct,17,710,710,0,ok,7.466496622043046,16.85583417277031,8.684327930400373
LCL households,late,710,710,iTransformer,iTransformer,cumulative_energy_CV_RMS_pct,18,710,710,0,ok,7.515564096350435,16.906288126317357,8.639664231198099
LCL households,late,710,710,iTransformer,iTransformer,cumulative_energy_CV_RMS_pct,19,710,710,0,ok,7.225997679586479,16.856340209283772,8.60182895540477
LCL households,late,710,710,iTransformer,iTransformer,cumulative_energy_CV_RMS_pct,20,710,710,0,ok,7.384112679689212,17.040452517027628,8.918477964907805
LCL households,late,710,710,iTransformer,iTransformer,cumulative_energy_CV_RMS_pct,21,710,710,0,ok,7.773125319354877,17.17630967568821,8.721086298899962
LCL households,late,710,710,iTransformer,iTransformer,cumulative_energy_CV_RMS_pct,22,710,710,0,ok,7.655879835117718,17.214052789546713,8.621746286035869
LCL households,late,710,710,iTransformer,iTransformer,cumulative_energy_CV_RMS_pct,23,710,710,0,ok,7.576513934126791,17.23289009147415,8.866498700813452
LCL households,late,710,710,iTransformer,iTransformer,cumulative_energy_CV_RMS_pct,24,710,710,0,ok,7.630408836127666,17.26338677525111,9.039365335114594
LCL households,late,710,710,iTransformer,iTransformer,cumulative_energy_CV_RMS_pct,25,710,710,0,ok,7.719059754659222,17.328451851686413,9.370094314402518
LCL households,late,710,710,iTransformer,iTransformer,cumulative_energy_CV_RMS_pct,26,710,710,0,ok,7.768719089240838,17.411740767382916,9.323492893011576
LCL households,late,710,710,iTransformer,iTransformer,cumulative_energy_CV_RMS_pct,27,710,710,0,ok,7.825028572107485,17.56490694152516,9.512031963381574
LCL households,late,710,710,iTransformer,iTransformer,cumulative_energy_CV_RMS_pct,28,710,710,0,ok,8.173661910729983,17.67053175584222,9.702074051127283
LCL households,late,710,710,iTransformer,iTransformer,cumulative_energy_CV_RMS_pct,29,710,710,0,ok,8.094393977256587,17.756899883107724,9.789722770908003
LCL households,late,710,710,iTransformer,iTransformer,cumulative_energy_CV_RMS_pct,30,710,710,0,ok,8.23710638291737,17.98387095305295,10.016242510058197
LCL households,late,710,710,iTransformer,iTransformer,cumulative_energy_CV_RMS_pct,31,710,710,0,ok,8.54525506994126,18.186782883628286,9.98655705971214
LCL households,late,710,710,LSTM,LSTM,hourly_CV_RMSE_pct,1,710,710,0,ok,61.76083753680599,108.04700685382404,60.62741804783843
LCL households,late,710,710,LSTM,LSTM,hourly_CV_RMSE_pct,2,710,710,0,ok,60.41498202430675,108.76681260376309,58.77441086041158
LCL households,late,710,710,LSTM,LSTM,hourly_CV_RMSE_pct,3,710,710,0,ok,61.20723979123727,120.85158693558667,59.80095994447694
LCL households,late,710,710,LSTM,LSTM,hourly_CV_RMSE_pct,4,710,710,0,ok,61.18527050062354,122.96146112629962,58.092935259602115
LCL households,late,710,710,LSTM,LSTM,hourly_CV_RMSE_pct,5,710,710,0,ok,65.90797159059763,133.10605509219033,63.70819179127382
LCL households,late,710,710,LSTM,LSTM,hourly_CV_RMSE_pct,6,710,710,0,ok,64.30895285170787,130.423517559567,63.77879212345964
LCL households,late,710,710,LSTM,LSTM,hourly_CV_RMSE_pct,7,710,710,0,ok,62.30790545656695,132.1692494131389,60.25864021762328
LCL households,late,710,710,LSTM,LSTM,hourly_CV_RMSE_pct,8,710,710,0,ok,64.43676654222469,144.03032673091494,63.43068031135397
LCL households,late,710,710,LSTM,LSTM,hourly_CV_RMSE_pct,9,710,710,0,ok,65.92211971101237,153.49962948858885,62.85886109528751
LCL households,late,710,710,LSTM,LSTM,hourly_CV_RMSE_pct,10,710,710,0,ok,66.62145607575216,153.2712878330392,64.76875075034629
LCL households,late,710,710,LSTM,LSTM,hourly_CV_RMSE_pct,11,710,710,0,ok,68.0763565748571,160.9315855737461,65.76313584615974
LCL households,late,710,710,LSTM,LSTM,hourly_CV_RMSE_pct,12,710,710,0,ok,69.62863522726485,160.06691794504346,66.43447989336181
LCL households,late,710,710,LSTM,LSTM,hourly_CV_RMSE_pct,13,710,710,0,ok,68.54789449933985,161.9895890718427,66.04019640685837
LCL households,late,710,710,LSTM,LSTM,hourly_CV_RMSE_pct,14,710,710,0,ok,69.02506346389373,163.45416155041767,63.859849488189994
LCL households,late,710,710,LSTM,LSTM,hourly_CV_RMSE_pct,15,710,710,0,ok,69.55090461937954,168.61899873595664,66.44127075097737
LCL households,late,710,710,LSTM,LSTM,hourly_CV_RMSE_pct,16,710,710,0,ok,67.2405107895469,170.17870794085513,64.21641541668072
LCL households,late,710,710,LSTM,LSTM,hourly_CV_RMSE_pct,17,710,710,0,ok,68.11920188190462,172.61757096156043,65.3123331882039
LCL households,late,710,710,LSTM,LSTM,hourly_CV_RMSE_pct,18,710,710,0,ok,68.74943518980608,173.03565674008124,65.05862629011935
LCL households,late,710,710,LSTM,LSTM,hourly_CV_RMSE_pct,19,710,710,0,ok,69.40322275249987,176.08068586549152,65.3173997408324
LCL households,late,710,710,LSTM,LSTM,hourly_CV_RMSE_pct,20,710,710,0,ok,68.99971155995331,173.6141056828393,64.11746796351329
LCL households,late,710,710,LSTM,LSTM,hourly_CV_RMSE_pct,21,710,710,0,ok,70.46379754981369,174.30455501536738,68.8575212327352
LCL households,late,710,710,LSTM,LSTM,hourly_CV_RMSE_pct,22,710,710,0,ok,68.22059426671838,176.62984837184493,64.7254825354717
LCL households,late,710,710,LSTM,LSTM,hourly_CV_RMSE_pct,23,710,710,0,ok,69.90654153126592,183.89726965060768,66.41741236658747
LCL households,late,710,710,LSTM,LSTM,hourly_CV_RMSE_pct,24,710,710,0,ok,69.57987541045784,182.92427726069704,68.45056003721723
LCL households,late,710,710,LSTM,LSTM,hourly_CV_RMSE_pct,25,710,710,0,ok,73.12641710993132,188.68918166388823,69.87132943961552
LCL households,late,710,710,LSTM,LSTM,hourly_CV_RMSE_pct,26,710,710,0,ok,70.79512434839648,180.50995423513046,69.15619197077507
LCL households,late,710,710,LSTM,LSTM,hourly_CV_RMSE_pct,27,710,710,0,ok,70.73116534730542,181.00291218459708,67.38104723937627
LCL households,late,710,710,LSTM,LSTM,hourly_CV_RMSE_pct,28,710,710,0,ok,68.84785532595069,176.7949050085422,65.45857762120067
LCL households,late,710,710,LSTM,LSTM,hourly_CV_RMSE_pct,29,710,710,0,ok,71.25296052565845,187.9218612647616,67.69724872080161
LCL households,late,710,710,LSTM,LSTM,hourly_CV_RMSE_pct,30,710,710,0,ok,71.72651758034243,186.97469631325419,68.15826101751941
LCL households,late,710,710,LSTM,LSTM,hourly_CV_RMSE_pct,31,710,710,0,ok,73.19181928850183,195.58639777987025,68.85766588134668
LCL households,late,710,710,LSTM,LSTM,daily_energy_CV_RMS_pct,1,710,710,0,ok,12.447187337211865,36.447109906917085,15.219563725253108
LCL households,late,710,710,LSTM,LSTM,daily_energy_CV_RMS_pct,2,710,710,0,ok,12.529661499849313,53.59371346463151,15.0552712881269
LCL households,late,710,710,LSTM,LSTM,daily_energy_CV_RMS_pct,3,710,710,0,ok,12.828414403889076,65.69175213035618,14.921538318573166
LCL households,late,710,710,LSTM,LSTM,daily_energy_CV_RMS_pct,4,710,710,0,ok,13.827865303094232,71.36962139949235,15.965481357980597
LCL households,late,710,710,LSTM,LSTM,daily_energy_CV_RMS_pct,5,710,710,0,ok,15.105046728441948,77.10139300472649,17.484868984012046
LCL households,late,710,710,LSTM,LSTM,daily_energy_CV_RMS_pct,6,710,710,0,ok,14.26881922847553,76.55699541365374,16.359302064045174
LCL households,late,710,710,LSTM,LSTM,daily_energy_CV_RMS_pct,7,710,710,0,ok,13.618328677145092,79.1543007409417,16.207150278927934
LCL households,late,710,710,LSTM,LSTM,daily_energy_CV_RMS_pct,8,710,710,0,ok,13.053861712220979,87.34877034034785,15.110485183457271
LCL households,late,710,710,LSTM,LSTM,daily_energy_CV_RMS_pct,9,710,710,0,ok,15.003392316559326,97.08587669108258,17.4172357344563
LCL households,late,710,710,LSTM,LSTM,daily_energy_CV_RMS_pct,10,710,710,0,ok,14.203356695600766,96.50174439049742,17.071025223828542
LCL households,late,710,710,LSTM,LSTM,daily_energy_CV_RMS_pct,11,710,710,0,ok,15.792614332359628,101.38307640506635,17.44956765953826
LCL households,late,710,710,LSTM,LSTM,daily_energy_CV_RMS_pct,12,710,710,0,ok,15.582281581697352,101.88531523825347,18.738075378661804
LCL households,late,710,710,LSTM,LSTM,daily_energy_CV_RMS_pct,13,710,710,0,ok,15.62820568263258,103.02177718123521,17.54498538549315
LCL households,late,710,710,LSTM,LSTM,daily_energy_CV_RMS_pct,14,710,710,0,ok,15.269392396333455,102.4813728245639,16.95660468144665
LCL households,late,710,710,LSTM,LSTM,daily_energy_CV_RMS_pct,15,710,710,0,ok,14.944909532290362,109.06168470018724,17.930138300536814
LCL households,late,710,710,LSTM,LSTM,daily_energy_CV_RMS_pct,16,710,710,0,ok,14.399085948800654,110.75958522390017,16.654051267960515
LCL households,late,710,710,LSTM,LSTM,daily_energy_CV_RMS_pct,17,710,710,0,ok,14.445307759871108,109.96806272816576,16.436382722070753
LCL households,late,710,710,LSTM,LSTM,daily_energy_CV_RMS_pct,18,710,710,0,ok,14.782028763123462,112.88830158727542,17.184335539276713
LCL households,late,710,710,LSTM,LSTM,daily_energy_CV_RMS_pct,19,710,710,0,ok,15.618020807848826,114.8584717290258,17.762170476843885
LCL households,late,710,710,LSTM,LSTM,daily_energy_CV_RMS_pct,20,710,710,0,ok,16.1011762725734,113.08294162350956,18.119662804366
LCL households,late,710,710,LSTM,LSTM,daily_energy_CV_RMS_pct,21,710,710,0,ok,17.31190497390155,114.18235820616492,20.14610828174363
LCL households,late,710,710,LSTM,LSTM,daily_energy_CV_RMS_pct,22,710,710,0,ok,16.360679324355367,117.49007215419869,18.06801263093992
LCL households,late,710,710,LSTM,LSTM,daily_energy_CV_RMS_pct,23,710,710,0,ok,16.29976943970917,123.23819310498321,18.23945576401274
LCL households,late,710,710,LSTM,LSTM,daily_energy_CV_RMS_pct,24,710,710,0,ok,17.568709263339308,125.98550223883362,20.4916240216683
LCL households,late,710,710,LSTM,LSTM,daily_energy_CV_RMS_pct,25,710,710,0,ok,19.31372703710864,129.2569950692195,21.805121944970985
LCL households,late,710,710,LSTM,LSTM,daily_energy_CV_RMS_pct,26,710,710,0,ok,18.24189565901987,122.73165785297502,22.262057010507817
LCL households,late,710,710,LSTM,LSTM,daily_energy_CV_RMS_pct,27,710,710,0,ok,17.010249599882155,121.56213057603146,19.195522554664027
LCL households,late,710,710,LSTM,LSTM,daily_energy_CV_RMS_pct,28,710,710,0,ok,15.428600109307107,118.41337938969397,17.920263512275636
LCL households,late,710,710,LSTM,LSTM,daily_energy_CV_RMS_pct,29,710,710,0,ok,17.287042548539908,126.13114111696127,19.37302818285325
LCL households,late,710,710,LSTM,LSTM,daily_energy_CV_RMS_pct,30,710,710,0,ok,17.518926164706542,125.93134933001194,19.74851619621176
LCL households,late,710,710,LSTM,LSTM,daily_energy_CV_RMS_pct,31,710,710,0,ok,18.096522862760054,133.21518077178044,20.408495674610155
LCL households,late,710,710,LSTM,LSTM,cumulative_energy_CV_RMS_pct,1,710,710,0,ok,12.447187337211865,36.447109906917085,15.219563725253108
LCL households,late,710,710,LSTM,LSTM,cumulative_energy_CV_RMS_pct,2,710,710,0,ok,9.78658781905892,40.65858953704008,12.375179300406785
LCL households,late,710,710,LSTM,LSTM,cumulative_energy_CV_RMS_pct,3,710,710,0,ok,9.975356553400157,46.667281594693826,11.589307204655295
LCL households,late,710,710,LSTM,LSTM,cumulative_energy_CV_RMS_pct,4,710,710,0,ok,9.672937967979433,50.88299355396198,11.688399822885405
LCL households,late,710,710,LSTM,LSTM,cumulative_energy_CV_RMS_pct,5,710,710,0,ok,9.585808147640112,54.30603851653809,11.279360920929514
LCL households,late,710,710,LSTM,LSTM,cumulative_energy_CV_RMS_pct,6,710,710,0,ok,9.034486343836857,56.236169967714474,10.854633623309834
LCL households,late,710,710,LSTM,LSTM,cumulative_energy_CV_RMS_pct,7,710,710,0,ok,8.705297085115818,58.041237801030455,10.417247331674503
LCL households,late,710,710,LSTM,LSTM,cumulative_energy_CV_RMS_pct,8,710,710,0,ok,8.82382248444206,60.62630129296036,10.261367532522922
LCL households,late,710,710,LSTM,LSTM,cumulative_energy_CV_RMS_pct,9,710,710,0,ok,8.821918925786024,63.60057853892051,10.59293616787911
LCL households,late,710,710,LSTM,LSTM,cumulative_energy_CV_RMS_pct,10,710,710,0,ok,8.714425347611352,65.93500118178892,10.182166163534923
LCL households,late,710,710,LSTM,LSTM,cumulative_energy_CV_RMS_pct,11,710,710,0,ok,8.748446923958607,68.15788652681324,10.016522304566962
LCL households,late,710,710,LSTM,LSTM,cumulative_energy_CV_RMS_pct,12,710,710,0,ok,8.88810233979941,70.16325929215527,10.128110551821539
LCL households,late,710,710,LSTM,LSTM,cumulative_energy_CV_RMS_pct,13,710,710,0,ok,8.998839576465596,71.89687797942449,10.347511377203363
LCL households,late,710,710,LSTM,LSTM,cumulative_energy_CV_RMS_pct,14,710,710,0,ok,8.940822115873317,73.24520867837475,9.807224765236494
LCL households,late,710,710,LSTM,LSTM,cumulative_energy_CV_RMS_pct,15,710,710,0,ok,8.736066369383346,74.85303808695679,9.781664611807628
LCL households,late,710,710,LSTM,LSTM,cumulative_energy_CV_RMS_pct,16,710,710,0,ok,8.865805270243875,76.44266248925183,9.779975198940505
LCL households,late,710,710,LSTM,LSTM,cumulative_energy_CV_RMS_pct,17,710,710,0,ok,8.784561716431462,77.83293973501664,10.08663084512003
LCL households,late,710,710,LSTM,LSTM,cumulative_energy_CV_RMS_pct,18,710,710,0,ok,8.570729795866132,79.15910525325465,9.821383190373279
LCL households,late,710,710,LSTM,LSTM,cumulative_energy_CV_RMS_pct,19,710,710,0,ok,8.692131633527433,80.37641657453143,9.740119877074374
LCL households,late,710,710,LSTM,LSTM,cumulative_energy_CV_RMS_pct,20,710,710,0,ok,8.72428330572862,81.48750317977498,10.014833725139088
LCL households,late,710,710,LSTM,LSTM,cumulative_energy_CV_RMS_pct,21,710,710,0,ok,8.553815988691918,82.44056724181448,10.057531051107933
LCL households,late,710,710,LSTM,LSTM,cumulative_energy_CV_RMS_pct,22,710,710,0,ok,8.750595036743455,83.480486784521,10.047691278131204
LCL households,late,710,710,LSTM,LSTM,cumulative_energy_CV_RMS_pct,23,710,710,0,ok,8.441887842774628,84.69365989103456,9.830509176680291
LCL households,late,710,710,LSTM,LSTM,cumulative_energy_CV_RMS_pct,24,710,710,0,ok,8.731374240952436,85.88173297129592,10.094935465763132
LCL households,late,710,710,LSTM,LSTM,cumulative_energy_CV_RMS_pct,25,710,710,0,ok,8.897694728590162,87.11081325080173,10.328397663593925
LCL households,late,710,710,LSTM,LSTM,cumulative_energy_CV_RMS_pct,26,710,710,0,ok,8.947755800223485,87.94988231255817,10.37534107210249
LCL households,late,710,710,LSTM,LSTM,cumulative_energy_CV_RMS_pct,27,710,710,0,ok,8.889189381773495,88.68844857921937,10.16591240243023
LCL households,late,710,710,LSTM,LSTM,cumulative_energy_CV_RMS_pct,28,710,710,0,ok,8.778886292332759,89.2851040410377,10.107655506517185
LCL households,late,710,710,LSTM,LSTM,cumulative_energy_CV_RMS_pct,29,710,710,0,ok,8.760518924894273,89.97891151053574,10.23633845911434
LCL households,late,710,710,LSTM,LSTM,cumulative_energy_CV_RMS_pct,30,710,710,0,ok,8.795440580114095,90.74780713244144,10.081381587373475
LCL households,late,710,710,LSTM,LSTM,cumulative_energy_CV_RMS_pct,31,710,710,0,ok,8.863082795941027,91.71211434463181,10.142881697609322
LCL households,late,710,710,LYR-profile,Last-year profile,hourly_CV_RMSE_pct,1,710,710,0,ok,84.4867453661601,425.26191259655496,85.25907651806406
LCL households,late,710,710,LYR-profile,Last-year profile,hourly_CV_RMSE_pct,2,710,710,0,ok,78.10506437785132,396.73601195968024,76.48873691432951
LCL households,late,710,710,LYR-profile,Last-year profile,hourly_CV_RMSE_pct,3,710,710,0,ok,79.45939031460736,419.32135630174554,77.9568659866904
LCL households,late,710,710,LYR-profile,Last-year profile,hourly_CV_RMSE_pct,4,710,710,0,ok,79.52762998939453,413.11365647089906,76.10194442240334
LCL households,late,710,710,LYR-profile,Last-year profile,hourly_CV_RMSE_pct,5,710,710,0,ok,84.37902590362641,306.26686767733094,81.10063882175919
LCL households,late,710,710,LYR-profile,Last-year profile,hourly_CV_RMSE_pct,6,710,710,0,ok,81.6965700555682,408.2264065677973,77.65093420374586
LCL households,late,710,710,LYR-profile,Last-year profile,hourly_CV_RMSE_pct,7,710,710,0,ok,78.5916810361771,489.84270442534347,77.32799436266481
LCL households,late,710,710,LYR-profile,Last-year profile,hourly_CV_RMSE_pct,8,710,710,0,ok,78.72128788246982,335.87433231743654,76.68837491641229
LCL households,late,710,710,LYR-profile,Last-year profile,hourly_CV_RMSE_pct,9,710,710,0,ok,79.83301200786345,279.9081606590225,77.74915837679313
LCL households,late,710,710,LYR-profile,Last-year profile,hourly_CV_RMSE_pct,10,710,710,0,ok,81.50735935688783,264.23666603192487,77.78843751565182
LCL households,late,710,710,LYR-profile,Last-year profile,hourly_CV_RMSE_pct,11,710,710,0,ok,86.12465739739186,452.86189977645097,84.26072572389263
LCL households,late,710,710,LYR-profile,Last-year profile,hourly_CV_RMSE_pct,12,710,710,0,ok,85.96824021702075,505.3163915103669,82.43921752794918
LCL households,late,710,710,LYR-profile,Last-year profile,hourly_CV_RMSE_pct,13,710,710,0,ok,85.48773809910814,542.3100696916031,83.39038467652153
LCL households,late,710,710,LYR-profile,Last-year profile,hourly_CV_RMSE_pct,14,710,710,0,ok,83.64350153577747,512.8907349368824,81.59594371401522
LCL households,late,710,710,LYR-profile,Last-year profile,hourly_CV_RMSE_pct,15,710,710,0,ok,85.643371210012,360.39370655227094,83.86076525672982
LCL households,late,710,710,LYR-profile,Last-year profile,hourly_CV_RMSE_pct,16,710,710,0,ok,83.27730709362751,309.6137559928262,80.56633971517472
LCL households,late,710,710,LYR-profile,Last-year profile,hourly_CV_RMSE_pct,17,710,710,0,ok,86.6519754740477,367.7766945802416,85.84445756425214
LCL households,late,710,710,LYR-profile,Last-year profile,hourly_CV_RMSE_pct,18,710,710,0,ok,86.4560088846147,304.26052696536783,82.3853311933818
LCL households,late,710,710,LYR-profile,Last-year profile,hourly_CV_RMSE_pct,19,710,710,0,ok,89.48945879769782,417.50120358977495,84.84741513095861
LCL households,late,710,710,LYR-profile,Last-year profile,hourly_CV_RMSE_pct,20,710,710,0,ok,84.36197937467131,330.2909651280826,80.98193306668807
LCL households,late,710,710,LYR-profile,Last-year profile,hourly_CV_RMSE_pct,21,710,710,0,ok,84.91703288838683,407.9372166900397,83.00381636745033
LCL households,late,710,710,LYR-profile,Last-year profile,hourly_CV_RMSE_pct,22,710,710,0,ok,83.95041909254662,325.90656897656226,81.18421806722924
LCL households,late,710,710,LYR-profile,Last-year profile,hourly_CV_RMSE_pct,23,710,710,0,ok,85.79181824553639,482.01815237987057,84.7600039853289
LCL households,late,710,710,LYR-profile,Last-year profile,hourly_CV_RMSE_pct,24,710,710,0,ok,84.21974337202384,524.3837329624844,84.54792573167992
LCL households,late,710,710,LYR-profile,Last-year profile,hourly_CV_RMSE_pct,25,710,710,0,ok,86.20565112980178,575.7180322219665,88.05753143377541
LCL households,late,710,710,LYR-profile,Last-year profile,hourly_CV_RMSE_pct,26,710,710,0,ok,85.96688678129216,385.8983512639063,86.80057188833392
LCL households,late,710,710,LYR-profile,Last-year profile,hourly_CV_RMSE_pct,27,710,710,0,ok,84.18731381497538,253.55262866701463,80.90880779618038
LCL households,late,710,710,LYR-profile,Last-year profile,hourly_CV_RMSE_pct,28,710,710,0,ok,82.16443993954968,466.88332101964676,78.75378205813374
LCL households,late,710,710,LYR-profile,Last-year profile,hourly_CV_RMSE_pct,29,710,710,0,ok,83.62830694787816,507.28083486095073,81.72059162994398
LCL households,late,710,710,LYR-profile,Last-year profile,hourly_CV_RMSE_pct,30,710,710,0,ok,83.95075514895504,680.2986456427224,82.92791756549377
LCL households,late,710,710,LYR-profile,Last-year profile,hourly_CV_RMSE_pct,31,710,710,0,ok,85.58762285166813,539.9229697271878,82.65196549247558
LCL households,late,710,710,LYR-profile,Last-year profile,daily_energy_CV_RMS_pct,1,710,710,0,ok,20.20505008162757,225.28917707708348,23.2926421573418
LCL households,late,710,710,LYR-profile,Last-year profile,daily_energy_CV_RMS_pct,2,710,710,0,ok,16.555126045266434,216.8844930011715,19.507904481671158
LCL households,late,710,710,LYR-profile,Last-year profile,daily_energy_CV_RMS_pct,3,710,710,0,ok,17.057945214094104,229.02113376247095,20.219507638555534
LCL households,late,710,710,LYR-profile,Last-year profile,daily_energy_CV_RMS_pct,4,710,710,0,ok,17.350094897874104,215.0899851698505,20.25503715385044
LCL households,late,710,710,LYR-profile,Last-year profile,daily_energy_CV_RMS_pct,5,710,710,0,ok,18.62605248448062,162.82092196048848,21.14809426013015
LCL households,late,710,710,LYR-profile,Last-year profile,daily_energy_CV_RMS_pct,6,710,710,0,ok,16.95482201241071,194.87046138280692,21.12688535706104
LCL households,late,710,710,LYR-profile,Last-year profile,daily_energy_CV_RMS_pct,7,710,710,1,geometric mean undefined,,243.13435078114557,19.735801797026262
LCL households,late,710,710,LYR-profile,Last-year profile,daily_energy_CV_RMS_pct,8,710,710,0,ok,17.339572226061186,162.41022047492726,19.502464584132536
LCL households,late,710,710,LYR-profile,Last-year profile,daily_energy_CV_RMS_pct,9,710,710,0,ok,17.04172557370402,161.07218538753452,19.476099671058947
LCL households,late,710,710,LYR-profile,Last-year profile,daily_energy_CV_RMS_pct,10,710,710,0,ok,17.413820200401886,138.86388279448613,19.7084102534216
LCL households,late,710,710,LYR-profile,Last-year profile,daily_energy_CV_RMS_pct,11,710,710,0,ok,19.57776422357103,263.0749662109317,21.25501411999096
LCL households,late,710,710,LYR-profile,Last-year profile,daily_energy_CV_RMS_pct,12,710,710,0,ok,18.778970767443287,264.7035474030596,21.517646746220272
LCL households,late,710,710,LYR-profile,Last-year profile,daily_energy_CV_RMS_pct,13,710,710,0,ok,18.579881676105046,330.5914945509881,20.892647762053382
LCL households,late,710,710,LYR-profile,Last-year profile,daily_energy_CV_RMS_pct,14,710,710,0,ok,19.505205660617683,306.62491916686884,22.683557191240304
LCL households,late,710,710,LYR-profile,Last-year profile,daily_energy_CV_RMS_pct,15,710,710,0,ok,19.00192831412003,197.64948055630813,20.65181051133502
LCL households,late,710,710,LYR-profile,Last-year profile,daily_energy_CV_RMS_pct,16,710,710,0,ok,18.66687669160051,178.5312667431598,20.855730340798868
LCL households,late,710,710,LYR-profile,Last-year profile,daily_energy_CV_RMS_pct,17,710,710,0,ok,18.80005545662143,183.806457640987,21.172646950351066
LCL households,late,710,710,LYR-profile,Last-year profile,daily_energy_CV_RMS_pct,18,710,710,0,ok,19.318909745999857,170.99916341468068,21.240443477487837
LCL households,late,710,710,LYR-profile,Last-year profile,daily_energy_CV_RMS_pct,19,710,710,0,ok,19.591915666713735,228.98033231473184,22.829277261708153
LCL households,late,710,710,LYR-profile,Last-year profile,daily_energy_CV_RMS_pct,20,710,710,0,ok,19.211307324648956,166.19565383483607,22.795291072642677
LCL households,late,710,710,LYR-profile,Last-year profile,daily_energy_CV_RMS_pct,21,710,710,0,ok,18.684371922669865,215.9650865276298,22.35921949118812
LCL households,late,710,710,LYR-profile,Last-year profile,daily_energy_CV_RMS_pct,22,710,710,0,ok,19.0734573006547,179.18209750244134,22.40014496137273
LCL households,late,710,710,LYR-profile,Last-year profile,daily_energy_CV_RMS_pct,23,710,710,0,ok,20.166356086177462,273.41743120686704,23.62505632558588
LCL households,late,710,710,LYR-profile,Last-year profile,daily_energy_CV_RMS_pct,24,710,710,0,ok,19.709894425925878,269.64366081257634,23.748923962194517
LCL households,late,710,710,LYR-profile,Last-year profile,daily_energy_CV_RMS_pct,25,710,710,0,ok,21.081311631001437,352.87216902752493,24.4494785815615
LCL households,late,710,710,LYR-profile,Last-year profile,daily_energy_CV_RMS_pct,26,710,710,0,ok,20.17442034851864,213.4134848037972,22.759303914163347
LCL households,late,710,710,LYR-profile,Last-year profile,daily_energy_CV_RMS_pct,27,710,710,0,ok,19.829390746379286,130.8099801081559,24.22147910087032
LCL households,late,710,710,LYR-profile,Last-year profile,daily_energy_CV_RMS_pct,28,710,710,0,ok,17.361549226174787,262.8463264707859,20.492214225627674
LCL households,late,710,710,LYR-profile,Last-year profile,daily_energy_CV_RMS_pct,29,710,710,0,ok,20.129292368137854,309.72599072136245,22.266251023383184
LCL households,late,710,710,LYR-profile,Last-year profile,daily_energy_CV_RMS_pct,30,710,710,0,ok,19.104475185196357,433.78599633014244,21.569298240006464
LCL households,late,710,710,LYR-profile,Last-year profile,daily_energy_CV_RMS_pct,31,710,710,0,ok,18.312808752661226,286.0079816558545,20.9065434178006
LCL households,late,710,710,LYR-profile,Last-year profile,cumulative_energy_CV_RMS_pct,1,710,710,0,ok,20.20505008162757,225.28917707708348,23.2926421573418
LCL households,late,710,710,LYR-profile,Last-year profile,cumulative_energy_CV_RMS_pct,2,710,710,0,ok,16.171806792167672,216.83601465565627,17.69322439789576
LCL households,late,710,710,LYR-profile,Last-year profile,cumulative_energy_CV_RMS_pct,3,710,710,0,ok,15.023642170900338,217.87307772251265,15.732702798483526
LCL households,late,710,710,LYR-profile,Last-year profile,cumulative_energy_CV_RMS_pct,4,710,710,0,ok,13.937047467471146,214.62395895397614,15.811819593653174
LCL households,late,710,710,LYR-profile,Last-year profile,cumulative_energy_CV_RMS_pct,5,710,710,0,ok,13.05573527383316,201.86813865638482,14.098254935627267
LCL households,late,710,710,LYR-profile,Last-year profile,cumulative_energy_CV_RMS_pct,6,710,710,0,ok,12.214006259175791,198.1402291429654,13.565796970755112
LCL households,late,710,710,LYR-profile,Last-year profile,cumulative_energy_CV_RMS_pct,7,710,710,0,ok,11.43590765024141,202.6708972560151,13.112212722352195
LCL households,late,710,710,LYR-profile,Last-year profile,cumulative_energy_CV_RMS_pct,8,710,710,0,ok,11.821716815870134,196.3083054192561,12.573143171096742
LCL households,late,710,710,LYR-profile,Last-year profile,cumulative_energy_CV_RMS_pct,9,710,710,0,ok,12.031562701047065,191.05599357075477,12.635778138779147
LCL households,late,710,710,LYR-profile,Last-year profile,cumulative_energy_CV_RMS_pct,10,710,710,0,ok,11.48893664728332,184.6642605110246,12.980023535335242
LCL households,late,710,710,LYR-profile,Last-year profile,cumulative_energy_CV_RMS_pct,11,710,710,0,ok,10.908989738504468,190.24811034744195,12.92728642802357
LCL households,late,710,710,LYR-profile,Last-year profile,cumulative_energy_CV_RMS_pct,12,710,710,0,ok,11.45082971192517,195.4090492682951,12.795341393384316
LCL households,late,710,710,LYR-profile,Last-year profile,cumulative_energy_CV_RMS_pct,13,710,710,0,ok,11.179331244379831,204.47645519781352,12.326689845493672
LCL households,late,710,710,LYR-profile,Last-year profile,cumulative_energy_CV_RMS_pct,14,710,710,0,ok,11.083277154462701,210.53700449150864,12.270431883233032
LCL households,late,710,710,LYR-profile,Last-year profile,cumulative_energy_CV_RMS_pct,15,710,710,0,ok,10.96278202986748,208.65340470677845,12.181573372849266
LCL households,late,710,710,LYR-profile,Last-year profile,cumulative_energy_CV_RMS_pct,16,710,710,0,ok,10.545849521793468,205.7432174024005,12.411832228732282
LCL households,late,710,710,LYR-profile,Last-year profile,cumulative_energy_CV_RMS_pct,17,710,710,0,ok,10.568030738946574,203.558235677735,12.278779796723452
LCL households,late,710,710,LYR-profile,Last-year profile,cumulative_energy_CV_RMS_pct,18,710,710,0,ok,10.642468144433701,200.8365646433946,12.143224333213286
LCL households,late,710,710,LYR-profile,Last-year profile,cumulative_energy_CV_RMS_pct,19,710,710,0,ok,10.710234688494607,201.49935278306182,11.885621709762386
LCL households,late,710,710,LYR-profile,Last-year profile,cumulative_energy_CV_RMS_pct,20,710,710,0,ok,10.554406724703114,198.9110989096413,12.211912740801052
LCL households,late,710,710,LYR-profile,Last-year profile,cumulative_energy_CV_RMS_pct,21,710,710,0,ok,10.336719150347083,198.9974867183892,12.120152425049803
LCL households,late,710,710,LYR-profile,Last-year profile,cumulative_energy_CV_RMS_pct,22,710,710,0,ok,10.280275590682212,197.30354734184786,12.049267439616084
LCL households,late,710,710,LYR-profile,Last-year profile,cumulative_energy_CV_RMS_pct,23,710,710,0,ok,10.137362970357357,199.8611317719395,12.125900660383605
LCL households,late,710,710,LYR-profile,Last-year profile,cumulative_energy_CV_RMS_pct,24,710,710,0,ok,10.262164011007311,202.05415632039433,11.615230134054638
LCL households,late,710,710,LYR-profile,Last-year profile,cumulative_energy_CV_RMS_pct,25,710,710,0,ok,10.481698479465727,207.4006698190705,11.593492975032682
LCL households,late,710,710,LYR-profile,Last-year profile,cumulative_energy_CV_RMS_pct,26,710,710,0,ok,10.300477839776503,206.95259031430007,11.58164840503829
LCL households,late,710,710,LYR-profile,Last-year profile,cumulative_energy_CV_RMS_pct,27,710,710,0,ok,10.391543157363099,203.55613019996136,11.782442505396462
LCL households,late,710,710,LYR-profile,Last-year profile,cumulative_energy_CV_RMS_pct,28,710,710,0,ok,10.333106134650015,205.09819699873924,11.909230298999775
LCL households,late,710,710,LYR-profile,Last-year profile,cumulative_energy_CV_RMS_pct,29,710,710,0,ok,10.098850160135619,207.94431147620944,11.476964808386157
LCL households,late,710,710,LYR-profile,Last-year profile,cumulative_energy_CV_RMS_pct,30,710,710,0,ok,10.18413608957654,214.8347820959813,11.79070533142455
LCL households,late,710,710,LYR-profile,Last-year profile,cumulative_energy_CV_RMS_pct,31,710,710,0,ok,10.234172536259928,216.52786298468553,11.48111661685044
LCL households,late,710,710,MSTL,MSTL,hourly_CV_RMSE_pct,1,710,710,0,ok,75.06802835099136,115.88773425704423,74.97254347284425
LCL households,late,710,710,MSTL,MSTL,hourly_CV_RMSE_pct,2,710,710,0,ok,71.84984042075145,100.98509039010047,73.73691628799173
LCL households,late,710,710,MSTL,MSTL,hourly_CV_RMSE_pct,3,710,710,0,ok,71.97515382691729,101.52457040847594,72.26032921658168
LCL households,late,710,710,MSTL,MSTL,hourly_CV_RMSE_pct,4,710,710,0,ok,71.05604536893627,91.02505039657493,70.72554024904721
LCL households,late,710,710,MSTL,MSTL,hourly_CV_RMSE_pct,5,710,710,0,ok,73.43004924963668,95.12936090940444,75.31945363399792
LCL households,late,710,710,MSTL,MSTL,hourly_CV_RMSE_pct,6,710,710,0,ok,69.83287576392887,89.58224117743944,70.51673679125288
LCL households,late,710,710,MSTL,MSTL,hourly_CV_RMSE_pct,7,710,710,0,ok,67.40731673584668,86.25158707058915,67.96667351233214
LCL households,late,710,710,MSTL,MSTL,hourly_CV_RMSE_pct,8,710,710,0,ok,78.81789617876181,101.68112115917836,78.18046341691998
LCL households,late,710,710,MSTL,MSTL,hourly_CV_RMSE_pct,9,710,710,0,ok,80.00066193800374,108.14589991121849,80.37809421345833
LCL households,late,710,710,MSTL,MSTL,hourly_CV_RMSE_pct,10,710,710,0,ok,77.49329009487695,105.5174658866068,75.92367100412642
LCL households,late,710,710,MSTL,MSTL,hourly_CV_RMSE_pct,11,710,710,0,ok,78.64883805480765,101.19301084915277,78.30774035385889
LCL households,late,710,710,MSTL,MSTL,hourly_CV_RMSE_pct,12,710,710,0,ok,76.82694500201092,97.65613991895471,77.24480631429898
LCL households,late,710,710,MSTL,MSTL,hourly_CV_RMSE_pct,13,710,710,0,ok,76.48081358441483,95.18585904927,79.47470905786102
LCL households,late,710,710,MSTL,MSTL,hourly_CV_RMSE_pct,14,710,710,0,ok,73.40415715021373,93.16503614349615,72.81732243982836
LCL households,late,710,710,MSTL,MSTL,hourly_CV_RMSE_pct,15,710,710,0,ok,84.83791677152269,108.11970682489444,83.3535933141265
LCL households,late,710,710,MSTL,MSTL,hourly_CV_RMSE_pct,16,710,710,0,ok,80.68701562207215,109.75902709594737,81.25642016831567
LCL households,late,710,710,MSTL,MSTL,hourly_CV_RMSE_pct,17,710,710,0,ok,81.81449391962673,120.24028365986467,81.6018181551976
LCL households,late,710,710,MSTL,MSTL,hourly_CV_RMSE_pct,18,710,710,0,ok,80.37840482505727,102.7750153837101,81.18844301097634
LCL households,late,710,710,MSTL,MSTL,hourly_CV_RMSE_pct,19,710,710,0,ok,79.43041745688724,100.85882010126338,78.7171903642137
LCL households,late,710,710,MSTL,MSTL,hourly_CV_RMSE_pct,20,710,710,0,ok,78.51044363194198,99.07030504813187,76.64526241033266
LCL households,late,710,710,MSTL,MSTL,hourly_CV_RMSE_pct,21,710,710,0,ok,76.49703205375707,95.91896794332506,76.64167423531418
LCL households,late,710,710,MSTL,MSTL,hourly_CV_RMSE_pct,22,710,710,0,ok,84.27335078493738,107.96909341860938,82.30837158966395
LCL households,late,710,710,MSTL,MSTL,hourly_CV_RMSE_pct,23,710,710,0,ok,84.38600053288118,112.37913274263674,84.81818164593575
LCL households,late,710,710,MSTL,MSTL,hourly_CV_RMSE_pct,24,710,710,0,ok,82.06292808050569,110.48273489813418,82.9345872878707
LCL households,late,710,710,MSTL,MSTL,hourly_CV_RMSE_pct,25,710,710,0,ok,84.9738753414371,107.54994189035177,84.50074809584682
LCL households,late,710,710,MSTL,MSTL,hourly_CV_RMSE_pct,26,710,710,0,ok,81.67641561474522,102.60263270790911,81.79876581927739
LCL households,late,710,710,MSTL,MSTL,hourly_CV_RMSE_pct,27,710,710,0,ok,80.31938047923133,99.6966915376543,80.77581351193072
LCL households,late,710,710,MSTL,MSTL,hourly_CV_RMSE_pct,28,710,710,0,ok,77.88505685531705,97.35458573335217,76.83747292906723
LCL households,late,710,710,MSTL,MSTL,hourly_CV_RMSE_pct,29,710,710,0,ok,88.13886433657352,116.1653753154845,85.59097113884806
LCL households,late,710,710,MSTL,MSTL,hourly_CV_RMSE_pct,30,710,710,0,ok,88.24330815104351,119.74357217608178,90.1088237299513
LCL households,late,710,710,MSTL,MSTL,hourly_CV_RMSE_pct,31,710,710,0,ok,88.79910986568844,120.01122919365807,88.15748478354755
LCL households,late,710,710,MSTL,MSTL,daily_energy_CV_RMS_pct,1,710,710,0,ok,15.072543944546087,32.39608041573808,18.424377185713546
LCL households,late,710,710,MSTL,MSTL,daily_energy_CV_RMS_pct,2,710,710,0,ok,15.539369821817449,34.90528357875131,19.130052937498803
LCL households,late,710,710,MSTL,MSTL,daily_energy_CV_RMS_pct,3,710,710,0,ok,15.345787180176883,33.489686056591815,18.016378279332958
LCL households,late,710,710,MSTL,MSTL,daily_energy_CV_RMS_pct,4,710,710,0,ok,15.806502567576386,33.82467264114244,17.899401343304522
LCL households,late,710,710,MSTL,MSTL,daily_energy_CV_RMS_pct,5,710,710,0,ok,15.826593763162204,35.82058137297448,19.91730597519792
LCL households,late,710,710,MSTL,MSTL,daily_energy_CV_RMS_pct,6,710,710,0,ok,15.675663499290938,33.871221653658125,17.339732737006756
LCL households,late,710,710,MSTL,MSTL,daily_energy_CV_RMS_pct,7,710,710,0,ok,14.092060540448829,31.442102564103283,16.029776782304964
LCL households,late,710,710,MSTL,MSTL,daily_energy_CV_RMS_pct,8,710,710,0,ok,17.908204433192733,34.97745862968269,20.370467411544304
LCL households,late,710,710,MSTL,MSTL,daily_energy_CV_RMS_pct,9,710,710,0,ok,18.910391574543148,43.10509920346414,22.959727825715895
LCL households,late,710,710,MSTL,MSTL,daily_energy_CV_RMS_pct,10,710,710,0,ok,18.328248988283445,39.88253514681626,22.328254592643166
LCL households,late,710,710,MSTL,MSTL,daily_energy_CV_RMS_pct,11,710,710,0,ok,18.789823676220976,40.02867243775056,20.95086132082769
LCL households,late,710,710,MSTL,MSTL,daily_energy_CV_RMS_pct,12,710,710,0,ok,17.296980003461243,37.52272298254865,20.48220513748236
LCL households,late,710,710,MSTL,MSTL,daily_energy_CV_RMS_pct,13,710,710,0,ok,17.272353523515754,36.695907759458926,21.300624792009373
LCL households,late,710,710,MSTL,MSTL,daily_energy_CV_RMS_pct,14,710,710,0,ok,17.89564141178256,35.857811055623756,22.441497272677392
LCL households,late,710,710,MSTL,MSTL,daily_energy_CV_RMS_pct,15,710,710,0,ok,20.07654899939836,37.81376296474115,22.47130752989289
LCL households,late,710,710,MSTL,MSTL,daily_energy_CV_RMS_pct,16,710,710,0,ok,20.20980432327377,42.47306990702406,23.433761014581336
LCL households,late,710,710,MSTL,MSTL,daily_energy_CV_RMS_pct,17,710,710,0,ok,19.49092528774176,40.514122496664804,22.978427099024948
LCL households,late,710,710,MSTL,MSTL,daily_energy_CV_RMS_pct,18,710,710,0,ok,19.060377645767677,40.61097216404167,22.043894225196244
LCL households,late,710,710,MSTL,MSTL,daily_energy_CV_RMS_pct,19,710,710,0,ok,18.14936617498015,40.163697557339916,22.70285560061054
LCL households,late,710,710,MSTL,MSTL,daily_energy_CV_RMS_pct,20,710,710,0,ok,18.600608390821755,40.18458240147325,22.260748594746175
LCL households,late,710,710,MSTL,MSTL,daily_energy_CV_RMS_pct,21,710,710,0,ok,19.59258444267205,38.153368446576934,23.303718741220916
LCL households,late,710,710,MSTL,MSTL,daily_energy_CV_RMS_pct,22,710,710,0,ok,19.95248828028614,39.53254973393347,23.058707588307513
LCL households,late,710,710,MSTL,MSTL,daily_energy_CV_RMS_pct,23,710,710,0,ok,21.273227182707316,45.02093377291886,25.434342709349455
LCL households,late,710,710,MSTL,MSTL,daily_energy_CV_RMS_pct,24,710,710,0,ok,21.308203880789705,44.106174508461805,26.267503290624308
LCL households,late,710,710,MSTL,MSTL,daily_energy_CV_RMS_pct,25,710,710,0,ok,22.76388482833204,44.282068379018696,26.28143116269998
LCL households,late,710,710,MSTL,MSTL,daily_energy_CV_RMS_pct,26,710,710,0,ok,20.375554990640776,42.447572617799196,25.637937611701858
LCL households,late,710,710,MSTL,MSTL,daily_energy_CV_RMS_pct,27,710,710,0,ok,19.512019445445517,40.24188721531899,23.586338473327892
LCL households,late,710,710,MSTL,MSTL,daily_energy_CV_RMS_pct,28,710,710,0,ok,20.251408675968143,38.6467639350042,23.164958616079318
LCL households,late,710,710,MSTL,MSTL,daily_energy_CV_RMS_pct,29,710,710,0,ok,21.267573593617545,43.83427280934014,24.67042421280715
LCL households,late,710,710,MSTL,MSTL,daily_energy_CV_RMS_pct,30,710,710,0,ok,23.283668561891922,49.72594099234227,27.291718770318518
LCL households,late,710,710,MSTL,MSTL,daily_energy_CV_RMS_pct,31,710,710,0,ok,23.666625471090846,48.38078386219367,27.76440275762569
LCL households,late,710,710,MSTL,MSTL,cumulative_energy_CV_RMS_pct,1,710,710,0,ok,15.072543944546087,32.39608041573808,18.424377185713546
LCL households,late,710,710,MSTL,MSTL,cumulative_energy_CV_RMS_pct,2,710,710,0,ok,12.70069000894748,29.095702873866244,14.787280510153941
LCL households,late,710,710,MSTL,MSTL,cumulative_energy_CV_RMS_pct,3,710,710,0,ok,12.210001909718956,28.075136574177108,14.599121677757372
LCL households,late,710,710,MSTL,MSTL,cumulative_energy_CV_RMS_pct,4,710,710,0,ok,11.356169362265248,27.62848902881598,13.560728020601466
LCL households,late,710,710,MSTL,MSTL,cumulative_energy_CV_RMS_pct,5,710,710,0,ok,11.523700724728505,27.741178707147583,13.874309758029975
LCL households,late,710,710,MSTL,MSTL,cumulative_energy_CV_RMS_pct,6,710,710,0,ok,11.413311661449796,27.489491446415176,14.002386381227858
LCL households,late,710,710,MSTL,MSTL,cumulative_energy_CV_RMS_pct,7,710,710,0,ok,11.28682628005677,26.88354262432787,13.816612092398982
LCL households,late,710,710,MSTL,MSTL,cumulative_energy_CV_RMS_pct,8,710,710,0,ok,11.250573158080014,26.77713027305664,13.919207307633187
LCL households,late,710,710,MSTL,MSTL,cumulative_energy_CV_RMS_pct,9,710,710,0,ok,11.62811113982951,27.662465961551113,14.173964433455417
LCL households,late,710,710,MSTL,MSTL,cumulative_energy_CV_RMS_pct,10,710,710,0,ok,11.755078375617492,28.171871066059637,14.064488549785755
LCL households,late,710,710,MSTL,MSTL,cumulative_energy_CV_RMS_pct,11,710,710,0,ok,12.029405965314506,28.62806792597227,13.95282461877413
LCL households,late,710,710,MSTL,MSTL,cumulative_energy_CV_RMS_pct,12,710,710,0,ok,11.930821455419768,28.65956702835463,13.844152025118397
LCL households,late,710,710,MSTL,MSTL,cumulative_energy_CV_RMS_pct,13,710,710,0,ok,12.368237619034211,28.68383177541064,14.15486303500781
LCL households,late,710,710,MSTL,MSTL,cumulative_energy_CV_RMS_pct,14,710,710,0,ok,12.231436248502826,28.452076935553794,13.923240438867177
LCL households,late,710,710,MSTL,MSTL,cumulative_energy_CV_RMS_pct,15,710,710,0,ok,12.175899043415285,28.35253431436659,13.986733671047997
LCL households,late,710,710,MSTL,MSTL,cumulative_energy_CV_RMS_pct,16,710,710,0,ok,12.617981300506909,28.71166387988559,14.224375553839863
LCL households,late,710,710,MSTL,MSTL,cumulative_energy_CV_RMS_pct,17,710,710,0,ok,12.746784008208774,28.90458465402702,14.43555856732926
LCL households,late,710,710,MSTL,MSTL,cumulative_energy_CV_RMS_pct,18,710,710,0,ok,12.931875927527667,29.114333114115478,14.548884739992445
LCL households,late,710,710,MSTL,MSTL,cumulative_energy_CV_RMS_pct,19,710,710,0,ok,13.057196403515533,29.27108604448128,14.74680700416285
LCL households,late,710,710,MSTL,MSTL,cumulative_energy_CV_RMS_pct,20,710,710,0,ok,13.269511265873584,29.431806207376294,14.649979315665156
LCL households,late,710,710,MSTL,MSTL,cumulative_energy_CV_RMS_pct,21,710,710,0,ok,13.160698592750052,29.311791410882336,14.6328222208001
LCL households,late,710,710,MSTL,MSTL,cumulative_energy_CV_RMS_pct,22,710,710,0,ok,13.037126371420754,29.221283171854413,14.60757505877233
LCL households,late,710,710,MSTL,MSTL,cumulative_energy_CV_RMS_pct,23,710,710,0,ok,13.133205449376169,29.48084682627451,15.232717469907897
LCL households,late,710,710,MSTL,MSTL,cumulative_energy_CV_RMS_pct,24,710,710,0,ok,13.330964126448723,29.65927662991622,14.93212900160933
LCL households,late,710,710,MSTL,MSTL,cumulative_energy_CV_RMS_pct,25,710,710,0,ok,13.64463423193845,29.84309840520832,15.453469489507889
LCL households,late,710,710,MSTL,MSTL,cumulative_energy_CV_RMS_pct,26,710,710,0,ok,13.606478965444653,29.954784222749556,15.431066864136938
LCL households,late,710,710,MSTL,MSTL,cumulative_energy_CV_RMS_pct,27,710,710,0,ok,13.822344034936572,30.037006594130254,15.869856951447563
LCL households,late,710,710,MSTL,MSTL,cumulative_energy_CV_RMS_pct,28,710,710,0,ok,13.870339891040102,30.005388513710603,15.718588015922343
LCL households,late,710,710,MSTL,MSTL,cumulative_energy_CV_RMS_pct,29,710,710,0,ok,13.721825433796475,30.04417793360037,15.89105390407781
LCL households,late,710,710,MSTL,MSTL,cumulative_energy_CV_RMS_pct,30,710,710,0,ok,13.80858662503796,30.430720825934024,16.31374428246609
LCL households,late,710,710,MSTL,MSTL,cumulative_energy_CV_RMS_pct,31,710,710,0,ok,14.226653286754898,30.724372761137353,16.32608273097385
LCL households,late,710,710,PatchTST,PatchTST,hourly_CV_RMSE_pct,1,710,710,0,ok,56.425130960737455,89.51432602995712,54.538623187286845
LCL households,late,710,710,PatchTST,PatchTST,hourly_CV_RMSE_pct,2,710,710,0,ok,52.771813956334384,68.65165315714063,52.19004911775764
LCL households,late,710,710,PatchTST,PatchTST,hourly_CV_RMSE_pct,3,710,710,0,ok,52.96315265385785,69.01641468075073,52.463611219387495
LCL households,late,710,710,PatchTST,PatchTST,hourly_CV_RMSE_pct,4,710,710,0,ok,53.173657070259765,64.73344458510681,52.99232763315369
LCL households,late,710,710,PatchTST,PatchTST,hourly_CV_RMSE_pct,5,710,710,0,ok,58.300809137276886,72.60815015222421,57.78517593026329
LCL households,late,710,710,PatchTST,PatchTST,hourly_CV_RMSE_pct,6,710,710,0,ok,56.58329589522912,71.26458450893708,55.92184875239402
LCL households,late,710,710,PatchTST,PatchTST,hourly_CV_RMSE_pct,7,710,710,0,ok,55.65350353086366,69.37317226861252,55.67763271801121
LCL households,late,710,710,PatchTST,PatchTST,hourly_CV_RMSE_pct,8,710,710,0,ok,57.48489854203292,72.28343441481125,56.680345957994646
LCL households,late,710,710,PatchTST,PatchTST,hourly_CV_RMSE_pct,9,710,710,0,ok,57.20048148514974,73.00563517387599,56.12415373517949
LCL households,late,710,710,PatchTST,PatchTST,hourly_CV_RMSE_pct,10,710,710,0,ok,58.488415385823764,73.17743918529112,56.768658250565366
LCL households,late,710,710,PatchTST,PatchTST,hourly_CV_RMSE_pct,11,710,710,0,ok,60.4478192307652,77.87028467087369,57.936253996493676
LCL households,late,710,710,PatchTST,PatchTST,hourly_CV_RMSE_pct,12,710,710,0,ok,60.989930084810354,76.17876902331113,58.3284338551004
LCL households,late,710,710,PatchTST,PatchTST,hourly_CV_RMSE_pct,13,710,710,0,ok,61.34543432878257,77.23750689766693,61.55014768982147
LCL households,late,710,710,PatchTST,PatchTST,hourly_CV_RMSE_pct,14,710,710,0,ok,61.72136139533912,79.7685119021394,59.84732252101537
LCL households,late,710,710,PatchTST,PatchTST,hourly_CV_RMSE_pct,15,710,710,0,ok,62.37084522596494,78.28010240773017,61.59383472834848
LCL households,late,710,710,PatchTST,PatchTST,hourly_CV_RMSE_pct,16,710,710,0,ok,59.10740245841142,76.75432606528473,58.19822713352984
LCL households,late,710,710,PatchTST,PatchTST,hourly_CV_RMSE_pct,17,710,710,0,ok,61.240583343015246,91.38967480415239,59.51965168920023
LCL households,late,710,710,PatchTST,PatchTST,hourly_CV_RMSE_pct,18,710,710,0,ok,61.63272894483994,76.66823226379992,60.67160307135168
LCL households,late,710,710,PatchTST,PatchTST,hourly_CV_RMSE_pct,19,710,710,0,ok,62.74139746319893,78.44538762295421,60.10225622468394
LCL households,late,710,710,PatchTST,PatchTST,hourly_CV_RMSE_pct,20,710,710,0,ok,61.97248707853023,77.96975374657575,59.779804566295226
LCL households,late,710,710,PatchTST,PatchTST,hourly_CV_RMSE_pct,21,710,710,0,ok,62.47244595896304,77.83521114169939,62.81917652226764
LCL households,late,710,710,PatchTST,PatchTST,hourly_CV_RMSE_pct,22,710,710,0,ok,61.0724908658237,76.1716738174755,60.245774006196314
LCL households,late,710,710,PatchTST,PatchTST,hourly_CV_RMSE_pct,23,710,710,0,ok,61.8627997190193,76.62174054421516,59.98987536335951
LCL households,late,710,710,PatchTST,PatchTST,hourly_CV_RMSE_pct,24,710,710,0,ok,61.80331438646668,75.25921770949003,60.40239581638275
LCL households,late,710,710,PatchTST,PatchTST,hourly_CV_RMSE_pct,25,710,710,0,ok,66.14777415207503,80.91787295801244,65.59679262216015
LCL households,late,710,710,PatchTST,PatchTST,hourly_CV_RMSE_pct,26,710,710,0,ok,63.891900550162106,77.83102634560893,63.00025298145448
LCL households,late,710,710,PatchTST,PatchTST,hourly_CV_RMSE_pct,27,710,710,0,ok,64.50133649843953,79.94035765529414,64.41566318144326
LCL households,late,710,710,PatchTST,PatchTST,hourly_CV_RMSE_pct,28,710,710,0,ok,62.57059258480272,78.06652555682545,62.49587151921946
LCL households,late,710,710,PatchTST,PatchTST,hourly_CV_RMSE_pct,29,710,710,0,ok,64.46669464078764,84.48358151843343,62.46473043736906
LCL households,late,710,710,PatchTST,PatchTST,hourly_CV_RMSE_pct,30,710,710,0,ok,64.9929117998516,81.47336825341804,64.72165119356995
LCL households,late,710,710,PatchTST,PatchTST,hourly_CV_RMSE_pct,31,710,710,0,ok,67.08141240330963,84.87885584867739,66.12942895014147
LCL households,late,710,710,PatchTST,PatchTST,daily_energy_CV_RMS_pct,1,710,710,0,ok,11.208107515111301,26.248717716088922,13.340095481810105
LCL households,late,710,710,PatchTST,PatchTST,daily_energy_CV_RMS_pct,2,710,710,0,ok,10.044452176636566,20.97340072267083,12.613463756889695
LCL households,late,710,710,PatchTST,PatchTST,daily_energy_CV_RMS_pct,3,710,710,0,ok,10.125594656301605,21.572216485091996,12.436906238320438
LCL households,late,710,710,PatchTST,PatchTST,daily_energy_CV_RMS_pct,4,710,710,0,ok,11.35636076626905,22.066612953622542,13.917828771010399
LCL households,late,710,710,PatchTST,PatchTST,daily_energy_CV_RMS_pct,5,710,710,0,ok,12.72452792355638,25.46192994795792,14.639181332891113
LCL households,late,710,710,PatchTST,PatchTST,daily_energy_CV_RMS_pct,6,710,710,0,ok,11.577799099045427,25.359282328193043,12.967245688737385
LCL households,late,710,710,PatchTST,PatchTST,daily_energy_CV_RMS_pct,7,710,710,0,ok,12.105030046181925,25.51563610783781,14.669860900929512
LCL households,late,710,710,PatchTST,PatchTST,daily_energy_CV_RMS_pct,8,710,710,0,ok,12.491826290312346,26.778777295674246,15.110903443838641
LCL households,late,710,710,PatchTST,PatchTST,daily_energy_CV_RMS_pct,9,710,710,0,ok,12.035253687321019,27.499481949049912,14.25383356324923
LCL households,late,710,710,PatchTST,PatchTST,daily_energy_CV_RMS_pct,10,710,710,0,ok,13.508887006708532,27.218702795198464,14.036762304570702
LCL households,late,710,710,PatchTST,PatchTST,daily_energy_CV_RMS_pct,11,710,710,0,ok,13.275683725430495,29.042257337657674,15.217126649467797
LCL households,late,710,710,PatchTST,PatchTST,daily_energy_CV_RMS_pct,12,710,710,0,ok,12.775072776414422,27.601412024132372,14.876576961984243
LCL households,late,710,710,PatchTST,PatchTST,daily_energy_CV_RMS_pct,13,710,710,0,ok,14.067822368204792,28.846220831318735,16.32615764495177
LCL households,late,710,710,PatchTST,PatchTST,daily_energy_CV_RMS_pct,14,710,710,0,ok,14.070972921351876,30.871652813125415,16.414839598709484
LCL households,late,710,710,PatchTST,PatchTST,daily_energy_CV_RMS_pct,15,710,710,0,ok,14.42824598980452,30.423284064672934,17.020739733909185
LCL households,late,710,710,PatchTST,PatchTST,daily_energy_CV_RMS_pct,16,710,710,0,ok,13.404290989574818,28.5700497824055,15.946050010199116
LCL households,late,710,710,PatchTST,PatchTST,daily_energy_CV_RMS_pct,17,710,710,0,ok,13.734053372912337,28.906099577702484,15.420360368256421
LCL households,late,710,710,PatchTST,PatchTST,daily_energy_CV_RMS_pct,18,710,710,0,ok,13.797645455348523,28.31911945400501,15.1124355623749
LCL households,late,710,710,PatchTST,PatchTST,daily_energy_CV_RMS_pct,19,710,710,0,ok,14.30348034622238,29.839798138695585,16.123971393141915
LCL households,late,710,710,PatchTST,PatchTST,daily_energy_CV_RMS_pct,20,710,710,0,ok,14.773056933933457,30.16882891781983,16.637582652415805
LCL households,late,710,710,PatchTST,PatchTST,daily_energy_CV_RMS_pct,21,710,710,0,ok,15.204037625275062,30.583372606761834,17.044010828849338
LCL households,late,710,710,PatchTST,PatchTST,daily_energy_CV_RMS_pct,22,710,710,0,ok,14.395607432680828,29.800427564527798,17.039044678720607
LCL households,late,710,710,PatchTST,PatchTST,daily_energy_CV_RMS_pct,23,710,710,0,ok,14.318195382845458,28.13815663325306,17.80322173172861
LCL households,late,710,710,PatchTST,PatchTST,daily_energy_CV_RMS_pct,24,710,710,0,ok,15.066792539748464,29.63843595556418,17.230494578530696
LCL households,late,710,710,PatchTST,PatchTST,daily_energy_CV_RMS_pct,25,710,710,0,ok,16.360255750839865,32.044696097248284,18.09336844792018
LCL households,late,710,710,PatchTST,PatchTST,daily_energy_CV_RMS_pct,26,710,710,0,ok,15.620453387940504,31.21646436505272,19.390748788090775
LCL households,late,710,710,PatchTST,PatchTST,daily_energy_CV_RMS_pct,27,710,710,0,ok,16.04077205976619,31.739238275685015,19.39312837996941
LCL households,late,710,710,PatchTST,PatchTST,daily_energy_CV_RMS_pct,28,710,710,0,ok,14.395358095466198,30.538357588396686,17.224310336127616
LCL households,late,710,710,PatchTST,PatchTST,daily_energy_CV_RMS_pct,29,710,710,0,ok,15.784359552469574,34.324296912926016,18.466572562553377
LCL households,late,710,710,PatchTST,PatchTST,daily_energy_CV_RMS_pct,30,710,710,0,ok,16.185244073004434,32.44511282683937,19.275340660530578
LCL households,late,710,710,PatchTST,PatchTST,daily_energy_CV_RMS_pct,31,710,710,0,ok,17.162842240272866,34.341337492429666,20.114106419311476
LCL households,late,710,710,PatchTST,PatchTST,cumulative_energy_CV_RMS_pct,1,710,710,0,ok,11.208107515111301,26.248717716088922,13.340095481810105
LCL households,late,710,710,PatchTST,PatchTST,cumulative_energy_CV_RMS_pct,2,710,710,0,ok,8.59796196778135,19.511427029243826,10.48482916688234
LCL households,late,710,710,PatchTST,PatchTST,cumulative_energy_CV_RMS_pct,3,710,710,0,ok,7.84142219309602,17.543608380543237,9.0439654468423
LCL households,late,710,710,PatchTST,PatchTST,cumulative_energy_CV_RMS_pct,4,710,710,0,ok,7.254301525116349,16.345688143668145,8.601421835104414
LCL households,late,710,710,PatchTST,PatchTST,cumulative_energy_CV_RMS_pct,5,710,710,0,ok,7.217856281228945,16.15902265775247,8.50730985570662
LCL households,late,710,710,PatchTST,PatchTST,cumulative_energy_CV_RMS_pct,6,710,710,0,ok,6.8421336893022335,15.990856138164425,8.082443363169244
LCL households,late,710,710,PatchTST,PatchTST,cumulative_energy_CV_RMS_pct,7,710,710,0,ok,6.501042089207683,15.898491978074706,7.847600759440305
LCL households,late,710,710,PatchTST,PatchTST,cumulative_energy_CV_RMS_pct,8,710,710,0,ok,6.488511223584454,16.097664899950978,7.799813856592154
LCL households,late,710,710,PatchTST,PatchTST,cumulative_energy_CV_RMS_pct,9,710,710,0,ok,6.615020613477973,16.34102547966336,7.8736133087530185
LCL households,late,710,710,PatchTST,PatchTST,cumulative_energy_CV_RMS_pct,10,710,710,0,ok,6.715593029156097,16.464506330207243,7.749273486512719
LCL households,late,710,710,PatchTST,PatchTST,cumulative_energy_CV_RMS_pct,11,710,710,0,ok,6.828730611867354,16.618099398489623,7.901575660851577
LCL households,late,710,710,PatchTST,PatchTST,cumulative_energy_CV_RMS_pct,12,710,710,0,ok,6.592892672272894,16.56325247349056,7.702702848285199
LCL households,late,710,710,PatchTST,PatchTST,cumulative_energy_CV_RMS_pct,13,710,710,0,ok,6.646914847193189,16.774141901437055,7.947490206611048
LCL households,late,710,710,PatchTST,PatchTST,cumulative_energy_CV_RMS_pct,14,710,710,0,ok,6.963265877510991,17.03290727939865,7.947535237668948
LCL households,late,710,710,PatchTST,PatchTST,cumulative_energy_CV_RMS_pct,15,710,710,0,ok,7.088931379157866,17.264909013598054,8.102915427174114
LCL households,late,710,710,PatchTST,PatchTST,cumulative_energy_CV_RMS_pct,16,710,710,0,ok,7.064288009177027,17.344626698236688,8.282351707201272
LCL households,late,710,710,PatchTST,PatchTST,cumulative_energy_CV_RMS_pct,17,710,710,0,ok,6.996737268895871,17.206566571100314,8.381457576807712
LCL households,late,710,710,PatchTST,PatchTST,cumulative_energy_CV_RMS_pct,18,710,710,0,ok,6.929878699457298,17.19508331818881,8.322231614508828
LCL households,late,710,710,PatchTST,PatchTST,cumulative_energy_CV_RMS_pct,19,710,710,0,ok,6.889164066647701,17.1404330901493,8.282719549900513
LCL households,late,710,710,PatchTST,PatchTST,cumulative_energy_CV_RMS_pct,20,710,710,0,ok,6.942159860706494,17.259153406866847,8.284248462343673
LCL households,late,710,710,PatchTST,PatchTST,cumulative_energy_CV_RMS_pct,21,710,710,0,ok,6.941694651494197,17.300956798974934,8.426140891544714
LCL households,late,710,710,PatchTST,PatchTST,cumulative_energy_CV_RMS_pct,22,710,710,0,ok,7.281152499163438,17.376493621676577,8.332484521841348
LCL households,late,710,710,PatchTST,PatchTST,cumulative_energy_CV_RMS_pct,23,710,710,0,ok,7.345019952089695,17.343773152372954,8.512869657168373
LCL households,late,710,710,PatchTST,PatchTST,cumulative_energy_CV_RMS_pct,24,710,710,0,ok,7.273061967286384,17.319893196818484,8.354789649741235
LCL households,late,710,710,PatchTST,PatchTST,cumulative_energy_CV_RMS_pct,25,710,710,0,ok,7.229312390387395,17.335910506732205,8.570103709631216
LCL households,late,710,710,PatchTST,PatchTST,cumulative_energy_CV_RMS_pct,26,710,710,0,ok,7.427078672388526,17.390210416620064,8.800436060056573
LCL households,late,710,710,PatchTST,PatchTST,cumulative_energy_CV_RMS_pct,27,710,710,0,ok,7.4258040406270425,17.485089400267327,9.2823074702332
LCL households,late,710,710,PatchTST,PatchTST,cumulative_energy_CV_RMS_pct,28,710,710,0,ok,7.446697940430899,17.566411832707658,9.113986156148886
LCL households,late,710,710,PatchTST,PatchTST,cumulative_energy_CV_RMS_pct,29,710,710,0,ok,7.561758077520713,17.65366085035335,9.116456409918854
LCL households,late,710,710,PatchTST,PatchTST,cumulative_energy_CV_RMS_pct,30,710,710,0,ok,7.674478410529085,17.826079780553147,9.230003825791616
LCL households,late,710,710,PatchTST,PatchTST,cumulative_energy_CV_RMS_pct,31,710,710,0,ok,7.831616942693794,18.002265921578868,9.33855906611257
LCL households,late,710,710,SN-day,Seasonal naive (day),hourly_CV_RMSE_pct,1,710,710,2,geometric mean undefined,,106.50271552460605,70.92538209080458
LCL households,late,710,710,SN-day,Seasonal naive (day),hourly_CV_RMSE_pct,2,710,710,3,geometric mean undefined,,86.30754231115027,72.82744515832937
LCL households,late,710,710,SN-day,Seasonal naive (day),hourly_CV_RMSE_pct,3,710,710,3,geometric mean undefined,,88.3801639267346,71.53793713658919
LCL households,late,710,710,SN-day,Seasonal naive (day),hourly_CV_RMSE_pct,4,710,710,2,geometric mean undefined,,87.92320254806513,74.11476358234685
LCL households,late,710,710,SN-day,Seasonal naive (day),hourly_CV_RMSE_pct,5,710,710,2,geometric mean undefined,,95.09102728763357,77.533140459046
LCL households,late,710,710,SN-day,Seasonal naive (day),hourly_CV_RMSE_pct,6,710,710,2,geometric mean undefined,,93.86026449012714,76.52487269193685
LCL households,late,710,710,SN-day,Seasonal naive (day),hourly_CV_RMSE_pct,7,710,710,2,geometric mean undefined,,86.867626663629,70.40876081006118
LCL households,late,710,710,SN-day,Seasonal naive (day),hourly_CV_RMSE_pct,8,710,710,2,geometric mean undefined,,91.24908643926507,77.93635434994576
LCL households,late,710,710,SN-day,Seasonal naive (day),hourly_CV_RMSE_pct,9,710,710,2,geometric mean undefined,,94.97751015821837,77.24952246798435
LCL households,late,710,710,SN-day,Seasonal naive (day),hourly_CV_RMSE_pct,10,710,710,2,geometric mean undefined,,93.43056833420226,77.71398646332304
LCL households,late,710,710,SN-day,Seasonal naive (day),hourly_CV_RMSE_pct,11,710,710,2,geometric mean undefined,,98.70997446290066,81.10073126874617
LCL households,late,710,710,SN-day,Seasonal naive (day),hourly_CV_RMSE_pct,12,710,710,2,geometric mean undefined,,98.62787803432677,82.77841103437136
LCL households,late,710,710,SN-day,Seasonal naive (day),hourly_CV_RMSE_pct,13,710,710,2,geometric mean undefined,,99.69879622696745,85.26713455775007
LCL households,late,710,710,SN-day,Seasonal naive (day),hourly_CV_RMSE_pct,14,710,710,2,geometric mean undefined,,94.40090252650464,76.3187267595683
LCL households,late,710,710,SN-day,Seasonal naive (day),hourly_CV_RMSE_pct,15,710,710,2,geometric mean undefined,,99.11460851651168,81.92621720914853
LCL households,late,710,710,SN-day,Seasonal naive (day),hourly_CV_RMSE_pct,16,710,710,1,geometric mean undefined,,100.19257384973136,78.96240344387593
LCL households,late,710,710,SN-day,Seasonal naive (day),hourly_CV_RMSE_pct,17,710,710,1,geometric mean undefined,,114.82315310398488,82.38807907914915
LCL households,late,710,710,SN-day,Seasonal naive (day),hourly_CV_RMSE_pct,18,710,710,2,geometric mean undefined,,98.86385721063867,82.72219178873652
LCL households,late,710,710,SN-day,Seasonal naive (day),hourly_CV_RMSE_pct,19,710,710,2,geometric mean undefined,,102.03470706992854,82.90153075528153
LCL households,late,710,710,SN-day,Seasonal naive (day),hourly_CV_RMSE_pct,20,710,710,2,geometric mean undefined,,101.87896654910055,83.10028220350901
LCL households,late,710,710,SN-day,Seasonal naive (day),hourly_CV_RMSE_pct,21,710,710,2,geometric mean undefined,,96.80641630833705,78.21408996773376
LCL households,late,710,710,SN-day,Seasonal naive (day),hourly_CV_RMSE_pct,22,710,710,2,geometric mean undefined,,97.92482818806553,80.9837196571373
LCL households,late,710,710,SN-day,Seasonal naive (day),hourly_CV_RMSE_pct,23,710,710,2,geometric mean undefined,,98.08783977978136,81.9560132076
LCL households,late,710,710,SN-day,Seasonal naive (day),hourly_CV_RMSE_pct,24,710,710,2,geometric mean undefined,,98.16746113657632,81.81760518489156
LCL households,late,710,710,SN-day,Seasonal naive (day),hourly_CV_RMSE_pct,25,710,710,2,geometric mean undefined,,103.30469957105213,87.21068849818889
LCL households,late,710,710,SN-day,Seasonal naive (day),hourly_CV_RMSE_pct,26,710,710,2,geometric mean undefined,,101.02977945095846,84.49582877454431
LCL households,late,710,710,SN-day,Seasonal naive (day),hourly_CV_RMSE_pct,27,710,710,2,geometric mean undefined,,102.4899920545098,85.86146054521555
LCL households,late,710,710,SN-day,Seasonal naive (day),hourly_CV_RMSE_pct,28,710,710,2,geometric mean undefined,,98.10527537125331,79.30120922495499
LCL households,late,710,710,SN-day,Seasonal naive (day),hourly_CV_RMSE_pct,29,710,710,2,geometric mean undefined,,105.83470228381822,85.272178700409
LCL households,late,710,710,SN-day,Seasonal naive (day),hourly_CV_RMSE_pct,30,710,710,2,geometric mean undefined,,106.42329053263366,88.61479178352897
LCL households,late,710,710,SN-day,Seasonal naive (day),hourly_CV_RMSE_pct,31,710,710,2,geometric mean undefined,,106.37111107081566,88.03860155641291
LCL households,late,710,710,SN-day,Seasonal naive (day),daily_energy_CV_RMS_pct,1,710,710,4,geometric mean undefined,,26.557225102346532,14.236568434013947
LCL households,late,710,710,SN-day,Seasonal naive (day),daily_energy_CV_RMS_pct,2,710,710,6,geometric mean undefined,,23.468098699709653,14.771785658639406
LCL households,late,710,710,SN-day,Seasonal naive (day),daily_energy_CV_RMS_pct,3,710,710,4,geometric mean undefined,,24.21364315863961,15.465116279186903
LCL households,late,710,710,SN-day,Seasonal naive (day),daily_energy_CV_RMS_pct,4,710,710,4,geometric mean undefined,,26.289782632462448,16.23243020226697
LCL households,late,710,710,SN-day,Seasonal naive (day),daily_energy_CV_RMS_pct,5,710,710,3,geometric mean undefined,,29.631485096757604,18.79326380316298
LCL households,late,710,710,SN-day,Seasonal naive (day),daily_energy_CV_RMS_pct,6,710,710,2,geometric mean undefined,,30.578169165439604,18.765892968286785
LCL households,late,710,710,SN-day,Seasonal naive (day),daily_energy_CV_RMS_pct,7,710,710,4,geometric mean undefined,,27.278405585920567,14.927138742207749
LCL households,late,710,710,SN-day,Seasonal naive (day),daily_energy_CV_RMS_pct,8,710,710,2,geometric mean undefined,,28.82367310948044,18.582489443106425
LCL households,late,710,710,SN-day,Seasonal naive (day),daily_energy_CV_RMS_pct,9,710,710,3,geometric mean undefined,,31.467950498083827,19.26141588564916
LCL households,late,710,710,SN-day,Seasonal naive (day),daily_energy_CV_RMS_pct,10,710,710,2,geometric mean undefined,,29.853744611870166,19.236803228338047
LCL households,late,710,710,SN-day,Seasonal naive (day),daily_energy_CV_RMS_pct,11,710,710,2,geometric mean undefined,,32.791974198015886,19.54639997131833
LCL households,late,710,710,SN-day,Seasonal naive (day),daily_energy_CV_RMS_pct,12,710,710,2,geometric mean undefined,,32.86991216773545,20.890621973497424
LCL households,late,710,710,SN-day,Seasonal naive (day),daily_energy_CV_RMS_pct,13,710,710,3,geometric mean undefined,,33.89262390209314,21.5383574463649
LCL households,late,710,710,SN-day,Seasonal naive (day),daily_energy_CV_RMS_pct,14,710,710,2,geometric mean undefined,,32.048403871023545,20.399166913134934
LCL households,late,710,710,SN-day,Seasonal naive (day),daily_energy_CV_RMS_pct,15,710,710,2,geometric mean undefined,,33.05293819491899,21.76044297052134
LCL households,late,710,710,SN-day,Seasonal naive (day),daily_energy_CV_RMS_pct,16,710,710,1,geometric mean undefined,,34.11572667917956,21.90218988630547
LCL households,late,710,710,SN-day,Seasonal naive (day),daily_energy_CV_RMS_pct,17,710,710,1,geometric mean undefined,,36.842098784810354,21.324057432453813
LCL households,late,710,710,SN-day,Seasonal naive (day),daily_energy_CV_RMS_pct,18,710,710,2,geometric mean undefined,,33.47689914077934,20.685804241411866
LCL households,late,710,710,SN-day,Seasonal naive (day),daily_energy_CV_RMS_pct,19,710,710,2,geometric mean undefined,,35.972874658491264,22.30944282792626
LCL households,late,710,710,SN-day,Seasonal naive (day),daily_energy_CV_RMS_pct,20,710,710,2,geometric mean undefined,,36.41962287303037,23.118799011555254
LCL households,late,710,710,SN-day,Seasonal naive (day),daily_energy_CV_RMS_pct,21,710,710,2,geometric mean undefined,,34.25096745996451,22.09994362086509
LCL households,late,710,710,SN-day,Seasonal naive (day),daily_energy_CV_RMS_pct,22,710,710,2,geometric mean undefined,,33.50787326947503,21.029617061113797
LCL households,late,710,710,SN-day,Seasonal naive (day),daily_energy_CV_RMS_pct,23,710,710,2,geometric mean undefined,,33.83158097618283,22.436703975709996
LCL households,late,710,710,SN-day,Seasonal naive (day),daily_energy_CV_RMS_pct,24,710,710,2,geometric mean undefined,,35.768381255034626,23.00237684033135
LCL households,late,710,710,SN-day,Seasonal naive (day),daily_energy_CV_RMS_pct,25,710,710,2,geometric mean undefined,,36.70829686348817,22.741975585524933
LCL households,late,710,710,SN-day,Seasonal naive (day),daily_energy_CV_RMS_pct,26,710,710,2,geometric mean undefined,,36.64506663894917,22.95823150587701
LCL households,late,710,710,SN-day,Seasonal naive (day),daily_energy_CV_RMS_pct,27,710,710,2,geometric mean undefined,,37.08558623858408,23.64263538268053
LCL households,late,710,710,SN-day,Seasonal naive (day),daily_energy_CV_RMS_pct,28,710,710,2,geometric mean undefined,,34.79034036715538,21.317462705880253
LCL households,late,710,710,SN-day,Seasonal naive (day),daily_energy_CV_RMS_pct,29,710,710,2,geometric mean undefined,,38.219926712404984,23.93042174150073
LCL households,late,710,710,SN-day,Seasonal naive (day),daily_energy_CV_RMS_pct,30,710,710,2,geometric mean undefined,,39.107008960806304,25.621696641474138
LCL households,late,710,710,SN-day,Seasonal naive (day),daily_energy_CV_RMS_pct,31,710,710,2,geometric mean undefined,,38.96039233878049,23.660794312942205
LCL households,late,710,710,SN-day,Seasonal naive (day),cumulative_energy_CV_RMS_pct,1,710,710,4,geometric mean undefined,,26.557225102346532,14.236568434013947
LCL households,late,710,710,SN-day,Seasonal naive (day),cumulative_energy_CV_RMS_pct,2,710,710,4,geometric mean undefined,,21.53066295544495,13.073065867035805
LCL households,late,710,710,SN-day,Seasonal naive (day),cumulative_energy_CV_RMS_pct,3,710,710,3,geometric mean undefined,,20.861600114980867,12.811365955221971
LCL households,late,710,710,SN-day,Seasonal naive (day),cumulative_energy_CV_RMS_pct,4,710,710,2,geometric mean undefined,,20.90912725669488,13.55578431854736
LCL households,late,710,710,SN-day,Seasonal naive (day),cumulative_energy_CV_RMS_pct,5,710,710,2,geometric mean undefined,,21.39603613623831,13.933603627932088
LCL households,late,710,710,SN-day,Seasonal naive (day),cumulative_energy_CV_RMS_pct,6,710,710,1,geometric mean undefined,,21.772357374127175,13.67401157856322
LCL households,late,710,710,SN-day,Seasonal naive (day),cumulative_energy_CV_RMS_pct,7,710,710,1,geometric mean undefined,,21.587948201906002,13.814544026941249
LCL households,late,710,710,SN-day,Seasonal naive (day),cumulative_energy_CV_RMS_pct,8,710,710,2,geometric mean undefined,,21.77636518274822,13.874785707734368
LCL households,late,710,710,SN-day,Seasonal naive (day),cumulative_energy_CV_RMS_pct,9,710,710,1,geometric mean undefined,,22.171400719137296,14.070777915730218
LCL households,late,710,710,SN-day,Seasonal naive (day),cumulative_energy_CV_RMS_pct,10,710,710,1,geometric mean undefined,,22.38075795049076,14.375964565798842
LCL households,late,710,710,SN-day,Seasonal naive (day),cumulative_energy_CV_RMS_pct,11,710,710,1,geometric mean undefined,,22.78493360662032,14.540055320964953
LCL households,late,710,710,SN-day,Seasonal naive (day),cumulative_energy_CV_RMS_pct,12,710,710,2,geometric mean undefined,,23.003059248923307,14.791856447477901
LCL households,late,710,710,SN-day,Seasonal naive (day),cumulative_energy_CV_RMS_pct,13,710,710,2,geometric mean undefined,,23.343390175640366,15.138456338327824
LCL households,late,710,710,SN-day,Seasonal naive (day),cumulative_energy_CV_RMS_pct,14,710,710,1,geometric mean undefined,,23.412155464732855,15.163577496287697
LCL households,late,710,710,SN-day,Seasonal naive (day),cumulative_energy_CV_RMS_pct,15,710,710,1,geometric mean undefined,,23.57370222057604,15.256506970573291
LCL households,late,710,710,SN-day,Seasonal naive (day),cumulative_energy_CV_RMS_pct,16,710,710,0,ok,13.028878999683249,23.79897867356846,15.434841025410613
LCL households,late,710,710,SN-day,Seasonal naive (day),cumulative_energy_CV_RMS_pct,17,710,710,0,ok,13.339770078712434,24.236271441332715,15.450376506154889
LCL households,late,710,710,SN-day,Seasonal naive (day),cumulative_energy_CV_RMS_pct,18,710,710,0,ok,13.41400135439225,24.40322685509647,15.682327463006667
LCL households,late,710,710,SN-day,Seasonal naive (day),cumulative_energy_CV_RMS_pct,19,710,710,0,ok,13.580221613575333,24.675443105382044,16.369621224907064
LCL households,late,710,710,SN-day,Seasonal naive (day),cumulative_energy_CV_RMS_pct,20,710,710,0,ok,13.732858779081143,24.981350229801002,16.723378271400506
LCL households,late,710,710,SN-day,Seasonal naive (day),cumulative_energy_CV_RMS_pct,21,710,710,0,ok,13.685740398803002,25.06009762485219,17.067951623195697
LCL households,late,710,710,SN-day,Seasonal naive (day),cumulative_energy_CV_RMS_pct,22,710,710,0,ok,13.861778516467766,25.12577938112736,16.681101186166455
LCL households,late,710,710,SN-day,Seasonal naive (day),cumulative_energy_CV_RMS_pct,23,710,710,0,ok,14.052665685444182,25.174765801889833,16.71744612604035
LCL households,late,710,710,SN-day,Seasonal naive (day),cumulative_energy_CV_RMS_pct,24,710,710,0,ok,13.992092105414974,25.287338621009013,16.395289371798548
LCL households,late,710,710,SN-day,Seasonal naive (day),cumulative_energy_CV_RMS_pct,25,710,710,0,ok,14.008927263825745,25.36884485731034,16.791972285040615
LCL households,late,710,710,SN-day,Seasonal naive (day),cumulative_energy_CV_RMS_pct,26,710,710,0,ok,14.13834450799763,25.510786787015487,17.123398972884754
LCL households,late,710,710,SN-day,Seasonal naive (day),cumulative_energy_CV_RMS_pct,27,710,710,0,ok,14.15717002472292,25.713472451497164,17.399673648013756
LCL households,late,710,710,SN-day,Seasonal naive (day),cumulative_energy_CV_RMS_pct,28,710,710,0,ok,14.221393539021484,25.791447333284193,17.06536381849076
LCL households,late,710,710,SN-day,Seasonal naive (day),cumulative_energy_CV_RMS_pct,29,710,710,0,ok,14.312430072804107,25.864802698625848,17.412570316685965
LCL households,late,710,710,SN-day,Seasonal naive (day),cumulative_energy_CV_RMS_pct,30,710,710,0,ok,14.536994687395099,26.078592323690565,17.529545928864657
LCL households,late,710,710,SN-day,Seasonal naive (day),cumulative_energy_CV_RMS_pct,31,710,710,0,ok,14.470235196868913,26.24789262585046,17.385645291322803
LCL households,late,710,710,SN-week,Seasonal naive (week),hourly_CV_RMSE_pct,1,710,710,2,geometric mean undefined,,115.18150771555533,73.77524140564478
LCL households,late,710,710,SN-week,Seasonal naive (week),hourly_CV_RMSE_pct,2,710,710,3,geometric mean undefined,,88.82628620809355,71.12158247596332
LCL households,late,710,710,SN-week,Seasonal naive (week),hourly_CV_RMSE_pct,3,710,710,3,geometric mean undefined,,86.9932000170145,69.5348677380307
LCL households,late,710,710,SN-week,Seasonal naive (week),hourly_CV_RMSE_pct,4,710,710,2,geometric mean undefined,,87.77096432742736,67.07777122083608
LCL households,late,710,710,SN-week,Seasonal naive (week),hourly_CV_RMSE_pct,5,710,710,2,geometric mean undefined,,92.1896037696369,73.11872077125733
LCL households,late,710,710,SN-week,Seasonal naive (week),hourly_CV_RMSE_pct,6,710,710,2,geometric mean undefined,,88.430141389559,70.97925371964573
LCL households,late,710,710,SN-week,Seasonal naive (week),hourly_CV_RMSE_pct,7,710,710,2,geometric mean undefined,,86.867626663629,70.40876081006118
LCL households,late,710,710,SN-week,Seasonal naive (week),hourly_CV_RMSE_pct,8,710,710,2,geometric mean undefined,,100.79310914718785,78.0192086946625
LCL households,late,710,710,SN-week,Seasonal naive (week),hourly_CV_RMSE_pct,9,710,710,3,geometric mean undefined,,93.58131401520698,76.93550774102242
LCL households,late,710,710,SN-week,Seasonal naive (week),hourly_CV_RMSE_pct,10,710,710,2,geometric mean undefined,,90.68624807455087,75.05450567110208
LCL households,late,710,710,SN-week,Seasonal naive (week),hourly_CV_RMSE_pct,11,710,710,2,geometric mean undefined,,96.57480155927438,76.75937440069887
LCL households,late,710,710,SN-week,Seasonal naive (week),hourly_CV_RMSE_pct,12,710,710,2,geometric mean undefined,,95.0918087313642,76.2789117150466
LCL households,late,710,710,SN-week,Seasonal naive (week),hourly_CV_RMSE_pct,13,710,710,2,geometric mean undefined,,93.47141272289201,79.64020001886598
LCL households,late,710,710,SN-week,Seasonal naive (week),hourly_CV_RMSE_pct,14,710,710,2,geometric mean undefined,,94.40090252650464,76.3187267595683
LCL households,late,710,710,SN-week,Seasonal naive (week),hourly_CV_RMSE_pct,15,710,710,2,geometric mean undefined,,107.19548353576886,83.74043023254815
LCL households,late,710,710,SN-week,Seasonal naive (week),hourly_CV_RMSE_pct,16,710,710,1,geometric mean undefined,,98.78079064372254,78.91403137965773
LCL households,late,710,710,SN-week,Seasonal naive (week),hourly_CV_RMSE_pct,17,710,710,1,geometric mean undefined,,111.66819653197605,80.00235671108302
LCL households,late,710,710,SN-week,Seasonal naive (week),hourly_CV_RMSE_pct,18,710,710,2,geometric mean undefined,,98.48586605708265,78.0201742371602
LCL households,late,710,710,SN-week,Seasonal naive (week),hourly_CV_RMSE_pct,19,710,710,2,geometric mean undefined,,98.16832983005895,77.072614130341
LCL households,late,710,710,SN-week,Seasonal naive (week),hourly_CV_RMSE_pct,20,710,710,2,geometric mean undefined,,96.92314954407311,76.72502523471661
LCL households,late,710,710,SN-week,Seasonal naive (week),hourly_CV_RMSE_pct,21,710,710,2,geometric mean undefined,,96.80641630833705,78.21408996773376
LCL households,late,710,710,SN-week,Seasonal naive (week),hourly_CV_RMSE_pct,22,710,710,2,geometric mean undefined,,107.13614777149165,83.77392112387707
LCL households,late,710,710,SN-week,Seasonal naive (week),hourly_CV_RMSE_pct,23,710,710,2,geometric mean undefined,,97.9596549785457,82.47987951064418
LCL households,late,710,710,SN-week,Seasonal naive (week),hourly_CV_RMSE_pct,24,710,710,2,geometric mean undefined,,95.29490755040885,81.35231055604099
LCL households,late,710,710,SN-week,Seasonal naive (week),hourly_CV_RMSE_pct,25,710,710,2,geometric mean undefined,,104.1207042822755,83.07611763024582
LCL households,late,710,710,SN-week,Seasonal naive (week),hourly_CV_RMSE_pct,26,710,710,2,geometric mean undefined,,99.28065575233761,80.49461158305783
LCL households,late,710,710,SN-week,Seasonal naive (week),hourly_CV_RMSE_pct,27,710,710,2,geometric mean undefined,,98.35069034697364,81.415347246251
LCL households,late,710,710,SN-week,Seasonal naive (week),hourly_CV_RMSE_pct,28,710,710,2,geometric mean undefined,,98.10527537125331,79.30120922495499
LCL households,late,710,710,SN-week,Seasonal naive (week),hourly_CV_RMSE_pct,29,710,710,2,geometric mean undefined,,115.36556511228551,88.13839638900288
LCL households,late,710,710,SN-week,Seasonal naive (week),hourly_CV_RMSE_pct,30,710,710,2,geometric mean undefined,,105.26708252880441,85.91403015651434
LCL households,late,710,710,SN-week,Seasonal naive (week),hourly_CV_RMSE_pct,31,710,710,2,geometric mean undefined,,104.75595230236038,84.4144281590248
LCL households,late,710,710,SN-week,Seasonal naive (week),daily_energy_CV_RMS_pct,1,710,710,3,geometric mean undefined,,35.036529438140256,16.481957529830996
LCL households,late,710,710,SN-week,Seasonal naive (week),daily_energy_CV_RMS_pct,2,710,710,5,geometric mean undefined,,26.462288496168053,14.668588437013167
LCL households,late,710,710,SN-week,Seasonal naive (week),daily_energy_CV_RMS_pct,3,710,710,3,geometric mean undefined,,23.963269783236843,14.877168469910139
LCL households,late,710,710,SN-week,Seasonal naive (week),daily_energy_CV_RMS_pct,4,710,710,4,geometric mean undefined,,26.701718617302603,13.990713106917891
LCL households,late,710,710,SN-week,Seasonal naive (week),daily_energy_CV_RMS_pct,5,710,710,3,geometric mean undefined,,29.87352185540155,16.649986219332956
LCL households,late,710,710,SN-week,Seasonal naive (week),daily_energy_CV_RMS_pct,6,710,710,3,geometric mean undefined,,28.26591830331829,16.090422159896708
LCL households,late,710,710,SN-week,Seasonal naive (week),daily_energy_CV_RMS_pct,7,710,710,4,geometric mean undefined,,27.278405585920567,14.927138742207749
LCL households,late,710,710,SN-week,Seasonal naive (week),daily_energy_CV_RMS_pct,8,710,710,3,geometric mean undefined,,35.683131389470695,19.721888251956884
LCL households,late,710,710,SN-week,Seasonal naive (week),daily_energy_CV_RMS_pct,9,710,710,4,geometric mean undefined,,32.92954847883867,17.77714957100556
LCL households,late,710,710,SN-week,Seasonal naive (week),daily_energy_CV_RMS_pct,10,710,710,4,geometric mean undefined,,29.635976585702135,16.400463867894818
LCL households,late,710,710,SN-week,Seasonal naive (week),daily_energy_CV_RMS_pct,11,710,710,2,geometric mean undefined,,31.091564783509536,17.431618440611825
LCL households,late,710,710,SN-week,Seasonal naive (week),daily_energy_CV_RMS_pct,12,710,710,2,geometric mean undefined,,30.589919195984972,16.803702456693962
LCL households,late,710,710,SN-week,Seasonal naive (week),daily_energy_CV_RMS_pct,13,710,710,2,geometric mean undefined,,31.299784428275668,19.950236302675027
LCL households,late,710,710,SN-week,Seasonal naive (week),daily_energy_CV_RMS_pct,14,710,710,2,geometric mean undefined,,32.048403871023545,20.399166913134934
LCL households,late,710,710,SN-week,Seasonal naive (week),daily_energy_CV_RMS_pct,15,710,710,3,geometric mean undefined,,39.75562975074203,24.561555594609132
LCL households,late,710,710,SN-week,Seasonal naive (week),daily_energy_CV_RMS_pct,16,710,710,1,geometric mean undefined,,35.48160662596593,21.19443157409154
LCL households,late,710,710,SN-week,Seasonal naive (week),daily_energy_CV_RMS_pct,17,710,710,1,geometric mean undefined,,35.26744065260533,19.744731896106718
LCL households,late,710,710,SN-week,Seasonal naive (week),daily_energy_CV_RMS_pct,18,710,710,2,geometric mean undefined,,33.35640548229457,18.381467966618395
LCL households,late,710,710,SN-week,Seasonal naive (week),daily_energy_CV_RMS_pct,19,710,710,3,geometric mean undefined,,33.49013181845549,18.629521984071587
LCL households,late,710,710,SN-week,Seasonal naive (week),daily_energy_CV_RMS_pct,20,710,710,2,geometric mean undefined,,34.187816353794574,19.78122305651589
LCL households,late,710,710,SN-week,Seasonal naive (week),daily_energy_CV_RMS_pct,21,710,710,2,geometric mean undefined,,34.25096745996451,22.09994362086509
LCL households,late,710,710,SN-week,Seasonal naive (week),daily_energy_CV_RMS_pct,22,710,710,2,geometric mean undefined,,40.533929865428156,24.520875229084215
LCL households,late,710,710,SN-week,Seasonal naive (week),daily_energy_CV_RMS_pct,23,710,710,2,geometric mean undefined,,34.92681504541856,22.06501467063346
LCL households,late,710,710,SN-week,Seasonal naive (week),daily_energy_CV_RMS_pct,24,710,710,2,geometric mean undefined,,33.38607608735432,20.428246360525534
LCL households,late,710,710,SN-week,Seasonal naive (week),daily_energy_CV_RMS_pct,25,710,710,2,geometric mean undefined,,37.038633470205376,22.6783997151158
LCL households,late,710,710,SN-week,Seasonal naive (week),daily_energy_CV_RMS_pct,26,710,710,3,geometric mean undefined,,36.24650809009534,23.110408114024402
LCL households,late,710,710,SN-week,Seasonal naive (week),daily_energy_CV_RMS_pct,27,710,710,2,geometric mean undefined,,35.0634467139895,22.52847933729388
LCL households,late,710,710,SN-week,Seasonal naive (week),daily_energy_CV_RMS_pct,28,710,710,2,geometric mean undefined,,34.79034036715538,21.317462705880253
LCL households,late,710,710,SN-week,Seasonal naive (week),daily_energy_CV_RMS_pct,29,710,710,3,geometric mean undefined,,44.349000163150954,24.988261559294898
LCL households,late,710,710,SN-week,Seasonal naive (week),daily_energy_CV_RMS_pct,30,710,710,3,geometric mean undefined,,39.03436358552422,23.766874823742604
LCL households,late,710,710,SN-week,Seasonal naive (week),daily_energy_CV_RMS_pct,31,710,710,2,geometric mean undefined,,37.64391082387744,23.524942660408726
LCL households,late,710,710,SN-week,Seasonal naive (week),cumulative_energy_CV_RMS_pct,1,710,710,3,geometric mean undefined,,35.036529438140256,16.481957529830996
LCL households,late,710,710,SN-week,Seasonal naive (week),cumulative_energy_CV_RMS_pct,2,710,710,2,geometric mean undefined,,25.17520498198946,12.337318016428044
LCL households,late,710,710,SN-week,Seasonal naive (week),cumulative_energy_CV_RMS_pct,3,710,710,3,geometric mean undefined,,20.868285810785686,10.653446788165748
LCL households,late,710,710,SN-week,Seasonal naive (week),cumulative_energy_CV_RMS_pct,4,710,710,2,geometric mean undefined,,18.90123140209305,9.316085701161125
LCL households,late,710,710,SN-week,Seasonal naive (week),cumulative_energy_CV_RMS_pct,5,710,710,1,geometric mean undefined,,18.285769953754233,8.778997330450505
LCL households,late,710,710,SN-week,Seasonal naive (week),cumulative_energy_CV_RMS_pct,6,710,710,1,geometric mean undefined,,17.19032001842479,8.49684435283412
LCL households,late,710,710,SN-week,Seasonal naive (week),cumulative_energy_CV_RMS_pct,7,710,710,1,geometric mean undefined,,16.46195356079678,7.983696063530319
LCL households,late,710,710,SN-week,Seasonal naive (week),cumulative_energy_CV_RMS_pct,8,710,710,1,geometric mean undefined,,17.50434190496878,8.55145394927657
LCL households,late,710,710,SN-week,Seasonal naive (week),cumulative_energy_CV_RMS_pct,9,710,710,1,geometric mean undefined,,18.12918875215525,8.903451957498593
LCL households,late,710,710,SN-week,Seasonal naive (week),cumulative_energy_CV_RMS_pct,10,710,710,1,geometric mean undefined,,18.101648824108512,8.518738872189264
LCL households,late,710,710,SN-week,Seasonal naive (week),cumulative_energy_CV_RMS_pct,11,710,710,1,geometric mean undefined,,18.031061277001616,8.696849851377557
LCL households,late,710,710,SN-week,Seasonal naive (week),cumulative_energy_CV_RMS_pct,12,710,710,1,geometric mean undefined,,17.89361868604641,8.877928976952814
LCL households,late,710,710,SN-week,Seasonal naive (week),cumulative_energy_CV_RMS_pct,13,710,710,2,geometric mean undefined,,17.704208366138502,8.842820448199546
LCL households,late,710,710,SN-week,Seasonal naive (week),cumulative_energy_CV_RMS_pct,14,710,710,2,geometric mean undefined,,17.59703327897302,8.3554194980015
LCL households,late,710,710,SN-week,Seasonal naive (week),cumulative_energy_CV_RMS_pct,15,710,710,2,geometric mean undefined,,18.248642319300714,8.996447255959275
LCL households,late,710,710,SN-week,Seasonal naive (week),cumulative_energy_CV_RMS_pct,16,710,710,0,ok,8.054891616932622,18.60388987012304,9.8079342676432
LCL households,late,710,710,SN-week,Seasonal naive (week),cumulative_energy_CV_RMS_pct,17,710,710,0,ok,8.086809126928372,18.842889694265654,9.352313309259287
LCL households,late,710,710,SN-week,Seasonal naive (week),cumulative_energy_CV_RMS_pct,18,710,710,0,ok,8.048247155118927,18.865977867364514,9.496033214082484
LCL households,late,710,710,SN-week,Seasonal naive (week),cumulative_energy_CV_RMS_pct,19,710,710,0,ok,8.02780370290393,18.77463221539336,9.311995257618076
LCL households,late,710,710,SN-week,Seasonal naive (week),cumulative_energy_CV_RMS_pct,20,710,710,0,ok,8.02171136781545,18.681685509692254,8.938512607455682
LCL households,late,710,710,SN-week,Seasonal naive (week),cumulative_energy_CV_RMS_pct,21,710,710,0,ok,8.56725614679552,18.72953326301767,9.504533748767265
LCL households,late,710,710,SN-week,Seasonal naive (week),cumulative_energy_CV_RMS_pct,22,710,710,0,ok,8.774947218323936,19.07439657417587,9.515873285847288
LCL households,late,710,710,SN-week,Seasonal naive (week),cumulative_energy_CV_RMS_pct,23,710,710,0,ok,8.825901366618124,19.186558765596953,9.915127473300277
LCL households,late,710,710,SN-week,Seasonal naive (week),cumulative_energy_CV_RMS_pct,24,710,710,0,ok,8.581989182834954,19.12788344976053,9.447901220287882
LCL households,late,710,710,SN-week,Seasonal naive (week),cumulative_energy_CV_RMS_pct,25,710,710,0,ok,8.797165604874557,19.180360074228524,9.71712717874875
LCL households,late,710,710,SN-week,Seasonal naive (week),cumulative_energy_CV_RMS_pct,26,710,710,0,ok,8.886035868731305,19.218056918904654,9.75887805282029
LCL households,late,710,710,SN-week,Seasonal naive (week),cumulative_energy_CV_RMS_pct,27,710,710,0,ok,8.785422837357583,19.204351013839318,9.770634510565003
LCL households,late,710,710,SN-week,Seasonal naive (week),cumulative_energy_CV_RMS_pct,28,710,710,0,ok,8.942915723086076,19.254488110380972,9.727986695000023
LCL households,late,710,710,SN-week,Seasonal naive (week),cumulative_energy_CV_RMS_pct,29,710,710,0,ok,9.033133897800605,19.50355004828911,9.97310923399999
LCL households,late,710,710,SN-week,Seasonal naive (week),cumulative_energy_CV_RMS_pct,30,710,710,0,ok,9.145127894162515,19.78237803961175,10.300070933203317
LCL households,late,710,710,SN-week,Seasonal naive (week),cumulative_energy_CV_RMS_pct,31,710,710,0,ok,9.294640000885662,19.9351094214265,10.426881015007478
LCL households,late,710,710,SP-profile,Previous-month profile,hourly_CV_RMSE_pct,1,710,710,0,ok,62.06702602910335,96.45294893273808,62.17840502301203
LCL households,late,710,710,SP-profile,Previous-month profile,hourly_CV_RMSE_pct,2,710,710,1,geometric mean undefined,,78.76931003928918,55.31199954358675
LCL households,late,710,710,SP-profile,Previous-month profile,hourly_CV_RMSE_pct,3,710,710,1,geometric mean undefined,,73.12210881143874,55.23251835321692
LCL households,late,710,710,SP-profile,Previous-month profile,hourly_CV_RMSE_pct,4,710,710,1,geometric mean undefined,,68.14216871713393,55.3382015870917
LCL households,late,710,710,SP-profile,Previous-month profile,hourly_CV_RMSE_pct,5,710,710,1,geometric mean undefined,,73.68571276708698,58.45818475113561
LCL households,late,710,710,SP-profile,Previous-month profile,hourly_CV_RMSE_pct,6,710,710,1,geometric mean undefined,,73.28028275322058,57.22649525923626
LCL households,late,710,710,SP-profile,Previous-month profile,hourly_CV_RMSE_pct,7,710,710,1,geometric mean undefined,,71.45087887370713,55.777472588265674
LCL households,late,710,710,SP-profile,Previous-month profile,hourly_CV_RMSE_pct,8,710,710,0,ok,58.16751985792049,72.58620528780163,57.12556256296308
LCL households,late,710,710,SP-profile,Previous-month profile,hourly_CV_RMSE_pct,9,710,710,1,geometric mean undefined,,79.554100618574,56.05468447027535
LCL households,late,710,710,SP-profile,Previous-month profile,hourly_CV_RMSE_pct,10,710,710,1,geometric mean undefined,,74.37701816515845,57.050679734713505
LCL households,late,710,710,SP-profile,Previous-month profile,hourly_CV_RMSE_pct,11,710,710,1,geometric mean undefined,,77.47247042791216,59.493087164462466
LCL households,late,710,710,SP-profile,Previous-month profile,hourly_CV_RMSE_pct,12,710,710,1,geometric mean undefined,,75.69470865443304,59.81523349858236
LCL households,late,710,710,SP-profile,Previous-month profile,hourly_CV_RMSE_pct,13,710,710,1,geometric mean undefined,,77.70470744207428,61.40147158803132
LCL households,late,710,710,SP-profile,Previous-month profile,hourly_CV_RMSE_pct,14,710,710,1,geometric mean undefined,,78.82859775086308,60.176302302868095
LCL households,late,710,710,SP-profile,Previous-month profile,hourly_CV_RMSE_pct,15,710,710,0,ok,62.97377022202143,78.557125393057,62.925699322972626
LCL households,late,710,710,SP-profile,Previous-month profile,hourly_CV_RMSE_pct,16,710,710,1,geometric mean undefined,,82.81626526694676,59.10383162535992
LCL households,late,710,710,SP-profile,Previous-month profile,hourly_CV_RMSE_pct,17,710,710,1,geometric mean undefined,,92.03194604341668,59.81102718874445
LCL households,late,710,710,SP-profile,Previous-month profile,hourly_CV_RMSE_pct,18,710,710,1,geometric mean undefined,,77.54455215014039,61.47951239042649
LCL households,late,710,710,SP-profile,Previous-month profile,hourly_CV_RMSE_pct,19,710,710,1,geometric mean undefined,,78.68466250090697,60.04712122783327
LCL households,late,710,710,SP-profile,Previous-month profile,hourly_CV_RMSE_pct,20,710,710,1,geometric mean undefined,,78.99788277804019,59.86096128159556
LCL households,late,710,710,SP-profile,Previous-month profile,hourly_CV_RMSE_pct,21,710,710,1,geometric mean undefined,,78.6994727150766,62.22197054494819
LCL households,late,710,710,SP-profile,Previous-month profile,hourly_CV_RMSE_pct,22,710,710,0,ok,62.25827505944314,78.86622461212254,61.89758775871398
LCL households,late,710,710,SP-profile,Previous-month profile,hourly_CV_RMSE_pct,23,710,710,1,geometric mean undefined,,84.59848155571161,62.03562831515197
LCL households,late,710,710,SP-profile,Previous-month profile,hourly_CV_RMSE_pct,24,710,710,1,geometric mean undefined,,79.51609750713101,62.93947134806151
LCL households,late,710,710,SP-profile,Previous-month profile,hourly_CV_RMSE_pct,25,710,710,1,geometric mean undefined,,82.83702242155036,65.19029763704476
LCL households,late,710,710,SP-profile,Previous-month profile,hourly_CV_RMSE_pct,26,710,710,1,geometric mean undefined,,80.2570168164569,63.889880006021556
LCL households,late,710,710,SP-profile,Previous-month profile,hourly_CV_RMSE_pct,27,710,710,1,geometric mean undefined,,81.62434763012533,63.726808638352516
LCL households,late,710,710,SP-profile,Previous-month profile,hourly_CV_RMSE_pct,28,710,710,1,geometric mean undefined,,79.5857203210226,63.123153369598185
LCL households,late,710,710,SP-profile,Previous-month profile,hourly_CV_RMSE_pct,29,710,710,0,ok,64.99713899027792,86.00270667576933,63.36319054444489
LCL households,late,710,710,SP-profile,Previous-month profile,hourly_CV_RMSE_pct,30,710,710,1,geometric mean undefined,,90.52694563594109,64.66547817887016
LCL households,late,710,710,SP-profile,Previous-month profile,hourly_CV_RMSE_pct,31,710,710,1,geometric mean undefined,,87.43820932190485,65.89409414599824
LCL households,late,710,710,SP-profile,Previous-month profile,daily_energy_CV_RMS_pct,1,710,710,0,ok,13.766138371172676,31.06584974376217,15.160577357960682
LCL households,late,710,710,SP-profile,Previous-month profile,daily_energy_CV_RMS_pct,2,710,710,1,geometric mean undefined,,23.491516099808955,12.948642758466981
LCL households,late,710,710,SP-profile,Previous-month profile,daily_energy_CV_RMS_pct,3,710,710,1,geometric mean undefined,,23.26192812391163,12.825965556434443
LCL households,late,710,710,SP-profile,Previous-month profile,daily_energy_CV_RMS_pct,4,710,710,1,geometric mean undefined,,24.242696959779092,13.904753578559173
LCL households,late,710,710,SP-profile,Previous-month profile,daily_energy_CV_RMS_pct,5,710,710,1,geometric mean undefined,,26.7526216610344,15.009911508573918
LCL households,late,710,710,SP-profile,Previous-month profile,daily_energy_CV_RMS_pct,6,710,710,1,geometric mean undefined,,26.327901713856942,13.059613576855867
LCL households,late,710,710,SP-profile,Previous-month profile,daily_energy_CV_RMS_pct,7,710,710,1,geometric mean undefined,,26.684025268257514,16.19200466206731
LCL households,late,710,710,SP-profile,Previous-month profile,daily_energy_CV_RMS_pct,8,710,710,0,ok,12.568674944071182,25.940653932655714,15.456906993648683
LCL households,late,710,710,SP-profile,Previous-month profile,daily_energy_CV_RMS_pct,9,710,710,1,geometric mean undefined,,27.940850514625765,14.697278623660328
LCL households,late,710,710,SP-profile,Previous-month profile,daily_energy_CV_RMS_pct,10,710,710,1,geometric mean undefined,,26.56156709365688,14.890272880896337
LCL households,late,710,710,SP-profile,Previous-month profile,daily_energy_CV_RMS_pct,11,710,710,1,geometric mean undefined,,28.28979122717911,16.792255384577235
LCL households,late,710,710,SP-profile,Previous-month profile,daily_energy_CV_RMS_pct,12,710,710,1,geometric mean undefined,,27.345720096098283,15.35962107429309
LCL households,late,710,710,SP-profile,Previous-month profile,daily_energy_CV_RMS_pct,13,710,710,1,geometric mean undefined,,28.47173092288145,15.938598406072828
LCL households,late,710,710,SP-profile,Previous-month profile,daily_energy_CV_RMS_pct,14,710,710,1,geometric mean undefined,,29.745169121036678,17.547355615337608
LCL households,late,710,710,SP-profile,Previous-month profile,daily_energy_CV_RMS_pct,15,710,710,0,ok,14.337537599621339,29.531953107885183,17.30971065678636
LCL households,late,710,710,SP-profile,Previous-month profile,daily_energy_CV_RMS_pct,16,710,710,1,geometric mean undefined,,28.564942069444687,15.767879918908726
LCL households,late,710,710,SP-profile,Previous-month profile,daily_energy_CV_RMS_pct,17,710,710,1,geometric mean undefined,,29.719553256492304,16.08710054483953
LCL households,late,710,710,SP-profile,Previous-month profile,daily_energy_CV_RMS_pct,18,710,710,1,geometric mean undefined,,28.756514947586474,15.711175899744244
LCL households,late,710,710,SP-profile,Previous-month profile,daily_energy_CV_RMS_pct,19,710,710,1,geometric mean undefined,,29.78501635638765,15.897560506038907
LCL households,late,710,710,SP-profile,Previous-month profile,daily_energy_CV_RMS_pct,20,710,710,1,geometric mean undefined,,30.017055174333183,16.8164823570685
LCL households,late,710,710,SP-profile,Previous-month profile,daily_energy_CV_RMS_pct,21,710,710,1,geometric mean undefined,,30.683055222583025,17.93236309841972
LCL households,late,710,710,SP-profile,Previous-month profile,daily_energy_CV_RMS_pct,22,710,710,0,ok,15.238399827353867,30.504760028309896,17.486397835309205
LCL households,late,710,710,SP-profile,Previous-month profile,daily_energy_CV_RMS_pct,23,710,710,1,geometric mean undefined,,29.737906437329592,16.788929779776726
LCL households,late,710,710,SP-profile,Previous-month profile,daily_energy_CV_RMS_pct,24,710,710,1,geometric mean undefined,,30.889085520963093,17.399577539640227
LCL households,late,710,710,SP-profile,Previous-month profile,daily_energy_CV_RMS_pct,25,710,710,1,geometric mean undefined,,33.649878365222655,19.196904460405115
LCL households,late,710,710,SP-profile,Previous-month profile,daily_energy_CV_RMS_pct,26,710,710,1,geometric mean undefined,,32.95599339802378,18.719856280109184
LCL households,late,710,710,SP-profile,Previous-month profile,daily_energy_CV_RMS_pct,27,710,710,1,geometric mean undefined,,31.816996301948198,19.07043594496964
LCL households,late,710,710,SP-profile,Previous-month profile,daily_energy_CV_RMS_pct,28,710,710,1,geometric mean undefined,,30.294218348484677,17.175790670021456
LCL households,late,710,710,SP-profile,Previous-month profile,daily_energy_CV_RMS_pct,29,710,710,0,ok,15.94882432450496,34.0752660738037,19.018840479851065
LCL households,late,710,710,SP-profile,Previous-month profile,daily_energy_CV_RMS_pct,30,710,710,1,geometric mean undefined,,33.91641995534643,18.279657954663318
LCL households,late,710,710,SP-profile,Previous-month profile,daily_energy_CV_RMS_pct,31,710,710,1,geometric mean undefined,,33.66325535105432,18.740665340763577
LCL households,late,710,710,SP-profile,Previous-month profile,cumulative_energy_CV_RMS_pct,1,710,710,0,ok,13.766138371172676,31.06584974376217,15.160577357960682
LCL households,late,710,710,SP-profile,Previous-month profile,cumulative_energy_CV_RMS_pct,2,710,710,0,ok,9.6622686155695,22.701756838486595,10.953593754716533
LCL households,late,710,710,SP-profile,Previous-month profile,cumulative_energy_CV_RMS_pct,3,710,710,0,ok,7.891735998547035,19.960416461080364,9.82200045529823
LCL households,late,710,710,SP-profile,Previous-month profile,cumulative_energy_CV_RMS_pct,4,710,710,0,ok,7.292166239409943,18.584015617337684,8.498929422069011
LCL households,late,710,710,SP-profile,Previous-month profile,cumulative_energy_CV_RMS_pct,5,710,710,0,ok,7.119542882670381,18.15038540680095,8.063771867161229
LCL households,late,710,710,SP-profile,Previous-month profile,cumulative_energy_CV_RMS_pct,6,710,710,0,ok,6.965470074532087,17.77537177562516,7.6037093490290175
LCL households,late,710,710,SP-profile,Previous-month profile,cumulative_energy_CV_RMS_pct,7,710,710,0,ok,6.729246598736008,17.270857075511547,7.234052669552451
LCL households,late,710,710,SP-profile,Previous-month profile,cumulative_energy_CV_RMS_pct,8,710,710,0,ok,6.4181751474059165,17.051338107622875,7.1894376645713685
LCL households,late,710,710,SP-profile,Previous-month profile,cumulative_energy_CV_RMS_pct,9,710,710,0,ok,6.538880159426541,17.109179637497082,7.268320853925012
LCL households,late,710,710,SP-profile,Previous-month profile,cumulative_energy_CV_RMS_pct,10,710,710,0,ok,6.43222704655255,17.068017879217596,7.434608895241368
LCL households,late,710,710,SP-profile,Previous-month profile,cumulative_energy_CV_RMS_pct,11,710,710,0,ok,6.769101274041659,17.09980351428152,7.895310357677004
LCL households,late,710,710,SP-profile,Previous-month profile,cumulative_energy_CV_RMS_pct,12,710,710,0,ok,6.65072283302535,17.003566317491998,7.57822425569981
LCL households,late,710,710,SP-profile,Previous-month profile,cumulative_energy_CV_RMS_pct,13,710,710,0,ok,6.819615296626123,17.1571042296046,7.943803739267629
LCL households,late,710,710,SP-profile,Previous-month profile,cumulative_energy_CV_RMS_pct,14,710,710,0,ok,6.823611181184025,17.188767463261133,7.795067125784014
LCL households,late,710,710,SP-profile,Previous-month profile,cumulative_energy_CV_RMS_pct,15,710,710,0,ok,6.925689733141575,17.23473774770263,7.8950311762853405
LCL households,late,710,710,SP-profile,Previous-month profile,cumulative_energy_CV_RMS_pct,16,710,710,0,ok,6.712595587342856,17.28054602620307,7.665492137764981
LCL households,late,710,710,SP-profile,Previous-month profile,cumulative_energy_CV_RMS_pct,17,710,710,0,ok,6.767646066267462,17.158122065450915,8.057956336919364
LCL households,late,710,710,SP-profile,Previous-month profile,cumulative_energy_CV_RMS_pct,18,710,710,0,ok,6.90351843939743,17.23950712661233,8.335437203834669
LCL households,late,710,710,SP-profile,Previous-month profile,cumulative_energy_CV_RMS_pct,19,710,710,0,ok,7.069155042551669,17.241837916709933,8.257527669299712
LCL households,late,710,710,SP-profile,Previous-month profile,cumulative_energy_CV_RMS_pct,20,710,710,0,ok,7.063693933806888,17.316196799775227,8.226978922833855
LCL households,late,710,710,SP-profile,Previous-month profile,cumulative_energy_CV_RMS_pct,21,710,710,0,ok,7.18197415328513,17.355723978734915,8.102332411950936
LCL households,late,710,710,SP-profile,Previous-month profile,cumulative_energy_CV_RMS_pct,22,710,710,0,ok,7.04042260460285,17.37380129953454,8.108326072285816
LCL households,late,710,710,SP-profile,Previous-month profile,cumulative_energy_CV_RMS_pct,23,710,710,0,ok,7.114144682915441,17.358282492768,8.265193171634298
LCL households,late,710,710,SP-profile,Previous-month profile,cumulative_energy_CV_RMS_pct,24,710,710,0,ok,7.1418075662412415,17.360710095231628,8.146751840018908
LCL households,late,710,710,SP-profile,Previous-month profile,cumulative_energy_CV_RMS_pct,25,710,710,0,ok,7.250699130665021,17.429428126148142,8.224305253666335
LCL households,late,710,710,SP-profile,Previous-month profile,cumulative_energy_CV_RMS_pct,26,710,710,0,ok,7.21190509053645,17.462727484972948,8.286971120089577
LCL households,late,710,710,SP-profile,Previous-month profile,cumulative_energy_CV_RMS_pct,27,710,710,0,ok,7.309505169594036,17.52005175533862,8.34064148665773
LCL households,late,710,710,SP-profile,Previous-month profile,cumulative_energy_CV_RMS_pct,28,710,710,0,ok,7.177674228006465,17.536614251996593,8.693064549729996
LCL households,late,710,710,SP-profile,Previous-month profile,cumulative_energy_CV_RMS_pct,29,710,710,0,ok,7.2210519000955165,17.6016556906861,8.718521863361438
LCL households,late,710,710,SP-profile,Previous-month profile,cumulative_energy_CV_RMS_pct,30,710,710,0,ok,7.357912353498358,17.801794535466342,9.149234478057028
LCL households,late,710,710,SP-profile,Previous-month profile,cumulative_energy_CV_RMS_pct,31,710,710,0,ok,7.540632183653779,17.95909414775604,9.041150042082956
LCL households,late,710,710,TiDE,TiDE,hourly_CV_RMSE_pct,1,710,710,0,ok,58.443069257331494,102.02995595586916,57.16578715606818
LCL households,late,710,710,TiDE,TiDE,hourly_CV_RMSE_pct,2,710,710,0,ok,55.13086707960255,88.62256191175283,53.83423338896837
LCL households,late,710,710,TiDE,TiDE,hourly_CV_RMSE_pct,3,710,710,0,ok,55.85934549586018,94.35177867006657,54.71941317370312
LCL households,late,710,710,TiDE,TiDE,hourly_CV_RMSE_pct,4,710,710,0,ok,56.01659949632974,94.58177314255077,53.84677831824423
LCL households,late,710,710,TiDE,TiDE,hourly_CV_RMSE_pct,5,710,710,0,ok,60.417623099002064,102.39984345752275,57.92937183860295
LCL households,late,710,710,TiDE,TiDE,hourly_CV_RMSE_pct,6,710,710,0,ok,59.11255785028685,102.78713006909368,57.046751644201294
LCL households,late,710,710,TiDE,TiDE,hourly_CV_RMSE_pct,7,710,710,0,ok,58.1929146814789,104.2629584527397,56.38252238283727
LCL households,late,710,710,TiDE,TiDE,hourly_CV_RMSE_pct,8,710,710,0,ok,59.94541656005129,110.19119184196559,59.17522628816008
LCL households,late,710,710,TiDE,TiDE,hourly_CV_RMSE_pct,9,710,710,0,ok,60.117264832824745,113.68686148406202,57.40667292676254
LCL households,late,710,710,TiDE,TiDE,hourly_CV_RMSE_pct,10,710,710,0,ok,60.081258576765634,111.35606150732923,57.96670849420804
LCL households,late,710,710,TiDE,TiDE,hourly_CV_RMSE_pct,11,710,710,0,ok,62.72214974294927,121.75714055743585,59.02793192170914
LCL households,late,710,710,TiDE,TiDE,hourly_CV_RMSE_pct,12,710,710,0,ok,63.57345973985529,122.96082165992335,60.65361508160848
LCL households,late,710,710,TiDE,TiDE,hourly_CV_RMSE_pct,13,710,710,0,ok,63.8195133699338,125.80529877161634,61.93003474600135
LCL households,late,710,710,TiDE,TiDE,hourly_CV_RMSE_pct,14,710,710,0,ok,63.83624422563487,128.59557239272976,60.130322802856014
LCL households,late,710,710,TiDE,TiDE,hourly_CV_RMSE_pct,15,710,710,0,ok,64.26595860126216,131.16332735009794,60.75473079988461
LCL households,late,710,710,TiDE,TiDE,hourly_CV_RMSE_pct,16,710,710,0,ok,61.34813081556929,128.51320456632283,58.136291661107734
LCL households,late,710,710,TiDE,TiDE,hourly_CV_RMSE_pct,17,710,710,0,ok,63.42582080117112,130.3661334659329,61.05765398677228
LCL households,late,710,710,TiDE,TiDE,hourly_CV_RMSE_pct,18,710,710,0,ok,63.96285424847576,132.03374699217983,61.67740679945494
LCL households,late,710,710,TiDE,TiDE,hourly_CV_RMSE_pct,19,710,710,0,ok,64.8353452722739,130.55912960706178,60.38500386505504
LCL households,late,710,710,TiDE,TiDE,hourly_CV_RMSE_pct,20,710,710,0,ok,64.10795924053586,135.65075452072415,60.19187353119668
LCL households,late,710,710,TiDE,TiDE,hourly_CV_RMSE_pct,21,710,710,0,ok,65.32428332751907,138.2724379144001,63.45568217190307
LCL households,late,710,710,TiDE,TiDE,hourly_CV_RMSE_pct,22,710,710,0,ok,63.8107445825178,136.96158719282698,61.50151063304898
LCL households,late,710,710,TiDE,TiDE,hourly_CV_RMSE_pct,23,710,710,0,ok,64.14858553658661,140.67037149510787,61.44905421947402
LCL households,late,710,710,TiDE,TiDE,hourly_CV_RMSE_pct,24,710,710,0,ok,64.87643648525186,143.53389196415608,62.740245244260755
LCL households,late,710,710,TiDE,TiDE,hourly_CV_RMSE_pct,25,710,710,0,ok,69.73870606518419,149.0407711882175,67.19130545402759
LCL households,late,710,710,TiDE,TiDE,hourly_CV_RMSE_pct,26,710,710,0,ok,67.00824852304659,144.60661426991123,64.19877189560373
LCL households,late,710,710,TiDE,TiDE,hourly_CV_RMSE_pct,27,710,710,0,ok,66.85768908815258,143.11032022274722,64.09853929729127
LCL households,late,710,710,TiDE,TiDE,hourly_CV_RMSE_pct,28,710,710,0,ok,65.40066244905819,148.55226894219555,63.189868086388806
LCL households,late,710,710,TiDE,TiDE,hourly_CV_RMSE_pct,29,710,710,0,ok,67.40274806401028,160.3311930206601,64.34646356569763
LCL households,late,710,710,TiDE,TiDE,hourly_CV_RMSE_pct,30,710,710,0,ok,67.85207326010978,153.67772671047285,65.49048381041402
LCL households,late,710,710,TiDE,TiDE,hourly_CV_RMSE_pct,31,710,710,0,ok,69.94460980275014,159.22691592997592,66.24164522489036
LCL households,late,710,710,TiDE,TiDE,daily_energy_CV_RMS_pct,1,710,710,0,ok,12.344615362786193,34.86019994539687,14.306870853207677
LCL households,late,710,710,TiDE,TiDE,daily_energy_CV_RMS_pct,2,710,710,0,ok,11.519773016841132,40.072279791871445,13.306509741777184
LCL households,late,710,710,TiDE,TiDE,daily_energy_CV_RMS_pct,3,710,710,0,ok,11.515411868535699,44.99353891117678,13.934868989265423
LCL households,late,710,710,TiDE,TiDE,daily_energy_CV_RMS_pct,4,710,710,0,ok,13.22526825274278,49.46422624883728,15.119147367366331
LCL households,late,710,710,TiDE,TiDE,daily_energy_CV_RMS_pct,5,710,710,0,ok,13.565894464538363,53.296435373983584,15.832830048582212
LCL households,late,710,710,TiDE,TiDE,daily_energy_CV_RMS_pct,6,710,710,0,ok,12.08955993517009,55.73379675713526,14.393273704104777
LCL households,late,710,710,TiDE,TiDE,daily_energy_CV_RMS_pct,7,710,710,0,ok,13.136975359413112,57.61511310711906,14.81918544938653
LCL households,late,710,710,TiDE,TiDE,daily_energy_CV_RMS_pct,8,710,710,0,ok,13.525194132760019,62.32092930257499,16.202213979734093
LCL households,late,710,710,TiDE,TiDE,daily_energy_CV_RMS_pct,9,710,710,0,ok,12.311406981926961,65.10329110164356,16.11025732224914
LCL households,late,710,710,TiDE,TiDE,daily_energy_CV_RMS_pct,10,710,710,0,ok,13.375969768255418,62.79857845196809,14.278307981117297
LCL households,late,710,710,TiDE,TiDE,daily_energy_CV_RMS_pct,11,710,710,0,ok,13.513171432106674,69.5072808759412,15.279892894529652
LCL households,late,710,710,TiDE,TiDE,daily_energy_CV_RMS_pct,12,710,710,0,ok,13.886156347618055,69.99416195854873,15.714040153291561
LCL households,late,710,710,TiDE,TiDE,daily_energy_CV_RMS_pct,13,710,710,0,ok,13.830833219322397,74.21300600746858,16.15624858423736
LCL households,late,710,710,TiDE,TiDE,daily_energy_CV_RMS_pct,14,710,710,0,ok,14.108462172563572,75.09790131366745,15.757036709676784
LCL households,late,710,710,TiDE,TiDE,daily_energy_CV_RMS_pct,15,710,710,0,ok,14.160515768240515,79.71433782059128,16.992977258010363
LCL households,late,710,710,TiDE,TiDE,daily_energy_CV_RMS_pct,16,710,710,0,ok,13.398689635343567,77.95734375878797,16.241336626754233
LCL households,late,710,710,TiDE,TiDE,daily_energy_CV_RMS_pct,17,710,710,0,ok,13.811338224646416,74.3885658550042,15.936336250663487
LCL households,late,710,710,TiDE,TiDE,daily_energy_CV_RMS_pct,18,710,710,0,ok,14.178419709289875,78.73663721594623,15.973651889275565
LCL households,late,710,710,TiDE,TiDE,daily_energy_CV_RMS_pct,19,710,710,0,ok,14.769293248892584,76.81889617961703,16.839307367361158
LCL households,late,710,710,TiDE,TiDE,daily_energy_CV_RMS_pct,20,710,710,0,ok,14.450144331668376,83.27721770845386,15.706403925623345
LCL households,late,710,710,TiDE,TiDE,daily_energy_CV_RMS_pct,21,710,710,0,ok,15.517946142961765,86.61177155829056,18.26207080288993
LCL households,late,710,710,TiDE,TiDE,daily_energy_CV_RMS_pct,22,710,710,0,ok,14.93771252259533,85.16416139508289,17.307039687613923
LCL households,late,710,710,TiDE,TiDE,daily_energy_CV_RMS_pct,23,710,710,0,ok,15.322243188804721,87.42408209287542,18.044221251610338
LCL households,late,710,710,TiDE,TiDE,daily_energy_CV_RMS_pct,24,710,710,0,ok,16.899461093331162,93.41361863177153,19.19065603077055
LCL households,late,710,710,TiDE,TiDE,daily_energy_CV_RMS_pct,25,710,710,0,ok,17.938892463323786,95.99778445395692,20.959554237394798
LCL households,late,710,710,TiDE,TiDE,daily_energy_CV_RMS_pct,26,710,710,0,ok,17.427475889878774,94.59619608162016,20.61804587417642
LCL households,late,710,710,TiDE,TiDE,daily_energy_CV_RMS_pct,27,710,710,0,ok,16.30585711348468,90.90903093271395,19.26282774301204
LCL households,late,710,710,TiDE,TiDE,daily_energy_CV_RMS_pct,28,710,710,0,ok,16.27283133016443,95.8625736766494,17.706345592087185
LCL households,late,710,710,TiDE,TiDE,daily_energy_CV_RMS_pct,29,710,710,0,ok,16.60865702213378,103.95023182710706,19.328351049566486
LCL households,late,710,710,TiDE,TiDE,daily_energy_CV_RMS_pct,30,710,710,0,ok,16.8769348079983,99.65001458284706,19.73222807056053
LCL households,late,710,710,TiDE,TiDE,daily_energy_CV_RMS_pct,31,710,710,0,ok,18.28287042608205,102.92808763153631,20.502068028847198
LCL households,late,710,710,TiDE,TiDE,cumulative_energy_CV_RMS_pct,1,710,710,0,ok,12.344615362786193,34.86019994539687,14.306870853207677
LCL households,late,710,710,TiDE,TiDE,cumulative_energy_CV_RMS_pct,2,710,710,0,ok,10.040478896462103,32.017329101672175,11.185846209101838
LCL households,late,710,710,TiDE,TiDE,cumulative_energy_CV_RMS_pct,3,710,710,0,ok,9.01600008030576,33.78368505109068,10.498142617754757
LCL households,late,710,710,TiDE,TiDE,cumulative_energy_CV_RMS_pct,4,710,710,0,ok,8.83322659447753,35.448039557187684,10.160357147938186
LCL households,late,710,710,TiDE,TiDE,cumulative_energy_CV_RMS_pct,5,710,710,0,ok,8.385103676791104,36.99928290271557,9.919357611809257
LCL households,late,710,710,TiDE,TiDE,cumulative_energy_CV_RMS_pct,6,710,710,0,ok,7.852942227663352,38.332732127179675,9.151326391794326
LCL households,late,710,710,TiDE,TiDE,cumulative_energy_CV_RMS_pct,7,710,710,0,ok,7.708430223203618,39.642090262294325,8.607359111383115
LCL households,late,710,710,TiDE,TiDE,cumulative_energy_CV_RMS_pct,8,710,710,0,ok,7.305485350822166,41.17731502513951,8.309766126826243
LCL households,late,710,710,TiDE,TiDE,cumulative_energy_CV_RMS_pct,9,710,710,0,ok,7.165711785908173,42.695231393830866,8.663896295930194
LCL households,late,710,710,TiDE,TiDE,cumulative_energy_CV_RMS_pct,10,710,710,0,ok,7.223142523661727,43.688728929776055,8.230616218865224
LCL households,late,710,710,TiDE,TiDE,cumulative_energy_CV_RMS_pct,11,710,710,0,ok,7.412564044498322,44.969874445543226,8.255716184502525
LCL households,late,710,710,TiDE,TiDE,cumulative_energy_CV_RMS_pct,12,710,710,0,ok,7.080272771500503,46.046428494080814,7.982852781594237
LCL households,late,710,710,TiDE,TiDE,cumulative_energy_CV_RMS_pct,13,710,710,0,ok,7.220230433930725,47.3755219503504,8.030107982976508
LCL households,late,710,710,TiDE,TiDE,cumulative_energy_CV_RMS_pct,14,710,710,0,ok,7.151101694168206,48.51172756623986,8.031030346232416
LCL households,late,710,710,TiDE,TiDE,cumulative_energy_CV_RMS_pct,15,710,710,0,ok,7.004518902065116,49.875486364156075,8.031542294354637
LCL households,late,710,710,TiDE,TiDE,cumulative_energy_CV_RMS_pct,16,710,710,0,ok,7.060112399157078,50.946047195639586,7.9957053608915345
LCL households,late,710,710,TiDE,TiDE,cumulative_energy_CV_RMS_pct,17,710,710,0,ok,7.046553174339677,51.69397793769082,7.961009460325677
LCL households,late,710,710,TiDE,TiDE,cumulative_energy_CV_RMS_pct,18,710,710,0,ok,6.9507636211083765,52.535440080786074,8.02618498303388
LCL households,late,710,710,TiDE,TiDE,cumulative_energy_CV_RMS_pct,19,710,710,0,ok,6.794065882616412,53.069941836597444,7.737253469433569
LCL households,late,710,710,TiDE,TiDE,cumulative_energy_CV_RMS_pct,20,710,710,0,ok,6.998241815533664,54.02362455048856,7.932070300350189
LCL households,late,710,710,TiDE,TiDE,cumulative_energy_CV_RMS_pct,21,710,710,0,ok,6.799097448871607,54.92599228540814,8.006524838833316
LCL households,late,710,710,TiDE,TiDE,cumulative_energy_CV_RMS_pct,22,710,710,0,ok,6.692108317351277,55.71422919057954,8.160274652839586
LCL households,late,710,710,TiDE,TiDE,cumulative_energy_CV_RMS_pct,23,710,710,0,ok,6.830175632610229,56.588003456864165,8.104455928037723
LCL households,late,710,710,TiDE,TiDE,cumulative_energy_CV_RMS_pct,24,710,710,0,ok,6.979815712542063,57.57431273410017,8.427026293470963
LCL households,late,710,710,TiDE,TiDE,cumulative_energy_CV_RMS_pct,25,710,710,0,ok,7.179780660941667,58.54054303486124,8.613342606596305
LCL households,late,710,710,TiDE,TiDE,cumulative_energy_CV_RMS_pct,26,710,710,0,ok,7.383607662973873,59.39932807650587,8.4694561947024
LCL households,late,710,710,TiDE,TiDE,cumulative_energy_CV_RMS_pct,27,710,710,0,ok,7.486252779115313,60.12241320545136,8.329732116361788
LCL households,late,710,710,TiDE,TiDE,cumulative_energy_CV_RMS_pct,28,710,710,0,ok,7.345035856201401,60.94313855688104,8.391058306345856
LCL households,late,710,710,TiDE,TiDE,cumulative_energy_CV_RMS_pct,29,710,710,0,ok,7.443238773840959,61.866544386636704,8.522171572344206
LCL households,late,710,710,TiDE,TiDE,cumulative_energy_CV_RMS_pct,30,710,710,0,ok,7.467014148937405,62.67975711079199,8.589036845671506
LCL households,late,710,710,TiDE,TiDE,cumulative_energy_CV_RMS_pct,31,710,710,0,ok,7.6724349261484415,63.609263132549465,8.67793761007232
LCL households,late,710,710,TimesFM-X,TimesFM-X,hourly_CV_RMSE_pct,1,710,710,0,ok,51.90861771876547,86.68477828102279,51.85037378984063
LCL households,late,710,710,TimesFM-X,TimesFM-X,hourly_CV_RMSE_pct,2,710,710,0,ok,47.94714601467723,63.188247960223826,49.2602294357556
LCL households,late,710,710,TimesFM-X,TimesFM-X,hourly_CV_RMSE_pct,3,710,710,0,ok,48.1702678947754,63.5552719109151,48.686954747411235
LCL households,late,710,710,TimesFM-X,TimesFM-X,hourly_CV_RMSE_pct,4,710,710,0,ok,48.52810991048414,61.67810759960219,48.367841671794416
LCL households,late,710,710,TimesFM-X,TimesFM-X,hourly_CV_RMSE_pct,5,710,710,0,ok,54.361419373277194,69.17352932421139,55.13757555373146
LCL households,late,710,710,TimesFM-X,TimesFM-X,hourly_CV_RMSE_pct,6,710,710,0,ok,52.82644022564367,68.5037959630869,53.117770362199884
LCL households,late,710,710,TimesFM-X,TimesFM-X,hourly_CV_RMSE_pct,7,710,710,0,ok,51.08704729837324,66.77236292956964,51.0621120493036
LCL households,late,710,710,TimesFM-X,TimesFM-X,hourly_CV_RMSE_pct,8,710,710,0,ok,53.3164327193064,65.9195367978354,55.4341479597589
LCL households,late,710,710,TimesFM-X,TimesFM-X,hourly_CV_RMSE_pct,9,710,710,0,ok,53.69495739047497,67.2075915538992,54.453811720356455
LCL households,late,710,710,TimesFM-X,TimesFM-X,hourly_CV_RMSE_pct,10,710,710,0,ok,54.54875661168059,67.89322902911593,54.24757745161445
LCL households,late,710,710,TimesFM-X,TimesFM-X,hourly_CV_RMSE_pct,11,710,710,0,ok,57.93745842147019,75.1604075995438,57.64248395675381
LCL households,late,710,710,TimesFM-X,TimesFM-X,hourly_CV_RMSE_pct,12,710,710,0,ok,58.32824152345601,73.63584196890726,58.005041197340375
LCL households,late,710,710,TimesFM-X,TimesFM-X,hourly_CV_RMSE_pct,13,710,710,0,ok,59.32996517160436,75.63350518888622,58.659833736425306
LCL households,late,710,710,TimesFM-X,TimesFM-X,hourly_CV_RMSE_pct,14,710,710,0,ok,58.88826325225619,75.55520854683348,59.53428341348826
LCL households,late,710,710,TimesFM-X,TimesFM-X,hourly_CV_RMSE_pct,15,710,710,0,ok,59.81751991109848,74.38582013811401,59.02966154698355
LCL households,late,710,710,TimesFM-X,TimesFM-X,hourly_CV_RMSE_pct,16,710,710,0,ok,56.764464242648025,73.13966352633572,56.312052434520645
LCL households,late,710,710,TimesFM-X,TimesFM-X,hourly_CV_RMSE_pct,17,710,710,0,ok,58.81014188490746,88.87932483900758,58.11090251305461
LCL households,late,710,710,TimesFM-X,TimesFM-X,hourly_CV_RMSE_pct,18,710,710,0,ok,59.71680981637477,74.91328942787578,59.7678693750052
LCL households,late,710,710,TimesFM-X,TimesFM-X,hourly_CV_RMSE_pct,19,710,710,0,ok,60.45525003344583,76.36543226519049,57.73506687292477
LCL households,late,710,710,TimesFM-X,TimesFM-X,hourly_CV_RMSE_pct,20,710,710,0,ok,59.83013586159425,75.92448900257509,57.13563457167842
LCL households,late,710,710,TimesFM-X,TimesFM-X,hourly_CV_RMSE_pct,21,710,710,0,ok,60.09581579144588,74.82701938207201,60.10196284301821
LCL households,late,710,710,TimesFM-X,TimesFM-X,hourly_CV_RMSE_pct,22,710,710,0,ok,58.27759405552829,73.60106242378737,59.66970336753647
LCL households,late,710,710,TimesFM-X,TimesFM-X,hourly_CV_RMSE_pct,23,710,710,0,ok,60.068835641391836,74.70324249585498,59.81498528921382
LCL households,late,710,710,TimesFM-X,TimesFM-X,hourly_CV_RMSE_pct,24,710,710,0,ok,58.55746690700783,74.29632524497629,58.45534339363199
LCL households,late,710,710,TimesFM-X,TimesFM-X,hourly_CV_RMSE_pct,25,710,710,0,ok,62.70138300048475,80.1932163448435,64.14707802209276
LCL households,late,710,710,TimesFM-X,TimesFM-X,hourly_CV_RMSE_pct,26,710,710,0,ok,60.714183069269296,76.9656147377555,61.458139087319395
LCL households,late,710,710,TimesFM-X,TimesFM-X,hourly_CV_RMSE_pct,27,710,710,0,ok,61.134361560601356,76.83219731409464,61.23031957360098
LCL households,late,710,710,TimesFM-X,TimesFM-X,hourly_CV_RMSE_pct,28,710,710,0,ok,59.74846917880664,77.40212961573879,59.60727825316789
LCL households,late,710,710,TimesFM-X,TimesFM-X,hourly_CV_RMSE_pct,29,710,710,0,ok,62.111452561703395,85.8626853317421,62.290163891296814
LCL households,late,710,710,TimesFM-X,TimesFM-X,hourly_CV_RMSE_pct,30,710,710,0,ok,61.80790806493935,81.45138922922361,60.66510325090138
LCL households,late,710,710,TimesFM-X,TimesFM-X,hourly_CV_RMSE_pct,31,710,710,0,ok,63.378083338164764,82.39104413661258,64.4064100863119
LCL households,late,710,710,TimesFM-X,TimesFM-X,daily_energy_CV_RMS_pct,1,710,710,0,ok,11.884158839392724,27.17254347804247,14.108240486587846
LCL households,late,710,710,TimesFM-X,TimesFM-X,daily_energy_CV_RMS_pct,2,710,710,0,ok,9.842615241556345,18.288927178635323,12.077978316424423
LCL households,late,710,710,TimesFM-X,TimesFM-X,daily_energy_CV_RMS_pct,3,710,710,0,ok,10.458661985144735,19.392021443235773,12.219255846407385
LCL households,late,710,710,TimesFM-X,TimesFM-X,daily_energy_CV_RMS_pct,4,710,710,0,ok,11.101184837598009,21.361011899331835,12.65125358924174
LCL households,late,710,710,TimesFM-X,TimesFM-X,daily_energy_CV_RMS_pct,5,710,710,0,ok,13.673286294428145,25.023665433081742,15.834127163809274
LCL households,late,710,710,TimesFM-X,TimesFM-X,daily_energy_CV_RMS_pct,6,710,710,0,ok,12.381989138905814,25.29591811914559,14.522937323453888
LCL households,late,710,710,TimesFM-X,TimesFM-X,daily_energy_CV_RMS_pct,7,710,710,0,ok,11.491005826445466,24.549459778623845,13.719590912249796
LCL households,late,710,710,TimesFM-X,TimesFM-X,daily_energy_CV_RMS_pct,8,710,710,0,ok,12.883489394567682,23.555012269947945,15.765877390278003
LCL households,late,710,710,TimesFM-X,TimesFM-X,daily_energy_CV_RMS_pct,9,710,710,0,ok,12.79389813925162,24.83330539765139,14.464356088610021
LCL households,late,710,710,TimesFM-X,TimesFM-X,daily_energy_CV_RMS_pct,10,710,710,0,ok,13.227637437495558,25.11073706845806,15.209127007417056
LCL households,late,710,710,TimesFM-X,TimesFM-X,daily_energy_CV_RMS_pct,11,710,710,0,ok,14.749738582642053,29.60294938403063,17.304284035413737
LCL households,late,710,710,TimesFM-X,TimesFM-X,daily_energy_CV_RMS_pct,12,710,710,0,ok,13.903556101253562,26.70119154232844,16.956716411502498
LCL households,late,710,710,TimesFM-X,TimesFM-X,daily_energy_CV_RMS_pct,13,710,710,0,ok,14.781437377086041,29.705692803555205,18.041443522908352
LCL households,late,710,710,TimesFM-X,TimesFM-X,daily_energy_CV_RMS_pct,14,710,710,0,ok,15.680627879937944,29.87715544320693,18.450661335577422
LCL households,late,710,710,TimesFM-X,TimesFM-X,daily_energy_CV_RMS_pct,15,710,710,0,ok,15.784517130141731,28.74229247428987,17.579115137607488
LCL households,late,710,710,TimesFM-X,TimesFM-X,daily_energy_CV_RMS_pct,16,710,710,0,ok,14.093712892651089,27.75532159791979,16.296997338179644
LCL households,late,710,710,TimesFM-X,TimesFM-X,daily_energy_CV_RMS_pct,17,710,710,0,ok,14.105005272315937,30.305158417001607,16.520500688432737
LCL households,late,710,710,TimesFM-X,TimesFM-X,daily_energy_CV_RMS_pct,18,710,710,0,ok,14.988514115243593,28.820129380590366,18.214130403590097
LCL households,late,710,710,TimesFM-X,TimesFM-X,daily_energy_CV_RMS_pct,19,710,710,0,ok,14.956329740170748,29.43857903607585,17.885672082687552
LCL households,late,710,710,TimesFM-X,TimesFM-X,daily_energy_CV_RMS_pct,20,710,710,0,ok,15.876408146358886,30.860779802014225,18.864778526788903
LCL households,late,710,710,TimesFM-X,TimesFM-X,daily_energy_CV_RMS_pct,21,710,710,0,ok,16.379207256981346,30.04786167745223,19.49319707765815
LCL households,late,710,710,TimesFM-X,TimesFM-X,daily_energy_CV_RMS_pct,22,710,710,0,ok,15.344608754956518,29.371485691227576,17.235414624607273
LCL households,late,710,710,TimesFM-X,TimesFM-X,daily_energy_CV_RMS_pct,23,710,710,0,ok,16.14879938179098,28.8400170751351,18.846157470715283
LCL households,late,710,710,TimesFM-X,TimesFM-X,daily_energy_CV_RMS_pct,24,710,710,0,ok,15.789814544316418,29.795413697773178,17.997581131842594
LCL households,late,710,710,TimesFM-X,TimesFM-X,daily_energy_CV_RMS_pct,25,710,710,0,ok,17.657600429074456,33.21050236021874,21.00492430271518
LCL households,late,710,710,TimesFM-X,TimesFM-X,daily_energy_CV_RMS_pct,26,710,710,0,ok,16.910342035122436,31.81630267886827,21.112059603583106
LCL households,late,710,710,TimesFM-X,TimesFM-X,daily_energy_CV_RMS_pct,27,710,710,0,ok,16.397582994112017,31.557909430979404,19.857198805818477
LCL households,late,710,710,TimesFM-X,TimesFM-X,daily_energy_CV_RMS_pct,28,710,710,0,ok,15.62410130278634,30.873061150933278,19.66124177682271
LCL households,late,710,710,TimesFM-X,TimesFM-X,daily_energy_CV_RMS_pct,29,710,710,0,ok,17.14763700483522,37.340898081980576,21.72224962201569
LCL households,late,710,710,TimesFM-X,TimesFM-X,daily_energy_CV_RMS_pct,30,710,710,0,ok,17.204744018416076,34.27213359527272,20.698643438667126
LCL households,late,710,710,TimesFM-X,TimesFM-X,daily_energy_CV_RMS_pct,31,710,710,0,ok,17.239888922305873,33.660546121070524,20.726620445971832
LCL households,late,710,710,TimesFM-X,TimesFM-X,cumulative_energy_CV_RMS_pct,1,710,710,0,ok,11.884158839392724,27.17254347804247,14.108240486587846
LCL households,late,710,710,TimesFM-X,TimesFM-X,cumulative_energy_CV_RMS_pct,2,710,710,0,ok,9.873855236853936,20.333069502735377,12.18191861699073
LCL households,late,710,710,TimesFM-X,TimesFM-X,cumulative_energy_CV_RMS_pct,3,710,710,0,ok,9.324305990874864,18.482482972676667,12.28619624138138
LCL households,late,710,710,TimesFM-X,TimesFM-X,cumulative_energy_CV_RMS_pct,4,710,710,0,ok,9.31278438806039,17.10928263159813,11.985172566372166
LCL households,late,710,710,TimesFM-X,TimesFM-X,cumulative_energy_CV_RMS_pct,5,710,710,0,ok,10.18238166009092,17.460917171044564,12.256859735421274
LCL households,late,710,710,TimesFM-X,TimesFM-X,cumulative_energy_CV_RMS_pct,6,710,710,0,ok,10.533119866534872,17.92185848995231,13.238456562717406
LCL households,late,710,710,TimesFM-X,TimesFM-X,cumulative_energy_CV_RMS_pct,7,710,710,0,ok,10.345700102093984,17.91529868826898,12.890025634678027
LCL households,late,710,710,TimesFM-X,TimesFM-X,cumulative_energy_CV_RMS_pct,8,710,710,0,ok,10.57476584655629,17.934731968177683,13.128937713999472
LCL households,late,710,710,TimesFM-X,TimesFM-X,cumulative_energy_CV_RMS_pct,9,710,710,0,ok,10.860375570020794,18.04547913470457,13.305384564042257
LCL households,late,710,710,TimesFM-X,TimesFM-X,cumulative_energy_CV_RMS_pct,10,710,710,0,ok,10.708264144922408,18.087360799703514,13.597040018146014
LCL households,late,710,710,TimesFM-X,TimesFM-X,cumulative_energy_CV_RMS_pct,11,710,710,0,ok,11.188582001559048,18.528746612239978,13.47860720045809
LCL households,late,710,710,TimesFM-X,TimesFM-X,cumulative_energy_CV_RMS_pct,12,710,710,0,ok,11.23840463160332,18.609416416854746,13.644016020425077
LCL households,late,710,710,TimesFM-X,TimesFM-X,cumulative_energy_CV_RMS_pct,13,710,710,0,ok,11.539909134484335,19.05454832281161,13.876842021613353
LCL households,late,710,710,TimesFM-X,TimesFM-X,cumulative_energy_CV_RMS_pct,14,710,710,0,ok,11.606829991205315,19.32943421873033,14.031863810781056
LCL households,late,710,710,TimesFM-X,TimesFM-X,cumulative_energy_CV_RMS_pct,15,710,710,0,ok,11.909979778351142,19.556455092593875,14.162951154447782
LCL households,late,710,710,TimesFM-X,TimesFM-X,cumulative_energy_CV_RMS_pct,16,710,710,0,ok,11.936883152148827,19.559067622625534,14.205429288325568
LCL households,late,710,710,TimesFM-X,TimesFM-X,cumulative_energy_CV_RMS_pct,17,710,710,0,ok,11.689766495042033,19.374881924340023,14.080820976061553
LCL households,late,710,710,TimesFM-X,TimesFM-X,cumulative_energy_CV_RMS_pct,18,710,710,0,ok,11.846437499634895,19.46561387550813,14.109101802774948
LCL households,late,710,710,TimesFM-X,TimesFM-X,cumulative_energy_CV_RMS_pct,19,710,710,0,ok,11.854539895454115,19.534313254550643,14.188436469711712
LCL households,late,710,710,TimesFM-X,TimesFM-X,cumulative_energy_CV_RMS_pct,20,710,710,0,ok,11.978290419055405,19.720376783991377,14.26763300514975
LCL households,late,710,710,TimesFM-X,TimesFM-X,cumulative_energy_CV_RMS_pct,21,710,710,0,ok,11.969772383305195,19.847934618516536,14.166560348362069
LCL households,late,710,710,TimesFM-X,TimesFM-X,cumulative_energy_CV_RMS_pct,22,710,710,0,ok,12.16189373636094,19.94733903478177,14.700990294899437
LCL households,late,710,710,TimesFM-X,TimesFM-X,cumulative_energy_CV_RMS_pct,23,710,710,0,ok,12.221231984575097,19.99483296342939,14.988572536661108
LCL households,late,710,710,TimesFM-X,TimesFM-X,cumulative_energy_CV_RMS_pct,24,710,710,0,ok,12.306420887220122,20.071436431610422,15.189333498055005
LCL households,late,710,710,TimesFM-X,TimesFM-X,cumulative_energy_CV_RMS_pct,25,710,710,0,ok,12.447792275638381,20.22767139871713,15.133390972250886
LCL households,late,710,710,TimesFM-X,TimesFM-X,cumulative_energy_CV_RMS_pct,26,710,710,0,ok,12.478556680425338,20.30221585708703,15.144953081571337
LCL households,late,710,710,TimesFM-X,TimesFM-X,cumulative_energy_CV_RMS_pct,27,710,710,0,ok,12.59924983824712,20.36303311533656,15.601644310774454
LCL households,late,710,710,TimesFM-X,TimesFM-X,cumulative_energy_CV_RMS_pct,28,710,710,0,ok,12.565629904300144,20.355052706051175,15.757692164114413
LCL households,late,710,710,TimesFM-X,TimesFM-X,cumulative_energy_CV_RMS_pct,29,710,710,0,ok,12.746742102430453,20.495177353310144,15.349574974995754
LCL households,late,710,710,TimesFM-X,TimesFM-X,cumulative_energy_CV_RMS_pct,30,710,710,0,ok,12.94450713414233,20.704503281991524,15.32455499018112
LCL households,late,710,710,TimesFM-X,TimesFM-X,cumulative_energy_CV_RMS_pct,31,710,710,0,ok,12.81585494909695,20.851552231123367,15.25593586395614
LCL households,late,710,710,WeekProf4,4-week profile,hourly_CV_RMSE_pct,1,710,710,2,geometric mean undefined,,100.31653358703402,61.44997614833743
LCL households,late,710,710,WeekProf4,4-week profile,hourly_CV_RMSE_pct,2,710,710,2,geometric mean undefined,,89.88037844039853,57.16446859106765
LCL households,late,710,710,WeekProf4,4-week profile,hourly_CV_RMSE_pct,3,710,710,2,geometric mean undefined,,78.1401738597394,56.7150014011112
LCL households,late,710,710,WeekProf4,4-week profile,hourly_CV_RMSE_pct,4,710,710,1,geometric mean undefined,,70.97876836920923,55.95992175794483
LCL households,late,710,710,WeekProf4,4-week profile,hourly_CV_RMSE_pct,5,710,710,2,geometric mean undefined,,74.08483898221762,59.74556159494017
LCL households,late,710,710,WeekProf4,4-week profile,hourly_CV_RMSE_pct,6,710,710,1,geometric mean undefined,,73.11754919305125,57.23241006818853
LCL households,late,710,710,WeekProf4,4-week profile,hourly_CV_RMSE_pct,7,710,710,1,geometric mean undefined,,71.56239997361232,58.95170591644762
LCL households,late,710,710,WeekProf4,4-week profile,hourly_CV_RMSE_pct,8,710,710,2,geometric mean undefined,,79.45386392469112,60.24112109093347
LCL households,late,710,710,WeekProf4,4-week profile,hourly_CV_RMSE_pct,9,710,710,1,geometric mean undefined,,91.35888542155111,59.02277336431348
LCL households,late,710,710,WeekProf4,4-week profile,hourly_CV_RMSE_pct,10,710,710,1,geometric mean undefined,,78.90890547522822,58.742759464692945
LCL households,late,710,710,WeekProf4,4-week profile,hourly_CV_RMSE_pct,11,710,710,1,geometric mean undefined,,79.31828926710389,60.45429516741321
LCL households,late,710,710,WeekProf4,4-week profile,hourly_CV_RMSE_pct,12,710,710,2,geometric mean undefined,,75.67382628116735,61.54073184871595
LCL households,late,710,710,WeekProf4,4-week profile,hourly_CV_RMSE_pct,13,710,710,1,geometric mean undefined,,78.03888256457277,64.21811606740178
LCL households,late,710,710,WeekProf4,4-week profile,hourly_CV_RMSE_pct,14,710,710,1,geometric mean undefined,,79.18173308960655,62.66509502431356
LCL households,late,710,710,WeekProf4,4-week profile,hourly_CV_RMSE_pct,15,710,710,2,geometric mean undefined,,85.19736760190892,65.08558580605813
LCL households,late,710,710,WeekProf4,4-week profile,hourly_CV_RMSE_pct,16,710,710,1,geometric mean undefined,,93.95361706647485,59.780379065468765
LCL households,late,710,710,WeekProf4,4-week profile,hourly_CV_RMSE_pct,17,710,710,1,geometric mean undefined,,94.78233287555426,61.342678820597285
LCL households,late,710,710,WeekProf4,4-week profile,hourly_CV_RMSE_pct,18,710,710,1,geometric mean undefined,,80.92091927256065,63.735352085030414
LCL households,late,710,710,WeekProf4,4-week profile,hourly_CV_RMSE_pct,19,710,710,2,geometric mean undefined,,78.251423557115,62.19381510116068
LCL households,late,710,710,WeekProf4,4-week profile,hourly_CV_RMSE_pct,20,710,710,1,geometric mean undefined,,79.89725927850589,62.34605933793608
LCL households,late,710,710,WeekProf4,4-week profile,hourly_CV_RMSE_pct,21,710,710,1,geometric mean undefined,,80.46458890335046,64.53506862631835
LCL households,late,710,710,WeekProf4,4-week profile,hourly_CV_RMSE_pct,22,710,710,2,geometric mean undefined,,85.45796614613998,64.20351935847626
LCL households,late,710,710,WeekProf4,4-week profile,hourly_CV_RMSE_pct,23,710,710,1,geometric mean undefined,,97.03200025287937,63.69926027626756
LCL households,late,710,710,WeekProf4,4-week profile,hourly_CV_RMSE_pct,24,710,710,1,geometric mean undefined,,84.88129017556356,64.02149700405853
LCL households,late,710,710,WeekProf4,4-week profile,hourly_CV_RMSE_pct,25,710,710,1,geometric mean undefined,,86.98894001197559,68.08159030285616
LCL households,late,710,710,WeekProf4,4-week profile,hourly_CV_RMSE_pct,26,710,710,2,geometric mean undefined,,80.28190469921627,65.70604392479464
LCL households,late,710,710,WeekProf4,4-week profile,hourly_CV_RMSE_pct,27,710,710,1,geometric mean undefined,,83.19263016438381,67.62279267669999
LCL households,late,710,710,WeekProf4,4-week profile,hourly_CV_RMSE_pct,28,710,710,1,geometric mean undefined,,81.79437532036127,65.97081263061217
LCL households,late,710,710,WeekProf4,4-week profile,hourly_CV_RMSE_pct,29,710,710,2,geometric mean undefined,,93.03675944287319,67.27783267540639
LCL households,late,710,710,WeekProf4,4-week profile,hourly_CV_RMSE_pct,30,710,710,1,geometric mean undefined,,102.95651298536968,69.15198884736492
LCL households,late,710,710,WeekProf4,4-week profile,hourly_CV_RMSE_pct,31,710,710,1,geometric mean undefined,,93.5531557420431,68.77926670568303
LCL households,late,710,710,WeekProf4,4-week profile,daily_energy_CV_RMS_pct,1,710,710,2,geometric mean undefined,,32.869693209886464,14.377813889983805
LCL households,late,710,710,WeekProf4,4-week profile,daily_energy_CV_RMS_pct,2,710,710,2,geometric mean undefined,,25.548479973838322,12.667909194166622
LCL households,late,710,710,WeekProf4,4-week profile,daily_energy_CV_RMS_pct,3,710,710,2,geometric mean undefined,,22.897724131490513,13.38633698068437
LCL households,late,710,710,WeekProf4,4-week profile,daily_energy_CV_RMS_pct,4,710,710,1,geometric mean undefined,,23.148854055709403,12.935304066533316
LCL households,late,710,710,WeekProf4,4-week profile,daily_energy_CV_RMS_pct,5,710,710,2,geometric mean undefined,,24.302284481350153,14.74942346619769
LCL households,late,710,710,WeekProf4,4-week profile,daily_energy_CV_RMS_pct,6,710,710,1,geometric mean undefined,,23.839354654623282,12.511929437904966
LCL households,late,710,710,WeekProf4,4-week profile,daily_energy_CV_RMS_pct,7,710,710,1,geometric mean undefined,,24.668570183004203,14.315887721297479
LCL households,late,710,710,WeekProf4,4-week profile,daily_energy_CV_RMS_pct,8,710,710,2,geometric mean undefined,,28.72638127538876,13.931813927346042
LCL households,late,710,710,WeekProf4,4-week profile,daily_energy_CV_RMS_pct,9,710,710,1,geometric mean undefined,,29.077960204960615,14.704975294212733
LCL households,late,710,710,WeekProf4,4-week profile,daily_energy_CV_RMS_pct,10,710,710,1,geometric mean undefined,,25.870509982659275,13.574857107352745
LCL households,late,710,710,WeekProf4,4-week profile,daily_energy_CV_RMS_pct,11,710,710,1,geometric mean undefined,,26.96178903108868,15.284278267870459
LCL households,late,710,710,WeekProf4,4-week profile,daily_energy_CV_RMS_pct,12,710,710,2,geometric mean undefined,,24.848562834337727,14.602676875625708
LCL households,late,710,710,WeekProf4,4-week profile,daily_energy_CV_RMS_pct,13,710,710,1,geometric mean undefined,,26.652447242004943,15.536439021402868
LCL households,late,710,710,WeekProf4,4-week profile,daily_energy_CV_RMS_pct,14,710,710,1,geometric mean undefined,,28.588723950652806,16.782649333924034
LCL households,late,710,710,WeekProf4,4-week profile,daily_energy_CV_RMS_pct,15,710,710,2,geometric mean undefined,,31.622093111696174,16.712027736279452
LCL households,late,710,710,WeekProf4,4-week profile,daily_energy_CV_RMS_pct,16,710,710,1,geometric mean undefined,,29.69947918786544,15.385696911858105
LCL households,late,710,710,WeekProf4,4-week profile,daily_energy_CV_RMS_pct,17,710,710,1,geometric mean undefined,,27.37688138029782,15.738601432674674
LCL households,late,710,710,WeekProf4,4-week profile,daily_energy_CV_RMS_pct,18,710,710,1,geometric mean undefined,,28.115589404128393,16.44917692495275
LCL households,late,710,710,WeekProf4,4-week profile,daily_energy_CV_RMS_pct,19,710,710,2,geometric mean undefined,,26.831665394825357,15.846728270007311
LCL households,late,710,710,WeekProf4,4-week profile,daily_energy_CV_RMS_pct,20,710,710,1,geometric mean undefined,,28.492367931922875,16.52591457524334
LCL households,late,710,710,WeekProf4,4-week profile,daily_energy_CV_RMS_pct,21,710,710,1,geometric mean undefined,,29.95765459306892,16.87215339498893
LCL households,late,710,710,WeekProf4,4-week profile,daily_energy_CV_RMS_pct,22,710,710,2,geometric mean undefined,,33.228338143599814,17.361337095575834
LCL households,late,710,710,WeekProf4,4-week profile,daily_energy_CV_RMS_pct,23,710,710,1,geometric mean undefined,,31.72761128772824,17.943431739730208
LCL households,late,710,710,WeekProf4,4-week profile,daily_energy_CV_RMS_pct,24,710,710,1,geometric mean undefined,,30.467875488762182,17.375160345262763
LCL households,late,710,710,WeekProf4,4-week profile,daily_energy_CV_RMS_pct,25,710,710,1,geometric mean undefined,,32.888694209308476,19.706962625861443
LCL households,late,710,710,WeekProf4,4-week profile,daily_energy_CV_RMS_pct,26,710,710,2,geometric mean undefined,,30.253800511019644,18.53150302418741
LCL households,late,710,710,WeekProf4,4-week profile,daily_energy_CV_RMS_pct,27,710,710,1,geometric mean undefined,,30.743827540637547,17.062217770040583
LCL households,late,710,710,WeekProf4,4-week profile,daily_energy_CV_RMS_pct,28,710,710,1,geometric mean undefined,,30.56373794117659,17.47714162884425
LCL households,late,710,710,WeekProf4,4-week profile,daily_energy_CV_RMS_pct,29,710,710,2,geometric mean undefined,,36.521203921284446,17.406687492279104
LCL households,late,710,710,WeekProf4,4-week profile,daily_energy_CV_RMS_pct,30,710,710,1,geometric mean undefined,,35.198725486808975,18.469699740697273
LCL households,late,710,710,WeekProf4,4-week profile,daily_energy_CV_RMS_pct,31,710,710,1,geometric mean undefined,,33.99518365758695,19.6416376204388
LCL households,late,710,710,WeekProf4,4-week profile,cumulative_energy_CV_RMS_pct,1,710,710,2,geometric mean undefined,,32.869693209886464,14.377813889983805
LCL households,late,710,710,WeekProf4,4-week profile,cumulative_energy_CV_RMS_pct,2,710,710,1,geometric mean undefined,,24.887885572538213,11.156217400574537
LCL households,late,710,710,WeekProf4,4-week profile,cumulative_energy_CV_RMS_pct,3,710,710,2,geometric mean undefined,,21.382492031869205,9.267276515998745
LCL households,late,710,710,WeekProf4,4-week profile,cumulative_energy_CV_RMS_pct,4,710,710,0,ok,7.384085553771223,19.235514511769672,8.355194416350919
LCL households,late,710,710,WeekProf4,4-week profile,cumulative_energy_CV_RMS_pct,5,710,710,1,geometric mean undefined,,18.143250199056645,8.136435021778475
LCL households,late,710,710,WeekProf4,4-week profile,cumulative_energy_CV_RMS_pct,6,710,710,0,ok,6.69657430947892,17.278443918290574,7.423838895088275
LCL households,late,710,710,WeekProf4,4-week profile,cumulative_energy_CV_RMS_pct,7,710,710,0,ok,6.510800352283136,16.59943270497819,6.956567925212
LCL households,late,710,710,WeekProf4,4-week profile,cumulative_energy_CV_RMS_pct,8,710,710,0,ok,6.637705477649419,16.963402998322035,6.994041744483715
LCL households,late,710,710,WeekProf4,4-week profile,cumulative_energy_CV_RMS_pct,9,710,710,0,ok,6.49358827209822,17.156485895125083,7.190504492854716
LCL households,late,710,710,WeekProf4,4-week profile,cumulative_energy_CV_RMS_pct,10,710,710,0,ok,6.393963909001336,17.05249383913077,7.245898501086137
LCL households,late,710,710,WeekProf4,4-week profile,cumulative_energy_CV_RMS_pct,11,710,710,0,ok,6.802152494484114,16.95370291069398,7.524993520399933
LCL households,late,710,710,WeekProf4,4-week profile,cumulative_energy_CV_RMS_pct,12,710,710,0,ok,6.552346009035629,16.65663305369879,7.544120060601085
LCL households,late,710,710,WeekProf4,4-week profile,cumulative_energy_CV_RMS_pct,13,710,710,0,ok,6.593468932807206,16.623982089499624,7.635725031800472
LCL households,late,710,710,WeekProf4,4-week profile,cumulative_energy_CV_RMS_pct,14,710,710,0,ok,6.726750436680845,16.589204974549162,7.549599654689246
LCL households,late,710,710,WeekProf4,4-week profile,cumulative_energy_CV_RMS_pct,15,710,710,0,ok,6.808437371267901,16.89188345778101,7.3936298849197275
LCL households,late,710,710,WeekProf4,4-week profile,cumulative_energy_CV_RMS_pct,16,710,710,0,ok,6.842200071876709,17.072370676627667,7.756021394611006
LCL households,late,710,710,WeekProf4,4-week profile,cumulative_energy_CV_RMS_pct,17,710,710,0,ok,7.105269768114533,16.918528399879346,7.655925789601424
LCL households,late,710,710,WeekProf4,4-week profile,cumulative_energy_CV_RMS_pct,18,710,710,0,ok,6.976544784074361,16.91673115029108,7.49369927618284
LCL households,late,710,710,WeekProf4,4-week profile,cumulative_energy_CV_RMS_pct,19,710,710,0,ok,6.97410417480012,16.783060711028043,7.620615898418723
LCL households,late,710,710,WeekProf4,4-week profile,cumulative_energy_CV_RMS_pct,20,710,710,0,ok,6.866931560339927,16.776301436305268,7.839675557683307
LCL households,late,710,710,WeekProf4,4-week profile,cumulative_energy_CV_RMS_pct,21,710,710,0,ok,7.040704192367129,16.768264524173777,7.99679506648347
LCL households,late,710,710,WeekProf4,4-week profile,cumulative_energy_CV_RMS_pct,22,710,710,0,ok,7.09247029473226,16.947869234449737,8.147495406826298
LCL households,late,710,710,WeekProf4,4-week profile,cumulative_energy_CV_RMS_pct,23,710,710,0,ok,6.8576700871827825,17.0108146685513,8.317553828543806
LCL households,late,710,710,WeekProf4,4-week profile,cumulative_energy_CV_RMS_pct,24,710,710,0,ok,6.759217349919247,16.989305399268343,8.419321754183487
LCL households,late,710,710,WeekProf4,4-week profile,cumulative_energy_CV_RMS_pct,25,710,710,0,ok,7.061954717161102,17.099185008161843,8.403999516209872
LCL households,late,710,710,WeekProf4,4-week profile,cumulative_energy_CV_RMS_pct,26,710,710,0,ok,7.2065560050808575,17.07032871771602,8.203780384856714
LCL households,late,710,710,WeekProf4,4-week profile,cumulative_energy_CV_RMS_pct,27,710,710,0,ok,7.204782756331226,17.07764196789422,8.337236563133487
LCL households,late,710,710,WeekProf4,4-week profile,cumulative_energy_CV_RMS_pct,28,710,710,0,ok,7.397928271180558,17.10432114664754,8.372443847589079
LCL households,late,710,710,WeekProf4,4-week profile,cumulative_energy_CV_RMS_pct,29,710,710,0,ok,7.334180858348742,17.260873538059457,8.425145360124748
LCL households,late,710,710,WeekProf4,4-week profile,cumulative_energy_CV_RMS_pct,30,710,710,0,ok,7.516526486446874,17.517745966703178,8.739207824470407
LCL households,late,710,710,WeekProf4,4-week profile,cumulative_energy_CV_RMS_pct,31,710,710,0,ok,7.675760029061497,17.643806856569316,8.782599572022331
LCL households,late,710,710,RIDGE-L,Ridge (per unit),hourly_CV_RMSE_pct,1,710,710,0,ok,58.26532224835906,133.97722769157048,57.62984225043625
LCL households,late,710,710,RIDGE-L,Ridge (per unit),hourly_CV_RMSE_pct,2,710,710,0,ok,53.705813758215754,97.40255479359534,52.51243001456792
LCL households,late,710,710,RIDGE-L,Ridge (per unit),hourly_CV_RMSE_pct,3,710,710,0,ok,53.987747936396055,98.22234555365783,52.3962320664005
LCL households,late,710,710,RIDGE-L,Ridge (per unit),hourly_CV_RMSE_pct,4,710,710,0,ok,53.964405000996095,97.72065402140989,51.74926288132025
LCL households,late,710,710,RIDGE-L,Ridge (per unit),hourly_CV_RMSE_pct,5,710,710,0,ok,59.08429614536744,104.52440319001704,57.7594954281208
LCL households,late,710,710,RIDGE-L,Ridge (per unit),hourly_CV_RMSE_pct,6,710,710,0,ok,57.86132815463456,103.24174887868207,58.719129129432474
LCL households,late,710,710,RIDGE-L,Ridge (per unit),hourly_CV_RMSE_pct,7,710,710,0,ok,56.96782538336183,116.0969061246879,55.60110531325617
LCL households,late,710,710,RIDGE-L,Ridge (per unit),hourly_CV_RMSE_pct,8,710,710,0,ok,58.12467245595118,117.90539920986765,57.322876883622115
LCL households,late,710,710,RIDGE-L,Ridge (per unit),hourly_CV_RMSE_pct,9,710,710,0,ok,58.312431562671144,103.59285353236429,57.11079856757069
LCL households,late,710,710,RIDGE-L,Ridge (per unit),hourly_CV_RMSE_pct,10,710,710,0,ok,58.81335210766505,104.02734386350687,56.90380616803001
LCL households,late,710,710,RIDGE-L,Ridge (per unit),hourly_CV_RMSE_pct,11,710,710,0,ok,61.00680460970229,110.07246858717416,58.83401702392081
LCL households,late,710,710,RIDGE-L,Ridge (per unit),hourly_CV_RMSE_pct,12,710,710,0,ok,61.61549785583575,108.91760696746296,58.81485164481309
LCL households,late,710,710,RIDGE-L,Ridge (per unit),hourly_CV_RMSE_pct,13,710,710,0,ok,61.68649261637197,109.27793930255454,59.396529475649515
LCL households,late,710,710,RIDGE-L,Ridge (per unit),hourly_CV_RMSE_pct,14,710,710,0,ok,61.76554729025807,124.72827621844878,60.12849863848209
LCL households,late,710,710,RIDGE-L,Ridge (per unit),hourly_CV_RMSE_pct,15,710,710,0,ok,62.859340231917045,125.37065469059422,60.454746851211624
LCL households,late,710,710,RIDGE-L,Ridge (per unit),hourly_CV_RMSE_pct,16,710,710,0,ok,59.87309790951888,107.0890186441727,58.16455847996893
LCL households,late,710,710,RIDGE-L,Ridge (per unit),hourly_CV_RMSE_pct,17,710,710,0,ok,61.41444985035565,110.42908189217638,59.864974732352294
LCL households,late,710,710,RIDGE-L,Ridge (per unit),hourly_CV_RMSE_pct,18,710,710,0,ok,62.36208711728077,113.09690240559817,60.34644612229701
LCL households,late,710,710,RIDGE-L,Ridge (per unit),hourly_CV_RMSE_pct,19,710,710,0,ok,63.01710159244203,113.62646715972367,58.97033697638179
LCL households,late,710,710,RIDGE-L,Ridge (per unit),hourly_CV_RMSE_pct,20,710,710,0,ok,62.64188603471595,113.10456606381871,59.17052675882391
LCL households,late,710,710,RIDGE-L,Ridge (per unit),hourly_CV_RMSE_pct,21,710,710,0,ok,62.949414109927034,127.02264021580494,60.24203345908547
LCL households,late,710,710,RIDGE-L,Ridge (per unit),hourly_CV_RMSE_pct,22,710,710,0,ok,61.291818929088045,126.01817835661817,60.06041633346675
LCL households,late,710,710,RIDGE-L,Ridge (per unit),hourly_CV_RMSE_pct,23,710,710,0,ok,61.965780630637184,111.26348132313703,59.29560839578568
LCL households,late,710,710,RIDGE-L,Ridge (per unit),hourly_CV_RMSE_pct,24,710,710,0,ok,62.73978639181524,112.02071021276964,61.318108259011
LCL households,late,710,710,RIDGE-L,Ridge (per unit),hourly_CV_RMSE_pct,25,710,710,0,ok,66.39358440191035,168.79049166291918,64.81429202451766
LCL households,late,710,710,RIDGE-L,Ridge (per unit),hourly_CV_RMSE_pct,26,710,710,0,ok,64.05141238129139,165.65074610025542,61.591775931333856
LCL households,late,710,710,RIDGE-L,Ridge (per unit),hourly_CV_RMSE_pct,27,710,710,0,ok,64.59831400172357,116.5091337929725,63.761450135173874
LCL households,late,710,710,RIDGE-L,Ridge (per unit),hourly_CV_RMSE_pct,28,710,710,0,ok,63.301214697239544,128.64352162785164,61.56307316009284
LCL households,late,710,710,RIDGE-L,Ridge (per unit),hourly_CV_RMSE_pct,29,710,710,0,ok,64.55490736332467,134.35192258160018,63.110994199714824
LCL households,late,710,710,RIDGE-L,Ridge (per unit),hourly_CV_RMSE_pct,30,710,710,0,ok,65.6295145744646,119.09202901560677,64.0381426917406
LCL households,late,710,710,RIDGE-L,Ridge (per unit),hourly_CV_RMSE_pct,31,710,710,0,ok,67.32107746502828,121.22738885178697,65.50679229325375
LCL households,late,710,710,RIDGE-L,Ridge (per unit),daily_energy_CV_RMS_pct,1,710,710,0,ok,12.073139020420571,57.72613794635172,13.858699989044144
LCL households,late,710,710,RIDGE-L,Ridge (per unit),daily_energy_CV_RMS_pct,2,710,710,0,ok,11.141936303779142,45.08830861425301,11.978412400122966
LCL households,late,710,710,RIDGE-L,Ridge (per unit),daily_energy_CV_RMS_pct,3,710,710,0,ok,10.90806687253722,45.99696118015475,12.581243364340892
LCL households,late,710,710,RIDGE-L,Ridge (per unit),daily_energy_CV_RMS_pct,4,710,710,0,ok,11.631210214560472,49.58388779878349,13.552189516456654
LCL households,late,710,710,RIDGE-L,Ridge (per unit),daily_energy_CV_RMS_pct,5,710,710,0,ok,13.478192755124867,52.467413236363384,15.084971047011475
LCL households,late,710,710,RIDGE-L,Ridge (per unit),daily_energy_CV_RMS_pct,6,710,710,0,ok,12.112504904951336,52.941018135647234,14.706242373940082
LCL households,late,710,710,RIDGE-L,Ridge (per unit),daily_energy_CV_RMS_pct,7,710,710,0,ok,13.028058821850363,59.20048053224582,15.027997914038956
LCL households,late,710,710,RIDGE-L,Ridge (per unit),daily_energy_CV_RMS_pct,8,710,710,0,ok,13.278400282840572,59.47216296582089,15.216122928094634
LCL households,late,710,710,RIDGE-L,Ridge (per unit),daily_energy_CV_RMS_pct,9,710,710,0,ok,13.202841567321334,54.31799203963117,14.629676815751964
LCL households,late,710,710,RIDGE-L,Ridge (per unit),daily_energy_CV_RMS_pct,10,710,710,0,ok,13.64839035002232,53.70850736576586,14.867763078272922
LCL households,late,710,710,RIDGE-L,Ridge (per unit),daily_energy_CV_RMS_pct,11,710,710,0,ok,13.83293902558981,56.88458821154169,15.984606159187685
LCL households,late,710,710,RIDGE-L,Ridge (per unit),daily_energy_CV_RMS_pct,12,710,710,0,ok,13.683838985040964,56.19578332344179,15.240162946097502
LCL households,late,710,710,RIDGE-L,Ridge (per unit),daily_energy_CV_RMS_pct,13,710,710,0,ok,14.688183051088657,57.67684109416971,17.015209187768832
LCL households,late,710,710,RIDGE-L,Ridge (per unit),daily_energy_CV_RMS_pct,14,710,710,0,ok,14.211989499336624,64.0914705557808,16.949524085845113
LCL households,late,710,710,RIDGE-L,Ridge (per unit),daily_energy_CV_RMS_pct,15,710,710,0,ok,14.903975370596577,64.99225700861116,17.594516049424634
LCL households,late,710,710,RIDGE-L,Ridge (per unit),daily_energy_CV_RMS_pct,16,710,710,0,ok,14.279357255837017,56.91280113299069,16.314108001045007
LCL households,late,710,710,RIDGE-L,Ridge (per unit),daily_energy_CV_RMS_pct,17,710,710,0,ok,13.92928518577406,54.45221371605328,16.05125387443306
LCL households,late,710,710,RIDGE-L,Ridge (per unit),daily_energy_CV_RMS_pct,18,710,710,0,ok,14.543953116197125,60.256771255566896,16.748614674078844
LCL households,late,710,710,RIDGE-L,Ridge (per unit),daily_energy_CV_RMS_pct,19,710,710,0,ok,15.65030581207888,61.58340821411485,17.072230634996654
LCL households,late,710,710,RIDGE-L,Ridge (per unit),daily_energy_CV_RMS_pct,20,710,710,0,ok,14.390988892258271,61.07585698878845,17.106486501160933
LCL households,late,710,710,RIDGE-L,Ridge (per unit),daily_energy_CV_RMS_pct,21,710,710,0,ok,15.974836870919328,67.84527513359798,18.680764381915992
LCL households,late,710,710,RIDGE-L,Ridge (per unit),daily_energy_CV_RMS_pct,22,710,710,0,ok,15.52346204521959,67.69062334520888,18.421284273727238
LCL households,late,710,710,RIDGE-L,Ridge (per unit),daily_energy_CV_RMS_pct,23,710,710,0,ok,14.583024175675435,59.565522018439154,17.085313433673726
LCL households,late,710,710,RIDGE-L,Ridge (per unit),daily_energy_CV_RMS_pct,24,710,710,0,ok,15.429424616867777,62.26140009726142,18.802722520605364
LCL households,late,710,710,RIDGE-L,Ridge (per unit),daily_energy_CV_RMS_pct,25,710,710,0,ok,17.586273088813268,113.47401420895415,19.99138573457718
LCL households,late,710,710,RIDGE-L,Ridge (per unit),daily_energy_CV_RMS_pct,26,710,710,0,ok,16.328862588929855,113.28304066417854,19.987455646614542
LCL households,late,710,710,RIDGE-L,Ridge (per unit),daily_energy_CV_RMS_pct,27,710,710,0,ok,16.786690988271427,65.45529633769017,19.533491332806733
LCL households,late,710,710,RIDGE-L,Ridge (per unit),daily_energy_CV_RMS_pct,28,710,710,0,ok,15.25937923377829,69.63849616244255,16.874825884683446
LCL households,late,710,710,RIDGE-L,Ridge (per unit),daily_energy_CV_RMS_pct,29,710,710,0,ok,16.031854098746606,72.34484816918923,19.24391892868322
LCL households,late,710,710,RIDGE-L,Ridge (per unit),daily_energy_CV_RMS_pct,30,710,710,0,ok,16.96264173382444,65.87710836404308,19.44628653476635
LCL households,late,710,710,RIDGE-L,Ridge (per unit),daily_energy_CV_RMS_pct,31,710,710,0,ok,17.71644223571602,66.86118518612878,19.313856968365407
LCL households,late,710,710,RIDGE-L,Ridge (per unit),cumulative_energy_CV_RMS_pct,1,710,710,0,ok,12.073139020420571,57.72613794635172,13.858699989044144
LCL households,late,710,710,RIDGE-L,Ridge (per unit),cumulative_energy_CV_RMS_pct,2,710,710,0,ok,8.837913228414662,46.749410268220466,10.750018565764545
LCL households,late,710,710,RIDGE-L,Ridge (per unit),cumulative_energy_CV_RMS_pct,3,710,710,0,ok,7.735516820265889,43.444316845083556,9.16639072343033
LCL households,late,710,710,RIDGE-L,Ridge (per unit),cumulative_energy_CV_RMS_pct,4,710,710,0,ok,7.314349819721357,42.51233173787079,8.303956502261272
LCL households,late,710,710,RIDGE-L,Ridge (per unit),cumulative_energy_CV_RMS_pct,5,710,710,0,ok,7.114820735967248,42.294811276433435,7.920825382421227
LCL households,late,710,710,RIDGE-L,Ridge (per unit),cumulative_energy_CV_RMS_pct,6,710,710,0,ok,7.078756740609295,42.31485837219856,7.8385611651381435
LCL households,late,710,710,RIDGE-L,Ridge (per unit),cumulative_energy_CV_RMS_pct,7,710,710,0,ok,6.963272019449997,43.28482404392029,7.687337961998782
LCL households,late,710,710,RIDGE-L,Ridge (per unit),cumulative_energy_CV_RMS_pct,8,710,710,0,ok,6.893720852980791,44.055401797213214,7.745086421637944
LCL households,late,710,710,RIDGE-L,Ridge (per unit),cumulative_energy_CV_RMS_pct,9,710,710,0,ok,6.808688250798447,44.06838102819102,7.627125170289287
LCL households,late,710,710,RIDGE-L,Ridge (per unit),cumulative_energy_CV_RMS_pct,10,710,710,0,ok,7.0570837782907025,44.004473394921284,7.606979678166116
LCL households,late,710,710,RIDGE-L,Ridge (per unit),cumulative_energy_CV_RMS_pct,11,710,710,0,ok,7.139835734224384,44.17120308544421,7.847750481400949
LCL households,late,710,710,RIDGE-L,Ridge (per unit),cumulative_energy_CV_RMS_pct,12,710,710,0,ok,6.7378144756397145,44.18943966454585,7.8926104038780975
LCL households,late,710,710,RIDGE-L,Ridge (per unit),cumulative_energy_CV_RMS_pct,13,710,710,0,ok,6.884917865529896,44.45948836096945,7.895214288300469
LCL households,late,710,710,RIDGE-L,Ridge (per unit),cumulative_energy_CV_RMS_pct,14,710,710,0,ok,6.891061901929791,45.13498600988644,7.61382029071553
LCL households,late,710,710,RIDGE-L,Ridge (per unit),cumulative_energy_CV_RMS_pct,15,710,710,0,ok,7.133507244787351,45.83740863270772,7.983775541464183
LCL households,late,710,710,RIDGE-L,Ridge (per unit),cumulative_energy_CV_RMS_pct,16,710,710,0,ok,7.137029614571565,45.90615372277355,8.38015094922936
LCL households,late,710,710,RIDGE-L,Ridge (per unit),cumulative_energy_CV_RMS_pct,17,710,710,0,ok,7.175188243276613,45.80653991495636,8.189081528917203
LCL households,late,710,710,RIDGE-L,Ridge (per unit),cumulative_energy_CV_RMS_pct,18,710,710,0,ok,7.167359990201882,46.003434776187746,8.20621384291901
LCL households,late,710,710,RIDGE-L,Ridge (per unit),cumulative_energy_CV_RMS_pct,19,710,710,0,ok,7.221886689548547,46.065842121108865,7.842173351694213
LCL households,late,710,710,RIDGE-L,Ridge (per unit),cumulative_energy_CV_RMS_pct,20,710,710,0,ok,7.110074579704001,46.28577213707073,8.188899381623884
LCL households,late,710,710,RIDGE-L,Ridge (per unit),cumulative_energy_CV_RMS_pct,21,710,710,0,ok,7.3039540496360695,46.747583289871585,8.264147039626774
LCL households,late,710,710,RIDGE-L,Ridge (per unit),cumulative_energy_CV_RMS_pct,22,710,710,0,ok,7.377110369308871,47.216012655537725,8.213398589735142
LCL households,late,710,710,RIDGE-L,Ridge (per unit),cumulative_energy_CV_RMS_pct,23,710,710,0,ok,7.282179153002733,47.24817818928695,8.134142308728332
LCL households,late,710,710,RIDGE-L,Ridge (per unit),cumulative_energy_CV_RMS_pct,24,710,710,0,ok,7.305201740276176,47.35886999544266,8.33738436161236
LCL households,late,710,710,RIDGE-L,Ridge (per unit),cumulative_energy_CV_RMS_pct,25,710,710,0,ok,7.646276910535485,49.49612454169278,8.497361621713601
LCL households,late,710,710,RIDGE-L,Ridge (per unit),cumulative_energy_CV_RMS_pct,26,710,710,0,ok,7.590882324048239,51.41582704440154,8.24483741032305
LCL households,late,710,710,RIDGE-L,Ridge (per unit),cumulative_energy_CV_RMS_pct,27,710,710,0,ok,7.926298590547504,51.51293234075811,8.567035835969264
LCL households,late,710,710,RIDGE-L,Ridge (per unit),cumulative_energy_CV_RMS_pct,28,710,710,0,ok,7.867388467167733,51.760777711403925,8.701878256349868
LCL households,late,710,710,RIDGE-L,Ridge (per unit),cumulative_energy_CV_RMS_pct,29,710,710,0,ok,7.790986977745486,51.94205694853256,8.530110644300184
LCL households,late,710,710,RIDGE-L,Ridge (per unit),cumulative_energy_CV_RMS_pct,30,710,710,0,ok,7.756910441720668,52.05785032281206,8.681554632191277
LCL households,late,710,710,RIDGE-L,Ridge (per unit),cumulative_energy_CV_RMS_pct,31,710,710,0,ok,7.937932298260408,52.1646236367332,9.072052245950207
LCL households,late,710,710,TimesFM,TimesFM,hourly_CV_RMSE_pct,1,710,710,0,ok,50.029576577423065,84.62993714468318,50.73335337536223
LCL households,late,710,710,TimesFM,TimesFM,hourly_CV_RMSE_pct,2,710,710,0,ok,46.336426096849614,61.776989887870315,48.59197213927745
LCL households,late,710,710,TimesFM,TimesFM,hourly_CV_RMSE_pct,3,710,710,0,ok,47.068492300101155,62.293852909966674,48.6290279962806
LCL households,late,710,710,TimesFM,TimesFM,hourly_CV_RMSE_pct,4,710,710,0,ok,47.6001794241822,59.7150511440455,47.74177453472777
LCL households,late,710,710,TimesFM,TimesFM,hourly_CV_RMSE_pct,5,710,710,0,ok,53.28622893403718,67.83228894554733,54.957289904797705
LCL households,late,710,710,TimesFM,TimesFM,hourly_CV_RMSE_pct,6,710,710,0,ok,51.611247600598574,66.16672980479304,52.53743071053637
LCL households,late,710,710,TimesFM,TimesFM,hourly_CV_RMSE_pct,7,710,710,0,ok,49.73591981142166,62.55609296832706,50.71778749124364
LCL households,late,710,710,TimesFM,TimesFM,hourly_CV_RMSE_pct,8,710,710,0,ok,52.09289645458734,64.47901926351383,53.57039096625487
LCL households,late,710,710,TimesFM,TimesFM,hourly_CV_RMSE_pct,9,710,710,0,ok,52.73962018822065,65.63747665771274,54.457979466811594
LCL households,late,710,710,TimesFM,TimesFM,hourly_CV_RMSE_pct,10,710,710,0,ok,53.278004765066555,65.8582436060939,53.638289823352125
LCL households,late,710,710,TimesFM,TimesFM,hourly_CV_RMSE_pct,11,710,710,0,ok,56.67278715532402,72.39468781018763,54.708530569700834
LCL households,late,710,710,TimesFM,TimesFM,hourly_CV_RMSE_pct,12,710,710,0,ok,56.91296289045178,71.02893985026955,56.37361539542685
LCL households,late,710,710,TimesFM,TimesFM,hourly_CV_RMSE_pct,13,710,710,0,ok,58.395304173024066,72.9349712311599,59.368250923151095
LCL households,late,710,710,TimesFM,TimesFM,hourly_CV_RMSE_pct,14,710,710,0,ok,57.46626591943807,72.92370658643766,58.5543532457647
LCL households,late,710,710,TimesFM,TimesFM,hourly_CV_RMSE_pct,15,710,710,0,ok,58.83292373858656,72.72839780938082,58.37698802962338
LCL households,late,710,710,TimesFM,TimesFM,hourly_CV_RMSE_pct,16,710,710,0,ok,55.091561519844774,72.09897251281343,56.08999547431952
LCL households,late,710,710,TimesFM,TimesFM,hourly_CV_RMSE_pct,17,710,710,0,ok,57.43674122062111,87.6301567674544,57.39794972528969
LCL households,late,710,710,TimesFM,TimesFM,hourly_CV_RMSE_pct,18,710,710,0,ok,58.288061701337874,73.05601615429406,58.69643681361814
LCL households,late,710,710,TimesFM,TimesFM,hourly_CV_RMSE_pct,19,710,710,0,ok,59.12058043126583,74.30133168373395,58.03332002747014
LCL households,late,710,710,TimesFM,TimesFM,hourly_CV_RMSE_pct,20,710,710,0,ok,59.071679797513646,74.13408886572745,57.429134249732144
LCL households,late,710,710,TimesFM,TimesFM,hourly_CV_RMSE_pct,21,710,710,0,ok,58.34195276542561,72.80051999077827,59.84547664668793
LCL households,late,710,710,TimesFM,TimesFM,hourly_CV_RMSE_pct,22,710,710,0,ok,56.94044498241436,71.80257961016007,57.78713321068876
LCL households,late,710,710,TimesFM,TimesFM,hourly_CV_RMSE_pct,23,710,710,0,ok,58.917593464324284,72.48497097554073,58.63340157505448
LCL households,late,710,710,TimesFM,TimesFM,hourly_CV_RMSE_pct,24,710,710,0,ok,57.4806742162484,71.35872210716771,59.32862880609882
LCL households,late,710,710,TimesFM,TimesFM,hourly_CV_RMSE_pct,25,710,710,0,ok,61.766781954792044,77.3880649240787,63.506266267694585
LCL households,late,710,710,TimesFM,TimesFM,hourly_CV_RMSE_pct,26,710,710,0,ok,59.822223170028586,74.61678678344023,60.33074446244726
LCL households,late,710,710,TimesFM,TimesFM,hourly_CV_RMSE_pct,27,710,710,0,ok,60.129515721093505,75.31886414392854,60.536778881338776
LCL households,late,710,710,TimesFM,TimesFM,hourly_CV_RMSE_pct,28,710,710,0,ok,58.28435338182791,72.63761841609882,59.538063064011894
LCL households,late,710,710,TimesFM,TimesFM,hourly_CV_RMSE_pct,29,710,710,0,ok,60.79103603107565,79.8307777613517,61.73926064407132
LCL households,late,710,710,TimesFM,TimesFM,hourly_CV_RMSE_pct,30,710,710,0,ok,61.222098375874474,77.86794212616428,61.43071050617753
LCL households,late,710,710,TimesFM,TimesFM,hourly_CV_RMSE_pct,31,710,710,0,ok,62.77120591222108,80.21777167802449,63.05069502820478
LCL households,late,710,710,TimesFM,TimesFM,daily_energy_CV_RMS_pct,1,710,710,0,ok,11.285552323186858,27.78832402007599,14.719919333338376
LCL households,late,710,710,TimesFM,TimesFM,daily_energy_CV_RMS_pct,2,710,710,0,ok,10.170057281350392,18.989524552822758,12.493193273718607
LCL households,late,710,710,TimesFM,TimesFM,daily_energy_CV_RMS_pct,3,710,710,0,ok,10.75083886517502,19.949213876603153,12.462027881510462
LCL households,late,710,710,TimesFM,TimesFM,daily_energy_CV_RMS_pct,4,710,710,0,ok,11.691616613977379,21.809033592239892,13.887998126983693
LCL households,late,710,710,TimesFM,TimesFM,daily_energy_CV_RMS_pct,5,710,710,0,ok,14.14980360300039,25.874939936209035,16.694035928194005
LCL households,late,710,710,TimesFM,TimesFM,daily_energy_CV_RMS_pct,6,710,710,0,ok,13.079315538427734,25.26813699155221,15.880492250994724
LCL households,late,710,710,TimesFM,TimesFM,daily_energy_CV_RMS_pct,7,710,710,0,ok,11.783515808628788,22.797013548849854,14.402340672937115
LCL households,late,710,710,TimesFM,TimesFM,daily_energy_CV_RMS_pct,8,710,710,0,ok,13.165405063826926,23.85107616905592,15.474881958376443
LCL households,late,710,710,TimesFM,TimesFM,daily_energy_CV_RMS_pct,9,710,710,0,ok,13.542134682996258,24.9511203889767,15.363504505184025
LCL households,late,710,710,TimesFM,TimesFM,daily_energy_CV_RMS_pct,10,710,710,0,ok,13.480065030470048,24.671668007196782,16.06114405891997
LCL households,late,710,710,TimesFM,TimesFM,daily_energy_CV_RMS_pct,11,710,710,0,ok,15.159589087809266,28.88933670097544,18.44988297891442
LCL households,late,710,710,TimesFM,TimesFM,daily_energy_CV_RMS_pct,12,710,710,0,ok,13.89196307390979,27.13226654166326,17.179604029098034
LCL households,late,710,710,TimesFM,TimesFM,daily_energy_CV_RMS_pct,13,710,710,0,ok,15.469114291779205,29.16796277096337,18.82072734693677
LCL households,late,710,710,TimesFM,TimesFM,daily_energy_CV_RMS_pct,14,710,710,0,ok,15.998121345299905,29.59403216336684,19.23486095356548
LCL households,late,710,710,TimesFM,TimesFM,daily_energy_CV_RMS_pct,15,710,710,0,ok,15.364979617363886,28.91570998855515,19.2739076145552
LCL households,late,710,710,TimesFM,TimesFM,daily_energy_CV_RMS_pct,16,710,710,0,ok,14.51572209299876,27.868172510970467,16.0576316211043
LCL households,late,710,710,TimesFM,TimesFM,daily_energy_CV_RMS_pct,17,710,710,0,ok,13.92590192643451,30.105999375073978,17.174231959413333
LCL households,late,710,710,TimesFM,TimesFM,daily_energy_CV_RMS_pct,18,710,710,0,ok,14.868119550420566,28.561747761604334,17.668886866251157
LCL households,late,710,710,TimesFM,TimesFM,daily_energy_CV_RMS_pct,19,710,710,0,ok,16.038372834597837,30.03386493323876,19.04238149210681
LCL households,late,710,710,TimesFM,TimesFM,daily_energy_CV_RMS_pct,20,710,710,0,ok,16.84121653821893,30.598737284626957,20.998318421546493
LCL households,late,710,710,TimesFM,TimesFM,daily_energy_CV_RMS_pct,21,710,710,0,ok,16.502771300243744,30.142810419426215,20.595813241717124
LCL households,late,710,710,TimesFM,TimesFM,daily_energy_CV_RMS_pct,22,710,710,0,ok,15.256237795687111,29.215091978689873,17.68722835501457
LCL households,late,710,710,TimesFM,TimesFM,daily_energy_CV_RMS_pct,23,710,710,0,ok,15.060233766252953,28.157587226491504,18.470859651489235
LCL households,late,710,710,TimesFM,TimesFM,daily_energy_CV_RMS_pct,24,710,710,0,ok,16.240582413451325,29.561717725251707,18.975606734680937
LCL households,late,710,710,TimesFM,TimesFM,daily_energy_CV_RMS_pct,25,710,710,0,ok,18.20870728239439,33.32633908528094,23.62587230908963
LCL households,late,710,710,TimesFM,TimesFM,daily_energy_CV_RMS_pct,26,710,710,0,ok,17.971090538200492,32.59149246667393,22.46130283258148
LCL households,late,710,710,TimesFM,TimesFM,daily_energy_CV_RMS_pct,27,710,710,0,ok,18.222109003857927,31.776697645178583,21.786966645665593
LCL households,late,710,710,TimesFM,TimesFM,daily_energy_CV_RMS_pct,28,710,710,0,ok,15.83146319445375,29.635496010771043,19.515569033559014
LCL households,late,710,710,TimesFM,TimesFM,daily_energy_CV_RMS_pct,29,710,710,0,ok,17.458381765867767,33.91029602725611,21.615647498096195
LCL households,late,710,710,TimesFM,TimesFM,daily_energy_CV_RMS_pct,30,710,710,0,ok,17.020272773132454,32.51336795832773,21.399056063092736
LCL households,late,710,710,TimesFM,TimesFM,daily_energy_CV_RMS_pct,31,710,710,0,ok,18.398765880431764,33.84240654239658,21.020602437070114
LCL households,late,710,710,TimesFM,TimesFM,cumulative_energy_CV_RMS_pct,1,710,710,0,ok,11.285552323186858,27.78832402007599,14.719919333338376
LCL households,late,710,710,TimesFM,TimesFM,cumulative_energy_CV_RMS_pct,2,710,710,0,ok,10.53585012538948,21.347429748832184,13.051986353606898
LCL households,late,710,710,TimesFM,TimesFM,cumulative_energy_CV_RMS_pct,3,710,710,0,ok,10.795666442023384,19.701639825799234,13.251597981220819
LCL households,late,710,710,TimesFM,TimesFM,cumulative_energy_CV_RMS_pct,4,710,710,0,ok,10.893716235629816,18.67563734593567,13.360217389741583
LCL households,late,710,710,TimesFM,TimesFM,cumulative_energy_CV_RMS_pct,5,710,710,0,ok,11.787501140444387,18.884054813852874,14.07766659906552
LCL households,late,710,710,TimesFM,TimesFM,cumulative_energy_CV_RMS_pct,6,710,710,0,ok,12.168423441846754,19.231569334995783,14.910916375816408
LCL households,late,710,710,TimesFM,TimesFM,cumulative_energy_CV_RMS_pct,7,710,710,0,ok,11.913743516014025,18.90237547399236,14.214687044060959
LCL households,late,710,710,TimesFM,TimesFM,cumulative_energy_CV_RMS_pct,8,710,710,0,ok,11.753013612579586,18.88532979396409,15.130929661810491
LCL households,late,710,710,TimesFM,TimesFM,cumulative_energy_CV_RMS_pct,9,710,710,0,ok,12.05697827541014,18.983338484090762,14.692159893908276
LCL households,late,710,710,TimesFM,TimesFM,cumulative_energy_CV_RMS_pct,10,710,710,0,ok,11.86636552422698,18.996324174073816,14.46301483605452
LCL households,late,710,710,TimesFM,TimesFM,cumulative_energy_CV_RMS_pct,11,710,710,0,ok,12.110456737728706,19.385933568157597,14.998315821515838
LCL households,late,710,710,TimesFM,TimesFM,cumulative_energy_CV_RMS_pct,12,710,710,0,ok,12.365607173354034,19.534674573506674,15.340871572152764
LCL households,late,710,710,TimesFM,TimesFM,cumulative_energy_CV_RMS_pct,13,710,710,0,ok,12.80980733452956,19.927190948720334,15.551875058529493
LCL households,late,710,710,TimesFM,TimesFM,cumulative_energy_CV_RMS_pct,14,710,710,0,ok,13.249224596149718,20.217950109294854,15.277737500672568
LCL households,late,710,710,TimesFM,TimesFM,cumulative_energy_CV_RMS_pct,15,710,710,0,ok,13.25304308562433,20.426496616106302,15.752410602853413
LCL households,late,710,710,TimesFM,TimesFM,cumulative_energy_CV_RMS_pct,16,710,710,0,ok,12.852330637803014,20.42282970935726,16.098293788872823
LCL households,late,710,710,TimesFM,TimesFM,cumulative_energy_CV_RMS_pct,17,710,710,0,ok,13.204990323505458,20.683633921858764,16.126948999188926
LCL households,late,710,710,TimesFM,TimesFM,cumulative_energy_CV_RMS_pct,18,710,710,0,ok,13.402330238639166,20.80090771432414,15.98746136521753
LCL households,late,710,710,TimesFM,TimesFM,cumulative_energy_CV_RMS_pct,19,710,710,0,ok,13.428545847194158,20.925514525881002,16.265995872926233
LCL households,late,710,710,TimesFM,TimesFM,cumulative_energy_CV_RMS_pct,20,710,710,0,ok,13.382347437594097,21.076047536777576,16.818711635250956
LCL households,late,710,710,TimesFM,TimesFM,cumulative_energy_CV_RMS_pct,21,710,710,0,ok,13.582325271288989,21.180343592517982,17.072022180625705
LCL households,late,710,710,TimesFM,TimesFM,cumulative_energy_CV_RMS_pct,22,710,710,0,ok,13.583480140997708,21.233418764953377,16.956789467243027
LCL households,late,710,710,TimesFM,TimesFM,cumulative_energy_CV_RMS_pct,23,710,710,0,ok,13.917790119771526,21.249047934185437,16.788160931685262
LCL households,late,710,710,TimesFM,TimesFM,cumulative_energy_CV_RMS_pct,24,710,710,0,ok,13.937301943694372,21.25376070694837,17.071084055543512
LCL households,late,710,710,TimesFM,TimesFM,cumulative_energy_CV_RMS_pct,25,710,710,0,ok,13.9512386344337,21.372993403414263,17.15069224334669
LCL households,late,710,710,TimesFM,TimesFM,cumulative_energy_CV_RMS_pct,26,710,710,0,ok,14.218741406454045,21.471334537343317,17.05570213697125
LCL households,late,710,710,TimesFM,TimesFM,cumulative_energy_CV_RMS_pct,27,710,710,0,ok,14.284906607710644,21.553456310604783,17.187836603305136
LCL households,late,710,710,TimesFM,TimesFM,cumulative_energy_CV_RMS_pct,28,710,710,0,ok,14.28035444517008,21.57129564264255,17.09559777594733
LCL households,late,710,710,TimesFM,TimesFM,cumulative_energy_CV_RMS_pct,29,710,710,0,ok,14.223426218531637,21.743216940061156,17.04924004640006
LCL households,late,710,710,TimesFM,TimesFM,cumulative_energy_CV_RMS_pct,30,710,710,0,ok,14.478608166984975,21.884020026852177,17.069972258353907
LCL households,late,710,710,TimesFM,TimesFM,cumulative_energy_CV_RMS_pct,31,710,710,0,ok,14.677095984506959,22.050758187355722,17.618281763018594
LCL households,late,710,710,ANKYRA-1x-matched,ANKYRA 1.x (matched input),hourly_CV_RMSE_pct,1,710,710,0,ok,53.29641101718717,85.76220111416622,53.509443144628065
LCL households,late,710,710,ANKYRA-1x-matched,ANKYRA 1.x (matched input),hourly_CV_RMSE_pct,2,710,710,0,ok,48.81483471315492,62.34483970608198,48.90532765762965
LCL households,late,710,710,ANKYRA-1x-matched,ANKYRA 1.x (matched input),hourly_CV_RMSE_pct,3,710,710,0,ok,49.257870250837726,62.736541937850966,49.84137058170084
LCL households,late,710,710,ANKYRA-1x-matched,ANKYRA 1.x (matched input),hourly_CV_RMSE_pct,4,710,710,0,ok,48.9850748785948,60.54167807882809,48.287025073228946
LCL households,late,710,710,ANKYRA-1x-matched,ANKYRA 1.x (matched input),hourly_CV_RMSE_pct,5,710,710,0,ok,54.32549535581748,68.36000233116012,54.35531354414299
LCL households,late,710,710,ANKYRA-1x-matched,ANKYRA 1.x (matched input),hourly_CV_RMSE_pct,6,710,710,0,ok,52.67810877846506,66.46335624510014,52.52734455532202
LCL households,late,710,710,ANKYRA-1x-matched,ANKYRA 1.x (matched input),hourly_CV_RMSE_pct,7,710,710,0,ok,51.4264949559899,63.55123057451264,52.19118746568269
LCL households,late,710,710,ANKYRA-1x-matched,ANKYRA 1.x (matched input),hourly_CV_RMSE_pct,8,710,710,0,ok,53.97784134208398,67.76581077734298,54.92963332390729
LCL households,late,710,710,ANKYRA-1x-matched,ANKYRA 1.x (matched input),hourly_CV_RMSE_pct,9,710,710,0,ok,54.22488091323778,66.61007426026865,54.50624840283632
LCL households,late,710,710,ANKYRA-1x-matched,ANKYRA 1.x (matched input),hourly_CV_RMSE_pct,10,710,710,0,ok,54.81439983499143,66.7656549698807,54.35593267435385
LCL households,late,710,710,ANKYRA-1x-matched,ANKYRA 1.x (matched input),hourly_CV_RMSE_pct,11,710,710,0,ok,57.365301542286645,72.69097772479458,55.53790017782477
LCL households,late,710,710,ANKYRA-1x-matched,ANKYRA 1.x (matched input),hourly_CV_RMSE_pct,12,710,710,0,ok,58.131107558691866,71.74558348496593,56.36048595605435
LCL households,late,710,710,ANKYRA-1x-matched,ANKYRA 1.x (matched input),hourly_CV_RMSE_pct,13,710,710,0,ok,59.02071936134985,73.306051814437,59.60901947409228
LCL households,late,710,710,ANKYRA-1x-matched,ANKYRA 1.x (matched input),hourly_CV_RMSE_pct,14,710,710,0,ok,59.04085692603078,73.95187484040068,57.74665910194783
LCL households,late,710,710,ANKYRA-1x-matched,ANKYRA 1.x (matched input),hourly_CV_RMSE_pct,15,710,710,0,ok,59.897821788676836,76.31772361882433,58.823435272952864
LCL households,late,710,710,ANKYRA-1x-matched,ANKYRA 1.x (matched input),hourly_CV_RMSE_pct,16,710,710,0,ok,56.997460449201576,73.9308570177789,56.477622888148375
LCL households,late,710,710,ANKYRA-1x-matched,ANKYRA 1.x (matched input),hourly_CV_RMSE_pct,17,710,710,0,ok,58.919602411986794,89.32195265607555,57.7972769941271
LCL households,late,710,710,ANKYRA-1x-matched,ANKYRA 1.x (matched input),hourly_CV_RMSE_pct,18,710,710,0,ok,59.58366323154011,75.10545636613959,59.68210108153947
LCL households,late,710,710,ANKYRA-1x-matched,ANKYRA 1.x (matched input),hourly_CV_RMSE_pct,19,710,710,0,ok,60.00829660090846,75.77193345637617,57.20054645370814
LCL households,late,710,710,ANKYRA-1x-matched,ANKYRA 1.x (matched input),hourly_CV_RMSE_pct,20,710,710,0,ok,59.92323494800832,75.51417003507538,57.661212943932426
LCL households,late,710,710,ANKYRA-1x-matched,ANKYRA 1.x (matched input),hourly_CV_RMSE_pct,21,710,710,0,ok,60.27550161150385,75.62948883862086,59.99534010215446
LCL households,late,710,710,ANKYRA-1x-matched,ANKYRA 1.x (matched input),hourly_CV_RMSE_pct,22,710,710,0,ok,58.549698202235604,75.10061445861916,58.20838389220337
LCL households,late,710,710,ANKYRA-1x-matched,ANKYRA 1.x (matched input),hourly_CV_RMSE_pct,23,710,710,0,ok,59.758106665925276,74.07827972545236,58.29943945618628
LCL households,late,710,710,ANKYRA-1x-matched,ANKYRA 1.x (matched input),hourly_CV_RMSE_pct,24,710,710,0,ok,59.31217992821685,72.78534565732397,58.785334056571614
LCL households,late,710,710,ANKYRA-1x-matched,ANKYRA 1.x (matched input),hourly_CV_RMSE_pct,25,710,710,0,ok,62.97549693579803,79.23377738107938,62.31059190072724
LCL households,late,710,710,ANKYRA-1x-matched,ANKYRA 1.x (matched input),hourly_CV_RMSE_pct,26,710,710,0,ok,61.22000892749459,76.29966873270264,60.028393028816694
LCL households,late,710,710,ANKYRA-1x-matched,ANKYRA 1.x (matched input),hourly_CV_RMSE_pct,27,710,710,0,ok,61.31947233087324,77.24008227859669,59.743948151863044
LCL households,late,710,710,ANKYRA-1x-matched,ANKYRA 1.x (matched input),hourly_CV_RMSE_pct,28,710,710,0,ok,59.99192164498143,75.27633417455262,59.649631346860055
LCL households,late,710,710,ANKYRA-1x-matched,ANKYRA 1.x (matched input),hourly_CV_RMSE_pct,29,710,710,0,ok,62.470333434974734,84.11821347609467,61.76975039029945
LCL households,late,710,710,ANKYRA-1x-matched,ANKYRA 1.x (matched input),hourly_CV_RMSE_pct,30,710,710,0,ok,62.4590203501393,81.69734035651652,61.91243229067896
LCL households,late,710,710,ANKYRA-1x-matched,ANKYRA 1.x (matched input),hourly_CV_RMSE_pct,31,710,710,0,ok,64.34593656164408,81.78178956059125,63.12446147221209
LCL households,late,710,710,ANKYRA-1x-matched,ANKYRA 1.x (matched input),daily_energy_CV_RMS_pct,1,710,710,0,ok,12.053126361958185,26.3581196371718,13.502390904227045
LCL households,late,710,710,ANKYRA-1x-matched,ANKYRA 1.x (matched input),daily_energy_CV_RMS_pct,2,710,710,0,ok,9.782573024228556,18.162843320721056,11.814090912305355
LCL households,late,710,710,ANKYRA-1x-matched,ANKYRA 1.x (matched input),daily_energy_CV_RMS_pct,3,710,710,0,ok,9.905761250733386,18.79392625026001,11.568420240257804
LCL households,late,710,710,ANKYRA-1x-matched,ANKYRA 1.x (matched input),daily_energy_CV_RMS_pct,4,710,710,0,ok,11.027006816849845,20.9099514818616,12.863968091050815
LCL households,late,710,710,ANKYRA-1x-matched,ANKYRA 1.x (matched input),daily_energy_CV_RMS_pct,5,710,710,0,ok,11.920083773497938,23.73757772508133,14.112120802630061
LCL households,late,710,710,ANKYRA-1x-matched,ANKYRA 1.x (matched input),daily_energy_CV_RMS_pct,6,710,710,0,ok,11.518088114437813,23.288211953593688,13.628409726920756
LCL households,late,710,710,ANKYRA-1x-matched,ANKYRA 1.x (matched input),daily_energy_CV_RMS_pct,7,710,710,0,ok,11.011347186330896,22.068162277743024,13.861583019923941
LCL households,late,710,710,ANKYRA-1x-matched,ANKYRA 1.x (matched input),daily_energy_CV_RMS_pct,8,710,710,0,ok,12.154744114228231,25.09888400017536,13.824283933928712
LCL households,late,710,710,ANKYRA-1x-matched,ANKYRA 1.x (matched input),daily_energy_CV_RMS_pct,9,710,710,0,ok,11.868924323403846,23.92732397090637,13.653378463719289
LCL households,late,710,710,ANKYRA-1x-matched,ANKYRA 1.x (matched input),daily_energy_CV_RMS_pct,10,710,710,0,ok,11.658868514493571,23.437572464235892,13.810320941356373
LCL households,late,710,710,ANKYRA-1x-matched,ANKYRA 1.x (matched input),daily_energy_CV_RMS_pct,11,710,710,0,ok,13.383747402913245,26.470895724604215,15.212980352216867
LCL households,late,710,710,ANKYRA-1x-matched,ANKYRA 1.x (matched input),daily_energy_CV_RMS_pct,12,710,710,0,ok,12.091356770421976,24.94803627616971,14.464405710534042
LCL households,late,710,710,ANKYRA-1x-matched,ANKYRA 1.x (matched input),daily_energy_CV_RMS_pct,13,710,710,0,ok,13.664339210279934,26.715802500362308,15.498523361363127
LCL households,late,710,710,ANKYRA-1x-matched,ANKYRA 1.x (matched input),daily_energy_CV_RMS_pct,14,710,710,0,ok,14.134622053433437,27.884311214951026,16.27177983456075
LCL households,late,710,710,ANKYRA-1x-matched,ANKYRA 1.x (matched input),daily_energy_CV_RMS_pct,15,710,710,0,ok,13.292454891749838,29.216529473420476,16.05640643182889
LCL households,late,710,710,ANKYRA-1x-matched,ANKYRA 1.x (matched input),daily_energy_CV_RMS_pct,16,710,710,0,ok,12.891724532365634,27.21555820683564,15.420802144015548
LCL households,late,710,710,ANKYRA-1x-matched,ANKYRA 1.x (matched input),daily_energy_CV_RMS_pct,17,710,710,0,ok,12.517132114677906,29.468901138449464,14.60680540731363
LCL households,late,710,710,ANKYRA-1x-matched,ANKYRA 1.x (matched input),daily_energy_CV_RMS_pct,18,710,710,0,ok,13.336575709460035,28.230787338475523,16.69265328703524
LCL households,late,710,710,ANKYRA-1x-matched,ANKYRA 1.x (matched input),daily_energy_CV_RMS_pct,19,710,710,0,ok,13.265045822168924,28.28644579509929,15.774399966841676
LCL households,late,710,710,ANKYRA-1x-matched,ANKYRA 1.x (matched input),daily_energy_CV_RMS_pct,20,710,710,0,ok,14.175268167415227,29.068398458532748,16.60619039079583
LCL households,late,710,710,ANKYRA-1x-matched,ANKYRA 1.x (matched input),daily_energy_CV_RMS_pct,21,710,710,0,ok,14.833029774740035,30.232771538676005,17.94548473896476
LCL households,late,710,710,ANKYRA-1x-matched,ANKYRA 1.x (matched input),daily_energy_CV_RMS_pct,22,710,710,0,ok,13.694485770194438,30.06423652965454,17.00970227542936
LCL households,late,710,710,ANKYRA-1x-matched,ANKYRA 1.x (matched input),daily_energy_CV_RMS_pct,23,710,710,0,ok,13.103448247752656,27.369497920080924,16.56694648980324
LCL households,late,710,710,ANKYRA-1x-matched,ANKYRA 1.x (matched input),daily_energy_CV_RMS_pct,24,710,710,0,ok,14.451115509199234,28.619477983218992,16.477606955690202
LCL households,late,710,710,ANKYRA-1x-matched,ANKYRA 1.x (matched input),daily_energy_CV_RMS_pct,25,710,710,0,ok,15.900591120927096,32.047303645240376,18.975005809510918
LCL households,late,710,710,ANKYRA-1x-matched,ANKYRA 1.x (matched input),daily_energy_CV_RMS_pct,26,710,710,0,ok,15.980161531084171,31.0546979658846,18.876548250403864
LCL households,late,710,710,ANKYRA-1x-matched,ANKYRA 1.x (matched input),daily_energy_CV_RMS_pct,27,710,710,0,ok,15.277023994955455,30.65251587970563,17.75247495866344
LCL households,late,710,710,ANKYRA-1x-matched,ANKYRA 1.x (matched input),daily_energy_CV_RMS_pct,28,710,710,0,ok,14.684812252175544,29.933105160826905,16.886750057045056
LCL households,late,710,710,ANKYRA-1x-matched,ANKYRA 1.x (matched input),daily_energy_CV_RMS_pct,29,710,710,0,ok,16.181242955008965,35.38687216651433,17.95513319721231
LCL households,late,710,710,ANKYRA-1x-matched,ANKYRA 1.x (matched input),daily_energy_CV_RMS_pct,30,710,710,0,ok,15.330792607549983,33.427593793902375,17.69754953555855
LCL households,late,710,710,ANKYRA-1x-matched,ANKYRA 1.x (matched input),daily_energy_CV_RMS_pct,31,710,710,0,ok,16.4825505606067,32.871416265687124,19.011645245667793
LCL households,late,710,710,ANKYRA-1x-matched,ANKYRA 1.x (matched input),cumulative_energy_CV_RMS_pct,1,710,710,0,ok,12.053126361958185,26.3581196371718,13.502390904227045
LCL households,late,710,710,ANKYRA-1x-matched,ANKYRA 1.x (matched input),cumulative_energy_CV_RMS_pct,2,710,710,0,ok,9.375014300108012,18.858121780068426,10.739008351612764
LCL households,late,710,710,ANKYRA-1x-matched,ANKYRA 1.x (matched input),cumulative_energy_CV_RMS_pct,3,710,710,0,ok,8.672519623645929,16.828909930451616,10.120437880466742
LCL households,late,710,710,ANKYRA-1x-matched,ANKYRA 1.x (matched input),cumulative_energy_CV_RMS_pct,4,710,710,0,ok,8.03143097053455,15.810613234909459,9.525293562872267
LCL households,late,710,710,ANKYRA-1x-matched,ANKYRA 1.x (matched input),cumulative_energy_CV_RMS_pct,5,710,710,0,ok,8.130250912557909,15.84827953811241,9.31091136336332
LCL households,late,710,710,ANKYRA-1x-matched,ANKYRA 1.x (matched input),cumulative_energy_CV_RMS_pct,6,710,710,0,ok,7.887629498767447,15.659320303779168,9.647863923285316
LCL households,late,710,710,ANKYRA-1x-matched,ANKYRA 1.x (matched input),cumulative_energy_CV_RMS_pct,7,710,710,0,ok,7.57888025104986,15.181023220075696,9.190096387256833
LCL households,late,710,710,ANKYRA-1x-matched,ANKYRA 1.x (matched input),cumulative_energy_CV_RMS_pct,8,710,710,0,ok,7.678870556769591,15.31436864979797,9.239778318107597
LCL households,late,710,710,ANKYRA-1x-matched,ANKYRA 1.x (matched input),cumulative_energy_CV_RMS_pct,9,710,710,0,ok,7.487740117820441,15.26240281856798,8.858347395680566
LCL households,late,710,710,ANKYRA-1x-matched,ANKYRA 1.x (matched input),cumulative_energy_CV_RMS_pct,10,710,710,0,ok,7.684469889484828,15.262790545293221,8.829683929836373
LCL households,late,710,710,ANKYRA-1x-matched,ANKYRA 1.x (matched input),cumulative_energy_CV_RMS_pct,11,710,710,0,ok,7.742716899429558,15.387624085215576,9.234039223555946
LCL households,late,710,710,ANKYRA-1x-matched,ANKYRA 1.x (matched input),cumulative_energy_CV_RMS_pct,12,710,710,0,ok,8.034946153706555,15.3777144825886,9.17620460287873
LCL households,late,710,710,ANKYRA-1x-matched,ANKYRA 1.x (matched input),cumulative_energy_CV_RMS_pct,13,710,710,0,ok,7.904883318391526,15.550385598592845,9.303485845205174
LCL households,late,710,710,ANKYRA-1x-matched,ANKYRA 1.x (matched input),cumulative_energy_CV_RMS_pct,14,710,710,0,ok,8.180155105286216,15.70181752618723,9.221334062667587
LCL households,late,710,710,ANKYRA-1x-matched,ANKYRA 1.x (matched input),cumulative_energy_CV_RMS_pct,15,710,710,0,ok,8.127867635241014,16.014852149278813,9.242578528009004
LCL households,late,710,710,ANKYRA-1x-matched,ANKYRA 1.x (matched input),cumulative_energy_CV_RMS_pct,16,710,710,0,ok,7.942666742601132,16.024492164415175,9.41890692297391
LCL households,late,710,710,ANKYRA-1x-matched,ANKYRA 1.x (matched input),cumulative_energy_CV_RMS_pct,17,710,710,0,ok,8.20838935068863,16.25368685461156,9.774089621585954
LCL households,late,710,710,ANKYRA-1x-matched,ANKYRA 1.x (matched input),cumulative_energy_CV_RMS_pct,18,710,710,0,ok,8.339438433824949,16.382511666727023,9.671464167868816
LCL households,late,710,710,ANKYRA-1x-matched,ANKYRA 1.x (matched input),cumulative_energy_CV_RMS_pct,19,710,710,0,ok,8.441857487327763,16.423383416481883,9.418393661769093
LCL households,late,710,710,ANKYRA-1x-matched,ANKYRA 1.x (matched input),cumulative_energy_CV_RMS_pct,20,710,710,0,ok,8.629015781645116,16.583713624901936,9.488083069514321
LCL households,late,710,710,ANKYRA-1x-matched,ANKYRA 1.x (matched input),cumulative_energy_CV_RMS_pct,21,710,710,0,ok,8.834108428411175,16.70904006561107,9.697384721409842
LCL households,late,710,710,ANKYRA-1x-matched,ANKYRA 1.x (matched input),cumulative_energy_CV_RMS_pct,22,710,710,0,ok,8.822284931702901,16.8115960890886,9.940672772436763
LCL households,late,710,710,ANKYRA-1x-matched,ANKYRA 1.x (matched input),cumulative_energy_CV_RMS_pct,23,710,710,0,ok,8.656989208864852,16.763733349731087,9.507561642798628
LCL households,late,710,710,ANKYRA-1x-matched,ANKYRA 1.x (matched input),cumulative_energy_CV_RMS_pct,24,710,710,0,ok,8.48406870731047,16.742330934595145,9.590445850549226
LCL households,late,710,710,ANKYRA-1x-matched,ANKYRA 1.x (matched input),cumulative_energy_CV_RMS_pct,25,710,710,0,ok,8.57917264835783,16.880106853405284,9.979435045278812
LCL households,late,710,710,ANKYRA-1x-matched,ANKYRA 1.x (matched input),cumulative_energy_CV_RMS_pct,26,710,710,0,ok,8.66405200667985,16.92151960133883,9.861834671886005
LCL households,late,710,710,ANKYRA-1x-matched,ANKYRA 1.x (matched input),cumulative_energy_CV_RMS_pct,27,710,710,0,ok,8.522654191065671,16.9668249141526,9.870900756164477
LCL households,late,710,710,ANKYRA-1x-matched,ANKYRA 1.x (matched input),cumulative_energy_CV_RMS_pct,28,710,710,0,ok,8.534520628366446,17.002873674048203,10.197180729884291
LCL households,late,710,710,ANKYRA-1x-matched,ANKYRA 1.x (matched input),cumulative_energy_CV_RMS_pct,29,710,710,0,ok,8.53242815393269,17.131368211955568,10.255029125833584
LCL households,late,710,710,ANKYRA-1x-matched,ANKYRA 1.x (matched input),cumulative_energy_CV_RMS_pct,30,710,710,0,ok,8.605301810217698,17.29276233070994,10.352668533554965
LCL households,late,710,710,ANKYRA-1x-matched,ANKYRA 1.x (matched input),cumulative_energy_CV_RMS_pct,31,710,710,0,ok,8.745413197316754,17.448661584573177,10.334364786971646
