set,tier,windows,units,model,model_label,model_class,day,RMSE_kW,MAE_kW,CV_RMSE_pct,nMAE_pct,GM_CV_RMSE_pct,n_units_gm
BDG2 2017,test,474,142,TimesFM,TimesFM,"load only, zero-shot foundation model",1,15.1104,10.6351,7.21,5.12,9.39,132
BDG2 2017,test,474,142,TimesFM,TimesFM,"load only, zero-shot foundation model",2,17.6753,12.5775,9.49,6.8,11.23,132
BDG2 2017,test,474,142,TimesFM,TimesFM,"load only, zero-shot foundation model",3,23.8369,16.597,10.13,7.03,12.25,132
BDG2 2017,test,474,142,TimesFM,TimesFM,"load only, zero-shot foundation model",4,24.5844,16.8019,13.13,9.29,17.14,132
BDG2 2017,test,474,142,TimesFM,TimesFM,"load only, zero-shot foundation model",5,24.2686,16.7752,13.61,9.54,15.83,132
BDG2 2017,test,474,142,TimesFM,TimesFM,"load only, zero-shot foundation model",6,21.1255,15.6315,13.77,9.7,14.7,132
BDG2 2017,test,474,142,TimesFM,TimesFM,"load only, zero-shot foundation model",7,23.6788,17.2243,12.61,9.04,16.17,132
BDG2 2017,test,474,142,TimesFM,TimesFM,"load only, zero-shot foundation model",8,18.0106,13.426,10.66,8.31,13.32,132
BDG2 2017,test,474,142,TimesFM,TimesFM,"load only, zero-shot foundation model",9,23.2355,18.332,12.69,10.11,13.84,132
BDG2 2017,test,474,142,TimesFM,TimesFM,"load only, zero-shot foundation model",10,28.2766,21.9838,16.57,12.02,17.15,132
BDG2 2017,test,474,142,TimesFM,TimesFM,"load only, zero-shot foundation model",11,27.7336,21.5377,15.16,11.49,16.92,132
BDG2 2017,test,474,142,TimesFM,TimesFM,"load only, zero-shot foundation model",12,29.343,22.3929,16.21,11.63,17.87,132
BDG2 2017,test,474,142,TimesFM,TimesFM,"load only, zero-shot foundation model",13,25.7963,19.904,13.24,10.61,15.26,132
BDG2 2017,test,474,142,TimesFM,TimesFM,"load only, zero-shot foundation model",14,27.2805,20.893,15.0,11.41,16.83,132
BDG2 2017,test,474,142,TimesFM,TimesFM,"load only, zero-shot foundation model",15,28.662,22.1719,15.27,11.85,17.24,132
BDG2 2017,test,474,142,TimesFM,TimesFM,"load only, zero-shot foundation model",16,25.3183,19.6952,14.64,11.15,15.46,132
BDG2 2017,test,474,142,TimesFM,TimesFM,"load only, zero-shot foundation model",17,25.7818,20.3759,14.48,10.68,14.5,132
BDG2 2017,test,474,142,TimesFM,TimesFM,"load only, zero-shot foundation model",18,28.001,21.8028,16.01,12.47,17.1,132
BDG2 2017,test,474,142,TimesFM,TimesFM,"load only, zero-shot foundation model",19,28.1276,21.4913,16.78,12.58,17.79,132
BDG2 2017,test,474,142,TimesFM,TimesFM,"load only, zero-shot foundation model",20,26.5249,20.3799,16.86,12.55,17.79,132
BDG2 2017,test,474,142,TimesFM,TimesFM,"load only, zero-shot foundation model",21,29.6937,22.8215,17.7,12.75,18.97,132
BDG2 2017,test,474,142,TimesFM,TimesFM,"load only, zero-shot foundation model",22,39.1842,29.8871,20.88,14.93,22.03,132
BDG2 2017,test,474,142,TimesFM,TimesFM,"load only, zero-shot foundation model",23,36.0899,28.0513,19.94,15.6,19.89,132
BDG2 2017,test,474,142,TimesFM,TimesFM,"load only, zero-shot foundation model",24,33.4719,26.0484,19.4,14.7,18.74,132
BDG2 2017,test,474,142,TimesFM,TimesFM,"load only, zero-shot foundation model",25,34.7493,26.9288,21.79,16.08,20.32,132
BDG2 2017,test,474,142,TimesFM,TimesFM,"load only, zero-shot foundation model",26,34.0984,26.5297,21.26,16.55,20.14,132
BDG2 2017,test,474,142,TimesFM,TimesFM,"load only, zero-shot foundation model",27,32.9371,25.4497,20.99,15.89,20.24,132
BDG2 2017,test,474,142,TimesFM,TimesFM,"load only, zero-shot foundation model",28,32.9161,25.5913,20.15,15.54,22.18,132
BDG2 2017,test,474,142,TimesFM,TimesFM,"load only, zero-shot foundation model",29,35.1184,27.3638,20.2,15.51,21.75,132
BDG2 2017,test,474,142,TimesFM,TimesFM,"load only, zero-shot foundation model",30,32.7615,25.7518,18.37,15.25,19.78,132
BDG2 2017,test,474,142,TimesFM,TimesFM,"load only, zero-shot foundation model",31,38.9054,29.4254,23.92,18.67,24.42,132
BDG2 2017,test,474,142,RIDGE-L,Ridge (per unit),per-unit regression,1,18.4865,13.5271,13.28,9.76,13.72,132
BDG2 2017,test,474,142,RIDGE-L,Ridge (per unit),per-unit regression,2,20.6203,15.3945,13.29,10.52,14.36,132
BDG2 2017,test,474,142,RIDGE-L,Ridge (per unit),per-unit regression,3,26.705,19.4786,15.23,11.63,15.41,132
BDG2 2017,test,474,142,RIDGE-L,Ridge (per unit),per-unit regression,4,25.6411,18.4942,16.86,13.26,18.08,132
BDG2 2017,test,474,142,RIDGE-L,Ridge (per unit),per-unit regression,5,24.7139,17.7176,16.42,11.59,17.72,132
BDG2 2017,test,474,142,RIDGE-L,Ridge (per unit),per-unit regression,6,23.271,17.8592,16.66,12.68,17.02,132
BDG2 2017,test,474,142,RIDGE-L,Ridge (per unit),per-unit regression,7,25.0957,18.1983,16.1,12.82,17.54,132
BDG2 2017,test,474,142,RIDGE-L,Ridge (per unit),per-unit regression,8,20.2944,15.5217,14.61,11.41,14.75,132
BDG2 2017,test,474,142,RIDGE-L,Ridge (per unit),per-unit regression,9,25.3173,20.0566,15.91,12.4,16.81,132
BDG2 2017,test,474,142,RIDGE-L,Ridge (per unit),per-unit regression,10,28.5615,22.3879,19.58,14.93,19.4,132
BDG2 2017,test,474,142,RIDGE-L,Ridge (per unit),per-unit regression,11,25.9159,20.7586,17.19,12.59,17.2,132
BDG2 2017,test,474,142,RIDGE-L,Ridge (per unit),per-unit regression,12,28.4723,22.198,18.33,14.37,18.74,132
BDG2 2017,test,474,142,RIDGE-L,Ridge (per unit),per-unit regression,13,27.4506,21.5972,17.52,13.27,17.6,132
BDG2 2017,test,474,142,RIDGE-L,Ridge (per unit),per-unit regression,14,26.6247,20.792,17.83,13.16,17.45,132
BDG2 2017,test,474,142,RIDGE-L,Ridge (per unit),per-unit regression,15,26.6167,21.0091,16.77,13.32,17.55,132
BDG2 2017,test,474,142,RIDGE-L,Ridge (per unit),per-unit regression,16,24.5832,19.6469,15.99,12.24,16.02,132
BDG2 2017,test,474,142,RIDGE-L,Ridge (per unit),per-unit regression,17,24.3316,19.4769,15.3,11.74,15.23,132
BDG2 2017,test,474,142,RIDGE-L,Ridge (per unit),per-unit regression,18,25.8363,20.3905,17.53,13.43,17.08,132
BDG2 2017,test,474,142,RIDGE-L,Ridge (per unit),per-unit regression,19,26.6483,20.4718,17.66,14.4,17.92,132
BDG2 2017,test,474,142,RIDGE-L,Ridge (per unit),per-unit regression,20,27.3513,21.428,18.89,14.78,18.98,132
BDG2 2017,test,474,142,RIDGE-L,Ridge (per unit),per-unit regression,21,28.1623,22.0333,17.89,14.15,18.62,132
BDG2 2017,test,474,142,RIDGE-L,Ridge (per unit),per-unit regression,22,38.0287,28.7566,22.24,16.79,21.93,132
BDG2 2017,test,474,142,RIDGE-L,Ridge (per unit),per-unit regression,23,34.8984,27.1549,21.38,16.69,19.6,132
BDG2 2017,test,474,142,RIDGE-L,Ridge (per unit),per-unit regression,24,33.6128,26.7519,23.49,17.14,20.22,132
BDG2 2017,test,474,142,RIDGE-L,Ridge (per unit),per-unit regression,25,31.206,24.7255,22.73,17.23,19.57,132
BDG2 2017,test,474,142,RIDGE-L,Ridge (per unit),per-unit regression,26,33.4751,26.5395,23.82,18.01,21.29,132
BDG2 2017,test,474,142,RIDGE-L,Ridge (per unit),per-unit regression,27,31.9715,25.2991,24.4,18.66,21.0,132
BDG2 2017,test,474,142,RIDGE-L,Ridge (per unit),per-unit regression,28,29.749,23.2968,20.9,15.78,20.89,132
BDG2 2017,test,474,142,RIDGE-L,Ridge (per unit),per-unit regression,29,31.6614,25.0999,19.3,14.5,20.93,132
BDG2 2017,test,474,142,RIDGE-L,Ridge (per unit),per-unit regression,30,29.9763,23.6925,19.67,15.5,19.89,132
BDG2 2017,test,474,142,RIDGE-L,Ridge (per unit),per-unit regression,31,33.8683,26.2829,24.63,18.62,22.8,132
BDG2 2017,test,474,142,Chronos-2-X,Chronos-2-X,"same information, zero-shot foundation model",1,16.3802,11.6305,7.55,5.51,9.3,132
BDG2 2017,test,474,142,Chronos-2-X,Chronos-2-X,"same information, zero-shot foundation model",2,18.6277,13.0923,9.18,6.68,11.29,132
BDG2 2017,test,474,142,Chronos-2-X,Chronos-2-X,"same information, zero-shot foundation model",3,24.5519,17.1852,10.18,7.19,12.11,132
BDG2 2017,test,474,142,Chronos-2-X,Chronos-2-X,"same information, zero-shot foundation model",4,24.764,16.9273,13.05,9.77,16.65,132
BDG2 2017,test,474,142,Chronos-2-X,Chronos-2-X,"same information, zero-shot foundation model",5,23.6551,16.5296,12.67,9.16,15.22,132
BDG2 2017,test,474,142,Chronos-2-X,Chronos-2-X,"same information, zero-shot foundation model",6,20.0591,14.6695,12.36,9.2,13.54,132
BDG2 2017,test,474,142,Chronos-2-X,Chronos-2-X,"same information, zero-shot foundation model",7,24.6628,17.9463,12.23,9.09,15.51,132
BDG2 2017,test,474,142,Chronos-2-X,Chronos-2-X,"same information, zero-shot foundation model",8,19.3558,14.3216,10.42,8.29,12.93,132
BDG2 2017,test,474,142,Chronos-2-X,Chronos-2-X,"same information, zero-shot foundation model",9,24.1146,18.5229,13.18,9.68,13.71,132
BDG2 2017,test,474,142,Chronos-2-X,Chronos-2-X,"same information, zero-shot foundation model",10,28.6861,22.0233,14.51,11.09,16.83,132
BDG2 2017,test,474,142,Chronos-2-X,Chronos-2-X,"same information, zero-shot foundation model",11,27.4829,21.1399,14.8,11.05,16.17,132
BDG2 2017,test,474,142,Chronos-2-X,Chronos-2-X,"same information, zero-shot foundation model",12,29.9024,22.5779,15.09,11.47,17.18,132
BDG2 2017,test,474,142,Chronos-2-X,Chronos-2-X,"same information, zero-shot foundation model",13,25.6888,19.2095,13.34,9.68,14.7,132
BDG2 2017,test,474,142,Chronos-2-X,Chronos-2-X,"same information, zero-shot foundation model",14,27.0951,20.301,15.47,11.64,15.83,132
BDG2 2017,test,474,142,Chronos-2-X,Chronos-2-X,"same information, zero-shot foundation model",15,27.4205,21.1158,14.88,10.67,15.97,132
BDG2 2017,test,474,142,Chronos-2-X,Chronos-2-X,"same information, zero-shot foundation model",16,25.3119,19.7006,13.75,10.86,15.17,132
BDG2 2017,test,474,142,Chronos-2-X,Chronos-2-X,"same information, zero-shot foundation model",17,24.8397,18.9889,12.92,10.36,13.89,132
BDG2 2017,test,474,142,Chronos-2-X,Chronos-2-X,"same information, zero-shot foundation model",18,25.8622,20.1722,15.34,11.85,15.35,132
BDG2 2017,test,474,142,Chronos-2-X,Chronos-2-X,"same information, zero-shot foundation model",19,27.4348,20.3731,15.36,11.8,15.84,132
BDG2 2017,test,474,142,Chronos-2-X,Chronos-2-X,"same information, zero-shot foundation model",20,27.2143,20.8175,15.62,11.73,16.08,132
BDG2 2017,test,474,142,Chronos-2-X,Chronos-2-X,"same information, zero-shot foundation model",21,28.9714,21.9324,14.35,11.39,16.93,132
BDG2 2017,test,474,142,Chronos-2-X,Chronos-2-X,"same information, zero-shot foundation model",22,36.8955,26.5664,18.08,13.14,19.58,132
BDG2 2017,test,474,142,Chronos-2-X,Chronos-2-X,"same information, zero-shot foundation model",23,36.0851,26.8698,19.55,13.45,19.69,132
BDG2 2017,test,474,142,Chronos-2-X,Chronos-2-X,"same information, zero-shot foundation model",24,32.3301,24.8419,18.34,13.17,18.26,132
BDG2 2017,test,474,142,Chronos-2-X,Chronos-2-X,"same information, zero-shot foundation model",25,32.4551,24.5995,20.04,15.96,20.55,132
BDG2 2017,test,474,142,Chronos-2-X,Chronos-2-X,"same information, zero-shot foundation model",26,31.0695,23.8284,19.5,14.54,19.9,132
BDG2 2017,test,474,142,Chronos-2-X,Chronos-2-X,"same information, zero-shot foundation model",27,28.2819,21.7727,18.15,13.93,18.44,132
BDG2 2017,test,474,142,Chronos-2-X,Chronos-2-X,"same information, zero-shot foundation model",28,28.4564,21.8377,16.48,13.02,19.7,132
BDG2 2017,test,474,142,Chronos-2-X,Chronos-2-X,"same information, zero-shot foundation model",29,30.1266,23.287,16.24,13.02,19.51,132
BDG2 2017,test,474,142,Chronos-2-X,Chronos-2-X,"same information, zero-shot foundation model",30,30.4129,23.507,17.42,13.35,19.24,132
BDG2 2017,test,474,142,Chronos-2-X,Chronos-2-X,"same information, zero-shot foundation model",31,33.1486,25.3808,20.02,15.76,21.97,132
BDG2 2017,test,474,142,Chronos-2,Chronos-2,"load only, zero-shot foundation model",1,14.5799,10.2105,6.91,4.95,8.98,132
BDG2 2017,test,474,142,Chronos-2,Chronos-2,"load only, zero-shot foundation model",2,17.8501,12.6292,9.14,6.36,10.98,132
BDG2 2017,test,474,142,Chronos-2,Chronos-2,"load only, zero-shot foundation model",3,24.2068,17.0185,9.34,6.87,11.68,132
BDG2 2017,test,474,142,Chronos-2,Chronos-2,"load only, zero-shot foundation model",4,25.2878,17.2283,14.4,9.9,17.58,132
BDG2 2017,test,474,142,Chronos-2,Chronos-2,"load only, zero-shot foundation model",5,24.5715,17.1361,12.73,9.61,15.84,132
BDG2 2017,test,474,142,Chronos-2,Chronos-2,"load only, zero-shot foundation model",6,22.2963,16.2083,13.05,9.34,14.99,132
BDG2 2017,test,474,142,Chronos-2,Chronos-2,"load only, zero-shot foundation model",7,25.0923,18.3142,14.15,9.37,16.53,132
BDG2 2017,test,474,142,Chronos-2,Chronos-2,"load only, zero-shot foundation model",8,19.6931,14.7158,11.26,8.13,13.22,132
BDG2 2017,test,474,142,Chronos-2,Chronos-2,"load only, zero-shot foundation model",9,24.7717,19.3943,13.79,9.83,13.92,132
BDG2 2017,test,474,142,Chronos-2,Chronos-2,"load only, zero-shot foundation model",10,28.7561,22.2716,15.8,10.89,17.07,132
BDG2 2017,test,474,142,Chronos-2,Chronos-2,"load only, zero-shot foundation model",11,27.5829,21.3769,14.76,11.34,16.88,132
BDG2 2017,test,474,142,Chronos-2,Chronos-2,"load only, zero-shot foundation model",12,28.9779,22.1738,16.12,11.8,17.56,132
BDG2 2017,test,474,142,Chronos-2,Chronos-2,"load only, zero-shot foundation model",13,25.936,19.9052,13.95,10.67,15.18,132
BDG2 2017,test,474,142,Chronos-2,Chronos-2,"load only, zero-shot foundation model",14,28.4591,21.7309,16.71,12.82,16.94,132
BDG2 2017,test,474,142,Chronos-2,Chronos-2,"load only, zero-shot foundation model",15,28.4232,21.8422,15.8,11.55,16.89,132
BDG2 2017,test,474,142,Chronos-2,Chronos-2,"load only, zero-shot foundation model",16,24.9225,19.3987,15.22,11.98,15.41,132
BDG2 2017,test,474,142,Chronos-2,Chronos-2,"load only, zero-shot foundation model",17,25.2463,19.936,14.91,11.27,14.45,132
BDG2 2017,test,474,142,Chronos-2,Chronos-2,"load only, zero-shot foundation model",18,27.8919,21.7301,16.81,13.52,17.11,132
BDG2 2017,test,474,142,Chronos-2,Chronos-2,"load only, zero-shot foundation model",19,26.4807,20.3838,16.79,12.48,16.92,132
BDG2 2017,test,474,142,Chronos-2,Chronos-2,"load only, zero-shot foundation model",20,27.3458,21.0978,18.39,13.46,17.69,132
BDG2 2017,test,474,142,Chronos-2,Chronos-2,"load only, zero-shot foundation model",21,29.6565,22.8719,18.11,13.46,19.09,132
BDG2 2017,test,474,142,Chronos-2,Chronos-2,"load only, zero-shot foundation model",22,38.2992,28.9949,21.8,16.41,22.08,132
BDG2 2017,test,474,142,Chronos-2,Chronos-2,"load only, zero-shot foundation model",23,36.2377,28.0156,21.03,16.68,20.47,132
BDG2 2017,test,474,142,Chronos-2,Chronos-2,"load only, zero-shot foundation model",24,34.4318,26.9063,21.55,17.12,19.51,132
BDG2 2017,test,474,142,Chronos-2,Chronos-2,"load only, zero-shot foundation model",25,38.5697,30.1607,25.76,19.01,24.24,132
BDG2 2017,test,474,142,Chronos-2,Chronos-2,"load only, zero-shot foundation model",26,36.5642,28.5321,23.07,17.2,23.17,132
BDG2 2017,test,474,142,Chronos-2,Chronos-2,"load only, zero-shot foundation model",27,34.2917,26.7256,21.48,16.12,21.5,132
BDG2 2017,test,474,142,Chronos-2,Chronos-2,"load only, zero-shot foundation model",28,34.2993,26.7802,23.05,17.48,23.23,132
BDG2 2017,test,474,142,Chronos-2,Chronos-2,"load only, zero-shot foundation model",29,35.8063,28.1106,21.22,16.87,22.24,132
BDG2 2017,test,474,142,Chronos-2,Chronos-2,"load only, zero-shot foundation model",30,33.6686,26.7768,19.86,16.04,20.62,132
BDG2 2017,test,474,142,Chronos-2,Chronos-2,"load only, zero-shot foundation model",31,39.1085,30.0282,25.62,19.14,25.38,132
BDG2 2017,test,474,142,ANKYRA,ANKYRA,,1,16.2399,12.2327,8.46,6.57,10.77,132
BDG2 2017,test,474,142,ANKYRA,ANKYRA,,2,17.7501,13.2683,10.2,7.95,11.69,132
BDG2 2017,test,474,142,ANKYRA,ANKYRA,,3,23.3792,16.9769,10.7,7.78,12.27,132
BDG2 2017,test,474,142,ANKYRA,ANKYRA,,4,23.1931,16.5221,13.1,10.07,16.61,132
BDG2 2017,test,474,142,ANKYRA,ANKYRA,,5,22.1054,15.6082,13.62,10.11,15.63,132
BDG2 2017,test,474,142,ANKYRA,ANKYRA,,6,19.7234,14.8115,13.07,10.02,14.49,132
BDG2 2017,test,474,142,ANKYRA,ANKYRA,,7,22.6205,16.5576,12.49,9.23,15.71,132
BDG2 2017,test,474,142,ANKYRA,ANKYRA,,8,19.4218,14.9532,13.02,10.24,14.07,132
BDG2 2017,test,474,142,ANKYRA,ANKYRA,,9,23.0975,18.6322,14.96,11.38,14.83,132
BDG2 2017,test,474,142,ANKYRA,ANKYRA,,10,25.8325,20.2975,16.01,12.14,16.41,132
BDG2 2017,test,474,142,ANKYRA,ANKYRA,,11,24.6466,19.4463,14.54,10.81,16.34,132
BDG2 2017,test,474,142,ANKYRA,ANKYRA,,12,26.7397,20.2907,15.58,10.7,17.34,132
BDG2 2017,test,474,142,ANKYRA,ANKYRA,,13,24.1112,18.5153,13.86,11.16,15.51,132
BDG2 2017,test,474,142,ANKYRA,ANKYRA,,14,26.3285,19.7265,15.03,11.72,16.31,132
BDG2 2017,test,474,142,ANKYRA,ANKYRA,,15,26.8787,21.014,15.69,11.57,16.73,132
BDG2 2017,test,474,142,ANKYRA,ANKYRA,,16,23.4898,18.6832,13.79,10.77,14.92,132
BDG2 2017,test,474,142,ANKYRA,ANKYRA,,17,23.4031,18.8475,13.17,10.14,13.85,132
BDG2 2017,test,474,142,ANKYRA,ANKYRA,,18,25.2556,20.0914,14.02,11.01,16.19,132
BDG2 2017,test,474,142,ANKYRA,ANKYRA,,19,25.2167,19.3574,14.88,11.95,16.72,132
BDG2 2017,test,474,142,ANKYRA,ANKYRA,,20,25.4474,19.8961,14.89,11.57,16.83,132
BDG2 2017,test,474,142,ANKYRA,ANKYRA,,21,27.7448,21.3219,16.45,12.13,17.68,132
BDG2 2017,test,474,142,ANKYRA,ANKYRA,,22,37.0317,27.6988,18.8,13.76,20.77,132
BDG2 2017,test,474,142,ANKYRA,ANKYRA,,23,33.848,26.1666,19.75,15.83,18.82,132
BDG2 2017,test,474,142,ANKYRA,ANKYRA,,24,31.4656,24.9968,19.23,14.41,18.25,132
BDG2 2017,test,474,142,ANKYRA,ANKYRA,,25,30.4886,24.21,19.16,14.28,18.25,132
BDG2 2017,test,474,142,ANKYRA,ANKYRA,,26,31.016,24.5052,20.79,15.99,19.39,132
BDG2 2017,test,474,142,ANKYRA,ANKYRA,,27,29.3445,23.1036,18.95,15.09,18.76,132
BDG2 2017,test,474,142,ANKYRA,ANKYRA,,28,29.5468,23.0726,18.67,14.39,20.55,132
BDG2 2017,test,474,142,ANKYRA,ANKYRA,,29,30.9211,24.0449,17.56,13.41,19.85,132
BDG2 2017,test,474,142,ANKYRA,ANKYRA,,30,28.5419,22.5466,17.49,14.19,18.41,132
BDG2 2017,test,474,142,ANKYRA,ANKYRA,,31,34.108,26.2266,21.46,16.31,22.53,132
BDG2 2017,test,474,142,GBT,GBT (zero-shot),zero-shot gradient boosting,1,25.0158,17.995,19.4,13.67,20.06,132
BDG2 2017,test,474,142,GBT,GBT (zero-shot),zero-shot gradient boosting,2,26.3435,19.1534,18.87,13.01,19.95,132
BDG2 2017,test,474,142,GBT,GBT (zero-shot),zero-shot gradient boosting,3,31.0541,22.9549,19.76,14.23,20.79,132
BDG2 2017,test,474,142,GBT,GBT (zero-shot),zero-shot gradient boosting,4,29.7079,21.7105,20.94,15.7,22.99,132
BDG2 2017,test,474,142,GBT,GBT (zero-shot),zero-shot gradient boosting,5,32.208,24.2523,24.4,17.61,25.06,132
BDG2 2017,test,474,142,GBT,GBT (zero-shot),zero-shot gradient boosting,6,30.7532,23.3584,22.89,16.94,23.87,132
BDG2 2017,test,474,142,GBT,GBT (zero-shot),zero-shot gradient boosting,7,33.3747,24.6136,23.3,18.37,25.49,132
BDG2 2017,test,474,142,GBT,GBT (zero-shot),zero-shot gradient boosting,8,28.4634,21.0157,20.24,15.53,22.6,132
BDG2 2017,test,474,142,GBT,GBT (zero-shot),zero-shot gradient boosting,9,33.5991,25.8085,23.0,18.1,23.13,132
BDG2 2017,test,474,142,GBT,GBT (zero-shot),zero-shot gradient boosting,10,37.0385,28.7113,27.1,20.21,25.43,132
BDG2 2017,test,474,142,GBT,GBT (zero-shot),zero-shot gradient boosting,11,36.0384,27.5349,25.6,18.62,25.97,132
BDG2 2017,test,474,142,GBT,GBT (zero-shot),zero-shot gradient boosting,12,36.2849,27.9244,27.76,20.26,27.38,132
BDG2 2017,test,474,142,GBT,GBT (zero-shot),zero-shot gradient boosting,13,36.8648,28.5643,25.82,20.51,25.99,132
BDG2 2017,test,474,142,GBT,GBT (zero-shot),zero-shot gradient boosting,14,35.6316,27.2504,25.37,19.03,25.52,132
BDG2 2017,test,474,142,GBT,GBT (zero-shot),zero-shot gradient boosting,15,36.7966,28.5545,23.34,18.28,25.05,132
BDG2 2017,test,474,142,GBT,GBT (zero-shot),zero-shot gradient boosting,16,36.2296,27.9314,24.98,17.76,24.16,132
BDG2 2017,test,474,142,GBT,GBT (zero-shot),zero-shot gradient boosting,17,35.018,27.7589,23.84,18.28,23.39,132
BDG2 2017,test,474,142,GBT,GBT (zero-shot),zero-shot gradient boosting,18,36.1311,27.9435,23.55,17.89,24.87,132
BDG2 2017,test,474,142,GBT,GBT (zero-shot),zero-shot gradient boosting,19,37.1505,28.5841,27.13,21.24,27.1,132
BDG2 2017,test,474,142,GBT,GBT (zero-shot),zero-shot gradient boosting,20,35.8486,27.8637,25.81,20.48,26.67,132
BDG2 2017,test,474,142,GBT,GBT (zero-shot),zero-shot gradient boosting,21,38.8946,30.0817,26.88,20.02,27.25,132
BDG2 2017,test,474,142,GBT,GBT (zero-shot),zero-shot gradient boosting,22,46.1861,35.3126,29.44,23.19,29.25,132
BDG2 2017,test,474,142,GBT,GBT (zero-shot),zero-shot gradient boosting,23,43.2129,33.9031,28.67,22.06,26.33,132
BDG2 2017,test,474,142,GBT,GBT (zero-shot),zero-shot gradient boosting,24,43.3744,34.0763,30.76,22.26,26.74,132
BDG2 2017,test,474,142,GBT,GBT (zero-shot),zero-shot gradient boosting,25,42.3568,33.1925,29.69,22.48,26.99,132
BDG2 2017,test,474,142,GBT,GBT (zero-shot),zero-shot gradient boosting,26,48.7158,37.7768,33.92,26.54,30.57,132
BDG2 2017,test,474,142,GBT,GBT (zero-shot),zero-shot gradient boosting,27,46.8281,35.919,34.38,25.41,30.66,132
BDG2 2017,test,474,142,GBT,GBT (zero-shot),zero-shot gradient boosting,28,52.1367,37.6006,34.59,25.85,34.38,132
BDG2 2017,test,474,142,GBT,GBT (zero-shot),zero-shot gradient boosting,29,143.2671,78.9787,66.81,38.93,63.83,132
BDG2 2017,test,474,142,GBT,GBT (zero-shot),zero-shot gradient boosting,30,64.2083,42.999,37.99,26.62,40.31,132
BDG2 2017,test,474,142,GBT,GBT (zero-shot),zero-shot gradient boosting,31,67.5616,46.5628,44.51,31.64,43.05,132
BDG2 2017,test,474,142,Holt-Winters,Holt-Winters,"load only, statistical",1,19.7787,14.4219,10.83,7.64,13.57,132
BDG2 2017,test,474,142,Holt-Winters,Holt-Winters,"load only, statistical",2,25.6584,19.1911,14.64,10.85,17.13,132
BDG2 2017,test,474,142,Holt-Winters,Holt-Winters,"load only, statistical",3,33.008,24.3614,15.03,11.31,17.95,132
BDG2 2017,test,474,142,Holt-Winters,Holt-Winters,"load only, statistical",4,31.8229,23.6215,18.13,14.1,23.19,132
BDG2 2017,test,474,142,Holt-Winters,Holt-Winters,"load only, statistical",5,29.5441,22.2703,16.56,13.7,21.21,132
BDG2 2017,test,474,142,Holt-Winters,Holt-Winters,"load only, statistical",6,26.3055,20.3085,17.42,13.35,19.01,132
BDG2 2017,test,474,142,Holt-Winters,Holt-Winters,"load only, statistical",7,29.6342,22.4068,16.42,13.15,20.71,132
BDG2 2017,test,474,142,Holt-Winters,Holt-Winters,"load only, statistical",8,24.1306,18.5059,14.88,11.8,17.57,132
BDG2 2017,test,474,142,Holt-Winters,Holt-Winters,"load only, statistical",9,31.9878,25.4462,17.49,13.71,18.54,132
BDG2 2017,test,474,142,Holt-Winters,Holt-Winters,"load only, statistical",10,35.4549,28.2651,21.43,15.87,21.45,132
BDG2 2017,test,474,142,Holt-Winters,Holt-Winters,"load only, statistical",11,33.46,26.6704,18.44,15.0,21.67,132
BDG2 2017,test,474,142,Holt-Winters,Holt-Winters,"load only, statistical",12,31.5476,24.9563,19.87,15.39,21.75,132
BDG2 2017,test,474,142,Holt-Winters,Holt-Winters,"load only, statistical",13,30.0584,23.5112,17.92,14.15,20.49,132
BDG2 2017,test,474,142,Holt-Winters,Holt-Winters,"load only, statistical",14,31.3273,24.738,17.75,14.04,19.59,132
BDG2 2017,test,474,142,Holt-Winters,Holt-Winters,"load only, statistical",15,32.1935,25.1191,17.6,13.95,19.98,132
BDG2 2017,test,474,142,Holt-Winters,Holt-Winters,"load only, statistical",16,32.0287,25.445,18.92,13.04,19.59,132
BDG2 2017,test,474,142,Holt-Winters,Holt-Winters,"load only, statistical",17,32.98,26.6155,17.6,13.04,19.0,132
BDG2 2017,test,474,142,Holt-Winters,Holt-Winters,"load only, statistical",18,36.1836,29.1747,21.43,16.94,22.33,132
BDG2 2017,test,474,142,Holt-Winters,Holt-Winters,"load only, statistical",19,31.6939,25.4674,20.86,16.43,22.29,132
BDG2 2017,test,474,142,Holt-Winters,Holt-Winters,"load only, statistical",20,32.194,25.5185,23.52,17.73,22.96,132
BDG2 2017,test,474,142,Holt-Winters,Holt-Winters,"load only, statistical",21,34.4583,27.4187,19.45,14.89,21.57,132
BDG2 2017,test,474,142,Holt-Winters,Holt-Winters,"load only, statistical",22,43.5008,34.1571,24.43,17.53,25.4,132
BDG2 2017,test,474,142,Holt-Winters,Holt-Winters,"load only, statistical",23,43.7401,34.7372,25.13,19.13,24.4,132
BDG2 2017,test,474,142,Holt-Winters,Holt-Winters,"load only, statistical",24,42.5306,33.5323,23.36,18.64,23.76,132
BDG2 2017,test,474,142,Holt-Winters,Holt-Winters,"load only, statistical",25,44.2836,35.8956,28.09,21.21,26.83,132
BDG2 2017,test,474,142,Holt-Winters,Holt-Winters,"load only, statistical",26,41.9777,33.7194,28.23,20.96,26.18,132
BDG2 2017,test,474,142,Holt-Winters,Holt-Winters,"load only, statistical",27,39.9642,32.0776,28.67,20.82,26.45,132
BDG2 2017,test,474,142,Holt-Winters,Holt-Winters,"load only, statistical",28,36.9878,29.6264,22.71,19.43,24.97,132
BDG2 2017,test,474,142,Holt-Winters,Holt-Winters,"load only, statistical",29,39.5329,31.6795,21.97,18.35,24.76,132
BDG2 2017,test,474,142,Holt-Winters,Holt-Winters,"load only, statistical",30,37.2016,30.0492,22.34,18.46,23.03,132
BDG2 2017,test,474,142,Holt-Winters,Holt-Winters,"load only, statistical",31,42.7328,33.1894,27.21,21.21,26.79,132
BDG2 2017,test,474,142,LYR-profile,Last-year profile,profile,1,43.5839,34.0706,23.63,18.04,26.58,132
BDG2 2017,test,474,142,LYR-profile,Last-year profile,profile,2,36.0105,28.7985,18.53,14.7,20.05,132
BDG2 2017,test,474,142,LYR-profile,Last-year profile,profile,3,45.3204,34.5527,22.61,16.42,23.48,132
BDG2 2017,test,474,142,LYR-profile,Last-year profile,profile,4,39.3834,30.095,21.54,16.31,23.86,132
BDG2 2017,test,474,142,LYR-profile,Last-year profile,profile,5,36.2066,27.5356,19.47,14.97,21.33,132
BDG2 2017,test,474,142,LYR-profile,Last-year profile,profile,6,37.1452,27.9867,20.34,16.19,22.24,132
BDG2 2017,test,474,142,LYR-profile,Last-year profile,profile,7,38.8322,29.3753,20.95,15.42,22.63,132
BDG2 2017,test,474,142,LYR-profile,Last-year profile,profile,8,37.9819,30.0868,18.8,14.9,21.56,132
BDG2 2017,test,474,142,LYR-profile,Last-year profile,profile,9,34.1915,25.6294,20.17,15.81,22.53,132
BDG2 2017,test,474,142,LYR-profile,Last-year profile,profile,10,32.9964,25.0068,21.03,16.22,23.26,132
BDG2 2017,test,474,142,LYR-profile,Last-year profile,profile,11,29.3057,22.3575,17.7,14.45,19.56,132
BDG2 2017,test,474,142,LYR-profile,Last-year profile,profile,12,33.9251,26.0432,19.73,15.22,22.95,132
BDG2 2017,test,474,142,LYR-profile,Last-year profile,profile,13,30.2562,23.0101,16.23,13.0,19.41,132
BDG2 2017,test,474,142,LYR-profile,Last-year profile,profile,14,32.97,23.3595,19.57,14.21,21.39,132
BDG2 2017,test,474,142,LYR-profile,Last-year profile,profile,15,34.017,26.0902,19.89,15.65,22.39,132
BDG2 2017,test,474,142,LYR-profile,Last-year profile,profile,16,35.4907,24.7768,18.18,14.63,20.67,132
BDG2 2017,test,474,142,LYR-profile,Last-year profile,profile,17,28.6497,21.3685,17.18,13.3,18.82,132
BDG2 2017,test,474,142,LYR-profile,Last-year profile,profile,18,30.1254,22.8907,18.85,15.62,20.6,132
BDG2 2017,test,474,142,LYR-profile,Last-year profile,profile,19,29.841,22.5765,18.03,14.14,19.98,132
BDG2 2017,test,474,142,LYR-profile,Last-year profile,profile,20,29.728,22.7886,17.07,13.39,19.53,132
BDG2 2017,test,474,142,LYR-profile,Last-year profile,profile,21,30.7684,23.2152,19.18,13.81,20.23,132
BDG2 2017,test,474,142,LYR-profile,Last-year profile,profile,22,37.2703,27.0075,19.8,15.38,21.98,132
BDG2 2017,test,474,142,LYR-profile,Last-year profile,profile,23,34.8065,25.8904,18.63,14.8,20.72,132
BDG2 2017,test,474,142,LYR-profile,Last-year profile,profile,24,32.3164,24.2273,17.83,14.33,19.78,132
BDG2 2017,test,474,142,LYR-profile,Last-year profile,profile,25,33.18,25.3165,19.89,15.79,21.87,132
BDG2 2017,test,474,142,LYR-profile,Last-year profile,profile,26,34.3189,25.8264,19.8,15.44,21.9,132
BDG2 2017,test,474,142,LYR-profile,Last-year profile,profile,27,37.2618,27.4932,18.01,15.4,21.95,132
BDG2 2017,test,474,142,LYR-profile,Last-year profile,profile,28,35.5652,26.5357,19.35,15.66,21.51,132
BDG2 2017,test,474,142,LYR-profile,Last-year profile,profile,29,30.6927,23.2641,17.44,12.92,19.53,132
BDG2 2017,test,474,142,LYR-profile,Last-year profile,profile,30,31.046,23.0085,18.65,14.72,21.33,132
BDG2 2017,test,474,142,LYR-profile,Last-year profile,profile,31,34.5918,25.984,21.3,17.01,24.46,132
BDG2 2017,test,474,142,MSTL,MSTL,"load only, statistical",1,18.8009,13.6677,10.97,7.89,12.44,132
BDG2 2017,test,474,142,MSTL,MSTL,"load only, statistical",2,25.9667,18.5959,13.88,9.77,15.98,132
BDG2 2017,test,474,142,MSTL,MSTL,"load only, statistical",3,28.8744,21.2618,14.26,9.99,17.25,132
BDG2 2017,test,474,142,MSTL,MSTL,"load only, statistical",4,29.5822,21.3733,17.81,13.15,21.72,132
BDG2 2017,test,474,142,MSTL,MSTL,"load only, statistical",5,28.5963,20.7484,17.83,13.99,20.35,132
BDG2 2017,test,474,142,MSTL,MSTL,"load only, statistical",6,24.114,17.4256,15.69,11.66,17.61,132
BDG2 2017,test,474,142,MSTL,MSTL,"load only, statistical",7,26.4025,19.0719,14.17,10.95,18.2,132
BDG2 2017,test,474,142,MSTL,MSTL,"load only, statistical",8,23.616,17.65,14.78,11.12,16.43,132
BDG2 2017,test,474,142,MSTL,MSTL,"load only, statistical",9,30.7462,23.9985,20.73,15.35,19.34,132
BDG2 2017,test,474,142,MSTL,MSTL,"load only, statistical",10,31.7236,25.0631,19.67,14.74,20.8,132
BDG2 2017,test,474,142,MSTL,MSTL,"load only, statistical",11,30.7729,24.0172,19.27,15.18,20.41,132
BDG2 2017,test,474,142,MSTL,MSTL,"load only, statistical",12,33.9118,26.2933,20.47,16.53,22.05,132
BDG2 2017,test,474,142,MSTL,MSTL,"load only, statistical",13,27.2915,20.6778,15.51,12.19,17.17,132
BDG2 2017,test,474,142,MSTL,MSTL,"load only, statistical",14,29.5569,22.5591,16.93,12.18,17.68,132
BDG2 2017,test,474,142,MSTL,MSTL,"load only, statistical",15,31.2076,23.929,16.56,12.6,18.63,132
BDG2 2017,test,474,142,MSTL,MSTL,"load only, statistical",16,33.1917,26.021,21.39,15.35,21.08,132
BDG2 2017,test,474,142,MSTL,MSTL,"load only, statistical",17,31.9318,25.2981,18.72,14.26,19.6,132
BDG2 2017,test,474,142,MSTL,MSTL,"load only, statistical",18,34.7327,27.2567,20.2,14.9,20.7,132
BDG2 2017,test,474,142,MSTL,MSTL,"load only, statistical",19,32.4089,25.5692,20.02,14.77,20.35,132
BDG2 2017,test,474,142,MSTL,MSTL,"load only, statistical",20,31.9803,24.8188,19.4,15.11,20.21,132
BDG2 2017,test,474,142,MSTL,MSTL,"load only, statistical",21,32.3821,24.9734,20.29,15.33,20.49,132
BDG2 2017,test,474,142,MSTL,MSTL,"load only, statistical",22,41.1618,31.6931,23.21,18.17,23.78,132
BDG2 2017,test,474,142,MSTL,MSTL,"load only, statistical",23,41.9359,33.2953,26.74,20.19,26.2,132
BDG2 2017,test,474,142,MSTL,MSTL,"load only, statistical",24,37.5815,29.8089,24.27,18.68,23.9,132
BDG2 2017,test,474,142,MSTL,MSTL,"load only, statistical",25,44.1899,33.4712,30.19,20.76,28.47,132
BDG2 2017,test,474,142,MSTL,MSTL,"load only, statistical",26,42.6146,32.8461,27.9,21.11,27.87,132
BDG2 2017,test,474,142,MSTL,MSTL,"load only, statistical",27,38.7217,30.0447,24.31,18.66,24.99,132
BDG2 2017,test,474,142,MSTL,MSTL,"load only, statistical",28,35.3017,27.4661,24.91,16.58,24.72,132
BDG2 2017,test,474,142,MSTL,MSTL,"load only, statistical",29,37.3658,28.937,23.9,17.61,24.29,132
BDG2 2017,test,474,142,MSTL,MSTL,"load only, statistical",30,38.701,30.366,24.35,18.24,26.24,132
BDG2 2017,test,474,142,MSTL,MSTL,"load only, statistical",31,42.0078,32.3493,28.38,22.11,28.59,132
BDG2 2017,test,474,142,SN-day,Seasonal naive (day),naive,1,17.1214,11.7556,9.77,7.02,11.38,132
BDG2 2017,test,474,142,SN-day,Seasonal naive (day),naive,2,30.5323,21.3079,19.31,13.88,24.67,132
BDG2 2017,test,474,142,SN-day,Seasonal naive (day),naive,3,38.1032,27.0835,23.09,16.86,27.76,132
BDG2 2017,test,474,142,SN-day,Seasonal naive (day),naive,4,32.7501,23.3139,21.6,14.38,24.2,132
BDG2 2017,test,474,142,SN-day,Seasonal naive (day),naive,5,34.0366,24.3278,20.71,14.57,23.91,132
BDG2 2017,test,474,142,SN-day,Seasonal naive (day),naive,6,30.6756,21.4536,17.5,11.5,21.67,132
BDG2 2017,test,474,142,SN-day,Seasonal naive (day),naive,7,26.2895,18.4503,14.98,10.3,18.19,132
BDG2 2017,test,474,142,SN-day,Seasonal naive (day),naive,8,20.409,14.5957,14.45,10.09,15.66,132
BDG2 2017,test,474,142,SN-day,Seasonal naive (day),naive,9,36.562,27.3027,26.24,17.78,27.63,132
BDG2 2017,test,474,142,SN-day,Seasonal naive (day),naive,10,38.45,28.9285,27.21,20.01,29.26,132
BDG2 2017,test,474,142,SN-day,Seasonal naive (day),naive,11,35.9387,27.0544,21.45,16.92,23.9,132
BDG2 2017,test,474,142,SN-day,Seasonal naive (day),naive,12,41.5783,31.3187,27.1,18.97,27.45,132
BDG2 2017,test,474,142,SN-day,Seasonal naive (day),naive,13,41.1659,30.0015,24.94,17.67,27.36,132
BDG2 2017,test,474,142,SN-day,Seasonal naive (day),naive,14,30.3181,22.2286,17.15,12.79,17.67,132
BDG2 2017,test,474,142,SN-day,Seasonal naive (day),naive,15,31.2475,23.4612,19.0,13.04,19.12,132
BDG2 2017,test,474,142,SN-day,Seasonal naive (day),naive,16,39.8887,29.4319,27.1,19.61,30.31,132
BDG2 2017,test,474,142,SN-day,Seasonal naive (day),naive,17,41.8414,31.521,29.55,21.56,31.98,132
BDG2 2017,test,474,142,SN-day,Seasonal naive (day),naive,18,36.1251,27.4302,23.22,16.89,24.52,132
BDG2 2017,test,474,142,SN-day,Seasonal naive (day),naive,19,43.3787,32.0982,30.49,21.73,30.98,132
BDG2 2017,test,474,142,SN-day,Seasonal naive (day),naive,20,41.3601,30.3443,30.47,21.09,30.6,132
BDG2 2017,test,474,142,SN-day,Seasonal naive (day),naive,21,32.6332,24.5965,20.55,15.25,20.67,132
BDG2 2017,test,474,142,SN-day,Seasonal naive (day),naive,22,43.5634,32.2721,25.41,18.47,24.72,132
BDG2 2017,test,474,142,SN-day,Seasonal naive (day),naive,23,49.8896,38.3235,36.33,25.89,35.2,132
BDG2 2017,test,474,142,SN-day,Seasonal naive (day),naive,24,49.011,37.8037,37.16,25.93,36.13,132
BDG2 2017,test,474,142,SN-day,Seasonal naive (day),naive,25,45.5128,35.3118,30.93,23.03,31.74,132
BDG2 2017,test,474,142,SN-day,Seasonal naive (day),naive,26,49.3155,37.5552,38.93,27.82,37.26,132
BDG2 2017,test,474,142,SN-day,Seasonal naive (day),naive,27,46.058,34.0309,36.66,25.89,34.36,132
BDG2 2017,test,474,142,SN-day,Seasonal naive (day),naive,28,34.9776,26.5408,23.81,17.45,24.74,132
BDG2 2017,test,474,142,SN-day,Seasonal naive (day),naive,29,37.0063,28.4282,23.54,17.65,24.88,132
BDG2 2017,test,474,142,SN-day,Seasonal naive (day),naive,30,43.2893,32.7631,33.22,23.89,32.77,132
BDG2 2017,test,474,142,SN-day,Seasonal naive (day),naive,31,44.8096,34.1279,32.46,25.11,32.28,132
BDG2 2017,test,474,142,SN-week,Seasonal naive (week),naive,1,32.2257,23.1985,16.48,12.16,19.76,132
BDG2 2017,test,474,142,SN-week,Seasonal naive (week),naive,2,26.2202,18.9343,12.77,8.84,15.27,132
BDG2 2017,test,474,142,SN-week,Seasonal naive (week),naive,3,27.7028,19.3427,11.78,8.49,14.51,132
BDG2 2017,test,474,142,SN-week,Seasonal naive (week),naive,4,27.6223,18.4318,16.86,11.84,20.91,132
BDG2 2017,test,474,142,SN-week,Seasonal naive (week),naive,5,24.9503,17.3479,15.14,11.28,17.21,132
BDG2 2017,test,474,142,SN-week,Seasonal naive (week),naive,6,24.5004,16.6387,13.38,10.03,16.54,132
BDG2 2017,test,474,142,SN-week,Seasonal naive (week),naive,7,26.2895,18.4503,14.98,10.3,18.19,132
BDG2 2017,test,474,142,SN-week,Seasonal naive (week),naive,8,34.7346,25.7191,18.73,14.61,22.07,132
BDG2 2017,test,474,142,SN-week,Seasonal naive (week),naive,9,31.5786,24.1225,17.34,13.19,17.06,132
BDG2 2017,test,474,142,SN-week,Seasonal naive (week),naive,10,31.2937,23.7037,19.97,13.45,19.04,132
BDG2 2017,test,474,142,SN-week,Seasonal naive (week),naive,11,28.8663,21.8018,17.35,13.13,19.18,132
BDG2 2017,test,474,142,SN-week,Seasonal naive (week),naive,12,28.9213,21.8277,16.95,12.37,18.43,132
BDG2 2017,test,474,142,SN-week,Seasonal naive (week),naive,13,25.0594,18.4015,14.57,10.47,15.65,132
BDG2 2017,test,474,142,SN-week,Seasonal naive (week),naive,14,30.3181,22.2286,17.15,12.79,17.67,132
BDG2 2017,test,474,142,SN-week,Seasonal naive (week),naive,15,42.1176,32.5095,24.77,18.18,24.61,132
BDG2 2017,test,474,142,SN-week,Seasonal naive (week),naive,16,30.9147,23.8552,18.22,13.92,18.22,132
BDG2 2017,test,474,142,SN-week,Seasonal naive (week),naive,17,28.8861,21.896,17.32,13.19,16.55,132
BDG2 2017,test,474,142,SN-week,Seasonal naive (week),naive,18,30.5534,23.0844,18.68,14.34,19.5,132
BDG2 2017,test,474,142,SN-week,Seasonal naive (week),naive,19,27.7313,20.8099,17.49,12.92,17.89,132
BDG2 2017,test,474,142,SN-week,Seasonal naive (week),naive,20,30.4261,22.5742,18.23,13.35,18.81,132
BDG2 2017,test,474,142,SN-week,Seasonal naive (week),naive,21,32.6332,24.5965,20.55,15.25,20.67,132
BDG2 2017,test,474,142,SN-week,Seasonal naive (week),naive,22,43.8469,33.6337,23.12,16.09,24.29,132
BDG2 2017,test,474,142,SN-week,Seasonal naive (week),naive,23,38.9348,29.9973,23.75,17.17,21.62,132
BDG2 2017,test,474,142,SN-week,Seasonal naive (week),naive,24,36.155,27.444,23.3,17.13,20.77,132
BDG2 2017,test,474,142,SN-week,Seasonal naive (week),naive,25,39.7285,29.9463,27.74,20.98,25.56,132
BDG2 2017,test,474,142,SN-week,Seasonal naive (week),naive,26,37.6687,28.7412,25.29,18.95,24.48,132
BDG2 2017,test,474,142,SN-week,Seasonal naive (week),naive,27,36.9696,27.5258,23.35,17.43,23.4,132
BDG2 2017,test,474,142,SN-week,Seasonal naive (week),naive,28,34.9776,26.5408,23.81,17.45,24.74,132
BDG2 2017,test,474,142,SN-week,Seasonal naive (week),naive,29,42.1132,32.2284,23.06,18.06,23.67,132
BDG2 2017,test,474,142,SN-week,Seasonal naive (week),naive,30,38.6154,29.5634,21.91,17.13,22.61,132
BDG2 2017,test,474,142,SN-week,Seasonal naive (week),naive,31,41.7684,30.707,26.44,20.87,26.64,132
BDG2 2017,test,474,142,SP-profile,Previous-month profile,profile,1,25.8547,19.8489,18.03,14.05,20.24,132
BDG2 2017,test,474,142,SP-profile,Previous-month profile,profile,2,24.3889,19.438,18.82,15.18,19.43,132
BDG2 2017,test,474,142,SP-profile,Previous-month profile,profile,3,28.3747,21.8091,19.03,14.73,19.91,132
BDG2 2017,test,474,142,SP-profile,Previous-month profile,profile,4,28.4267,21.6095,19.51,14.72,22.17,132
BDG2 2017,test,474,142,SP-profile,Previous-month profile,profile,5,30.8679,24.6612,19.58,15.65,22.79,132
BDG2 2017,test,474,142,SP-profile,Previous-month profile,profile,6,29.2689,23.7351,19.56,15.84,21.59,132
BDG2 2017,test,474,142,SP-profile,Previous-month profile,profile,7,30.3205,24.108,20.54,16.42,22.58,132
BDG2 2017,test,474,142,SP-profile,Previous-month profile,profile,8,27.4786,21.9474,16.37,12.91,20.35,132
BDG2 2017,test,474,142,SP-profile,Previous-month profile,profile,9,33.2925,27.5037,23.13,18.12,21.91,132
BDG2 2017,test,474,142,SP-profile,Previous-month profile,profile,10,34.2421,27.7728,23.74,18.88,23.24,132
BDG2 2017,test,474,142,SP-profile,Previous-month profile,profile,11,33.2525,26.4506,23.11,18.46,23.22,132
BDG2 2017,test,474,142,SP-profile,Previous-month profile,profile,12,34.7801,28.9885,24.04,19.57,24.6,132
BDG2 2017,test,474,142,SP-profile,Previous-month profile,profile,13,35.4014,29.4507,24.19,18.92,24.46,132
BDG2 2017,test,474,142,SP-profile,Previous-month profile,profile,14,34.0286,27.7043,21.36,17.89,22.75,132
BDG2 2017,test,474,142,SP-profile,Previous-month profile,profile,15,34.8645,28.0794,20.48,16.59,22.88,132
BDG2 2017,test,474,142,SP-profile,Previous-month profile,profile,16,32.2087,26.598,22.64,17.91,22.2,132
BDG2 2017,test,474,142,SP-profile,Previous-month profile,profile,17,33.807,28.137,22.15,18.68,22.38,132
BDG2 2017,test,474,142,SP-profile,Previous-month profile,profile,18,32.5264,26.1956,19.93,15.3,21.12,132
BDG2 2017,test,474,142,SP-profile,Previous-month profile,profile,19,33.7591,28.0277,25.23,20.09,25.07,132
BDG2 2017,test,474,142,SP-profile,Previous-month profile,profile,20,32.9303,27.1104,24.24,20.14,25.22,132
BDG2 2017,test,474,142,SP-profile,Previous-month profile,profile,21,35.7709,29.2743,22.3,18.04,24.23,132
BDG2 2017,test,474,142,SP-profile,Previous-month profile,profile,22,43.5558,35.1057,25.21,19.24,27.0,132
BDG2 2017,test,474,142,SP-profile,Previous-month profile,profile,23,40.033,33.2236,29.21,22.16,25.48,132
BDG2 2017,test,474,142,SP-profile,Previous-month profile,profile,24,39.862,32.5698,28.17,22.16,25.38,132
BDG2 2017,test,474,142,SP-profile,Previous-month profile,profile,25,40.0218,32.918,26.07,21.18,24.56,132
BDG2 2017,test,474,142,SP-profile,Previous-month profile,profile,26,42.7274,35.656,29.84,24.8,27.85,132
BDG2 2017,test,474,142,SP-profile,Previous-month profile,profile,27,41.0145,33.6468,29.27,24.72,27.68,132
BDG2 2017,test,474,142,SP-profile,Previous-month profile,profile,28,39.6711,32.283,25.37,20.72,27.09,132
BDG2 2017,test,474,142,SP-profile,Previous-month profile,profile,29,42.1361,34.3853,24.62,19.69,26.67,132
BDG2 2017,test,474,142,SP-profile,Previous-month profile,profile,30,39.2939,32.7636,27.01,22.73,25.9,132
BDG2 2017,test,474,142,SP-profile,Previous-month profile,profile,31,41.9324,34.2501,28.78,22.95,27.77,132
BDG2 2017,test,474,142,TimesFM-X,TimesFM-X,"same information, zero-shot foundation model",1,15.4527,11.2883,8.29,6.5,10.1,132
BDG2 2017,test,474,142,TimesFM-X,TimesFM-X,"same information, zero-shot foundation model",2,19.0438,14.2513,10.42,7.77,12.25,132
BDG2 2017,test,474,142,TimesFM-X,TimesFM-X,"same information, zero-shot foundation model",3,24.9278,18.423,11.44,8.19,13.08,132
BDG2 2017,test,474,142,TimesFM-X,TimesFM-X,"same information, zero-shot foundation model",4,24.7105,17.8656,15.65,10.74,16.99,132
BDG2 2017,test,474,142,TimesFM-X,TimesFM-X,"same information, zero-shot foundation model",5,24.0363,17.42,14.25,10.56,16.21,132
BDG2 2017,test,474,142,TimesFM-X,TimesFM-X,"same information, zero-shot foundation model",6,23.0302,17.3211,15.17,11.46,15.6,132
BDG2 2017,test,474,142,TimesFM-X,TimesFM-X,"same information, zero-shot foundation model",7,24.9048,18.427,15.4,11.97,17.02,132
BDG2 2017,test,474,142,TimesFM-X,TimesFM-X,"same information, zero-shot foundation model",8,20.5147,15.6938,12.97,9.9,14.44,132
BDG2 2017,test,474,142,TimesFM-X,TimesFM-X,"same information, zero-shot foundation model",9,25.0146,20.0063,14.81,11.17,14.98,132
BDG2 2017,test,474,142,TimesFM-X,TimesFM-X,"same information, zero-shot foundation model",10,30.8046,24.3088,20.64,15.66,18.56,132
BDG2 2017,test,474,142,TimesFM-X,TimesFM-X,"same information, zero-shot foundation model",11,27.8797,22.0576,16.94,12.5,17.23,132
BDG2 2017,test,474,142,TimesFM-X,TimesFM-X,"same information, zero-shot foundation model",12,28.4668,22.2385,17.51,12.87,17.91,132
BDG2 2017,test,474,142,TimesFM-X,TimesFM-X,"same information, zero-shot foundation model",13,25.4066,19.8195,13.95,11.17,15.02,132
BDG2 2017,test,474,142,TimesFM-X,TimesFM-X,"same information, zero-shot foundation model",14,26.9729,20.8547,16.77,13.2,16.72,132
BDG2 2017,test,474,142,TimesFM-X,TimesFM-X,"same information, zero-shot foundation model",15,28.2724,22.0353,16.78,12.75,17.37,132
BDG2 2017,test,474,142,TimesFM-X,TimesFM-X,"same information, zero-shot foundation model",16,26.0891,20.6962,16.05,12.49,15.49,132
BDG2 2017,test,474,142,TimesFM-X,TimesFM-X,"same information, zero-shot foundation model",17,25.9995,20.889,15.76,12.27,14.73,132
BDG2 2017,test,474,142,TimesFM-X,TimesFM-X,"same information, zero-shot foundation model",18,29.4491,23.4063,17.55,13.92,17.59,132
BDG2 2017,test,474,142,TimesFM-X,TimesFM-X,"same information, zero-shot foundation model",19,27.4883,21.4552,18.82,14.45,17.78,132
BDG2 2017,test,474,142,TimesFM-X,TimesFM-X,"same information, zero-shot foundation model",20,26.9396,21.1438,19.24,14.96,18.27,132
BDG2 2017,test,474,142,TimesFM-X,TimesFM-X,"same information, zero-shot foundation model",21,29.7653,23.3609,19.61,15.19,19.23,132
BDG2 2017,test,474,142,TimesFM-X,TimesFM-X,"same information, zero-shot foundation model",22,38.6864,29.6695,24.89,18.89,22.55,132
BDG2 2017,test,474,142,TimesFM-X,TimesFM-X,"same information, zero-shot foundation model",23,37.0968,29.4723,22.43,17.29,20.27,132
BDG2 2017,test,474,142,TimesFM-X,TimesFM-X,"same information, zero-shot foundation model",24,35.2246,28.0937,22.06,17.66,19.68,132
BDG2 2017,test,474,142,TimesFM-X,TimesFM-X,"same information, zero-shot foundation model",25,35.8097,28.282,24.35,18.69,21.61,132
BDG2 2017,test,474,142,TimesFM-X,TimesFM-X,"same information, zero-shot foundation model",26,36.3862,28.8405,25.5,18.36,21.98,132
BDG2 2017,test,474,142,TimesFM-X,TimesFM-X,"same information, zero-shot foundation model",27,34.8344,27.8241,24.59,17.87,21.03,132
BDG2 2017,test,474,142,TimesFM-X,TimesFM-X,"same information, zero-shot foundation model",28,34.1127,26.9401,24.44,18.35,22.66,132
BDG2 2017,test,474,142,TimesFM-X,TimesFM-X,"same information, zero-shot foundation model",29,36.251,28.7258,23.35,17.2,22.27,132
BDG2 2017,test,474,142,TimesFM-X,TimesFM-X,"same information, zero-shot foundation model",30,34.5811,27.5745,21.59,16.86,21.0,132
BDG2 2017,test,474,142,TimesFM-X,TimesFM-X,"same information, zero-shot foundation model",31,40.106,31.3169,26.85,20.96,25.38,132
BDG2 2017,test,474,142,WeekProf4,4-week profile,profile,1,23.9472,17.4869,14.94,10.74,17.52,132
BDG2 2017,test,474,142,WeekProf4,4-week profile,profile,2,21.8499,16.3591,14.28,9.56,15.43,132
BDG2 2017,test,474,142,WeekProf4,4-week profile,profile,3,26.3219,18.9375,15.0,10.61,15.51,132
BDG2 2017,test,474,142,WeekProf4,4-week profile,profile,4,27.7571,19.9858,17.08,12.71,20.28,132
BDG2 2017,test,474,142,WeekProf4,4-week profile,profile,5,27.7004,20.0813,17.88,13.12,19.17,132
BDG2 2017,test,474,142,WeekProf4,4-week profile,profile,6,25.7783,19.2208,16.81,12.13,18.05,132
BDG2 2017,test,474,142,WeekProf4,4-week profile,profile,7,28.2528,21.3887,16.51,12.89,19.38,132
BDG2 2017,test,474,142,WeekProf4,4-week profile,profile,8,25.9651,19.9828,17.08,13.17,19.31,132
BDG2 2017,test,474,142,WeekProf4,4-week profile,profile,9,30.0613,24.1212,20.28,14.9,18.2,132
BDG2 2017,test,474,142,WeekProf4,4-week profile,profile,10,32.526,25.3236,20.07,15.64,19.6,132
BDG2 2017,test,474,142,WeekProf4,4-week profile,profile,11,30.3789,23.7288,18.32,13.32,19.74,132
BDG2 2017,test,474,142,WeekProf4,4-week profile,profile,12,31.4691,24.3357,20.54,15.1,20.78,132
BDG2 2017,test,474,142,WeekProf4,4-week profile,profile,13,28.3168,22.0266,16.46,12.32,18.0,132
BDG2 2017,test,474,142,WeekProf4,4-week profile,profile,14,31.9211,24.9533,19.91,14.39,20.22,132
BDG2 2017,test,474,142,WeekProf4,4-week profile,profile,15,33.6876,26.4444,19.39,14.59,21.36,132
BDG2 2017,test,474,142,WeekProf4,4-week profile,profile,16,29.1177,23.1218,18.15,14.56,19.12,132
BDG2 2017,test,474,142,WeekProf4,4-week profile,profile,17,28.6898,22.8149,16.94,12.53,17.0,132
BDG2 2017,test,474,142,WeekProf4,4-week profile,profile,18,31.9642,25.1792,19.69,14.36,19.9,132
BDG2 2017,test,474,142,WeekProf4,4-week profile,profile,19,29.5417,23.2054,20.2,15.19,19.46,132
BDG2 2017,test,474,142,WeekProf4,4-week profile,profile,20,29.424,23.1846,19.73,15.13,19.89,132
BDG2 2017,test,474,142,WeekProf4,4-week profile,profile,21,32.162,25.2231,20.67,15.26,21.05,132
BDG2 2017,test,474,142,WeekProf4,4-week profile,profile,22,41.9249,32.7644,22.49,17.01,24.54,132
BDG2 2017,test,474,142,WeekProf4,4-week profile,profile,23,40.3051,32.0691,26.45,18.8,24.16,132
BDG2 2017,test,474,142,WeekProf4,4-week profile,profile,24,37.3084,29.2827,23.05,17.72,21.7,132
BDG2 2017,test,474,142,WeekProf4,4-week profile,profile,25,42.0533,33.252,29.6,21.11,26.0,132
BDG2 2017,test,474,142,WeekProf4,4-week profile,profile,26,40.3871,32.0404,26.28,19.21,23.9,132
BDG2 2017,test,474,142,WeekProf4,4-week profile,profile,27,37.9931,30.2393,25.36,19.04,23.03,132
BDG2 2017,test,474,142,WeekProf4,4-week profile,profile,28,36.9913,29.0665,25.55,19.8,24.91,132
BDG2 2017,test,474,142,WeekProf4,4-week profile,profile,29,38.6044,30.5846,21.7,16.82,23.4,132
BDG2 2017,test,474,142,WeekProf4,4-week profile,profile,30,36.6845,29.6632,23.39,18.38,23.64,132
BDG2 2017,test,474,142,WeekProf4,4-week profile,profile,31,41.1454,32.7143,26.41,21.06,25.64,132
BDG2 2017,test,474,142,DLinear,DLinear,"load only, trained",1,16.5798,12.1342,10.39,8.04,12.06,132
BDG2 2017,test,474,142,DLinear,DLinear,"load only, trained",2,20.0959,14.99,12.99,9.87,14.05,132
BDG2 2017,test,474,142,DLinear,DLinear,"load only, trained",3,26.1612,19.7987,14.98,11.71,15.18,132
BDG2 2017,test,474,142,DLinear,DLinear,"load only, trained",4,25.6971,19.1677,17.26,12.76,19.26,132
BDG2 2017,test,474,142,DLinear,DLinear,"load only, trained",5,23.8848,17.9085,15.66,12.11,17.58,132
BDG2 2017,test,474,142,DLinear,DLinear,"load only, trained",6,20.9613,16.5548,15.9,12.49,16.13,132
BDG2 2017,test,474,142,DLinear,DLinear,"load only, trained",7,25.0738,19.4165,14.8,11.8,18.11,132
BDG2 2017,test,474,142,DLinear,DLinear,"load only, trained",8,20.4775,16.2636,14.05,11.29,15.78,132
BDG2 2017,test,474,142,DLinear,DLinear,"load only, trained",9,23.2166,18.8766,16.81,13.59,16.2,132
BDG2 2017,test,474,142,DLinear,DLinear,"load only, trained",10,26.6227,21.5561,19.08,14.25,17.88,132
BDG2 2017,test,474,142,DLinear,DLinear,"load only, trained",11,26.3452,21.2236,17.3,13.41,18.44,132
BDG2 2017,test,474,142,DLinear,DLinear,"load only, trained",12,27.9649,21.5674,18.81,14.66,19.62,132
BDG2 2017,test,474,142,DLinear,DLinear,"load only, trained",13,26.7332,20.9595,19.15,14.5,18.67,132
BDG2 2017,test,474,142,DLinear,DLinear,"load only, trained",14,28.2998,21.9876,18.63,14.77,18.71,132
BDG2 2017,test,474,142,DLinear,DLinear,"load only, trained",15,28.0682,22.2712,18.3,14.82,18.74,132
BDG2 2017,test,474,142,DLinear,DLinear,"load only, trained",16,26.787,21.5854,18.28,14.25,17.97,132
BDG2 2017,test,474,142,DLinear,DLinear,"load only, trained",17,24.947,20.5956,16.93,13.41,16.39,132
BDG2 2017,test,474,142,DLinear,DLinear,"load only, trained",18,26.3266,21.5166,17.36,13.94,18.18,132
BDG2 2017,test,474,142,DLinear,DLinear,"load only, trained",19,27.4094,21.973,18.13,14.83,19.07,132
BDG2 2017,test,474,142,DLinear,DLinear,"load only, trained",20,28.7539,22.9368,19.83,15.43,20.02,132
BDG2 2017,test,474,142,DLinear,DLinear,"load only, trained",21,30.4721,24.3576,17.92,14.34,19.58,132
BDG2 2017,test,474,142,DLinear,DLinear,"load only, trained",22,39.7635,31.0783,23.5,19.13,23.15,132
BDG2 2017,test,474,142,DLinear,DLinear,"load only, trained",23,37.6063,30.1809,25.34,20.0,22.8,132
BDG2 2017,test,474,142,DLinear,DLinear,"load only, trained",24,35.5427,29.3079,25.43,20.45,21.67,132
BDG2 2017,test,474,142,DLinear,DLinear,"load only, trained",25,37.0271,30.3292,26.08,20.52,24.26,132
BDG2 2017,test,474,142,DLinear,DLinear,"load only, trained",26,34.7011,27.8456,25.25,19.9,23.52,132
BDG2 2017,test,474,142,DLinear,DLinear,"load only, trained",27,31.6315,25.8099,24.01,19.73,22.5,132
BDG2 2017,test,474,142,DLinear,DLinear,"load only, trained",28,30.6511,25.022,22.14,17.98,22.0,132
BDG2 2017,test,474,142,DLinear,DLinear,"load only, trained",29,31.1435,25.5478,21.07,16.75,21.24,132
BDG2 2017,test,474,142,DLinear,DLinear,"load only, trained",30,30.4826,25.0847,21.35,17.72,21.01,132
BDG2 2017,test,474,142,DLinear,DLinear,"load only, trained",31,32.3563,26.4303,24.95,19.53,22.98,132
BDG2 2017,test,474,142,GBT-T,GBT-T,"same information, trained",1,20.2805,15.1422,13.03,9.82,15.55,132
BDG2 2017,test,474,142,GBT-T,GBT-T,"same information, trained",2,22.3755,16.8389,12.9,9.89,15.75,132
BDG2 2017,test,474,142,GBT-T,GBT-T,"same information, trained",3,28.0518,20.633,14.61,10.98,16.66,132
BDG2 2017,test,474,142,GBT-T,GBT-T,"same information, trained",4,25.2963,18.48,14.95,11.98,18.28,132
BDG2 2017,test,474,142,GBT-T,GBT-T,"same information, trained",5,26.6722,19.6946,15.62,12.12,19.54,132
BDG2 2017,test,474,142,GBT-T,GBT-T,"same information, trained",6,23.5134,17.9957,15.05,11.38,17.55,132
BDG2 2017,test,474,142,GBT-T,GBT-T,"same information, trained",7,26.9612,20.1436,17.0,13.21,18.96,132
BDG2 2017,test,474,142,GBT-T,GBT-T,"same information, trained",8,24.0199,18.6736,14.2,10.76,16.76,132
BDG2 2017,test,474,142,GBT-T,GBT-T,"same information, trained",9,28.6728,22.5956,17.58,13.54,18.43,132
BDG2 2017,test,474,142,GBT-T,GBT-T,"same information, trained",10,28.7703,22.3204,19.3,14.35,19.95,132
BDG2 2017,test,474,142,GBT-T,GBT-T,"same information, trained",11,28.424,22.8803,16.81,13.33,18.7,132
BDG2 2017,test,474,142,GBT-T,GBT-T,"same information, trained",12,31.8962,25.5475,18.46,14.19,21.49,132
BDG2 2017,test,474,142,GBT-T,GBT-T,"same information, trained",13,27.1167,21.4256,14.34,11.28,17.93,132
BDG2 2017,test,474,142,GBT-T,GBT-T,"same information, trained",14,28.8031,22.8012,17.26,13.21,19.47,132
BDG2 2017,test,474,142,GBT-T,GBT-T,"same information, trained",15,29.3858,23.1041,17.57,13.67,19.03,132
BDG2 2017,test,474,142,GBT-T,GBT-T,"same information, trained",16,28.1243,22.6263,17.19,12.94,18.61,132
BDG2 2017,test,474,142,GBT-T,GBT-T,"same information, trained",17,26.751,21.2307,15.0,11.6,16.75,132
BDG2 2017,test,474,142,GBT-T,GBT-T,"same information, trained",18,27.1558,21.5877,14.97,11.65,17.43,132
BDG2 2017,test,474,142,GBT-T,GBT-T,"same information, trained",19,27.0899,21.2672,15.78,11.96,17.95,132
BDG2 2017,test,474,142,GBT-T,GBT-T,"same information, trained",20,27.6591,22.2249,16.12,12.67,18.55,132
BDG2 2017,test,474,142,GBT-T,GBT-T,"same information, trained",21,27.8296,22.0825,17.08,13.03,18.84,132
BDG2 2017,test,474,142,GBT-T,GBT-T,"same information, trained",22,36.2334,27.0975,19.84,15.72,21.14,132
BDG2 2017,test,474,142,GBT-T,GBT-T,"same information, trained",23,33.7787,25.9342,18.51,14.41,19.72,132
BDG2 2017,test,474,142,GBT-T,GBT-T,"same information, trained",24,30.5251,24.0991,17.51,13.89,19.0,132
BDG2 2017,test,474,142,GBT-T,GBT-T,"same information, trained",25,28.5889,22.3763,18.48,14.74,19.54,132
BDG2 2017,test,474,142,GBT-T,GBT-T,"same information, trained",26,30.7151,24.2429,19.07,15.1,19.79,132
BDG2 2017,test,474,142,GBT-T,GBT-T,"same information, trained",27,29.497,23.1384,18.26,14.92,19.39,132
BDG2 2017,test,474,142,GBT-T,GBT-T,"same information, trained",28,29.0031,22.2517,20.57,15.56,20.8,132
BDG2 2017,test,474,142,GBT-T,GBT-T,"same information, trained",29,28.3448,22.3364,19.08,14.81,20.2,132
BDG2 2017,test,474,142,GBT-T,GBT-T,"same information, trained",30,28.4733,22.7059,19.68,15.28,20.82,132
BDG2 2017,test,474,142,GBT-T,GBT-T,"same information, trained",31,32.9866,25.6462,21.57,17.6,23.36,132
BDG2 2017,test,474,142,iTransformer-X,iTransformer-X,"same information, trained",1,17.9289,13.2913,11.77,8.46,13.23,132
BDG2 2017,test,474,142,iTransformer-X,iTransformer-X,"same information, trained",2,21.0367,15.613,13.77,10.7,14.76,132
BDG2 2017,test,474,142,iTransformer-X,iTransformer-X,"same information, trained",3,27.2883,20.2135,15.65,11.21,15.55,132
BDG2 2017,test,474,142,iTransformer-X,iTransformer-X,"same information, trained",4,26.398,19.0504,16.95,12.74,20.48,132
BDG2 2017,test,474,142,iTransformer-X,iTransformer-X,"same information, trained",5,24.9311,18.1312,16.82,12.79,18.53,132
BDG2 2017,test,474,142,iTransformer-X,iTransformer-X,"same information, trained",6,21.8564,16.8546,16.24,12.58,17.33,132
BDG2 2017,test,474,142,iTransformer-X,iTransformer-X,"same information, trained",7,26.1865,19.5864,16.91,13.32,19.34,132
BDG2 2017,test,474,142,iTransformer-X,iTransformer-X,"same information, trained",8,21.5781,16.6496,15.26,11.86,16.84,132
BDG2 2017,test,474,142,iTransformer-X,iTransformer-X,"same information, trained",9,26.4858,21.2318,18.38,13.44,16.96,132
BDG2 2017,test,474,142,iTransformer-X,iTransformer-X,"same information, trained",10,30.2303,24.1632,20.98,15.08,19.8,132
BDG2 2017,test,474,142,iTransformer-X,iTransformer-X,"same information, trained",11,29.7294,23.7556,18.5,14.16,19.87,132
BDG2 2017,test,474,142,iTransformer-X,iTransformer-X,"same information, trained",12,31.3186,24.5822,19.67,15.17,20.96,132
BDG2 2017,test,474,142,iTransformer-X,iTransformer-X,"same information, trained",13,29.7966,23.363,19.13,15.09,20.04,132
BDG2 2017,test,474,142,iTransformer-X,iTransformer-X,"same information, trained",14,29.9416,23.0957,18.04,14.23,19.06,132
BDG2 2017,test,474,142,iTransformer-X,iTransformer-X,"same information, trained",15,30.9265,24.2982,17.93,13.97,19.56,132
BDG2 2017,test,474,142,iTransformer-X,iTransformer-X,"same information, trained",16,28.3402,22.3875,17.04,13.39,17.81,132
BDG2 2017,test,474,142,iTransformer-X,iTransformer-X,"same information, trained",17,26.9082,21.7702,17.13,13.39,16.49,132
BDG2 2017,test,474,142,iTransformer-X,iTransformer-X,"same information, trained",18,28.9985,23.116,17.9,14.0,19.02,132
BDG2 2017,test,474,142,iTransformer-X,iTransformer-X,"same information, trained",19,30.61,23.3889,19.02,14.93,20.02,132
BDG2 2017,test,474,142,iTransformer-X,iTransformer-X,"same information, trained",20,30.3134,23.8442,20.02,15.23,20.48,132
BDG2 2017,test,474,142,iTransformer-X,iTransformer-X,"same information, trained",21,31.4118,24.532,18.05,13.77,19.55,132
BDG2 2017,test,474,142,iTransformer-X,iTransformer-X,"same information, trained",22,42.0847,32.2384,23.6,18.06,23.55,132
BDG2 2017,test,474,142,iTransformer-X,iTransformer-X,"same information, trained",23,40.6209,31.5792,24.19,18.36,22.39,132
BDG2 2017,test,474,142,iTransformer-X,iTransformer-X,"same information, trained",24,37.6575,30.0124,22.63,17.9,21.28,132
BDG2 2017,test,474,142,iTransformer-X,iTransformer-X,"same information, trained",25,38.4094,30.5185,26.24,19.27,23.83,132
BDG2 2017,test,474,142,iTransformer-X,iTransformer-X,"same information, trained",26,36.3006,28.9331,25.32,18.73,23.58,132
BDG2 2017,test,474,142,iTransformer-X,iTransformer-X,"same information, trained",27,33.5208,26.3176,25.75,19.27,22.89,132
BDG2 2017,test,474,142,iTransformer-X,iTransformer-X,"same information, trained",28,32.2977,25.4828,22.61,18.0,22.62,132
BDG2 2017,test,474,142,iTransformer-X,iTransformer-X,"same information, trained",29,33.6413,26.3412,22.07,16.69,22.3,132
BDG2 2017,test,474,142,iTransformer-X,iTransformer-X,"same information, trained",30,31.6708,25.2468,21.06,16.15,20.75,132
BDG2 2017,test,474,142,iTransformer-X,iTransformer-X,"same information, trained",31,37.4706,29.2063,24.74,19.84,24.24,132
BDG2 2017,test,474,142,iTransformer,iTransformer,"load only, trained",1,19.0213,14.3944,11.28,8.71,13.11,132
BDG2 2017,test,474,142,iTransformer,iTransformer,"load only, trained",2,21.1572,15.9523,13.46,10.67,14.43,132
BDG2 2017,test,474,142,iTransformer,iTransformer,"load only, trained",3,26.8282,20.4262,14.73,10.76,15.3,132
BDG2 2017,test,474,142,iTransformer,iTransformer,"load only, trained",4,26.6515,19.6047,17.18,12.51,20.1,132
BDG2 2017,test,474,142,iTransformer,iTransformer,"load only, trained",5,25.0225,18.3596,15.71,12.36,18.12,132
BDG2 2017,test,474,142,iTransformer,iTransformer,"load only, trained",6,22.6729,17.6878,16.13,12.55,17.22,132
BDG2 2017,test,474,142,iTransformer,iTransformer,"load only, trained",7,27.0393,20.6627,17.54,13.94,19.29,132
BDG2 2017,test,474,142,iTransformer,iTransformer,"load only, trained",8,22.6111,17.6498,14.21,11.82,16.82,132
BDG2 2017,test,474,142,iTransformer,iTransformer,"load only, trained",9,27.8204,22.4628,18.11,13.37,17.45,132
BDG2 2017,test,474,142,iTransformer,iTransformer,"load only, trained",10,31.0153,25.0175,21.06,15.72,19.53,132
BDG2 2017,test,474,142,iTransformer,iTransformer,"load only, trained",11,30.0069,24.228,18.06,13.81,19.45,132
BDG2 2017,test,474,142,iTransformer,iTransformer,"load only, trained",12,31.2582,24.8563,19.85,15.14,20.54,132
BDG2 2017,test,474,142,iTransformer,iTransformer,"load only, trained",13,29.7018,23.7458,18.4,14.82,19.51,132
BDG2 2017,test,474,142,iTransformer,iTransformer,"load only, trained",14,30.9473,24.0678,18.53,14.12,19.48,132
BDG2 2017,test,474,142,iTransformer,iTransformer,"load only, trained",15,31.6241,25.1835,17.77,14.21,19.28,132
BDG2 2017,test,474,142,iTransformer,iTransformer,"load only, trained",16,27.8522,22.4503,16.76,13.87,17.29,132
BDG2 2017,test,474,142,iTransformer,iTransformer,"load only, trained",17,26.7466,21.8273,16.54,13.51,16.27,132
BDG2 2017,test,474,142,iTransformer,iTransformer,"load only, trained",18,29.4878,23.546,17.63,13.33,19.15,132
BDG2 2017,test,474,142,iTransformer,iTransformer,"load only, trained",19,30.5133,23.6617,19.31,15.33,19.8,132
BDG2 2017,test,474,142,iTransformer,iTransformer,"load only, trained",20,30.2158,23.9551,19.97,15.7,20.25,132
BDG2 2017,test,474,142,iTransformer,iTransformer,"load only, trained",21,32.4645,25.3832,19.47,14.49,20.61,132
BDG2 2017,test,474,142,iTransformer,iTransformer,"load only, trained",22,42.0789,32.1864,23.71,18.63,23.8,132
BDG2 2017,test,474,142,iTransformer,iTransformer,"load only, trained",23,38.9332,30.3464,24.07,18.29,21.51,132
BDG2 2017,test,474,142,iTransformer,iTransformer,"load only, trained",24,35.8116,28.3534,23.37,17.25,20.08,132
BDG2 2017,test,474,142,iTransformer,iTransformer,"load only, trained",25,38.8737,30.7722,26.07,18.96,24.16,132
BDG2 2017,test,474,142,iTransformer,iTransformer,"load only, trained",26,36.7917,29.4797,25.55,20.03,23.29,132
BDG2 2017,test,474,142,iTransformer,iTransformer,"load only, trained",27,34.029,27.2614,24.59,18.99,22.53,132
BDG2 2017,test,474,142,iTransformer,iTransformer,"load only, trained",28,33.5983,26.7958,21.6,16.81,23.21,132
BDG2 2017,test,474,142,iTransformer,iTransformer,"load only, trained",29,34.9299,27.7177,21.65,16.45,22.28,132
BDG2 2017,test,474,142,iTransformer,iTransformer,"load only, trained",30,33.1096,26.5139,20.59,16.79,21.26,132
BDG2 2017,test,474,142,iTransformer,iTransformer,"load only, trained",31,37.4791,29.3031,23.94,20.21,24.01,132
BDG2 2017,test,474,142,LSTM,LSTM,"load only, trained",1,20.7245,15.8367,15.29,11.29,15.25,132
BDG2 2017,test,474,142,LSTM,LSTM,"load only, trained",2,24.6492,18.6068,18.79,14.53,18.27,132
BDG2 2017,test,474,142,LSTM,LSTM,"load only, trained",3,30.7443,23.9967,20.45,15.48,19.47,132
BDG2 2017,test,474,142,LSTM,LSTM,"load only, trained",4,27.4788,21.1144,20.06,15.85,20.52,132
BDG2 2017,test,474,142,LSTM,LSTM,"load only, trained",5,27.5457,21.355,19.96,16.85,20.52,132
BDG2 2017,test,474,142,LSTM,LSTM,"load only, trained",6,25.4132,20.1451,20.19,16.34,19.58,132
BDG2 2017,test,474,142,LSTM,LSTM,"load only, trained",7,26.1843,20.0515,17.06,13.96,19.53,132
BDG2 2017,test,474,142,LSTM,LSTM,"load only, trained",8,23.575,18.5822,17.63,14.2,18.74,132
BDG2 2017,test,474,142,LSTM,LSTM,"load only, trained",9,25.4234,20.4875,20.11,15.55,18.94,132
BDG2 2017,test,474,142,LSTM,LSTM,"load only, trained",10,30.1427,24.4346,22.46,17.75,21.91,132
BDG2 2017,test,474,142,LSTM,LSTM,"load only, trained",11,30.9694,24.4037,20.75,16.46,22.02,132
BDG2 2017,test,474,142,LSTM,LSTM,"load only, trained",12,31.231,24.7422,22.31,17.87,22.42,132
BDG2 2017,test,474,142,LSTM,LSTM,"load only, trained",13,29.5098,23.2287,20.39,16.19,20.7,132
BDG2 2017,test,474,142,LSTM,LSTM,"load only, trained",14,29.6166,22.9546,18.37,15.17,19.91,132
BDG2 2017,test,474,142,LSTM,LSTM,"load only, trained",15,30.747,24.2001,20.63,16.37,22.0,132
BDG2 2017,test,474,142,LSTM,LSTM,"load only, trained",16,29.9241,23.899,21.46,17.15,21.39,132
BDG2 2017,test,474,142,LSTM,LSTM,"load only, trained",17,30.0953,24.4799,21.86,17.45,20.55,132
BDG2 2017,test,474,142,LSTM,LSTM,"load only, trained",18,30.2806,24.7566,21.02,16.28,22.52,132
BDG2 2017,test,474,142,LSTM,LSTM,"load only, trained",19,30.8043,24.6855,20.71,17.19,22.25,132
BDG2 2017,test,474,142,LSTM,LSTM,"load only, trained",20,30.8407,25.1528,21.23,17.17,22.54,132
BDG2 2017,test,474,142,LSTM,LSTM,"load only, trained",21,32.2037,25.6633,20.03,15.61,21.68,132
BDG2 2017,test,474,142,LSTM,LSTM,"load only, trained",22,39.7529,30.5895,23.89,18.45,24.49,132
BDG2 2017,test,474,142,LSTM,LSTM,"load only, trained",23,37.6219,30.3291,26.62,21.19,24.62,132
BDG2 2017,test,474,142,LSTM,LSTM,"load only, trained",24,36.1251,30.0413,27.32,21.41,23.59,132
BDG2 2017,test,474,142,LSTM,LSTM,"load only, trained",25,39.3657,32.0871,30.15,23.8,27.15,132
BDG2 2017,test,474,142,LSTM,LSTM,"load only, trained",26,37.5897,30.5031,28.6,23.12,26.06,132
BDG2 2017,test,474,142,LSTM,LSTM,"load only, trained",27,34.1233,27.8535,24.74,20.3,24.18,132
BDG2 2017,test,474,142,LSTM,LSTM,"load only, trained",28,32.6245,26.5355,23.24,19.27,23.76,132
BDG2 2017,test,474,142,LSTM,LSTM,"load only, trained",29,32.7783,26.6003,23.46,19.28,23.35,132
BDG2 2017,test,474,142,LSTM,LSTM,"load only, trained",30,32.9183,26.7989,23.93,19.49,23.63,132
BDG2 2017,test,474,142,LSTM,LSTM,"load only, trained",31,35.0856,28.3485,27.09,21.48,26.4,132
BDG2 2017,test,474,142,PatchTST,PatchTST,"load only, trained",1,17.0828,12.6895,10.43,7.91,12.4,132
BDG2 2017,test,474,142,PatchTST,PatchTST,"load only, trained",2,20.0951,15.118,12.62,9.69,14.6,132
BDG2 2017,test,474,142,PatchTST,PatchTST,"load only, trained",3,25.8282,18.9884,14.71,10.29,15.3,132
BDG2 2017,test,474,142,PatchTST,PatchTST,"load only, trained",4,27.2606,19.5559,17.51,12.31,20.42,132
BDG2 2017,test,474,142,PatchTST,PatchTST,"load only, trained",5,26.0494,19.2472,16.59,12.82,18.78,132
BDG2 2017,test,474,142,PatchTST,PatchTST,"load only, trained",6,22.7739,17.7513,15.91,12.54,17.17,132
BDG2 2017,test,474,142,PatchTST,PatchTST,"load only, trained",7,25.3311,18.9813,16.4,13.2,19.07,132
BDG2 2017,test,474,142,PatchTST,PatchTST,"load only, trained",8,21.6152,16.6577,14.1,11.5,16.52,132
BDG2 2017,test,474,142,PatchTST,PatchTST,"load only, trained",9,28.3117,22.7427,18.27,13.88,17.67,132
BDG2 2017,test,474,142,PatchTST,PatchTST,"load only, trained",10,29.1919,23.0746,19.89,15.31,18.71,132
BDG2 2017,test,474,142,PatchTST,PatchTST,"load only, trained",11,29.238,23.3035,17.5,13.6,19.65,132
BDG2 2017,test,474,142,PatchTST,PatchTST,"load only, trained",12,29.3958,23.2006,18.9,15.02,20.52,132
BDG2 2017,test,474,142,PatchTST,PatchTST,"load only, trained",13,28.3799,22.6146,19.29,14.7,19.7,132
BDG2 2017,test,474,142,PatchTST,PatchTST,"load only, trained",14,28.7888,22.7761,18.39,14.34,19.29,132
BDG2 2017,test,474,142,PatchTST,PatchTST,"load only, trained",15,29.3537,23.4385,16.45,13.29,18.92,132
BDG2 2017,test,474,142,PatchTST,PatchTST,"load only, trained",16,27.6844,22.6701,18.26,14.77,17.84,132
BDG2 2017,test,474,142,PatchTST,PatchTST,"load only, trained",17,27.3922,22.5786,17.5,13.42,16.93,132
BDG2 2017,test,474,142,PatchTST,PatchTST,"load only, trained",18,30.2514,24.2644,18.4,14.11,19.14,132
BDG2 2017,test,474,142,PatchTST,PatchTST,"load only, trained",19,29.1988,23.4017,18.16,14.85,19.09,132
BDG2 2017,test,474,142,PatchTST,PatchTST,"load only, trained",20,29.6611,23.6666,18.98,15.19,19.64,132
BDG2 2017,test,474,142,PatchTST,PatchTST,"load only, trained",21,31.7965,25.4676,18.4,14.99,19.92,132
BDG2 2017,test,474,142,PatchTST,PatchTST,"load only, trained",22,41.2875,32.6022,24.3,19.33,23.57,132
BDG2 2017,test,474,142,PatchTST,PatchTST,"load only, trained",23,38.1667,30.4116,24.08,18.84,22.27,132
BDG2 2017,test,474,142,PatchTST,PatchTST,"load only, trained",24,36.3053,29.1728,23.94,17.77,21.15,132
BDG2 2017,test,474,142,PatchTST,PatchTST,"load only, trained",25,39.4088,31.5714,26.42,18.88,24.72,132
BDG2 2017,test,474,142,PatchTST,PatchTST,"load only, trained",26,36.5002,29.5517,23.64,17.76,22.49,132
BDG2 2017,test,474,142,PatchTST,PatchTST,"load only, trained",27,34.1404,27.5248,22.44,17.62,22.05,132
BDG2 2017,test,474,142,PatchTST,PatchTST,"load only, trained",28,34.5918,27.6672,22.09,17.46,23.16,132
BDG2 2017,test,474,142,PatchTST,PatchTST,"load only, trained",29,36.0938,29.0084,22.54,17.94,22.51,132
BDG2 2017,test,474,142,PatchTST,PatchTST,"load only, trained",30,34.0487,27.7228,22.23,17.4,22.25,132
BDG2 2017,test,474,142,PatchTST,PatchTST,"load only, trained",31,37.7759,30.0428,25.4,20.21,24.56,132
BDG2 2017,test,474,142,TiDE,TiDE,"same information, trained",1,16.7005,12.2966,10.79,8.21,12.27,132
BDG2 2017,test,474,142,TiDE,TiDE,"same information, trained",2,20.053,14.9809,13.38,10.3,14.19,132
BDG2 2017,test,474,142,TiDE,TiDE,"same information, trained",3,26.3449,19.921,15.47,11.87,15.32,132
BDG2 2017,test,474,142,TiDE,TiDE,"same information, trained",4,25.7421,19.3202,17.59,12.73,19.3,132
BDG2 2017,test,474,142,TiDE,TiDE,"same information, trained",5,23.9622,17.959,16.41,12.51,17.73,132
BDG2 2017,test,474,142,TiDE,TiDE,"same information, trained",6,21.0444,16.6521,16.04,12.26,16.11,132
BDG2 2017,test,474,142,TiDE,TiDE,"same information, trained",7,25.0848,19.3402,15.32,12.34,18.16,132
BDG2 2017,test,474,142,TiDE,TiDE,"same information, trained",8,20.2877,16.0212,14.93,11.61,15.63,132
BDG2 2017,test,474,142,TiDE,TiDE,"same information, trained",9,23.5164,19.0361,17.09,13.38,16.3,132
BDG2 2017,test,474,142,TiDE,TiDE,"same information, trained",10,26.6528,21.4728,19.33,13.92,17.99,132
BDG2 2017,test,474,142,TiDE,TiDE,"same information, trained",11,26.3819,21.1538,17.24,13.46,18.48,132
BDG2 2017,test,474,142,TiDE,TiDE,"same information, trained",12,27.9741,21.5595,18.87,15.0,19.57,132
BDG2 2017,test,474,142,TiDE,TiDE,"same information, trained",13,26.7809,20.959,19.14,14.18,18.69,132
BDG2 2017,test,474,142,TiDE,TiDE,"same information, trained",14,28.1415,21.8777,18.78,14.68,18.61,132
BDG2 2017,test,474,142,TiDE,TiDE,"same information, trained",15,28.0959,22.3833,18.28,15.04,18.79,132
BDG2 2017,test,474,142,TiDE,TiDE,"same information, trained",16,27.0893,21.9017,18.38,14.43,18.14,132
BDG2 2017,test,474,142,TiDE,TiDE,"same information, trained",17,25.3005,20.9276,17.34,13.7,16.76,132
BDG2 2017,test,474,142,TiDE,TiDE,"same information, trained",18,26.3569,21.6176,17.72,14.06,18.3,132
BDG2 2017,test,474,142,TiDE,TiDE,"same information, trained",19,27.5095,21.9721,18.47,14.63,19.23,132
BDG2 2017,test,474,142,TiDE,TiDE,"same information, trained",20,28.7018,22.986,19.87,16.05,20.09,132
BDG2 2017,test,474,142,TiDE,TiDE,"same information, trained",21,30.5482,24.3719,17.93,14.3,19.71,132
BDG2 2017,test,474,142,TiDE,TiDE,"same information, trained",22,39.756,30.9144,23.67,19.55,23.12,132
BDG2 2017,test,474,142,TiDE,TiDE,"same information, trained",23,37.6922,30.1807,25.79,19.95,22.92,132
BDG2 2017,test,474,142,TiDE,TiDE,"same information, trained",24,35.3395,29.1147,25.36,20.35,21.72,132
BDG2 2017,test,474,142,TiDE,TiDE,"same information, trained",25,36.9748,30.2266,26.59,20.56,24.4,132
BDG2 2017,test,474,142,TiDE,TiDE,"same information, trained",26,34.6121,27.7877,25.23,19.79,23.61,132
BDG2 2017,test,474,142,TiDE,TiDE,"same information, trained",27,31.4971,25.6894,23.84,19.36,22.43,132
BDG2 2017,test,474,142,TiDE,TiDE,"same information, trained",28,30.7459,25.15,22.49,18.09,22.18,132
BDG2 2017,test,474,142,TiDE,TiDE,"same information, trained",29,31.2131,25.5394,21.32,16.71,21.44,132
BDG2 2017,test,474,142,TiDE,TiDE,"same information, trained",30,30.4902,25.0217,21.29,18.09,21.1,132
BDG2 2017,test,474,142,TiDE,TiDE,"same information, trained",31,32.3306,26.4319,24.88,19.46,23.1,132
Cambridge,test,730,108,TimesFM,TimesFM,"load only, zero-shot foundation model",1,7.9345,4.9935,10.98,7.33,11.76,108
Cambridge,test,730,108,TimesFM,TimesFM,"load only, zero-shot foundation model",2,19.2008,7.1181,12.72,8.82,13.06,108
Cambridge,test,730,108,TimesFM,TimesFM,"load only, zero-shot foundation model",3,9.5384,6.7721,12.67,9.02,12.69,108
Cambridge,test,730,108,TimesFM,TimesFM,"load only, zero-shot foundation model",4,10.6777,7.2184,13.45,9.0,13.93,108
Cambridge,test,730,108,TimesFM,TimesFM,"load only, zero-shot foundation model",5,10.6589,7.2486,13.7,9.37,13.78,108
Cambridge,test,730,108,TimesFM,TimesFM,"load only, zero-shot foundation model",6,10.7427,7.2306,13.95,9.44,14.4,108
Cambridge,test,730,108,TimesFM,TimesFM,"load only, zero-shot foundation model",7,11.4459,7.8336,14.91,10.17,15.6,108
Cambridge,test,730,108,TimesFM,TimesFM,"load only, zero-shot foundation model",8,12.1681,7.9738,14.98,10.3,15.84,108
Cambridge,test,730,108,TimesFM,TimesFM,"load only, zero-shot foundation model",9,11.9982,7.9038,14.16,10.55,15.35,108
Cambridge,test,730,108,TimesFM,TimesFM,"load only, zero-shot foundation model",10,11.9421,8.1905,15.14,10.59,15.93,108
Cambridge,test,730,108,TimesFM,TimesFM,"load only, zero-shot foundation model",11,13.3972,8.8449,15.81,10.89,16.69,108
Cambridge,test,730,108,TimesFM,TimesFM,"load only, zero-shot foundation model",12,12.6408,8.4731,16.65,11.27,16.82,108
Cambridge,test,730,108,TimesFM,TimesFM,"load only, zero-shot foundation model",13,12.5074,8.5581,16.16,11.32,16.61,108
Cambridge,test,730,108,TimesFM,TimesFM,"load only, zero-shot foundation model",14,13.3019,9.0696,17.57,11.72,17.95,108
Cambridge,test,730,108,TimesFM,TimesFM,"load only, zero-shot foundation model",15,14.0032,9.7581,16.74,12.03,18.64,108
Cambridge,test,730,108,TimesFM,TimesFM,"load only, zero-shot foundation model",16,13.8702,9.5996,17.37,12.5,18.57,108
Cambridge,test,730,108,TimesFM,TimesFM,"load only, zero-shot foundation model",17,15.2195,9.919,16.68,12.46,18.5,108
Cambridge,test,730,108,TimesFM,TimesFM,"load only, zero-shot foundation model",18,14.3468,9.9468,17.94,12.81,19.54,108
Cambridge,test,730,108,TimesFM,TimesFM,"load only, zero-shot foundation model",19,14.9204,10.2546,19.09,12.92,19.69,108
Cambridge,test,730,108,TimesFM,TimesFM,"load only, zero-shot foundation model",20,15.5904,10.3766,18.73,13.32,19.97,108
Cambridge,test,730,108,TimesFM,TimesFM,"load only, zero-shot foundation model",21,14.8276,10.2417,18.27,12.82,20.1,108
Cambridge,test,730,108,TimesFM,TimesFM,"load only, zero-shot foundation model",22,14.6959,10.0823,19.15,12.82,19.43,108
Cambridge,test,730,108,TimesFM,TimesFM,"load only, zero-shot foundation model",23,16.0568,10.5783,21.56,14.11,21.63,108
Cambridge,test,730,108,TimesFM,TimesFM,"load only, zero-shot foundation model",24,16.829,10.998,19.65,13.39,22.71,108
Cambridge,test,730,108,TimesFM,TimesFM,"load only, zero-shot foundation model",25,17.1841,11.3548,20.33,14.0,24.13,108
Cambridge,test,730,108,TimesFM,TimesFM,"load only, zero-shot foundation model",26,17.8369,11.442,22.0,14.51,23.68,108
Cambridge,test,730,108,TimesFM,TimesFM,"load only, zero-shot foundation model",27,17.8158,11.501,22.09,15.32,23.34,108
Cambridge,test,730,108,TimesFM,TimesFM,"load only, zero-shot foundation model",28,17.0809,11.5208,20.82,14.73,22.63,108
Cambridge,test,730,108,TimesFM,TimesFM,"load only, zero-shot foundation model",29,17.314,11.7048,22.14,15.33,23.02,108
Cambridge,test,730,108,TimesFM,TimesFM,"load only, zero-shot foundation model",30,17.8921,11.7099,21.85,15.29,23.6,108
Cambridge,test,730,108,TimesFM,TimesFM,"load only, zero-shot foundation model",31,17.4699,11.4929,22.55,14.84,24.04,108
Cambridge,test,730,108,RIDGE-L,Ridge (per unit),per-unit regression,1,9.5337,6.559,13.59,9.75,14.39,108
Cambridge,test,730,108,RIDGE-L,Ridge (per unit),per-unit regression,2,19.6603,7.8873,14.24,10.05,14.38,108
Cambridge,test,730,108,RIDGE-L,Ridge (per unit),per-unit regression,3,10.4893,7.5726,14.22,10.74,14.74,108
Cambridge,test,730,108,RIDGE-L,Ridge (per unit),per-unit regression,4,10.9692,7.6092,14.31,10.44,15.17,108
Cambridge,test,730,108,RIDGE-L,Ridge (per unit),per-unit regression,5,10.464,7.349,13.42,9.41,14.47,108
Cambridge,test,730,108,RIDGE-L,Ridge (per unit),per-unit regression,6,11.1581,7.8375,15.19,10.59,15.62,108
Cambridge,test,730,108,RIDGE-L,Ridge (per unit),per-unit regression,7,11.8787,8.2404,15.87,11.57,16.7,108
Cambridge,test,730,108,RIDGE-L,Ridge (per unit),per-unit regression,8,12.5639,8.325,16.16,11.44,16.82,108
Cambridge,test,730,108,RIDGE-L,Ridge (per unit),per-unit regression,9,12.61,8.4846,15.2,11.06,16.31,108
Cambridge,test,730,108,RIDGE-L,Ridge (per unit),per-unit regression,10,12.2263,8.4888,15.7,11.85,17.17,108
Cambridge,test,730,108,RIDGE-L,Ridge (per unit),per-unit regression,11,14.003,9.397,16.84,12.66,18.02,108
Cambridge,test,730,108,RIDGE-L,Ridge (per unit),per-unit regression,12,12.5821,8.6056,16.0,12.09,17.29,108
Cambridge,test,730,108,RIDGE-L,Ridge (per unit),per-unit regression,13,12.8277,9.1081,17.26,12.3,17.49,108
Cambridge,test,730,108,RIDGE-L,Ridge (per unit),per-unit regression,14,13.365,9.2731,17.2,12.96,18.49,108
Cambridge,test,730,108,RIDGE-L,Ridge (per unit),per-unit regression,15,13.4395,9.5177,16.61,12.61,18.82,108
Cambridge,test,730,108,RIDGE-L,Ridge (per unit),per-unit regression,16,13.5783,9.509,17.38,12.25,18.95,108
Cambridge,test,730,108,RIDGE-L,Ridge (per unit),per-unit regression,17,14.9683,9.8189,17.81,13.81,19.08,108
Cambridge,test,730,108,RIDGE-L,Ridge (per unit),per-unit regression,18,13.8279,9.643,17.75,13.47,19.39,108
Cambridge,test,730,108,RIDGE-L,Ridge (per unit),per-unit regression,19,14.0957,9.7924,17.33,12.82,19.07,108
Cambridge,test,730,108,RIDGE-L,Ridge (per unit),per-unit regression,20,15.2053,10.3359,19.32,13.86,20.32,108
Cambridge,test,730,108,RIDGE-L,Ridge (per unit),per-unit regression,21,14.1975,9.8921,19.47,14.37,19.98,108
Cambridge,test,730,108,RIDGE-L,Ridge (per unit),per-unit regression,22,13.916,9.5744,19.07,13.33,19.18,108
Cambridge,test,730,108,RIDGE-L,Ridge (per unit),per-unit regression,23,15.6063,10.6072,20.55,14.23,21.32,108
Cambridge,test,730,108,RIDGE-L,Ridge (per unit),per-unit regression,24,16.5334,11.1371,21.65,15.79,23.26,108
Cambridge,test,730,108,RIDGE-L,Ridge (per unit),per-unit regression,25,14.5061,10.0423,19.36,14.03,21.04,108
Cambridge,test,730,108,RIDGE-L,Ridge (per unit),per-unit regression,26,14.9303,10.169,18.59,13.93,20.21,108
Cambridge,test,730,108,RIDGE-L,Ridge (per unit),per-unit regression,27,16.1859,10.8851,21.05,14.86,21.92,108
Cambridge,test,730,108,RIDGE-L,Ridge (per unit),per-unit regression,28,15.2244,10.3418,20.32,14.72,21.49,108
Cambridge,test,730,108,RIDGE-L,Ridge (per unit),per-unit regression,29,15.8576,10.7343,20.55,14.51,22.1,108
Cambridge,test,730,108,RIDGE-L,Ridge (per unit),per-unit regression,30,16.897,11.1879,21.32,14.83,22.79,108
Cambridge,test,730,108,RIDGE-L,Ridge (per unit),per-unit regression,31,16.6615,11.2051,20.75,14.91,23.54,108
Cambridge,test,730,108,Chronos-2-X,Chronos-2-X,"same information, zero-shot foundation model",1,8.2088,5.1228,11.01,7.66,12.3,108
Cambridge,test,730,108,Chronos-2-X,Chronos-2-X,"same information, zero-shot foundation model",2,19.2118,7.2032,13.27,8.54,13.27,108
Cambridge,test,730,108,Chronos-2-X,Chronos-2-X,"same information, zero-shot foundation model",3,9.9063,6.8862,12.87,8.81,12.84,108
Cambridge,test,730,108,Chronos-2-X,Chronos-2-X,"same information, zero-shot foundation model",4,10.7435,7.0197,12.68,8.76,13.59,108
Cambridge,test,730,108,Chronos-2-X,Chronos-2-X,"same information, zero-shot foundation model",5,10.1036,6.9066,12.62,8.82,13.28,108
Cambridge,test,730,108,Chronos-2-X,Chronos-2-X,"same information, zero-shot foundation model",6,9.4568,6.4073,12.9,8.99,13.35,108
Cambridge,test,730,108,Chronos-2-X,Chronos-2-X,"same information, zero-shot foundation model",7,10.4654,7.1276,14.39,9.49,14.91,108
Cambridge,test,730,108,Chronos-2-X,Chronos-2-X,"same information, zero-shot foundation model",8,11.5746,7.6069,14.11,9.78,15.43,108
Cambridge,test,730,108,Chronos-2-X,Chronos-2-X,"same information, zero-shot foundation model",9,11.744,7.8941,15.1,10.1,15.17,108
Cambridge,test,730,108,Chronos-2-X,Chronos-2-X,"same information, zero-shot foundation model",10,11.6893,7.9351,14.7,10.51,15.67,108
Cambridge,test,730,108,Chronos-2-X,Chronos-2-X,"same information, zero-shot foundation model",11,13.7049,9.0057,16.06,10.64,16.75,108
Cambridge,test,730,108,Chronos-2-X,Chronos-2-X,"same information, zero-shot foundation model",12,12.5469,8.4331,15.08,10.7,16.35,108
Cambridge,test,730,108,Chronos-2-X,Chronos-2-X,"same information, zero-shot foundation model",13,13.4646,8.8009,14.83,11.1,16.15,108
Cambridge,test,730,108,Chronos-2-X,Chronos-2-X,"same information, zero-shot foundation model",14,12.607,8.5296,15.85,11.11,17.28,108
Cambridge,test,730,108,Chronos-2-X,Chronos-2-X,"same information, zero-shot foundation model",15,13.1299,9.1975,16.14,11.26,18.12,108
Cambridge,test,730,108,Chronos-2-X,Chronos-2-X,"same information, zero-shot foundation model",16,12.9094,8.9302,17.65,12.24,17.9,108
Cambridge,test,730,108,Chronos-2-X,Chronos-2-X,"same information, zero-shot foundation model",17,14.7077,9.3818,17.65,12.24,17.87,108
Cambridge,test,730,108,Chronos-2-X,Chronos-2-X,"same information, zero-shot foundation model",18,13.3739,9.1151,18.04,12.12,18.92,108
Cambridge,test,730,108,Chronos-2-X,Chronos-2-X,"same information, zero-shot foundation model",19,13.2794,9.1067,17.99,12.24,18.53,108
Cambridge,test,730,108,Chronos-2-X,Chronos-2-X,"same information, zero-shot foundation model",20,13.5868,9.0965,16.9,12.57,18.4,108
Cambridge,test,730,108,Chronos-2-X,Chronos-2-X,"same information, zero-shot foundation model",21,13.0365,8.9983,16.94,12.07,18.29,108
Cambridge,test,730,108,Chronos-2-X,Chronos-2-X,"same information, zero-shot foundation model",22,12.9781,8.8829,17.18,12.14,17.85,108
Cambridge,test,730,108,Chronos-2-X,Chronos-2-X,"same information, zero-shot foundation model",23,14.193,9.6586,18.35,12.38,20.46,108
Cambridge,test,730,108,Chronos-2-X,Chronos-2-X,"same information, zero-shot foundation model",24,15.2969,10.4029,18.22,13.02,21.13,108
Cambridge,test,730,108,Chronos-2-X,Chronos-2-X,"same information, zero-shot foundation model",25,15.5246,10.5636,20.15,12.89,22.16,108
Cambridge,test,730,108,Chronos-2-X,Chronos-2-X,"same information, zero-shot foundation model",26,15.8644,10.6293,20.48,13.35,21.39,108
Cambridge,test,730,108,Chronos-2-X,Chronos-2-X,"same information, zero-shot foundation model",27,15.3155,10.2567,20.92,14.84,21.33,108
Cambridge,test,730,108,Chronos-2-X,Chronos-2-X,"same information, zero-shot foundation model",28,14.9417,10.4134,19.92,14.39,21.25,108
Cambridge,test,730,108,Chronos-2-X,Chronos-2-X,"same information, zero-shot foundation model",29,15.4741,10.7498,20.3,13.82,21.31,108
Cambridge,test,730,108,Chronos-2-X,Chronos-2-X,"same information, zero-shot foundation model",30,15.5849,10.5537,20.17,14.14,21.73,108
Cambridge,test,730,108,Chronos-2-X,Chronos-2-X,"same information, zero-shot foundation model",31,15.8178,10.6329,20.6,14.68,22.13,108
Cambridge,test,730,108,Chronos-2,Chronos-2,"load only, zero-shot foundation model",1,7.5915,4.6427,10.34,6.91,11.44,108
Cambridge,test,730,108,Chronos-2,Chronos-2,"load only, zero-shot foundation model",2,19.4918,7.168,12.99,8.8,13.18,108
Cambridge,test,730,108,Chronos-2,Chronos-2,"load only, zero-shot foundation model",3,10.2537,6.9863,13.51,9.24,13.27,108
Cambridge,test,730,108,Chronos-2,Chronos-2,"load only, zero-shot foundation model",4,11.3951,7.4293,14.06,9.21,14.27,108
Cambridge,test,730,108,Chronos-2,Chronos-2,"load only, zero-shot foundation model",5,11.1159,7.351,12.98,9.18,13.64,108
Cambridge,test,730,108,Chronos-2,Chronos-2,"load only, zero-shot foundation model",6,10.7927,7.2066,13.4,9.36,14.05,108
Cambridge,test,730,108,Chronos-2,Chronos-2,"load only, zero-shot foundation model",7,11.4842,7.8785,14.74,10.22,15.73,108
Cambridge,test,730,108,Chronos-2,Chronos-2,"load only, zero-shot foundation model",8,12.6368,8.2488,14.33,9.65,16.05,108
Cambridge,test,730,108,Chronos-2,Chronos-2,"load only, zero-shot foundation model",9,12.7568,8.3406,14.93,10.11,15.81,108
Cambridge,test,730,108,Chronos-2,Chronos-2,"load only, zero-shot foundation model",10,12.7777,8.5221,15.7,10.9,16.84,108
Cambridge,test,730,108,Chronos-2,Chronos-2,"load only, zero-shot foundation model",11,14.2629,9.3082,15.88,11.23,17.2,108
Cambridge,test,730,108,Chronos-2,Chronos-2,"load only, zero-shot foundation model",12,13.3982,8.9402,15.74,11.06,17.01,108
Cambridge,test,730,108,Chronos-2,Chronos-2,"load only, zero-shot foundation model",13,14.2525,9.4836,16.33,11.18,17.04,108
Cambridge,test,730,108,Chronos-2,Chronos-2,"load only, zero-shot foundation model",14,13.6571,9.3018,17.97,11.98,18.24,108
Cambridge,test,730,108,Chronos-2,Chronos-2,"load only, zero-shot foundation model",15,14.5436,9.9749,17.46,12.36,19.4,108
Cambridge,test,730,108,Chronos-2,Chronos-2,"load only, zero-shot foundation model",16,14.368,9.8519,18.51,12.96,19.28,108
Cambridge,test,730,108,Chronos-2,Chronos-2,"load only, zero-shot foundation model",17,15.7001,10.0858,18.55,12.32,19.06,108
Cambridge,test,730,108,Chronos-2,Chronos-2,"load only, zero-shot foundation model",18,14.482,9.9998,18.29,13.08,19.83,108
Cambridge,test,730,108,Chronos-2,Chronos-2,"load only, zero-shot foundation model",19,15.3514,10.4591,18.51,12.95,20.06,108
Cambridge,test,730,108,Chronos-2,Chronos-2,"load only, zero-shot foundation model",20,15.4209,10.3209,19.24,13.65,20.06,108
Cambridge,test,730,108,Chronos-2,Chronos-2,"load only, zero-shot foundation model",21,15.0736,10.3584,18.79,13.71,20.29,108
Cambridge,test,730,108,Chronos-2,Chronos-2,"load only, zero-shot foundation model",22,15.0081,10.1883,19.48,13.31,19.59,108
Cambridge,test,730,108,Chronos-2,Chronos-2,"load only, zero-shot foundation model",23,16.5644,10.8991,22.56,14.75,21.99,108
Cambridge,test,730,108,Chronos-2,Chronos-2,"load only, zero-shot foundation model",24,17.1278,11.2368,20.61,13.85,23.21,108
Cambridge,test,730,108,Chronos-2,Chronos-2,"load only, zero-shot foundation model",25,17.3142,11.4569,21.17,13.83,24.12,108
Cambridge,test,730,108,Chronos-2,Chronos-2,"load only, zero-shot foundation model",26,17.8911,11.6071,22.5,14.99,23.63,108
Cambridge,test,730,108,Chronos-2,Chronos-2,"load only, zero-shot foundation model",27,17.8074,11.6552,22.79,15.16,23.52,108
Cambridge,test,730,108,Chronos-2,Chronos-2,"load only, zero-shot foundation model",28,17.0696,11.7154,21.5,14.65,23.06,108
Cambridge,test,730,108,Chronos-2,Chronos-2,"load only, zero-shot foundation model",29,17.5308,11.9391,23.03,16.08,23.53,108
Cambridge,test,730,108,Chronos-2,Chronos-2,"load only, zero-shot foundation model",30,18.1287,12.0477,22.55,15.89,24.08,108
Cambridge,test,730,108,Chronos-2,Chronos-2,"load only, zero-shot foundation model",31,17.6584,11.6366,21.67,15.36,24.28,108
Cambridge,test,730,108,ANKYRA,ANKYRA,,1,8.3991,5.5732,11.75,8.07,12.27,108
Cambridge,test,730,108,ANKYRA,ANKYRA,,2,19.0103,7.2774,12.41,9.05,12.93,108
Cambridge,test,730,108,ANKYRA,ANKYRA,,3,9.3506,6.8569,12.89,9.64,12.65,108
Cambridge,test,730,108,ANKYRA,ANKYRA,,4,10.3325,7.0575,12.88,8.73,13.53,108
Cambridge,test,730,108,ANKYRA,ANKYRA,,5,10.121,7.0289,13.04,8.89,13.19,108
Cambridge,test,730,108,ANKYRA,ANKYRA,,6,10.2064,7.0155,13.98,9.56,13.92,108
Cambridge,test,730,108,ANKYRA,ANKYRA,,7,11.0787,7.694,14.23,9.9,15.23,108
Cambridge,test,730,108,ANKYRA,ANKYRA,,8,11.2632,7.6385,14.1,10.22,15.11,108
Cambridge,test,730,108,ANKYRA,ANKYRA,,9,11.2714,7.5911,14.18,10.28,14.66,108
Cambridge,test,730,108,ANKYRA,ANKYRA,,10,11.0862,7.7084,15.29,10.63,15.2,108
Cambridge,test,730,108,ANKYRA,ANKYRA,,11,12.7812,8.5412,14.71,10.79,16.08,108
Cambridge,test,730,108,ANKYRA,ANKYRA,,12,11.7933,8.0544,15.42,11.25,15.83,108
Cambridge,test,730,108,ANKYRA,ANKYRA,,13,11.6398,8.1508,15.26,11.46,15.77,108
Cambridge,test,730,108,ANKYRA,ANKYRA,,14,12.4743,8.5637,17.4,12.14,17.21,108
Cambridge,test,730,108,ANKYRA,ANKYRA,,15,12.4695,8.8373,15.84,11.4,17.42,108
Cambridge,test,730,108,ANKYRA,ANKYRA,,16,12.3185,8.7501,16.46,11.7,17.44,108
Cambridge,test,730,108,ANKYRA,ANKYRA,,17,13.8117,9.074,15.59,11.8,17.33,108
Cambridge,test,730,108,ANKYRA,ANKYRA,,18,12.5728,8.9644,16.41,12.19,18.28,108
Cambridge,test,730,108,ANKYRA,ANKYRA,,19,13.1402,9.3398,16.38,12.02,18.17,108
Cambridge,test,730,108,ANKYRA,ANKYRA,,20,14.135,9.5355,17.58,12.49,18.67,108
Cambridge,test,730,108,ANKYRA,ANKYRA,,21,13.4668,9.4132,17.62,12.83,18.88,108
Cambridge,test,730,108,ANKYRA,ANKYRA,,22,12.6486,8.8839,17.72,12.42,17.57,108
Cambridge,test,730,108,ANKYRA,ANKYRA,,23,14.1864,9.6033,18.51,13.16,19.82,108
Cambridge,test,730,108,ANKYRA,ANKYRA,,24,15.1969,10.2025,19.42,13.25,21.38,108
Cambridge,test,730,108,ANKYRA,ANKYRA,,25,13.7109,9.5402,16.93,12.33,20.43,108
Cambridge,test,730,108,ANKYRA,ANKYRA,,26,14.1255,9.4933,17.48,12.51,19.81,108
Cambridge,test,730,108,ANKYRA,ANKYRA,,27,14.7917,10.0386,19.23,13.62,20.73,108
Cambridge,test,730,108,ANKYRA,ANKYRA,,28,14.7874,10.1816,19.0,13.83,20.57,108
Cambridge,test,730,108,ANKYRA,ANKYRA,,29,14.8851,10.1152,19.24,14.2,20.89,108
Cambridge,test,730,108,ANKYRA,ANKYRA,,30,15.6606,10.3743,19.95,13.99,21.37,108
Cambridge,test,730,108,ANKYRA,ANKYRA,,31,15.5227,10.3991,19.65,13.7,22.13,108
Cambridge,test,730,108,GBT,GBT (zero-shot),zero-shot gradient boosting,1,12.4497,8.6995,17.05,12.07,18.77,108
Cambridge,test,730,108,GBT,GBT (zero-shot),zero-shot gradient boosting,2,23.0944,10.3461,18.13,12.78,19.22,108
Cambridge,test,730,108,GBT,GBT (zero-shot),zero-shot gradient boosting,3,13.702,10.1373,19.47,14.27,19.08,108
Cambridge,test,730,108,GBT,GBT (zero-shot),zero-shot gradient boosting,4,14.503,10.1157,18.29,12.96,19.49,108
Cambridge,test,730,108,GBT,GBT (zero-shot),zero-shot gradient boosting,5,14.3667,10.1239,17.93,12.82,19.01,108
Cambridge,test,730,108,GBT,GBT (zero-shot),zero-shot gradient boosting,6,14.3608,9.9195,19.48,13.3,19.97,108
Cambridge,test,730,108,GBT,GBT (zero-shot),zero-shot gradient boosting,7,15.085,10.5246,19.48,14.61,21.38,108
Cambridge,test,730,108,GBT,GBT (zero-shot),zero-shot gradient boosting,8,15.937,10.9807,19.96,15.6,22.04,108
Cambridge,test,730,108,GBT,GBT (zero-shot),zero-shot gradient boosting,9,15.9046,10.9032,19.47,13.85,20.61,108
Cambridge,test,730,108,GBT,GBT (zero-shot),zero-shot gradient boosting,10,15.4374,10.9896,20.55,14.55,22.04,108
Cambridge,test,730,108,GBT,GBT (zero-shot),zero-shot gradient boosting,11,17.0785,11.7419,21.16,15.12,22.14,108
Cambridge,test,730,108,GBT,GBT (zero-shot),zero-shot gradient boosting,12,15.966,11.3458,20.71,14.62,21.44,108
Cambridge,test,730,108,GBT,GBT (zero-shot),zero-shot gradient boosting,13,15.655,11.0367,20.8,15.63,21.65,108
Cambridge,test,730,108,GBT,GBT (zero-shot),zero-shot gradient boosting,14,16.3776,11.4509,21.89,16.0,23.19,108
Cambridge,test,730,108,GBT,GBT (zero-shot),zero-shot gradient boosting,15,17.2043,12.1878,23.83,16.92,24.01,108
Cambridge,test,730,108,GBT,GBT (zero-shot),zero-shot gradient boosting,16,16.862,12.0752,21.57,15.49,23.61,108
Cambridge,test,730,108,GBT,GBT (zero-shot),zero-shot gradient boosting,17,17.6974,11.961,21.51,16.32,23.48,108
Cambridge,test,730,108,GBT,GBT (zero-shot),zero-shot gradient boosting,18,16.8444,11.9446,23.21,16.58,23.74,108
Cambridge,test,730,108,GBT,GBT (zero-shot),zero-shot gradient boosting,19,16.8868,11.9097,22.55,16.23,23.14,108
Cambridge,test,730,108,GBT,GBT (zero-shot),zero-shot gradient boosting,20,17.9535,12.2979,23.65,17.0,23.88,108
Cambridge,test,730,108,GBT,GBT (zero-shot),zero-shot gradient boosting,21,16.9238,11.8665,22.94,17.15,24.2,108
Cambridge,test,730,108,GBT,GBT (zero-shot),zero-shot gradient boosting,22,16.7243,11.7335,22.2,16.01,22.91,108
Cambridge,test,730,108,GBT,GBT (zero-shot),zero-shot gradient boosting,23,17.8231,12.5447,23.76,16.46,24.63,108
Cambridge,test,730,108,GBT,GBT (zero-shot),zero-shot gradient boosting,24,18.1247,12.7792,24.31,17.11,26.05,108
Cambridge,test,730,108,GBT,GBT (zero-shot),zero-shot gradient boosting,25,17.3427,12.3549,24.16,16.35,24.94,108
Cambridge,test,730,108,GBT,GBT (zero-shot),zero-shot gradient boosting,26,18.7872,13.0998,23.56,16.11,25.34,108
Cambridge,test,730,108,GBT,GBT (zero-shot),zero-shot gradient boosting,27,19.1464,13.2081,24.23,16.89,26.65,108
Cambridge,test,730,108,GBT,GBT (zero-shot),zero-shot gradient boosting,28,18.5889,13.1055,24.17,17.15,26.68,108
Cambridge,test,730,108,GBT,GBT (zero-shot),zero-shot gradient boosting,29,21.2538,14.7629,26.87,18.9,28.92,108
Cambridge,test,730,108,GBT,GBT (zero-shot),zero-shot gradient boosting,30,21.3672,14.5184,26.29,18.52,29.78,108
Cambridge,test,730,108,GBT,GBT (zero-shot),zero-shot gradient boosting,31,20.6666,14.4837,29.39,20.33,30.28,108
Cambridge,test,730,108,Holt-Winters,Holt-Winters,"load only, statistical",1,12.4955,7.9773,16.43,10.81,16.8,108
Cambridge,test,730,108,Holt-Winters,Holt-Winters,"load only, statistical",2,21.9729,9.0718,16.17,11.64,17.16,108
Cambridge,test,730,108,Holt-Winters,Holt-Winters,"load only, statistical",3,12.2049,8.4515,16.2,11.44,16.66,108
Cambridge,test,730,108,Holt-Winters,Holt-Winters,"load only, statistical",4,12.9061,8.9312,15.73,11.72,16.98,108
Cambridge,test,730,108,Holt-Winters,Holt-Winters,"load only, statistical",5,12.9514,9.0924,15.84,11.68,16.96,108
Cambridge,test,730,108,Holt-Winters,Holt-Winters,"load only, statistical",6,12.925,8.8293,16.26,11.64,17.04,108
Cambridge,test,730,108,Holt-Winters,Holt-Winters,"load only, statistical",7,12.8769,8.9065,17.31,12.16,17.79,108
Cambridge,test,730,108,Holt-Winters,Holt-Winters,"load only, statistical",8,13.838,9.3785,17.25,12.14,18.57,108
Cambridge,test,730,108,Holt-Winters,Holt-Winters,"load only, statistical",9,13.8535,9.5359,17.86,12.29,18.5,108
Cambridge,test,730,108,Holt-Winters,Holt-Winters,"load only, statistical",10,13.5551,9.5547,18.11,12.88,18.68,108
Cambridge,test,730,108,Holt-Winters,Holt-Winters,"load only, statistical",11,15.1353,10.4637,18.23,13.35,19.44,108
Cambridge,test,730,108,Holt-Winters,Holt-Winters,"load only, statistical",12,14.1701,9.904,18.01,12.71,18.97,108
Cambridge,test,730,108,Holt-Winters,Holt-Winters,"load only, statistical",13,14.3185,10.0282,18.05,13.3,19.16,108
Cambridge,test,730,108,Holt-Winters,Holt-Winters,"load only, statistical",14,14.6452,10.396,19.5,13.65,20.33,108
Cambridge,test,730,108,Holt-Winters,Holt-Winters,"load only, statistical",15,15.0688,10.7297,19.91,14.71,21.35,108
Cambridge,test,730,108,Holt-Winters,Holt-Winters,"load only, statistical",16,14.9841,10.5503,19.12,14.06,21.11,108
Cambridge,test,730,108,Holt-Winters,Holt-Winters,"load only, statistical",17,16.6122,11.1004,19.37,14.71,21.18,108
Cambridge,test,730,108,Holt-Winters,Holt-Winters,"load only, statistical",18,15.4463,11.0702,20.08,15.09,22.02,108
Cambridge,test,730,108,Holt-Winters,Holt-Winters,"load only, statistical",19,15.9833,11.5621,20.85,15.24,21.8,108
Cambridge,test,730,108,Holt-Winters,Holt-Winters,"load only, statistical",20,16.6092,11.6259,20.52,14.82,21.92,108
Cambridge,test,730,108,Holt-Winters,Holt-Winters,"load only, statistical",21,15.9915,11.3142,21.56,15.57,22.17,108
Cambridge,test,730,108,Holt-Winters,Holt-Winters,"load only, statistical",22,16.1071,11.3019,20.09,14.55,21.59,108
Cambridge,test,730,108,Holt-Winters,Holt-Winters,"load only, statistical",23,17.3713,11.8546,21.23,16.14,23.94,108
Cambridge,test,730,108,Holt-Winters,Holt-Winters,"load only, statistical",24,18.101,12.3643,20.13,15.04,25.03,108
Cambridge,test,730,108,Holt-Winters,Holt-Winters,"load only, statistical",25,17.9887,12.4603,21.44,15.64,25.32,108
Cambridge,test,730,108,Holt-Winters,Holt-Winters,"load only, statistical",26,18.2398,12.3752,23.62,16.39,25.12,108
Cambridge,test,730,108,Holt-Winters,Holt-Winters,"load only, statistical",27,18.3532,12.1969,25.25,17.26,24.98,108
Cambridge,test,730,108,Holt-Winters,Holt-Winters,"load only, statistical",28,17.6858,12.2733,24.04,17.67,24.61,108
Cambridge,test,730,108,Holt-Winters,Holt-Winters,"load only, statistical",29,18.0412,12.2811,23.66,17.92,25.37,108
Cambridge,test,730,108,Holt-Winters,Holt-Winters,"load only, statistical",30,18.884,12.5464,23.64,16.49,25.67,108
Cambridge,test,730,108,Holt-Winters,Holt-Winters,"load only, statistical",31,18.7006,12.813,23.48,17.24,26.18,108
Cambridge,test,730,108,LYR-profile,Last-year profile,profile,1,21.3567,15.0536,28.66,19.97,28.92,108
Cambridge,test,730,108,LYR-profile,Last-year profile,profile,2,29.6942,15.6898,28.95,20.43,28.5,108
Cambridge,test,730,108,LYR-profile,Last-year profile,profile,3,21.4609,15.4735,26.12,19.3,28.0,108
Cambridge,test,730,108,LYR-profile,Last-year profile,profile,4,23.107,15.5666,25.38,18.88,28.2,108
Cambridge,test,730,108,LYR-profile,Last-year profile,profile,5,20.0179,14.3426,24.07,17.59,26.21,108
Cambridge,test,730,108,LYR-profile,Last-year profile,profile,6,19.7961,13.9051,27.29,18.91,26.62,108
Cambridge,test,730,108,LYR-profile,Last-year profile,profile,7,20.2906,14.2527,26.66,19.58,27.72,108
Cambridge,test,730,108,LYR-profile,Last-year profile,profile,8,21.2375,15.0977,27.59,19.44,28.26,108
Cambridge,test,730,108,LYR-profile,Last-year profile,profile,9,21.6052,15.175,27.25,19.43,27.79,108
Cambridge,test,730,108,LYR-profile,Last-year profile,profile,10,20.1086,14.1707,26.07,19.79,27.68,108
Cambridge,test,730,108,LYR-profile,Last-year profile,profile,11,21.5171,15.2711,26.0,18.4,27.6,108
Cambridge,test,730,108,LYR-profile,Last-year profile,profile,12,20.3878,14.6006,25.85,18.58,27.29,108
Cambridge,test,730,108,LYR-profile,Last-year profile,profile,13,19.4985,13.9176,22.85,17.42,26.39,108
Cambridge,test,730,108,LYR-profile,Last-year profile,profile,14,19.9042,13.9527,25.24,16.73,27.33,108
Cambridge,test,730,108,LYR-profile,Last-year profile,profile,15,19.8715,14.411,26.7,19.04,28.05,108
Cambridge,test,730,108,LYR-profile,Last-year profile,profile,16,20.182,14.4897,24.7,19.17,27.85,108
Cambridge,test,730,108,LYR-profile,Last-year profile,profile,17,21.4532,15.1108,26.24,19.13,27.57,108
Cambridge,test,730,108,LYR-profile,Last-year profile,profile,18,20.3406,14.7018,26.27,19.28,28.52,108
Cambridge,test,730,108,LYR-profile,Last-year profile,profile,19,20.2899,14.5174,27.72,19.2,28.29,108
Cambridge,test,730,108,LYR-profile,Last-year profile,profile,20,20.7525,14.2533,26.34,19.2,27.65,108
Cambridge,test,730,108,LYR-profile,Last-year profile,profile,21,20.3868,14.3284,27.46,19.1,27.66,108
Cambridge,test,730,108,LYR-profile,Last-year profile,profile,22,21.4049,15.0989,27.92,19.94,27.75,108
Cambridge,test,730,108,LYR-profile,Last-year profile,profile,23,21.3331,14.9648,27.7,20.82,28.69,108
Cambridge,test,730,108,LYR-profile,Last-year profile,profile,24,19.6008,13.9795,26.35,18.9,27.6,108
Cambridge,test,730,108,LYR-profile,Last-year profile,profile,25,19.2632,13.818,25.4,18.93,27.63,108
Cambridge,test,730,108,LYR-profile,Last-year profile,profile,26,19.4798,14.0603,24.97,18.81,27.14,108
Cambridge,test,730,108,LYR-profile,Last-year profile,profile,27,19.6944,13.7246,26.02,18.38,27.24,108
Cambridge,test,730,108,LYR-profile,Last-year profile,profile,28,20.0148,13.9949,28.31,20.41,27.4,108
Cambridge,test,730,108,LYR-profile,Last-year profile,profile,29,19.4721,13.7325,25.4,19.09,27.11,108
Cambridge,test,730,108,LYR-profile,Last-year profile,profile,30,19.942,14.1487,25.94,18.17,27.5,108
Cambridge,test,730,108,LYR-profile,Last-year profile,profile,31,19.8434,13.649,25.43,17.27,27.15,108
Cambridge,test,730,108,MSTL,MSTL,"load only, statistical",1,10.003,6.6096,13.57,9.29,14.93,108
Cambridge,test,730,108,MSTL,MSTL,"load only, statistical",2,21.0407,8.7172,15.85,11.38,16.54,108
Cambridge,test,730,108,MSTL,MSTL,"load only, statistical",3,12.2335,8.6407,15.86,11.16,17.06,108
Cambridge,test,730,108,MSTL,MSTL,"load only, statistical",4,13.1919,9.2051,16.8,12.18,17.65,108
Cambridge,test,730,108,MSTL,MSTL,"load only, statistical",5,12.2751,8.6329,16.06,11.36,16.73,108
Cambridge,test,730,108,MSTL,MSTL,"load only, statistical",6,12.3531,8.4319,17.34,12.06,17.2,108
Cambridge,test,730,108,MSTL,MSTL,"load only, statistical",7,13.4069,9.0809,18.49,12.12,18.27,108
Cambridge,test,730,108,MSTL,MSTL,"load only, statistical",8,15.2704,10.3413,18.73,13.29,20.38,108
Cambridge,test,730,108,MSTL,MSTL,"load only, statistical",9,14.9725,10.3014,18.18,12.78,19.51,108
Cambridge,test,730,108,MSTL,MSTL,"load only, statistical",10,14.9596,10.5829,19.01,14.11,20.49,108
Cambridge,test,730,108,MSTL,MSTL,"load only, statistical",11,16.1357,11.1203,19.74,14.14,20.62,108
Cambridge,test,730,108,MSTL,MSTL,"load only, statistical",12,14.9321,10.3196,19.46,13.54,19.92,108
Cambridge,test,730,108,MSTL,MSTL,"load only, statistical",13,14.5416,10.1396,20.32,14.01,19.99,108
Cambridge,test,730,108,MSTL,MSTL,"load only, statistical",14,15.3603,10.2999,20.91,14.49,21.21,108
Cambridge,test,730,108,MSTL,MSTL,"load only, statistical",15,17.0996,11.7446,21.93,14.82,23.73,108
Cambridge,test,730,108,MSTL,MSTL,"load only, statistical",16,16.6957,11.5386,21.56,16.04,22.95,108
Cambridge,test,730,108,MSTL,MSTL,"load only, statistical",17,17.6104,11.5557,21.96,15.39,22.35,108
Cambridge,test,730,108,MSTL,MSTL,"load only, statistical",18,16.7445,11.8045,21.79,15.67,23.28,108
Cambridge,test,730,108,MSTL,MSTL,"load only, statistical",19,16.8675,11.8093,21.25,15.12,22.84,108
Cambridge,test,730,108,MSTL,MSTL,"load only, statistical",20,17.3403,11.6856,22.85,15.98,23.11,108
Cambridge,test,730,108,MSTL,MSTL,"load only, statistical",21,17.4615,11.888,23.13,15.51,23.61,108
Cambridge,test,730,108,MSTL,MSTL,"load only, statistical",22,18.1763,12.3879,24.13,16.97,24.5,108
Cambridge,test,730,108,MSTL,MSTL,"load only, statistical",23,19.2996,13.0965,26.99,18.04,26.33,108
Cambridge,test,730,108,MSTL,MSTL,"load only, statistical",24,19.5649,13.2215,24.26,16.31,26.86,108
Cambridge,test,730,108,MSTL,MSTL,"load only, statistical",25,19.2445,13.1188,25.4,16.54,27.64,108
Cambridge,test,730,108,MSTL,MSTL,"load only, statistical",26,19.1768,12.5836,25.43,16.91,26.69,108
Cambridge,test,730,108,MSTL,MSTL,"load only, statistical",27,19.4101,12.8558,25.12,16.49,26.49,108
Cambridge,test,730,108,MSTL,MSTL,"load only, statistical",28,19.2866,13.0352,25.02,17.76,25.98,108
Cambridge,test,730,108,MSTL,MSTL,"load only, statistical",29,20.1972,13.8253,26.87,18.47,27.25,108
Cambridge,test,730,108,MSTL,MSTL,"load only, statistical",30,20.768,14.1012,26.31,18.0,28.26,108
Cambridge,test,730,108,MSTL,MSTL,"load only, statistical",31,19.8805,13.451,25.3,18.0,28.06,108
Cambridge,test,730,108,SN-day,Seasonal naive (day),naive,1,14.8726,8.8792,18.64,11.73,19.5,108
Cambridge,test,730,108,SN-day,Seasonal naive (day),naive,2,28.4892,13.6829,27.66,17.52,26.85,108
Cambridge,test,730,108,SN-day,Seasonal naive (day),naive,3,21.0652,14.6441,27.7,16.88,28.94,108
Cambridge,test,730,108,SN-day,Seasonal naive (day),naive,4,21.2627,14.2059,28.56,18.07,28.92,108
Cambridge,test,730,108,SN-day,Seasonal naive (day),naive,5,20.5432,13.93,27.96,18.43,28.28,108
Cambridge,test,730,108,SN-day,Seasonal naive (day),naive,6,17.2194,11.1941,23.49,15.83,24.88,108
Cambridge,test,730,108,SN-day,Seasonal naive (day),naive,7,13.3839,8.8957,18.47,11.9,18.55,108
Cambridge,test,730,108,SN-day,Seasonal naive (day),naive,8,18.9851,12.5034,24.7,15.97,24.86,108
Cambridge,test,730,108,SN-day,Seasonal naive (day),naive,9,21.8493,14.9433,28.91,18.28,29.17,108
Cambridge,test,730,108,SN-day,Seasonal naive (day),naive,10,23.0683,16.1022,30.4,19.75,32.07,108
Cambridge,test,730,108,SN-day,Seasonal naive (day),naive,11,23.4211,15.7335,31.07,20.64,30.85,108
Cambridge,test,730,108,SN-day,Seasonal naive (day),naive,12,21.8652,14.9665,31.42,20.93,30.21,108
Cambridge,test,730,108,SN-day,Seasonal naive (day),naive,13,18.8709,12.5511,24.53,16.51,26.65,108
Cambridge,test,730,108,SN-day,Seasonal naive (day),naive,14,15.4294,10.2929,21.29,14.36,21.51,108
Cambridge,test,730,108,SN-day,Seasonal naive (day),naive,15,21.0747,14.3782,28.63,18.24,28.35,108
Cambridge,test,730,108,SN-day,Seasonal naive (day),naive,16,23.5167,16.5528,31.41,21.42,32.44,108
Cambridge,test,730,108,SN-day,Seasonal naive (day),naive,17,25.3328,17.3889,31.1,21.17,33.17,108
Cambridge,test,730,108,SN-day,Seasonal naive (day),naive,18,23.6081,16.3613,31.4,21.61,32.77,108
Cambridge,test,730,108,SN-day,Seasonal naive (day),naive,19,23.0635,16.0874,31.1,21.08,32.27,108
Cambridge,test,730,108,SN-day,Seasonal naive (day),naive,20,21.0227,13.8208,26.88,18.58,28.75,108
Cambridge,test,730,108,SN-day,Seasonal naive (day),naive,21,17.3422,11.6551,23.03,15.27,23.72,108
Cambridge,test,730,108,SN-day,Seasonal naive (day),naive,22,21.2036,14.3837,29.29,19.03,28.56,108
Cambridge,test,730,108,SN-day,Seasonal naive (day),naive,23,24.0515,16.7969,33.48,22.95,33.36,108
Cambridge,test,730,108,SN-day,Seasonal naive (day),naive,24,25.169,17.6259,35.72,23.37,35.65,108
Cambridge,test,730,108,SN-day,Seasonal naive (day),naive,25,24.4183,16.933,33.66,22.29,34.34,108
Cambridge,test,730,108,SN-day,Seasonal naive (day),naive,26,24.4158,16.7586,32.62,22.72,32.78,108
Cambridge,test,730,108,SN-day,Seasonal naive (day),naive,27,21.4757,14.3809,29.66,20.16,29.45,108
Cambridge,test,730,108,SN-day,Seasonal naive (day),naive,28,19.2514,12.9222,25.13,17.6,26.3,108
Cambridge,test,730,108,SN-day,Seasonal naive (day),naive,29,22.8411,15.5176,30.95,20.28,29.76,108
Cambridge,test,730,108,SN-day,Seasonal naive (day),naive,30,24.5782,17.1945,34.04,22.99,33.67,108
Cambridge,test,730,108,SN-day,Seasonal naive (day),naive,31,25.4459,17.8426,36.76,25.35,35.34,108
Cambridge,test,730,108,SN-week,Seasonal naive (week),naive,1,11.8784,7.8279,15.53,10.49,17.09,108
Cambridge,test,730,108,SN-week,Seasonal naive (week),naive,2,21.5998,9.0512,17.28,11.04,17.23,108
Cambridge,test,730,108,SN-week,Seasonal naive (week),naive,3,12.3688,8.5934,17.06,11.25,16.91,108
Cambridge,test,730,108,SN-week,Seasonal naive (week),naive,4,13.3392,8.8121,16.74,10.82,17.17,108
Cambridge,test,730,108,SN-week,Seasonal naive (week),naive,5,12.3784,8.2868,16.12,10.35,16.1,108
Cambridge,test,730,108,SN-week,Seasonal naive (week),naive,6,12.7262,8.3626,17.34,11.63,17.26,108
Cambridge,test,730,108,SN-week,Seasonal naive (week),naive,7,13.3839,8.8957,18.47,11.9,18.55,108
Cambridge,test,730,108,SN-week,Seasonal naive (week),naive,8,16.5129,10.7873,19.36,12.92,21.43,108
Cambridge,test,730,108,SN-week,Seasonal naive (week),naive,9,15.3186,10.1351,19.59,13.39,19.86,108
Cambridge,test,730,108,SN-week,Seasonal naive (week),naive,10,14.8128,10.021,20.57,13.45,20.44,108
Cambridge,test,730,108,SN-week,Seasonal naive (week),naive,11,15.9891,10.6159,19.74,13.16,20.48,108
Cambridge,test,730,108,SN-week,Seasonal naive (week),naive,12,15.0027,10.0302,19.47,13.03,19.54,108
Cambridge,test,730,108,SN-week,Seasonal naive (week),naive,13,14.582,9.8699,19.37,13.19,19.85,108
Cambridge,test,730,108,SN-week,Seasonal naive (week),naive,14,15.4294,10.2929,21.29,14.36,21.51,108
Cambridge,test,730,108,SN-week,Seasonal naive (week),naive,15,17.801,12.0264,21.47,14.66,23.78,108
Cambridge,test,730,108,SN-week,Seasonal naive (week),naive,16,16.5464,11.3434,21.66,15.13,22.5,108
Cambridge,test,730,108,SN-week,Seasonal naive (week),naive,17,17.2674,11.2521,21.01,13.85,21.55,108
Cambridge,test,730,108,SN-week,Seasonal naive (week),naive,18,17.1068,11.6946,22.05,14.84,23.02,108
Cambridge,test,730,108,SN-week,Seasonal naive (week),naive,19,17.0239,11.6073,21.09,14.01,22.19,108
Cambridge,test,730,108,SN-week,Seasonal naive (week),naive,20,17.5975,11.5808,22.73,14.77,23.32,108
Cambridge,test,730,108,SN-week,Seasonal naive (week),naive,21,17.3422,11.6551,23.03,15.27,23.72,108
Cambridge,test,730,108,SN-week,Seasonal naive (week),naive,22,18.1492,12.1987,22.4,15.67,23.84,108
Cambridge,test,730,108,SN-week,Seasonal naive (week),naive,23,18.5814,12.3748,24.97,16.63,25.2,108
Cambridge,test,730,108,SN-week,Seasonal naive (week),naive,24,18.7463,12.381,24.0,15.97,25.97,108
Cambridge,test,730,108,SN-week,Seasonal naive (week),naive,25,19.0347,12.5621,24.06,15.54,26.77,108
Cambridge,test,730,108,SN-week,Seasonal naive (week),naive,26,19.5288,12.5765,24.42,15.41,26.26,108
Cambridge,test,730,108,SN-week,Seasonal naive (week),naive,27,19.7609,12.8404,25.18,16.62,26.32,108
Cambridge,test,730,108,SN-week,Seasonal naive (week),naive,28,19.2514,12.9222,25.13,17.6,26.3,108
Cambridge,test,730,108,SN-week,Seasonal naive (week),naive,29,20.3527,13.8089,25.28,17.44,27.25,108
Cambridge,test,730,108,SN-week,Seasonal naive (week),naive,30,19.9682,13.2155,26.5,17.25,27.17,108
Cambridge,test,730,108,SN-week,Seasonal naive (week),naive,31,18.9718,12.5494,25.04,16.56,26.79,108
Cambridge,test,730,108,SP-profile,Previous-month profile,profile,1,14.402,10.63,18.97,13.99,20.67,108
Cambridge,test,730,108,SP-profile,Previous-month profile,profile,2,23.4732,11.451,19.57,15.07,20.18,108
Cambridge,test,730,108,SP-profile,Previous-month profile,profile,3,14.1759,11.1866,19.3,15.11,19.72,108
Cambridge,test,730,108,SP-profile,Previous-month profile,profile,4,13.7233,10.2588,18.99,14.25,19.38,108
Cambridge,test,730,108,SP-profile,Previous-month profile,profile,5,12.6617,9.5814,17.35,13.2,18.49,108
Cambridge,test,730,108,SP-profile,Previous-month profile,profile,6,13.3656,9.6113,18.13,13.91,18.76,108
Cambridge,test,730,108,SP-profile,Previous-month profile,profile,7,13.6213,10.2159,19.48,14.94,20.63,108
Cambridge,test,730,108,SP-profile,Previous-month profile,profile,8,13.8528,10.1739,19.32,15.27,21.15,108
Cambridge,test,730,108,SP-profile,Previous-month profile,profile,9,14.1986,10.5508,18.95,14.3,20.11,108
Cambridge,test,730,108,SP-profile,Previous-month profile,profile,10,14.664,11.3453,19.54,15.06,21.09,108
Cambridge,test,730,108,SP-profile,Previous-month profile,profile,11,15.5055,11.2874,19.41,15.24,21.42,108
Cambridge,test,730,108,SP-profile,Previous-month profile,profile,12,13.821,10.3865,20.18,15.3,20.46,108
Cambridge,test,730,108,SP-profile,Previous-month profile,profile,13,14.0536,10.3981,19.26,14.38,20.6,108
Cambridge,test,730,108,SP-profile,Previous-month profile,profile,14,14.3234,11.0324,22.22,16.38,22.25,108
Cambridge,test,730,108,SP-profile,Previous-month profile,profile,15,15.0388,11.398,21.98,17.26,23.36,108
Cambridge,test,730,108,SP-profile,Previous-month profile,profile,16,14.9384,11.5516,22.64,15.96,22.89,108
Cambridge,test,730,108,SP-profile,Previous-month profile,profile,17,17.0412,12.2488,22.8,17.14,22.97,108
Cambridge,test,730,108,SP-profile,Previous-month profile,profile,18,14.8052,11.2842,20.17,16.03,22.77,108
Cambridge,test,730,108,SP-profile,Previous-month profile,profile,19,14.619,11.0913,20.04,15.64,22.21,108
Cambridge,test,730,108,SP-profile,Previous-month profile,profile,20,16.6396,12.1451,22.27,16.66,22.95,108
Cambridge,test,730,108,SP-profile,Previous-month profile,profile,21,15.7687,12.1108,22.11,17.41,23.99,108
Cambridge,test,730,108,SP-profile,Previous-month profile,profile,22,15.0868,11.3968,22.3,16.66,22.89,108
Cambridge,test,730,108,SP-profile,Previous-month profile,profile,23,15.874,12.0122,23.21,18.25,24.03,108
Cambridge,test,730,108,SP-profile,Previous-month profile,profile,24,17.4381,12.9966,25.92,19.27,26.1,108
Cambridge,test,730,108,SP-profile,Previous-month profile,profile,25,16.6789,12.6542,22.84,18.01,25.19,108
Cambridge,test,730,108,SP-profile,Previous-month profile,profile,26,16.4305,12.4244,23.54,17.75,23.98,108
Cambridge,test,730,108,SP-profile,Previous-month profile,profile,27,17.0706,12.5107,24.93,17.77,24.82,108
Cambridge,test,730,108,SP-profile,Previous-month profile,profile,28,16.5569,12.7508,24.94,19.35,24.87,108
Cambridge,test,730,108,SP-profile,Previous-month profile,profile,29,17.2887,12.9527,24.71,18.97,25.76,108
Cambridge,test,730,108,SP-profile,Previous-month profile,profile,30,17.8424,13.2356,25.03,19.53,26.21,108
Cambridge,test,730,108,SP-profile,Previous-month profile,profile,31,18.2869,13.6865,27.31,20.35,27.05,108
Cambridge,test,730,108,TimesFM-X,TimesFM-X,"same information, zero-shot foundation model",1,8.6398,6.0206,12.14,8.64,12.75,108
Cambridge,test,730,108,TimesFM-X,TimesFM-X,"same information, zero-shot foundation model",2,19.4828,7.5259,13.52,9.78,13.8,108
Cambridge,test,730,108,TimesFM-X,TimesFM-X,"same information, zero-shot foundation model",3,10.2232,7.378,13.56,9.94,13.99,108
Cambridge,test,730,108,TimesFM-X,TimesFM-X,"same information, zero-shot foundation model",4,11.4061,7.9848,14.0,10.12,14.59,108
Cambridge,test,730,108,TimesFM-X,TimesFM-X,"same information, zero-shot foundation model",5,11.066,7.7275,14.17,9.96,14.16,108
Cambridge,test,730,108,TimesFM-X,TimesFM-X,"same information, zero-shot foundation model",6,11.1732,7.672,14.37,10.31,14.86,108
Cambridge,test,730,108,TimesFM-X,TimesFM-X,"same information, zero-shot foundation model",7,11.8247,8.2228,15.97,11.05,16.13,108
Cambridge,test,730,108,TimesFM-X,TimesFM-X,"same information, zero-shot foundation model",8,12.7033,8.4639,14.85,10.65,16.64,108
Cambridge,test,730,108,TimesFM-X,TimesFM-X,"same information, zero-shot foundation model",9,12.5645,8.4768,15.78,10.93,16.2,108
Cambridge,test,730,108,TimesFM-X,TimesFM-X,"same information, zero-shot foundation model",10,12.3952,8.6708,15.59,11.36,17.07,108
Cambridge,test,730,108,TimesFM-X,TimesFM-X,"same information, zero-shot foundation model",11,13.7655,9.3085,16.72,11.82,17.66,108
Cambridge,test,730,108,TimesFM-X,TimesFM-X,"same information, zero-shot foundation model",12,12.8455,8.6301,16.94,11.64,17.24,108
Cambridge,test,730,108,TimesFM-X,TimesFM-X,"same information, zero-shot foundation model",13,13.1559,8.9602,16.85,11.92,17.51,108
Cambridge,test,730,108,TimesFM-X,TimesFM-X,"same information, zero-shot foundation model",14,13.9769,9.5103,18.63,12.83,18.99,108
Cambridge,test,730,108,TimesFM-X,TimesFM-X,"same information, zero-shot foundation model",15,14.5385,10.0855,16.81,12.02,19.34,108
Cambridge,test,730,108,TimesFM-X,TimesFM-X,"same information, zero-shot foundation model",16,14.457,10.0007,18.3,12.88,19.32,108
Cambridge,test,730,108,TimesFM-X,TimesFM-X,"same information, zero-shot foundation model",17,15.8472,10.3663,18.06,12.94,19.34,108
Cambridge,test,730,108,TimesFM-X,TimesFM-X,"same information, zero-shot foundation model",18,14.8862,10.4956,18.63,13.67,20.1,108
Cambridge,test,730,108,TimesFM-X,TimesFM-X,"same information, zero-shot foundation model",19,15.256,10.4923,19.04,13.09,20.3,108
Cambridge,test,730,108,TimesFM-X,TimesFM-X,"same information, zero-shot foundation model",20,16.0071,10.7439,20.32,13.52,20.45,108
Cambridge,test,730,108,TimesFM-X,TimesFM-X,"same information, zero-shot foundation model",21,15.3001,10.5607,19.28,13.69,20.74,108
Cambridge,test,730,108,TimesFM-X,TimesFM-X,"same information, zero-shot foundation model",22,15.2223,10.4199,19.64,14.31,20.26,108
Cambridge,test,730,108,TimesFM-X,TimesFM-X,"same information, zero-shot foundation model",23,16.5396,11.0973,22.97,15.51,22.08,108
Cambridge,test,730,108,TimesFM-X,TimesFM-X,"same information, zero-shot foundation model",24,17.1735,11.428,20.89,14.99,23.23,108
Cambridge,test,730,108,TimesFM-X,TimesFM-X,"same information, zero-shot foundation model",25,16.6239,11.3297,20.25,13.96,23.49,108
Cambridge,test,730,108,TimesFM-X,TimesFM-X,"same information, zero-shot foundation model",26,17.0266,11.3225,22.62,14.71,23.19,108
Cambridge,test,730,108,TimesFM-X,TimesFM-X,"same information, zero-shot foundation model",27,17.5145,11.6434,21.41,15.24,23.65,108
Cambridge,test,730,108,TimesFM-X,TimesFM-X,"same information, zero-shot foundation model",28,17.2912,11.801,21.63,15.37,23.46,108
Cambridge,test,730,108,TimesFM-X,TimesFM-X,"same information, zero-shot foundation model",29,17.8182,12.0727,23.69,16.53,23.99,108
Cambridge,test,730,108,TimesFM-X,TimesFM-X,"same information, zero-shot foundation model",30,18.2111,12.1538,22.69,15.57,24.33,108
Cambridge,test,730,108,TimesFM-X,TimesFM-X,"same information, zero-shot foundation model",31,17.9669,12.0927,22.45,15.24,24.56,108
Cambridge,test,730,108,WeekProf4,4-week profile,profile,1,13.0758,8.9472,16.36,11.6,17.27,108
Cambridge,test,730,108,WeekProf4,4-week profile,profile,2,20.7909,8.4241,15.03,10.51,16.06,108
Cambridge,test,730,108,WeekProf4,4-week profile,profile,3,10.5652,7.4373,15.07,10.05,14.81,108
Cambridge,test,730,108,WeekProf4,4-week profile,profile,4,10.9935,7.3987,14.18,9.54,14.68,108
Cambridge,test,730,108,WeekProf4,4-week profile,profile,5,10.2513,7.0256,13.54,9.1,14.3,108
Cambridge,test,730,108,WeekProf4,4-week profile,profile,6,10.3278,7.1204,14.38,9.3,14.48,108
Cambridge,test,730,108,WeekProf4,4-week profile,profile,7,11.1087,7.6738,15.15,10.62,15.99,108
Cambridge,test,730,108,WeekProf4,4-week profile,profile,8,12.124,8.3135,15.93,11.09,17.39,108
Cambridge,test,730,108,WeekProf4,4-week profile,profile,9,12.0171,8.0141,15.63,10.98,17.1,108
Cambridge,test,730,108,WeekProf4,4-week profile,profile,10,11.7689,8.1767,15.11,11.32,17.01,108
Cambridge,test,730,108,WeekProf4,4-week profile,profile,11,13.5054,8.7013,16.69,11.46,17.69,108
Cambridge,test,730,108,WeekProf4,4-week profile,profile,12,12.2065,8.2188,16.92,11.33,17.18,108
Cambridge,test,730,108,WeekProf4,4-week profile,profile,13,11.8127,8.4468,16.13,11.69,17.28,108
Cambridge,test,730,108,WeekProf4,4-week profile,profile,14,12.5073,8.733,17.44,12.4,18.7,108
Cambridge,test,730,108,WeekProf4,4-week profile,profile,15,13.2173,9.4248,18.17,13.42,20.16,108
Cambridge,test,730,108,WeekProf4,4-week profile,profile,16,12.7447,8.9987,18.38,13.25,19.98,108
Cambridge,test,730,108,WeekProf4,4-week profile,profile,17,14.5133,9.238,17.27,12.19,19.16,108
Cambridge,test,730,108,WeekProf4,4-week profile,profile,18,13.0218,9.1595,17.8,12.93,20.14,108
Cambridge,test,730,108,WeekProf4,4-week profile,profile,19,13.3865,9.4472,16.81,12.32,20.1,108
Cambridge,test,730,108,WeekProf4,4-week profile,profile,20,14.2541,9.6207,17.2,12.22,20.16,108
Cambridge,test,730,108,WeekProf4,4-week profile,profile,21,13.7261,9.5856,18.22,13.02,20.44,108
Cambridge,test,730,108,WeekProf4,4-week profile,profile,22,13.6244,9.6448,19.31,13.01,20.4,108
Cambridge,test,730,108,WeekProf4,4-week profile,profile,23,14.7585,10.0914,21.35,14.4,22.37,108
Cambridge,test,730,108,WeekProf4,4-week profile,profile,24,15.6839,10.4123,21.53,13.33,23.17,108
Cambridge,test,730,108,WeekProf4,4-week profile,profile,25,15.4737,10.4234,20.08,13.94,23.68,108
Cambridge,test,730,108,WeekProf4,4-week profile,profile,26,16.0643,10.6011,22.57,13.82,23.08,108
Cambridge,test,730,108,WeekProf4,4-week profile,profile,27,16.2763,10.9814,22.68,15.07,23.43,108
Cambridge,test,730,108,WeekProf4,4-week profile,profile,28,15.8435,10.9628,22.21,14.9,23.12,108
Cambridge,test,730,108,WeekProf4,4-week profile,profile,29,16.1841,11.0705,22.57,15.98,23.88,108
Cambridge,test,730,108,WeekProf4,4-week profile,profile,30,16.9888,11.4084,23.76,15.79,24.57,108
Cambridge,test,730,108,WeekProf4,4-week profile,profile,31,16.5831,11.0823,23.82,14.95,24.26,108
Cambridge,test,730,108,DLinear,DLinear,"load only, trained",1,9.1471,6.2115,11.99,8.82,13.62,108
Cambridge,test,730,108,DLinear,DLinear,"load only, trained",2,19.7785,7.7373,14.43,10.57,14.72,108
Cambridge,test,730,108,DLinear,DLinear,"load only, trained",3,10.9912,8.1935,14.41,10.77,15.1,108
Cambridge,test,730,108,DLinear,DLinear,"load only, trained",4,11.7286,8.4954,14.02,10.86,15.43,108
Cambridge,test,730,108,DLinear,DLinear,"load only, trained",5,11.3175,8.381,13.89,10.24,15.01,108
Cambridge,test,730,108,DLinear,DLinear,"load only, trained",6,11.3799,8.1199,14.94,11.03,15.44,108
Cambridge,test,730,108,DLinear,DLinear,"load only, trained",7,12.0098,8.6636,16.9,12.89,17.05,108
Cambridge,test,730,108,DLinear,DLinear,"load only, trained",8,12.8339,9.0013,17.02,13.02,17.98,108
Cambridge,test,730,108,DLinear,DLinear,"load only, trained",9,13.088,9.3427,16.82,12.77,17.42,108
Cambridge,test,730,108,DLinear,DLinear,"load only, trained",10,13.4021,9.8882,16.99,13.12,18.29,108
Cambridge,test,730,108,DLinear,DLinear,"load only, trained",11,15.3764,10.9816,19.12,14.63,19.42,108
Cambridge,test,730,108,DLinear,DLinear,"load only, trained",12,14.307,10.5591,19.38,14.64,19.1,108
Cambridge,test,730,108,DLinear,DLinear,"load only, trained",13,13.7912,10.3531,18.27,14.37,18.74,108
Cambridge,test,730,108,DLinear,DLinear,"load only, trained",14,14.3659,10.497,19.91,14.99,20.27,108
Cambridge,test,730,108,DLinear,DLinear,"load only, trained",15,15.5962,11.6925,21.44,17.53,21.89,108
Cambridge,test,730,108,DLinear,DLinear,"load only, trained",16,15.6248,12.0202,21.18,17.15,22.2,108
Cambridge,test,730,108,DLinear,DLinear,"load only, trained",17,16.6182,11.97,20.79,16.0,21.21,108
Cambridge,test,730,108,DLinear,DLinear,"load only, trained",18,15.9396,12.061,22.22,16.55,22.46,108
Cambridge,test,730,108,DLinear,DLinear,"load only, trained",19,15.911,12.0095,21.0,16.49,21.92,108
Cambridge,test,730,108,DLinear,DLinear,"load only, trained",20,16.4346,11.911,21.59,15.96,22.21,108
Cambridge,test,730,108,DLinear,DLinear,"load only, trained",21,16.778,12.739,23.18,18.32,23.26,108
Cambridge,test,730,108,DLinear,DLinear,"load only, trained",22,16.2826,12.4554,23.42,18.4,22.63,108
Cambridge,test,730,108,DLinear,DLinear,"load only, trained",23,17.4033,13.2587,23.82,19.3,24.23,108
Cambridge,test,730,108,DLinear,DLinear,"load only, trained",24,18.2534,13.7455,25.31,19.4,25.38,108
Cambridge,test,730,108,DLinear,DLinear,"load only, trained",25,18.606,14.1882,25.52,20.08,26.45,108
Cambridge,test,730,108,DLinear,DLinear,"load only, trained",26,19.2323,14.3226,26.65,20.1,26.2,108
Cambridge,test,730,108,DLinear,DLinear,"load only, trained",27,18.3469,13.8658,26.14,19.97,25.12,108
Cambridge,test,730,108,DLinear,DLinear,"load only, trained",28,18.5415,14.3002,26.93,20.16,25.88,108
Cambridge,test,730,108,DLinear,DLinear,"load only, trained",29,18.7211,14.2814,26.68,20.9,26.75,108
Cambridge,test,730,108,DLinear,DLinear,"load only, trained",30,18.4145,13.7812,26.18,20.31,26.06,108
Cambridge,test,730,108,DLinear,DLinear,"load only, trained",31,19.0356,14.3954,26.49,20.64,27.3,108
Cambridge,test,730,108,GBT-T,GBT-T,"same information, trained",1,10.4419,6.9814,13.47,9.68,15.12,108
Cambridge,test,730,108,GBT-T,GBT-T,"same information, trained",2,20.4961,8.2716,13.89,10.01,15.37,108
Cambridge,test,730,108,GBT-T,GBT-T,"same information, trained",3,11.2076,7.8273,13.79,10.36,15.02,108
Cambridge,test,730,108,GBT-T,GBT-T,"same information, trained",4,12.2614,8.0068,13.84,10.23,14.95,108
Cambridge,test,730,108,GBT-T,GBT-T,"same information, trained",5,11.1416,7.5608,13.08,9.12,14.35,108
Cambridge,test,730,108,GBT-T,GBT-T,"same information, trained",6,11.1232,7.4854,13.99,9.92,14.9,108
Cambridge,test,730,108,GBT-T,GBT-T,"same information, trained",7,11.9599,8.1331,15.9,11.24,16.01,108
Cambridge,test,730,108,GBT-T,GBT-T,"same information, trained",8,12.6821,8.4364,15.57,10.56,16.62,108
Cambridge,test,730,108,GBT-T,GBT-T,"same information, trained",9,12.797,8.5946,15.71,11.08,16.61,108
Cambridge,test,730,108,GBT-T,GBT-T,"same information, trained",10,12.0899,8.2503,15.59,10.95,16.59,108
Cambridge,test,730,108,GBT-T,GBT-T,"same information, trained",11,13.897,9.1353,15.79,12.05,17.58,108
Cambridge,test,730,108,GBT-T,GBT-T,"same information, trained",12,12.3787,8.5334,15.45,11.19,16.78,108
Cambridge,test,730,108,GBT-T,GBT-T,"same information, trained",13,20.449,11.286,14.88,11.51,18.66,108
Cambridge,test,730,108,GBT-T,GBT-T,"same information, trained",14,22.4232,12.3356,17.07,12.0,19.96,108
Cambridge,test,730,108,GBT-T,GBT-T,"same information, trained",15,22.3053,12.7633,16.68,12.62,20.51,108
Cambridge,test,730,108,GBT-T,GBT-T,"same information, trained",16,20.5828,12.0772,17.85,13.19,20.37,108
Cambridge,test,730,108,GBT-T,GBT-T,"same information, trained",17,22.9517,12.6645,17.85,13.6,20.03,108
Cambridge,test,730,108,GBT-T,GBT-T,"same information, trained",18,21.0522,12.0752,18.17,13.2,21.25,108
Cambridge,test,730,108,GBT-T,GBT-T,"same information, trained",19,20.456,11.8768,16.9,12.51,20.49,108
Cambridge,test,730,108,GBT-T,GBT-T,"same information, trained",20,20.4033,11.9707,18.31,12.86,20.34,108
Cambridge,test,730,108,GBT-T,GBT-T,"same information, trained",21,19.918,11.627,17.81,12.76,20.34,108
Cambridge,test,730,108,GBT-T,GBT-T,"same information, trained",22,19.3331,11.5776,17.45,12.17,19.84,108
Cambridge,test,730,108,GBT-T,GBT-T,"same information, trained",23,17.8351,11.3689,19.05,13.5,20.67,108
Cambridge,test,730,108,GBT-T,GBT-T,"same information, trained",24,15.5554,10.4425,18.99,13.47,20.19,108
Cambridge,test,730,108,GBT-T,GBT-T,"same information, trained",25,14.9453,10.0975,19.24,13.26,19.96,108
Cambridge,test,730,108,GBT-T,GBT-T,"same information, trained",26,14.5924,9.8876,18.36,12.68,18.84,108
Cambridge,test,730,108,GBT-T,GBT-T,"same information, trained",27,14.3783,9.8824,18.36,13.61,19.37,108
Cambridge,test,730,108,GBT-T,GBT-T,"same information, trained",28,13.9965,9.5747,19.13,13.19,19.18,108
Cambridge,test,730,108,GBT-T,GBT-T,"same information, trained",29,14.9327,10.2473,19.75,13.81,19.93,108
Cambridge,test,730,108,GBT-T,GBT-T,"same information, trained",30,14.879,10.0221,19.15,13.59,19.43,108
Cambridge,test,730,108,GBT-T,GBT-T,"same information, trained",31,14.962,9.713,18.18,12.94,19.71,108
Cambridge,test,730,108,iTransformer-X,iTransformer-X,"same information, trained",1,9.3531,6.3341,12.93,8.89,14.25,108
Cambridge,test,730,108,iTransformer-X,iTransformer-X,"same information, trained",2,19.5683,7.625,14.29,9.89,14.94,108
Cambridge,test,730,108,iTransformer-X,iTransformer-X,"same information, trained",3,10.6355,7.5262,14.59,11.21,14.78,108
Cambridge,test,730,108,iTransformer-X,iTransformer-X,"same information, trained",4,11.3211,7.7985,14.17,10.6,15.26,108
Cambridge,test,730,108,iTransformer-X,iTransformer-X,"same information, trained",5,10.4775,7.3986,13.27,9.39,14.66,108
Cambridge,test,730,108,iTransformer-X,iTransformer-X,"same information, trained",6,10.3708,7.3581,14.61,10.61,14.98,108
Cambridge,test,730,108,iTransformer-X,iTransformer-X,"same information, trained",7,10.7484,7.5857,15.96,11.56,16.1,108
Cambridge,test,730,108,iTransformer-X,iTransformer-X,"same information, trained",8,11.0013,7.5209,14.55,10.38,16.13,108
Cambridge,test,730,108,iTransformer-X,iTransformer-X,"same information, trained",9,11.2748,7.6462,14.82,10.75,15.93,108
Cambridge,test,730,108,iTransformer-X,iTransformer-X,"same information, trained",10,11.5561,7.9922,15.14,11.18,16.65,108
Cambridge,test,730,108,iTransformer-X,iTransformer-X,"same information, trained",11,13.2195,8.78,16.53,11.86,17.1,108
Cambridge,test,730,108,iTransformer-X,iTransformer-X,"same information, trained",12,11.9175,8.2437,16.56,11.84,16.98,108
Cambridge,test,730,108,iTransformer-X,iTransformer-X,"same information, trained",13,11.575,8.2937,15.48,11.66,16.78,108
Cambridge,test,730,108,iTransformer-X,iTransformer-X,"same information, trained",14,12.1826,8.6073,16.95,12.16,17.62,108
Cambridge,test,730,108,iTransformer-X,iTransformer-X,"same information, trained",15,12.0783,8.6055,15.91,12.74,18.26,108
Cambridge,test,730,108,iTransformer-X,iTransformer-X,"same information, trained",16,11.7636,8.3154,16.37,12.44,17.93,108
Cambridge,test,730,108,iTransformer-X,iTransformer-X,"same information, trained",17,13.7222,8.9242,16.48,12.04,17.72,108
Cambridge,test,730,108,iTransformer-X,iTransformer-X,"same information, trained",18,12.5975,8.8359,16.54,12.63,18.88,108
Cambridge,test,730,108,iTransformer-X,iTransformer-X,"same information, trained",19,12.7901,9.0435,18.06,12.68,19.03,108
Cambridge,test,730,108,iTransformer-X,iTransformer-X,"same information, trained",20,12.9945,8.8385,17.5,12.61,18.54,108
Cambridge,test,730,108,iTransformer-X,iTransformer-X,"same information, trained",21,12.0152,8.4572,18.15,13.09,18.24,108
Cambridge,test,730,108,iTransformer-X,iTransformer-X,"same information, trained",22,11.7578,8.3687,16.28,12.0,17.41,108
Cambridge,test,730,108,iTransformer-X,iTransformer-X,"same information, trained",23,12.544,8.6984,17.17,13.01,18.65,108
Cambridge,test,730,108,iTransformer-X,iTransformer-X,"same information, trained",24,13.69,9.2791,18.74,13.85,20.12,108
Cambridge,test,730,108,iTransformer-X,iTransformer-X,"same information, trained",25,14.1001,9.7902,17.37,12.76,21.49,108
Cambridge,test,730,108,iTransformer-X,iTransformer-X,"same information, trained",26,14.147,9.7394,17.95,13.15,20.69,108
Cambridge,test,730,108,iTransformer-X,iTransformer-X,"same information, trained",27,14.1843,9.9039,18.93,13.89,20.78,108
Cambridge,test,730,108,iTransformer-X,iTransformer-X,"same information, trained",28,13.6865,9.7361,20.67,14.4,20.44,108
Cambridge,test,730,108,iTransformer-X,iTransformer-X,"same information, trained",29,13.901,9.7772,19.79,14.35,20.58,108
Cambridge,test,730,108,iTransformer-X,iTransformer-X,"same information, trained",30,14.7113,10.0672,20.88,14.7,21.16,108
Cambridge,test,730,108,iTransformer-X,iTransformer-X,"same information, trained",31,14.9104,10.1223,19.49,14.15,21.49,108
Cambridge,test,730,108,iTransformer,iTransformer,"load only, trained",1,9.3107,6.3399,12.84,8.63,14.17,108
Cambridge,test,730,108,iTransformer,iTransformer,"load only, trained",2,19.5882,7.5856,14.47,10.08,14.96,108
Cambridge,test,730,108,iTransformer,iTransformer,"load only, trained",3,10.2279,7.295,14.39,10.83,14.64,108
Cambridge,test,730,108,iTransformer,iTransformer,"load only, trained",4,10.9112,7.5669,14.29,10.28,14.85,108
Cambridge,test,730,108,iTransformer,iTransformer,"load only, trained",5,10.4967,7.3807,13.64,9.78,14.7,108
Cambridge,test,730,108,iTransformer,iTransformer,"load only, trained",6,10.5361,7.3601,14.76,10.65,15.14,108
Cambridge,test,730,108,iTransformer,iTransformer,"load only, trained",7,11.0212,7.6611,16.65,11.77,16.57,108
Cambridge,test,730,108,iTransformer,iTransformer,"load only, trained",8,11.4874,7.7901,15.48,11.02,16.54,108
Cambridge,test,730,108,iTransformer,iTransformer,"load only, trained",9,11.5243,7.7848,15.37,11.11,16.27,108
Cambridge,test,730,108,iTransformer,iTransformer,"load only, trained",10,11.7312,8.0518,16.02,11.38,16.96,108
Cambridge,test,730,108,iTransformer,iTransformer,"load only, trained",11,13.4824,9.0549,17.02,12.3,17.59,108
Cambridge,test,730,108,iTransformer,iTransformer,"load only, trained",12,12.0935,8.4234,16.32,11.9,17.3,108
Cambridge,test,730,108,iTransformer,iTransformer,"load only, trained",13,12.1119,8.5926,16.56,12.39,17.44,108
Cambridge,test,730,108,iTransformer,iTransformer,"load only, trained",14,12.8276,9.0513,18.19,13.49,18.82,108
Cambridge,test,730,108,iTransformer,iTransformer,"load only, trained",15,12.7788,9.0679,17.03,13.71,19.32,108
Cambridge,test,730,108,iTransformer,iTransformer,"load only, trained",16,12.3214,8.704,17.46,13.26,18.64,108
Cambridge,test,730,108,iTransformer,iTransformer,"load only, trained",17,14.3954,9.3381,18.13,13.16,18.54,108
Cambridge,test,730,108,iTransformer,iTransformer,"load only, trained",18,13.4433,9.4764,17.76,13.06,19.86,108
Cambridge,test,730,108,iTransformer,iTransformer,"load only, trained",19,13.4781,9.6344,18.7,13.3,19.7,108
Cambridge,test,730,108,iTransformer,iTransformer,"load only, trained",20,13.9421,9.5695,18.04,13.24,19.79,108
Cambridge,test,730,108,iTransformer,iTransformer,"load only, trained",21,13.1813,9.2688,20.49,14.37,20.08,108
Cambridge,test,730,108,iTransformer,iTransformer,"load only, trained",22,13.0763,9.3029,18.9,14.02,19.1,108
Cambridge,test,730,108,iTransformer,iTransformer,"load only, trained",23,13.9626,9.6406,18.94,13.66,20.43,108
Cambridge,test,730,108,iTransformer,iTransformer,"load only, trained",24,15.1637,10.1798,19.73,14.01,21.98,108
Cambridge,test,730,108,iTransformer,iTransformer,"load only, trained",25,15.4687,10.7901,19.58,14.55,23.04,108
Cambridge,test,730,108,iTransformer,iTransformer,"load only, trained",26,15.6479,10.7627,20.1,14.63,22.34,108
Cambridge,test,730,108,iTransformer,iTransformer,"load only, trained",27,15.5865,10.7486,21.01,15.52,22.45,108
Cambridge,test,730,108,iTransformer,iTransformer,"load only, trained",28,14.7001,10.3015,22.71,15.96,22.25,108
Cambridge,test,730,108,iTransformer,iTransformer,"load only, trained",29,15.1775,10.5282,22.17,14.83,22.47,108
Cambridge,test,730,108,iTransformer,iTransformer,"load only, trained",30,16.0649,10.9078,21.54,15.07,22.96,108
Cambridge,test,730,108,iTransformer,iTransformer,"load only, trained",31,16.2227,11.0611,21.47,14.67,23.21,108
Cambridge,test,730,108,LSTM,LSTM,"load only, trained",1,22.2153,18.196,18.52,13.51,19.97,108
Cambridge,test,730,108,LSTM,LSTM,"load only, trained",2,33.1399,20.1355,19.78,14.44,21.12,108
Cambridge,test,730,108,LSTM,LSTM,"load only, trained",3,23.7092,19.8865,20.03,14.47,20.92,108
Cambridge,test,730,108,LSTM,LSTM,"load only, trained",4,24.7825,20.3903,18.41,13.68,21.72,108
Cambridge,test,730,108,LSTM,LSTM,"load only, trained",5,24.3017,20.3198,17.73,13.15,20.87,108
Cambridge,test,730,108,LSTM,LSTM,"load only, trained",6,23.3644,19.5032,20.1,14.43,21.01,108
Cambridge,test,730,108,LSTM,LSTM,"load only, trained",7,23.2119,19.2247,21.46,15.81,21.85,108
Cambridge,test,730,108,LSTM,LSTM,"load only, trained",8,25.0557,20.4208,22.64,16.03,23.51,108
Cambridge,test,730,108,LSTM,LSTM,"load only, trained",9,25.7468,21.1237,23.81,17.47,23.19,108
Cambridge,test,730,108,LSTM,LSTM,"load only, trained",10,25.9847,21.659,22.63,17.18,23.98,108
Cambridge,test,730,108,LSTM,LSTM,"load only, trained",11,27.6393,22.2404,23.64,17.78,24.89,108
Cambridge,test,730,108,LSTM,LSTM,"load only, trained",12,25.6655,21.2097,22.16,15.97,23.47,108
Cambridge,test,730,108,LSTM,LSTM,"load only, trained",13,24.7057,20.8683,22.76,16.37,22.89,108
Cambridge,test,730,108,LSTM,LSTM,"load only, trained",14,24.7277,20.4117,23.65,17.23,24.49,108
Cambridge,test,730,108,LSTM,LSTM,"load only, trained",15,26.4479,22.0153,25.1,18.78,26.0,108
Cambridge,test,730,108,LSTM,LSTM,"load only, trained",16,26.5696,22.3599,25.48,18.95,26.49,108
Cambridge,test,730,108,LSTM,LSTM,"load only, trained",17,27.194,22.5502,24.24,18.66,26.35,108
Cambridge,test,730,108,LSTM,LSTM,"load only, trained",18,26.6355,22.3439,26.2,18.94,26.9,108
Cambridge,test,730,108,LSTM,LSTM,"load only, trained",19,26.3682,22.1126,24.36,18.08,26.06,108
Cambridge,test,730,108,LSTM,LSTM,"load only, trained",20,27.2139,21.9735,24.34,17.99,26.52,108
Cambridge,test,730,108,LSTM,LSTM,"load only, trained",21,26.2863,21.7706,25.81,19.68,26.91,108
Cambridge,test,730,108,LSTM,LSTM,"load only, trained",22,26.6469,22.3038,26.8,19.18,26.46,108
Cambridge,test,730,108,LSTM,LSTM,"load only, trained",23,28.3378,23.542,28.46,19.51,28.77,108
Cambridge,test,730,108,LSTM,LSTM,"load only, trained",24,28.879,23.6758,28.5,21.1,30.13,108
Cambridge,test,730,108,LSTM,LSTM,"load only, trained",25,28.8424,23.7321,27.77,20.02,30.47,108
Cambridge,test,730,108,LSTM,LSTM,"load only, trained",26,29.0697,23.5131,30.87,21.04,29.7,108
Cambridge,test,730,108,LSTM,LSTM,"load only, trained",27,28.1459,23.0551,30.53,20.92,29.08,108
Cambridge,test,730,108,LSTM,LSTM,"load only, trained",28,27.5441,22.7711,28.95,21.49,29.21,108
Cambridge,test,730,108,LSTM,LSTM,"load only, trained",29,28.8219,23.7609,27.61,20.87,30.41,108
Cambridge,test,730,108,LSTM,LSTM,"load only, trained",30,29.1854,23.8723,29.63,21.33,30.57,108
Cambridge,test,730,108,LSTM,LSTM,"load only, trained",31,29.2736,23.9993,29.62,21.83,31.72,108
Cambridge,test,730,108,PatchTST,PatchTST,"load only, trained",1,9.2063,6.2997,12.35,8.73,14.11,108
Cambridge,test,730,108,PatchTST,PatchTST,"load only, trained",2,19.6488,7.7759,14.29,10.86,14.91,108
Cambridge,test,730,108,PatchTST,PatchTST,"load only, trained",3,10.5295,7.5858,14.58,10.93,14.64,108
Cambridge,test,730,108,PatchTST,PatchTST,"load only, trained",4,11.2273,7.9041,13.95,10.35,15.04,108
Cambridge,test,730,108,PatchTST,PatchTST,"load only, trained",5,10.7701,7.7028,14.01,10.12,14.81,108
Cambridge,test,730,108,PatchTST,PatchTST,"load only, trained",6,11.0683,7.7694,15.03,11.06,15.32,108
Cambridge,test,730,108,PatchTST,PatchTST,"load only, trained",7,11.4758,8.1284,16.67,12.05,16.51,108
Cambridge,test,730,108,PatchTST,PatchTST,"load only, trained",8,11.9148,8.1241,15.57,10.97,16.85,108
Cambridge,test,730,108,PatchTST,PatchTST,"load only, trained",9,11.6734,8.0398,15.85,11.37,16.33,108
Cambridge,test,730,108,PatchTST,PatchTST,"load only, trained",10,11.9237,8.4326,16.39,11.91,17.17,108
Cambridge,test,730,108,PatchTST,PatchTST,"load only, trained",11,13.2882,8.8931,16.06,11.69,17.36,108
Cambridge,test,730,108,PatchTST,PatchTST,"load only, trained",12,12.0224,8.3942,16.27,11.58,17.07,108
Cambridge,test,730,108,PatchTST,PatchTST,"load only, trained",13,12.0293,8.6747,16.13,11.8,17.32,108
Cambridge,test,730,108,PatchTST,PatchTST,"load only, trained",14,12.9089,9.1254,17.81,12.55,18.65,108
Cambridge,test,730,108,PatchTST,PatchTST,"load only, trained",15,13.0604,9.4102,17.29,12.74,19.5,108
Cambridge,test,730,108,PatchTST,PatchTST,"load only, trained",16,12.903,9.1799,17.48,12.87,18.91,108
Cambridge,test,730,108,PatchTST,PatchTST,"load only, trained",17,14.5879,9.6777,17.39,12.82,18.65,108
Cambridge,test,730,108,PatchTST,PatchTST,"load only, trained",18,13.4875,9.666,18.51,13.26,19.66,108
Cambridge,test,730,108,PatchTST,PatchTST,"load only, trained",19,13.647,9.8654,18.25,13.45,19.62,108
Cambridge,test,730,108,PatchTST,PatchTST,"load only, trained",20,14.234,9.8611,18.25,13.39,19.93,108
Cambridge,test,730,108,PatchTST,PatchTST,"load only, trained",21,13.748,9.8086,20.6,14.48,20.52,108
Cambridge,test,730,108,PatchTST,PatchTST,"load only, trained",22,13.4976,9.5701,20.41,13.96,19.5,108
Cambridge,test,730,108,PatchTST,PatchTST,"load only, trained",23,14.2624,9.8632,20.13,14.97,21.02,108
Cambridge,test,730,108,PatchTST,PatchTST,"load only, trained",24,15.273,10.3893,19.5,13.97,22.25,108
Cambridge,test,730,108,PatchTST,PatchTST,"load only, trained",25,15.3158,10.6369,18.55,13.86,23.23,108
Cambridge,test,730,108,PatchTST,PatchTST,"load only, trained",26,15.6306,10.5901,20.32,14.04,22.33,108
Cambridge,test,730,108,PatchTST,PatchTST,"load only, trained",27,15.6132,10.672,20.97,14.67,22.44,108
Cambridge,test,730,108,PatchTST,PatchTST,"load only, trained",28,15.3119,10.7366,21.76,15.86,22.33,108
Cambridge,test,730,108,PatchTST,PatchTST,"load only, trained",29,15.7511,10.8667,20.39,15.52,22.63,108
Cambridge,test,730,108,PatchTST,PatchTST,"load only, trained",30,16.3146,10.9994,23.21,16.15,23.06,108
Cambridge,test,730,108,PatchTST,PatchTST,"load only, trained",31,16.1746,11.072,22.79,15.34,23.28,108
Cambridge,test,730,108,TiDE,TiDE,"same information, trained",1,8.8356,5.9163,12.14,8.43,13.37,108
Cambridge,test,730,108,TiDE,TiDE,"same information, trained",2,19.4693,7.4426,14.26,9.89,14.44,108
Cambridge,test,730,108,TiDE,TiDE,"same information, trained",3,10.8198,7.9558,14.44,10.81,14.92,108
Cambridge,test,730,108,TiDE,TiDE,"same information, trained",4,11.4366,8.0748,13.49,10.25,15.01,108
Cambridge,test,730,108,TiDE,TiDE,"same information, trained",5,11.5649,8.4904,14.5,10.73,15.35,108
Cambridge,test,730,108,TiDE,TiDE,"same information, trained",6,11.4058,8.0147,15.04,10.52,15.27,108
Cambridge,test,730,108,TiDE,TiDE,"same information, trained",7,12.7015,9.3922,18.29,13.44,17.84,108
Cambridge,test,730,108,TiDE,TiDE,"same information, trained",8,13.6744,9.8488,17.89,14.04,18.78,108
Cambridge,test,730,108,TiDE,TiDE,"same information, trained",9,13.768,10.098,18.14,13.75,18.2,108
Cambridge,test,730,108,TiDE,TiDE,"same information, trained",10,14.2172,10.7186,18.26,14.54,19.02,108
Cambridge,test,730,108,TiDE,TiDE,"same information, trained",11,15.7736,11.5049,19.86,15.38,19.88,108
Cambridge,test,730,108,TiDE,TiDE,"same information, trained",12,14.5966,10.8624,19.67,14.89,19.42,108
Cambridge,test,730,108,TiDE,TiDE,"same information, trained",13,14.1294,10.7982,18.37,14.76,19.05,108
Cambridge,test,730,108,TiDE,TiDE,"same information, trained",14,14.6496,11.0004,20.07,16.19,20.62,108
Cambridge,test,730,108,TiDE,TiDE,"same information, trained",15,15.9754,12.2546,23.18,18.66,22.48,108
Cambridge,test,730,108,TiDE,TiDE,"same information, trained",16,16.4638,12.8836,22.72,18.77,23.0,108
Cambridge,test,730,108,TiDE,TiDE,"same information, trained",17,16.7288,12.1634,20.81,16.12,21.22,108
Cambridge,test,730,108,TiDE,TiDE,"same information, trained",18,15.7977,12.0194,21.65,16.38,22.18,108
Cambridge,test,730,108,TiDE,TiDE,"same information, trained",19,16.5885,12.7145,22.19,17.54,22.69,108
Cambridge,test,730,108,TiDE,TiDE,"same information, trained",20,17.5686,13.1549,22.66,16.84,23.13,108
Cambridge,test,730,108,TiDE,TiDE,"same information, trained",21,17.2078,13.3984,23.56,18.79,23.77,108
Cambridge,test,730,108,TiDE,TiDE,"same information, trained",22,15.9761,12.3405,22.38,18.58,22.56,108
Cambridge,test,730,108,TiDE,TiDE,"same information, trained",23,17.5652,13.5653,24.17,19.95,24.47,108
Cambridge,test,730,108,TiDE,TiDE,"same information, trained",24,18.496,14.0998,25.87,19.23,25.86,108
Cambridge,test,730,108,TiDE,TiDE,"same information, trained",25,19.16,14.825,25.75,20.76,27.08,108
Cambridge,test,730,108,TiDE,TiDE,"same information, trained",26,20.4241,15.5629,27.56,21.18,27.49,108
Cambridge,test,730,108,TiDE,TiDE,"same information, trained",27,19.7844,15.3587,27.54,20.68,26.4,108
Cambridge,test,730,108,TiDE,TiDE,"same information, trained",28,20.1465,15.889,28.22,21.36,27.49,108
Cambridge,test,730,108,TiDE,TiDE,"same information, trained",29,20.6664,16.3149,29.94,23.06,28.68,108
Cambridge,test,730,108,TiDE,TiDE,"same information, trained",30,19.8741,15.3503,28.89,22.1,27.55,108
Cambridge,test,730,108,TiDE,TiDE,"same information, trained",31,20.3673,15.8263,28.58,21.88,28.67,108
HEEW Arizona,test,658,138,TimesFM,TimesFM,"load only, zero-shot foundation model",1,14.2798,9.7838,7.81,5.48,8.27,133
HEEW Arizona,test,658,138,TimesFM,TimesFM,"load only, zero-shot foundation model",2,20.1646,13.7915,9.12,6.34,9.53,133
HEEW Arizona,test,658,138,TimesFM,TimesFM,"load only, zero-shot foundation model",3,21.0646,14.9922,10.51,7.44,10.64,133
HEEW Arizona,test,658,138,TimesFM,TimesFM,"load only, zero-shot foundation model",4,22.3316,16.4947,11.74,8.72,11.74,133
HEEW Arizona,test,658,138,TimesFM,TimesFM,"load only, zero-shot foundation model",5,19.7006,13.8157,11.94,8.6,11.74,133
HEEW Arizona,test,658,138,TimesFM,TimesFM,"load only, zero-shot foundation model",6,19.4774,13.6544,12.29,8.73,11.9,133
HEEW Arizona,test,658,138,TimesFM,TimesFM,"load only, zero-shot foundation model",7,20.2223,14.0479,14.28,9.7,12.33,133
HEEW Arizona,test,658,138,TimesFM,TimesFM,"load only, zero-shot foundation model",8,19.252,13.6844,13.93,9.89,13.14,133
HEEW Arizona,test,658,138,TimesFM,TimesFM,"load only, zero-shot foundation model",9,20.644,14.6067,15.58,10.56,14.05,133
HEEW Arizona,test,658,138,TimesFM,TimesFM,"load only, zero-shot foundation model",10,23.8308,17.3148,15.19,11.49,13.54,133
HEEW Arizona,test,658,138,TimesFM,TimesFM,"load only, zero-shot foundation model",11,27.3879,20.3372,15.72,11.78,14.67,133
HEEW Arizona,test,658,138,TimesFM,TimesFM,"load only, zero-shot foundation model",12,26.4371,20.3325,15.54,10.79,14.1,133
HEEW Arizona,test,658,138,TimesFM,TimesFM,"load only, zero-shot foundation model",13,26.6293,20.1211,16.11,11.49,14.52,133
HEEW Arizona,test,658,138,TimesFM,TimesFM,"load only, zero-shot foundation model",14,24.4911,18.2984,15.35,10.93,14.04,133
HEEW Arizona,test,658,138,TimesFM,TimesFM,"load only, zero-shot foundation model",15,23.4177,17.7438,14.91,10.42,14.45,133
HEEW Arizona,test,658,138,TimesFM,TimesFM,"load only, zero-shot foundation model",16,22.0871,16.3657,15.25,11.02,14.22,133
HEEW Arizona,test,658,138,TimesFM,TimesFM,"load only, zero-shot foundation model",17,26.9925,20.0344,15.05,10.82,14.18,133
HEEW Arizona,test,658,138,TimesFM,TimesFM,"load only, zero-shot foundation model",18,26.8527,20.024,15.25,10.73,14.52,133
HEEW Arizona,test,658,138,TimesFM,TimesFM,"load only, zero-shot foundation model",19,26.2588,19.4901,15.7,10.04,14.55,133
HEEW Arizona,test,658,138,TimesFM,TimesFM,"load only, zero-shot foundation model",20,25.9585,19.4091,15.09,10.62,14.17,133
HEEW Arizona,test,658,138,TimesFM,TimesFM,"load only, zero-shot foundation model",21,25.8714,19.1263,15.96,11.42,14.65,133
HEEW Arizona,test,658,138,TimesFM,TimesFM,"load only, zero-shot foundation model",22,24.1099,18.2477,17.28,12.18,15.58,133
HEEW Arizona,test,658,138,TimesFM,TimesFM,"load only, zero-shot foundation model",23,26.1362,19.5752,16.72,11.59,15.77,133
HEEW Arizona,test,658,138,TimesFM,TimesFM,"load only, zero-shot foundation model",24,33.8084,25.1037,18.2,13.3,16.94,133
HEEW Arizona,test,658,138,TimesFM,TimesFM,"load only, zero-shot foundation model",25,35.5106,24.9401,18.49,13.58,18.05,133
HEEW Arizona,test,658,138,TimesFM,TimesFM,"load only, zero-shot foundation model",26,33.2012,23.9078,19.46,13.9,18.46,133
HEEW Arizona,test,658,138,TimesFM,TimesFM,"load only, zero-shot foundation model",27,33.4269,24.146,19.83,13.7,18.25,133
HEEW Arizona,test,658,138,TimesFM,TimesFM,"load only, zero-shot foundation model",28,33.8266,24.6252,19.26,14.07,18.05,133
HEEW Arizona,test,658,138,TimesFM,TimesFM,"load only, zero-shot foundation model",29,32.6905,23.3573,19.95,14.66,19.13,133
HEEW Arizona,test,658,138,TimesFM,TimesFM,"load only, zero-shot foundation model",30,32.3866,25.2167,20.06,15.04,18.78,133
HEEW Arizona,test,658,138,TimesFM,TimesFM,"load only, zero-shot foundation model",31,34.5461,26.1906,19.67,14.19,18.73,133
HEEW Arizona,test,658,138,RIDGE-L,Ridge (per unit),per-unit regression,1,21.9854,16.3119,11.76,8.84,11.59,133
HEEW Arizona,test,658,138,RIDGE-L,Ridge (per unit),per-unit regression,2,24.2032,17.9992,10.65,7.99,11.35,133
HEEW Arizona,test,658,138,RIDGE-L,Ridge (per unit),per-unit regression,3,24.2621,17.3214,13.02,9.12,12.35,133
HEEW Arizona,test,658,138,RIDGE-L,Ridge (per unit),per-unit regression,4,22.5783,17.2224,13.03,9.49,12.72,133
HEEW Arizona,test,658,138,RIDGE-L,Ridge (per unit),per-unit regression,5,20.5835,15.3931,12.76,9.68,12.72,133
HEEW Arizona,test,658,138,RIDGE-L,Ridge (per unit),per-unit regression,6,19.9498,14.873,13.9,9.96,12.81,133
HEEW Arizona,test,658,138,RIDGE-L,Ridge (per unit),per-unit regression,7,22.3435,16.3683,14.24,10.2,13.07,133
HEEW Arizona,test,658,138,RIDGE-L,Ridge (per unit),per-unit regression,8,23.4311,17.513,14.69,10.32,13.97,133
HEEW Arizona,test,658,138,RIDGE-L,Ridge (per unit),per-unit regression,9,26.9463,20.6494,16.28,11.17,15.29,133
HEEW Arizona,test,658,138,RIDGE-L,Ridge (per unit),per-unit regression,10,25.7878,19.5541,16.32,11.18,14.66,133
HEEW Arizona,test,658,138,RIDGE-L,Ridge (per unit),per-unit regression,11,27.2837,21.136,14.98,10.87,14.88,133
HEEW Arizona,test,658,138,RIDGE-L,Ridge (per unit),per-unit regression,12,26.704,21.3414,16.01,11.12,14.84,133
HEEW Arizona,test,658,138,RIDGE-L,Ridge (per unit),per-unit regression,13,27.7317,20.9764,16.28,11.98,14.95,133
HEEW Arizona,test,658,138,RIDGE-L,Ridge (per unit),per-unit regression,14,24.6263,19.5214,14.64,11.22,14.5,133
HEEW Arizona,test,658,138,RIDGE-L,Ridge (per unit),per-unit regression,15,26.3667,20.6967,15.94,11.28,15.04,133
HEEW Arizona,test,658,138,RIDGE-L,Ridge (per unit),per-unit regression,16,27.6207,20.9984,15.74,11.21,15.13,133
HEEW Arizona,test,658,138,RIDGE-L,Ridge (per unit),per-unit regression,17,30.2868,21.8763,16.46,11.79,15.47,133
HEEW Arizona,test,658,138,RIDGE-L,Ridge (per unit),per-unit regression,18,25.7993,18.6166,15.86,12.0,15.58,133
HEEW Arizona,test,658,138,RIDGE-L,Ridge (per unit),per-unit regression,19,25.8216,19.2285,16.33,11.41,15.06,133
HEEW Arizona,test,658,138,RIDGE-L,Ridge (per unit),per-unit regression,20,27.3577,21.249,16.69,12.15,15.4,133
HEEW Arizona,test,658,138,RIDGE-L,Ridge (per unit),per-unit regression,21,25.9851,19.4615,15.77,12.07,15.41,133
HEEW Arizona,test,658,138,RIDGE-L,Ridge (per unit),per-unit regression,22,26.4742,20.1653,16.5,12.14,16.21,133
HEEW Arizona,test,658,138,RIDGE-L,Ridge (per unit),per-unit regression,23,32.3943,24.5222,17.28,12.39,16.46,133
HEEW Arizona,test,658,138,RIDGE-L,Ridge (per unit),per-unit regression,24,37.8963,28.3212,18.34,13.42,17.63,133
HEEW Arizona,test,658,138,RIDGE-L,Ridge (per unit),per-unit regression,25,33.5085,23.4196,17.62,13.26,17.39,133
HEEW Arizona,test,658,138,RIDGE-L,Ridge (per unit),per-unit regression,26,32.6451,23.8349,18.86,13.53,18.04,133
HEEW Arizona,test,658,138,RIDGE-L,Ridge (per unit),per-unit regression,27,32.9427,23.8262,18.74,13.89,18.19,133
HEEW Arizona,test,658,138,RIDGE-L,Ridge (per unit),per-unit regression,28,32.9471,24.7774,18.98,13.71,18.07,133
HEEW Arizona,test,658,138,RIDGE-L,Ridge (per unit),per-unit regression,29,34.0853,26.0033,20.2,15.13,19.4,133
HEEW Arizona,test,658,138,RIDGE-L,Ridge (per unit),per-unit regression,30,37.4806,29.2967,19.18,14.41,18.81,133
HEEW Arizona,test,658,138,RIDGE-L,Ridge (per unit),per-unit regression,31,37.1126,28.4235,19.21,14.03,18.5,133
HEEW Arizona,test,658,138,Chronos-2-X,Chronos-2-X,"same information, zero-shot foundation model",1,15.6796,10.7196,9.26,6.33,8.77,133
HEEW Arizona,test,658,138,Chronos-2-X,Chronos-2-X,"same information, zero-shot foundation model",2,19.4418,14.4034,10.0,6.8,10.07,133
HEEW Arizona,test,658,138,Chronos-2-X,Chronos-2-X,"same information, zero-shot foundation model",3,21.7295,15.8496,11.61,8.03,11.47,133
HEEW Arizona,test,658,138,Chronos-2-X,Chronos-2-X,"same information, zero-shot foundation model",4,22.3412,16.7048,11.29,8.24,12.04,133
HEEW Arizona,test,658,138,Chronos-2-X,Chronos-2-X,"same information, zero-shot foundation model",5,18.5197,13.4611,11.36,7.97,11.55,133
HEEW Arizona,test,658,138,Chronos-2-X,Chronos-2-X,"same information, zero-shot foundation model",6,20.0565,15.0053,11.94,8.69,11.58,133
HEEW Arizona,test,658,138,Chronos-2-X,Chronos-2-X,"same information, zero-shot foundation model",7,21.2784,15.4978,13.77,9.15,11.84,133
HEEW Arizona,test,658,138,Chronos-2-X,Chronos-2-X,"same information, zero-shot foundation model",8,20.0879,14.6834,13.27,9.15,12.88,133
HEEW Arizona,test,658,138,Chronos-2-X,Chronos-2-X,"same information, zero-shot foundation model",9,20.0696,14.2943,14.47,10.1,14.15,133
HEEW Arizona,test,658,138,Chronos-2-X,Chronos-2-X,"same information, zero-shot foundation model",10,23.3135,17.0199,13.41,9.63,13.46,133
HEEW Arizona,test,658,138,Chronos-2-X,Chronos-2-X,"same information, zero-shot foundation model",11,25.7068,18.9619,14.47,10.07,13.91,133
HEEW Arizona,test,658,138,Chronos-2-X,Chronos-2-X,"same information, zero-shot foundation model",12,25.8417,19.7851,14.01,9.42,13.5,133
HEEW Arizona,test,658,138,Chronos-2-X,Chronos-2-X,"same information, zero-shot foundation model",13,25.7115,19.2858,13.57,10.1,14.08,133
HEEW Arizona,test,658,138,Chronos-2-X,Chronos-2-X,"same information, zero-shot foundation model",14,26.1568,19.8976,13.81,10.48,13.78,133
HEEW Arizona,test,658,138,Chronos-2-X,Chronos-2-X,"same information, zero-shot foundation model",15,26.3792,19.8951,14.3,10.02,14.32,133
HEEW Arizona,test,658,138,Chronos-2-X,Chronos-2-X,"same information, zero-shot foundation model",16,24.2799,18.2115,14.46,10.62,14.21,133
HEEW Arizona,test,658,138,Chronos-2-X,Chronos-2-X,"same information, zero-shot foundation model",17,28.5853,21.0913,14.89,10.87,13.92,133
HEEW Arizona,test,658,138,Chronos-2-X,Chronos-2-X,"same information, zero-shot foundation model",18,27.4097,20.289,15.06,10.57,14.76,133
HEEW Arizona,test,658,138,Chronos-2-X,Chronos-2-X,"same information, zero-shot foundation model",19,26.7984,20.122,15.64,11.0,14.78,133
HEEW Arizona,test,658,138,Chronos-2-X,Chronos-2-X,"same information, zero-shot foundation model",20,25.4656,19.3784,14.73,10.85,14.13,133
HEEW Arizona,test,658,138,Chronos-2-X,Chronos-2-X,"same information, zero-shot foundation model",21,25.4198,18.2776,14.84,10.77,14.34,133
HEEW Arizona,test,658,138,Chronos-2-X,Chronos-2-X,"same information, zero-shot foundation model",22,23.2943,17.0111,16.09,11.39,15.22,133
HEEW Arizona,test,658,138,Chronos-2-X,Chronos-2-X,"same information, zero-shot foundation model",23,26.2488,19.5598,16.38,11.68,15.15,133
HEEW Arizona,test,658,138,Chronos-2-X,Chronos-2-X,"same information, zero-shot foundation model",24,33.681,23.8727,16.84,12.76,15.91,133
HEEW Arizona,test,658,138,Chronos-2-X,Chronos-2-X,"same information, zero-shot foundation model",25,33.7524,24.5548,16.82,12.3,16.85,133
HEEW Arizona,test,658,138,Chronos-2-X,Chronos-2-X,"same information, zero-shot foundation model",26,32.0798,23.729,19.15,13.38,17.68,133
HEEW Arizona,test,658,138,Chronos-2-X,Chronos-2-X,"same information, zero-shot foundation model",27,32.6402,24.4388,17.9,12.56,17.29,133
HEEW Arizona,test,658,138,Chronos-2-X,Chronos-2-X,"same information, zero-shot foundation model",28,33.3011,25.3681,17.6,12.64,17.41,133
HEEW Arizona,test,658,138,Chronos-2-X,Chronos-2-X,"same information, zero-shot foundation model",29,30.8576,22.3078,18.38,13.03,18.05,133
HEEW Arizona,test,658,138,Chronos-2-X,Chronos-2-X,"same information, zero-shot foundation model",30,30.1342,22.8533,18.43,13.5,17.6,133
HEEW Arizona,test,658,138,Chronos-2-X,Chronos-2-X,"same information, zero-shot foundation model",31,32.9341,24.4653,18.71,13.46,17.35,133
HEEW Arizona,test,658,138,Chronos-2,Chronos-2,"load only, zero-shot foundation model",1,12.799,8.4074,7.62,5.17,7.83,133
HEEW Arizona,test,658,138,Chronos-2,Chronos-2,"load only, zero-shot foundation model",2,18.6244,12.7802,9.68,6.71,9.38,133
HEEW Arizona,test,658,138,Chronos-2,Chronos-2,"load only, zero-shot foundation model",3,20.5658,14.6296,12.12,8.29,10.94,133
HEEW Arizona,test,658,138,Chronos-2,Chronos-2,"load only, zero-shot foundation model",4,22.113,16.0282,12.24,8.2,12.17,133
HEEW Arizona,test,658,138,Chronos-2,Chronos-2,"load only, zero-shot foundation model",5,20.0473,14.1375,12.39,8.75,12.11,133
HEEW Arizona,test,658,138,Chronos-2,Chronos-2,"load only, zero-shot foundation model",6,21.018,15.3643,13.06,8.84,12.04,133
HEEW Arizona,test,658,138,Chronos-2,Chronos-2,"load only, zero-shot foundation model",7,22.4002,15.9219,13.93,9.42,12.41,133
HEEW Arizona,test,658,138,Chronos-2,Chronos-2,"load only, zero-shot foundation model",8,21.0614,15.4659,15.02,10.18,13.58,133
HEEW Arizona,test,658,138,Chronos-2,Chronos-2,"load only, zero-shot foundation model",9,20.9828,15.0492,16.05,11.14,14.63,133
HEEW Arizona,test,658,138,Chronos-2,Chronos-2,"load only, zero-shot foundation model",10,24.1386,17.2661,15.34,10.64,13.82,133
HEEW Arizona,test,658,138,Chronos-2,Chronos-2,"load only, zero-shot foundation model",11,27.6641,20.1393,15.08,10.74,14.64,133
HEEW Arizona,test,658,138,Chronos-2,Chronos-2,"load only, zero-shot foundation model",12,27.1879,21.0803,15.39,10.63,14.01,133
HEEW Arizona,test,658,138,Chronos-2,Chronos-2,"load only, zero-shot foundation model",13,28.1187,21.014,15.83,11.49,14.78,133
HEEW Arizona,test,658,138,Chronos-2,Chronos-2,"load only, zero-shot foundation model",14,27.3985,20.4727,14.72,10.4,14.03,133
HEEW Arizona,test,658,138,Chronos-2,Chronos-2,"load only, zero-shot foundation model",15,26.7337,20.2852,16.39,10.6,14.72,133
HEEW Arizona,test,658,138,Chronos-2,Chronos-2,"load only, zero-shot foundation model",16,25.3558,19.1095,16.42,11.39,14.87,133
HEEW Arizona,test,658,138,Chronos-2,Chronos-2,"load only, zero-shot foundation model",17,30.0213,22.3398,15.3,11.28,14.87,133
HEEW Arizona,test,658,138,Chronos-2,Chronos-2,"load only, zero-shot foundation model",18,30.4976,22.5272,16.17,11.79,15.33,133
HEEW Arizona,test,658,138,Chronos-2,Chronos-2,"load only, zero-shot foundation model",19,29.7217,22.0797,16.52,11.45,15.34,133
HEEW Arizona,test,658,138,Chronos-2,Chronos-2,"load only, zero-shot foundation model",20,28.9568,21.4386,15.71,11.34,14.89,133
HEEW Arizona,test,658,138,Chronos-2,Chronos-2,"load only, zero-shot foundation model",21,28.6566,19.9172,15.92,11.69,15.02,133
HEEW Arizona,test,658,138,Chronos-2,Chronos-2,"load only, zero-shot foundation model",22,25.5029,18.4262,17.99,12.54,16.25,133
HEEW Arizona,test,658,138,Chronos-2,Chronos-2,"load only, zero-shot foundation model",23,28.4335,20.7924,17.94,12.37,16.71,133
HEEW Arizona,test,658,138,Chronos-2,Chronos-2,"load only, zero-shot foundation model",24,36.4302,25.683,19.05,13.06,18.07,133
HEEW Arizona,test,658,138,Chronos-2,Chronos-2,"load only, zero-shot foundation model",25,38.8591,27.4971,19.31,13.84,18.82,133
HEEW Arizona,test,658,138,Chronos-2,Chronos-2,"load only, zero-shot foundation model",26,36.7545,26.6804,20.45,14.41,19.28,133
HEEW Arizona,test,658,138,Chronos-2,Chronos-2,"load only, zero-shot foundation model",27,37.2173,26.6594,20.85,14.97,19.11,133
HEEW Arizona,test,658,138,Chronos-2,Chronos-2,"load only, zero-shot foundation model",28,37.2308,27.2628,19.83,14.5,18.89,133
HEEW Arizona,test,658,138,Chronos-2,Chronos-2,"load only, zero-shot foundation model",29,35.3337,24.9268,21.06,15.55,19.46,133
HEEW Arizona,test,658,138,Chronos-2,Chronos-2,"load only, zero-shot foundation model",30,34.0791,25.7894,20.91,15.4,19.16,133
HEEW Arizona,test,658,138,Chronos-2,Chronos-2,"load only, zero-shot foundation model",31,36.3867,26.8722,20.22,15.68,18.89,133
HEEW Arizona,test,658,138,ANKYRA,ANKYRA,,1,16.8771,12.4334,8.93,6.31,9.24,133
HEEW Arizona,test,658,138,ANKYRA,ANKYRA,,2,21.318,15.9873,9.84,7.08,10.01,133
HEEW Arizona,test,658,138,ANKYRA,ANKYRA,,3,20.9334,15.5883,11.8,8.87,11.12,133
HEEW Arizona,test,658,138,ANKYRA,ANKYRA,,4,20.5654,14.9886,11.31,8.48,11.65,133
HEEW Arizona,test,658,138,ANKYRA,ANKYRA,,5,18.4721,13.7184,11.03,8.48,11.34,133
HEEW Arizona,test,658,138,ANKYRA,ANKYRA,,6,18.1677,13.3339,12.26,8.53,11.55,133
HEEW Arizona,test,658,138,ANKYRA,ANKYRA,,7,18.0489,12.9622,13.49,9.38,11.84,133
HEEW Arizona,test,658,138,ANKYRA,ANKYRA,,8,20.5731,15.1672,13.01,9.45,12.59,133
HEEW Arizona,test,658,138,ANKYRA,ANKYRA,,9,22.1438,16.714,14.71,9.73,13.6,133
HEEW Arizona,test,658,138,ANKYRA,ANKYRA,,10,23.9602,18.0406,14.01,10.29,13.62,133
HEEW Arizona,test,658,138,ANKYRA,ANKYRA,,11,26.3363,18.7476,14.56,10.89,14.22,133
HEEW Arizona,test,658,138,ANKYRA,ANKYRA,,12,25.259,18.8217,13.96,10.02,13.63,133
HEEW Arizona,test,658,138,ANKYRA,ANKYRA,,13,25.1497,18.3285,14.48,10.62,14.14,133
HEEW Arizona,test,658,138,ANKYRA,ANKYRA,,14,23.9746,18.1197,14.19,10.01,13.61,133
HEEW Arizona,test,658,138,ANKYRA,ANKYRA,,15,24.6474,18.8875,13.67,10.24,14.26,133
HEEW Arizona,test,658,138,ANKYRA,ANKYRA,,16,22.6801,17.2003,14.48,10.82,14.13,133
HEEW Arizona,test,658,138,ANKYRA,ANKYRA,,17,26.0451,19.7936,15.04,11.49,14.02,133
HEEW Arizona,test,658,138,ANKYRA,ANKYRA,,18,23.6974,17.756,14.48,10.65,14.43,133
HEEW Arizona,test,658,138,ANKYRA,ANKYRA,,19,23.7209,18.7459,15.04,10.27,13.99,133
HEEW Arizona,test,658,138,ANKYRA,ANKYRA,,20,23.68,18.3397,15.19,10.96,13.86,133
HEEW Arizona,test,658,138,ANKYRA,ANKYRA,,21,23.992,19.3154,14.89,11.1,14.21,133
HEEW Arizona,test,658,138,ANKYRA,ANKYRA,,22,24.3737,19.1527,15.74,11.39,15.37,133
HEEW Arizona,test,658,138,ANKYRA,ANKYRA,,23,25.1524,20.034,16.14,11.42,15.56,133
HEEW Arizona,test,658,138,ANKYRA,ANKYRA,,24,31.5249,24.804,16.55,12.44,16.39,133
HEEW Arizona,test,658,138,ANKYRA,ANKYRA,,25,30.8803,23.1026,17.24,12.48,16.72,133
HEEW Arizona,test,658,138,ANKYRA,ANKYRA,,26,28.9569,21.5587,18.23,13.42,17.38,133
HEEW Arizona,test,658,138,ANKYRA,ANKYRA,,27,29.9895,23.0743,18.48,12.8,17.18,133
HEEW Arizona,test,658,138,ANKYRA,ANKYRA,,28,30.5756,23.845,18.63,14.27,17.18,133
HEEW Arizona,test,658,138,ANKYRA,ANKYRA,,29,30.7772,23.1461,19.8,14.33,18.61,133
HEEW Arizona,test,658,138,ANKYRA,ANKYRA,,30,29.9059,23.7368,19.48,14.65,18.12,133
HEEW Arizona,test,658,138,ANKYRA,ANKYRA,,31,32.2741,25.6125,19.46,14.08,18.05,133
HEEW Arizona,test,658,138,GBT,GBT (zero-shot),zero-shot gradient boosting,1,26.8058,18.8722,17.94,12.85,15.72,133
HEEW Arizona,test,658,138,GBT,GBT (zero-shot),zero-shot gradient boosting,2,27.8097,20.4088,16.35,11.97,15.8,133
HEEW Arizona,test,658,138,GBT,GBT (zero-shot),zero-shot gradient boosting,3,30.8917,23.0169,17.79,12.66,16.51,133
HEEW Arizona,test,658,138,GBT,GBT (zero-shot),zero-shot gradient boosting,4,30.5268,22.2005,18.42,13.25,16.67,133
HEEW Arizona,test,658,138,GBT,GBT (zero-shot),zero-shot gradient boosting,5,29.5856,20.9521,18.55,12.88,16.5,133
HEEW Arizona,test,658,138,GBT,GBT (zero-shot),zero-shot gradient boosting,6,30.7997,21.7483,18.99,14.07,16.9,133
HEEW Arizona,test,658,138,GBT,GBT (zero-shot),zero-shot gradient boosting,7,29.9158,22.2788,19.76,14.92,17.12,133
HEEW Arizona,test,658,138,GBT,GBT (zero-shot),zero-shot gradient boosting,8,28.1451,20.6197,19.81,14.83,17.61,133
HEEW Arizona,test,658,138,GBT,GBT (zero-shot),zero-shot gradient boosting,9,30.6245,22.5934,20.28,15.42,18.7,133
HEEW Arizona,test,658,138,GBT,GBT (zero-shot),zero-shot gradient boosting,10,34.7841,26.2076,19.33,14.28,18.29,133
HEEW Arizona,test,658,138,GBT,GBT (zero-shot),zero-shot gradient boosting,11,35.5903,25.3971,21.11,15.91,18.98,133
HEEW Arizona,test,658,138,GBT,GBT (zero-shot),zero-shot gradient boosting,12,35.1438,26.7883,20.88,16.13,18.66,133
HEEW Arizona,test,658,138,GBT,GBT (zero-shot),zero-shot gradient boosting,13,36.3533,26.6598,22.01,16.23,19.47,133
HEEW Arizona,test,658,138,GBT,GBT (zero-shot),zero-shot gradient boosting,14,34.8496,25.9726,21.69,15.91,19.29,133
HEEW Arizona,test,658,138,GBT,GBT (zero-shot),zero-shot gradient boosting,15,35.8219,27.4265,21.51,15.91,19.82,133
HEEW Arizona,test,658,138,GBT,GBT (zero-shot),zero-shot gradient boosting,16,36.8028,28.0006,20.29,15.54,19.2,133
HEEW Arizona,test,658,138,GBT,GBT (zero-shot),zero-shot gradient boosting,17,41.5166,29.9751,20.8,15.72,19.42,133
HEEW Arizona,test,658,138,GBT,GBT (zero-shot),zero-shot gradient boosting,18,41.6814,29.1806,21.94,16.27,19.81,133
HEEW Arizona,test,658,138,GBT,GBT (zero-shot),zero-shot gradient boosting,19,40.1716,28.9486,21.66,15.63,19.69,133
HEEW Arizona,test,658,138,GBT,GBT (zero-shot),zero-shot gradient boosting,20,39.7676,27.9865,22.58,16.64,20.02,133
HEEW Arizona,test,658,138,GBT,GBT (zero-shot),zero-shot gradient boosting,21,33.9372,23.6021,21.96,16.65,19.89,133
HEEW Arizona,test,658,138,GBT,GBT (zero-shot),zero-shot gradient boosting,22,33.1998,24.7659,22.26,16.31,20.51,133
HEEW Arizona,test,658,138,GBT,GBT (zero-shot),zero-shot gradient boosting,23,38.8295,29.0308,22.5,15.78,20.45,133
HEEW Arizona,test,658,138,GBT,GBT (zero-shot),zero-shot gradient boosting,24,47.5491,34.1719,23.58,17.64,22.18,133
HEEW Arizona,test,658,138,GBT,GBT (zero-shot),zero-shot gradient boosting,25,46.3002,32.755,24.05,17.82,21.91,133
HEEW Arizona,test,658,138,GBT,GBT (zero-shot),zero-shot gradient boosting,26,44.9348,31.3739,24.92,17.95,23.17,133
HEEW Arizona,test,658,138,GBT,GBT (zero-shot),zero-shot gradient boosting,27,45.5936,31.6043,26.94,19.73,23.89,133
HEEW Arizona,test,658,138,GBT,GBT (zero-shot),zero-shot gradient boosting,28,43.4801,30.9944,27.71,20.02,23.72,133
HEEW Arizona,test,658,138,GBT,GBT (zero-shot),zero-shot gradient boosting,29,54.2985,35.8409,33.88,23.4,31.87,133
HEEW Arizona,test,658,138,GBT,GBT (zero-shot),zero-shot gradient boosting,30,61.4395,39.9936,33.37,24.41,33.36,133
HEEW Arizona,test,658,138,GBT,GBT (zero-shot),zero-shot gradient boosting,31,64.8235,42.2933,37.0,26.27,37.16,133
HEEW Arizona,test,658,138,Holt-Winters,Holt-Winters,"load only, statistical",1,21.542,15.1102,13.19,9.09,12.66,133
HEEW Arizona,test,658,138,Holt-Winters,Holt-Winters,"load only, statistical",2,24.5497,18.8474,14.15,10.37,12.92,133
HEEW Arizona,test,658,138,Holt-Winters,Holt-Winters,"load only, statistical",3,26.3247,20.0335,15.06,11.17,13.86,133
HEEW Arizona,test,658,138,Holt-Winters,Holt-Winters,"load only, statistical",4,27.4773,21.0252,15.88,12.16,15.74,133
HEEW Arizona,test,658,138,Holt-Winters,Holt-Winters,"load only, statistical",5,24.2287,18.607,16.49,12.61,15.78,133
HEEW Arizona,test,658,138,Holt-Winters,Holt-Winters,"load only, statistical",6,24.6732,19.0348,15.27,12.3,15.25,133
HEEW Arizona,test,658,138,Holt-Winters,Holt-Winters,"load only, statistical",7,26.7628,20.3066,16.87,12.24,15.25,133
HEEW Arizona,test,658,138,Holt-Winters,Holt-Winters,"load only, statistical",8,26.4234,20.5919,18.17,13.49,16.14,133
HEEW Arizona,test,658,138,Holt-Winters,Holt-Winters,"load only, statistical",9,26.3601,20.1674,18.29,13.39,16.98,133
HEEW Arizona,test,658,138,Holt-Winters,Holt-Winters,"load only, statistical",10,29.2926,22.731,17.67,13.18,16.54,133
HEEW Arizona,test,658,138,Holt-Winters,Holt-Winters,"load only, statistical",11,32.0029,24.4536,18.55,14.35,17.9,133
HEEW Arizona,test,658,138,Holt-Winters,Holt-Winters,"load only, statistical",12,29.6508,22.9316,18.36,13.32,17.49,133
HEEW Arizona,test,658,138,Holt-Winters,Holt-Winters,"load only, statistical",13,30.8633,23.7108,18.91,13.8,17.18,133
HEEW Arizona,test,658,138,Holt-Winters,Holt-Winters,"load only, statistical",14,31.0471,24.1214,18.05,13.3,16.35,133
HEEW Arizona,test,658,138,Holt-Winters,Holt-Winters,"load only, statistical",15,30.4759,23.8506,19.4,14.01,17.13,133
HEEW Arizona,test,658,138,Holt-Winters,Holt-Winters,"load only, statistical",16,28.8371,22.0331,18.91,14.3,17.35,133
HEEW Arizona,test,658,138,Holt-Winters,Holt-Winters,"load only, statistical",17,32.7064,25.2264,19.59,14.15,17.24,133
HEEW Arizona,test,658,138,Holt-Winters,Holt-Winters,"load only, statistical",18,32.5591,25.0928,20.08,14.94,17.99,133
HEEW Arizona,test,658,138,Holt-Winters,Holt-Winters,"load only, statistical",19,31.7896,24.8937,20.11,14.64,18.18,133
HEEW Arizona,test,658,138,Holt-Winters,Holt-Winters,"load only, statistical",20,31.5269,24.425,19.51,14.46,17.23,133
HEEW Arizona,test,658,138,Holt-Winters,Holt-Winters,"load only, statistical",21,32.3951,23.6892,18.94,14.0,17.11,133
HEEW Arizona,test,658,138,Holt-Winters,Holt-Winters,"load only, statistical",22,28.5645,21.6207,19.91,14.71,17.83,133
HEEW Arizona,test,658,138,Holt-Winters,Holt-Winters,"load only, statistical",23,31.8856,24.1518,20.27,14.95,19.01,133
HEEW Arizona,test,658,138,Holt-Winters,Holt-Winters,"load only, statistical",24,39.7724,30.3646,21.62,16.25,19.96,133
HEEW Arizona,test,658,138,Holt-Winters,Holt-Winters,"load only, statistical",25,41.7136,31.6831,22.46,16.55,21.18,133
HEEW Arizona,test,658,138,Holt-Winters,Holt-Winters,"load only, statistical",26,39.4175,30.9948,22.07,16.3,21.56,133
HEEW Arizona,test,658,138,Holt-Winters,Holt-Winters,"load only, statistical",27,40.3175,31.0144,22.18,16.39,20.73,133
HEEW Arizona,test,658,138,Holt-Winters,Holt-Winters,"load only, statistical",28,41.3973,31.1699,21.62,15.96,20.37,133
HEEW Arizona,test,658,138,Holt-Winters,Holt-Winters,"load only, statistical",29,38.2954,27.8254,23.91,18.51,21.43,133
HEEW Arizona,test,658,138,Holt-Winters,Holt-Winters,"load only, statistical",30,37.3271,28.9349,22.7,16.96,21.05,133
HEEW Arizona,test,658,138,Holt-Winters,Holt-Winters,"load only, statistical",31,40.8103,31.7057,24.17,17.85,21.59,133
HEEW Arizona,test,658,138,LYR-profile,Last-year profile,profile,1,39.5624,30.2468,26.94,20.38,24.74,133
HEEW Arizona,test,658,138,LYR-profile,Last-year profile,profile,2,40.1063,30.7287,26.08,19.39,24.22,133
HEEW Arizona,test,658,138,LYR-profile,Last-year profile,profile,3,38.409,30.0984,25.99,19.53,24.01,133
HEEW Arizona,test,658,138,LYR-profile,Last-year profile,profile,4,40.0436,31.5053,26.42,20.91,25.42,133
HEEW Arizona,test,658,138,LYR-profile,Last-year profile,profile,5,37.3292,28.6361,26.3,20.52,24.52,133
HEEW Arizona,test,658,138,LYR-profile,Last-year profile,profile,6,35.2621,26.4851,26.07,19.45,23.82,133
HEEW Arizona,test,658,138,LYR-profile,Last-year profile,profile,7,33.1081,24.5301,26.75,19.59,24.13,133
HEEW Arizona,test,658,138,LYR-profile,Last-year profile,profile,8,36.7673,28.3976,26.17,20.01,24.97,133
HEEW Arizona,test,658,138,LYR-profile,Last-year profile,profile,9,38.687,30.0236,25.55,19.66,24.57,133
HEEW Arizona,test,658,138,LYR-profile,Last-year profile,profile,10,39.9894,31.148,26.85,20.1,25.26,133
HEEW Arizona,test,658,138,LYR-profile,Last-year profile,profile,11,40.493,31.8327,26.86,19.73,25.37,133
HEEW Arizona,test,658,138,LYR-profile,Last-year profile,profile,12,38.9571,30.2506,25.06,18.88,24.64,133
HEEW Arizona,test,658,138,LYR-profile,Last-year profile,profile,13,38.4672,28.7165,26.0,19.94,25.26,133
HEEW Arizona,test,658,138,LYR-profile,Last-year profile,profile,14,37.7382,28.6859,26.11,19.37,24.71,133
HEEW Arizona,test,658,138,LYR-profile,Last-year profile,profile,15,37.2032,28.2519,24.68,18.91,24.41,133
HEEW Arizona,test,658,138,LYR-profile,Last-year profile,profile,16,35.7799,26.5301,23.62,18.83,23.74,133
HEEW Arizona,test,658,138,LYR-profile,Last-year profile,profile,17,38.8188,28.7726,25.58,19.45,23.99,133
HEEW Arizona,test,658,138,LYR-profile,Last-year profile,profile,18,35.9183,26.2165,25.57,17.9,24.42,133
HEEW Arizona,test,658,138,LYR-profile,Last-year profile,profile,19,37.4068,27.1209,24.47,17.88,24.33,133
HEEW Arizona,test,658,138,LYR-profile,Last-year profile,profile,20,36.7872,27.65,24.74,18.93,23.08,133
HEEW Arizona,test,658,138,LYR-profile,Last-year profile,profile,21,35.2962,26.3491,25.39,19.0,23.71,133
HEEW Arizona,test,658,138,LYR-profile,Last-year profile,profile,22,35.1958,26.2842,25.79,20.11,24.92,133
HEEW Arizona,test,658,138,LYR-profile,Last-year profile,profile,23,34.1307,25.0607,26.32,20.22,25.19,133
HEEW Arizona,test,658,138,LYR-profile,Last-year profile,profile,24,41.3904,31.7797,27.22,20.31,25.28,133
HEEW Arizona,test,658,138,LYR-profile,Last-year profile,profile,25,38.4033,27.1471,24.78,18.22,24.27,133
HEEW Arizona,test,658,138,LYR-profile,Last-year profile,profile,26,33.4682,24.1954,25.77,18.66,24.1,133
HEEW Arizona,test,658,138,LYR-profile,Last-year profile,profile,27,38.3086,29.4287,26.09,20.16,23.99,133
HEEW Arizona,test,658,138,LYR-profile,Last-year profile,profile,28,37.544,28.8385,26.62,20.24,24.45,133
HEEW Arizona,test,658,138,LYR-profile,Last-year profile,profile,29,36.0413,26.937,27.51,21.7,25.62,133
HEEW Arizona,test,658,138,LYR-profile,Last-year profile,profile,30,37.776,28.7019,25.48,19.73,24.55,133
HEEW Arizona,test,658,138,LYR-profile,Last-year profile,profile,31,41.5089,32.411,24.73,19.54,25.24,133
HEEW Arizona,test,658,138,MSTL,MSTL,"load only, statistical",1,20.248,14.3357,10.03,7.28,10.9,133
HEEW Arizona,test,658,138,MSTL,MSTL,"load only, statistical",2,27.6313,19.5801,12.12,8.85,12.43,133
HEEW Arizona,test,658,138,MSTL,MSTL,"load only, statistical",3,26.3586,20.0504,14.14,10.26,13.34,133
HEEW Arizona,test,658,138,MSTL,MSTL,"load only, statistical",4,23.7748,16.9669,13.82,10.34,14.84,133
HEEW Arizona,test,658,138,MSTL,MSTL,"load only, statistical",5,24.1981,17.6015,14.88,10.78,14.85,133
HEEW Arizona,test,658,138,MSTL,MSTL,"load only, statistical",6,24.0337,17.1562,13.66,9.92,14.01,133
HEEW Arizona,test,658,138,MSTL,MSTL,"load only, statistical",7,22.8975,16.554,15.32,10.51,13.93,133
HEEW Arizona,test,658,138,MSTL,MSTL,"load only, statistical",8,23.417,17.2165,16.53,11.73,15.7,133
HEEW Arizona,test,658,138,MSTL,MSTL,"load only, statistical",9,25.9436,19.173,18.07,12.65,16.87,133
HEEW Arizona,test,658,138,MSTL,MSTL,"load only, statistical",10,27.7938,20.7781,18.8,12.98,16.48,133
HEEW Arizona,test,658,138,MSTL,MSTL,"load only, statistical",11,28.7467,21.1012,18.51,13.07,17.42,133
HEEW Arizona,test,658,138,MSTL,MSTL,"load only, statistical",12,29.8616,23.2066,17.53,12.62,16.5,133
HEEW Arizona,test,658,138,MSTL,MSTL,"load only, statistical",13,29.4338,21.9415,16.6,12.1,15.88,133
HEEW Arizona,test,658,138,MSTL,MSTL,"load only, statistical",14,26.7168,20.88,15.56,11.6,14.97,133
HEEW Arizona,test,658,138,MSTL,MSTL,"load only, statistical",15,27.4312,21.0249,17.58,12.43,16.28,133
HEEW Arizona,test,658,138,MSTL,MSTL,"load only, statistical",16,26.0142,19.6992,17.28,12.45,16.37,133
HEEW Arizona,test,658,138,MSTL,MSTL,"load only, statistical",17,28.6694,22.1327,18.44,13.58,16.75,133
HEEW Arizona,test,658,138,MSTL,MSTL,"load only, statistical",18,30.406,22.7033,18.83,13.35,17.41,133
HEEW Arizona,test,658,138,MSTL,MSTL,"load only, statistical",19,31.2107,23.0668,17.71,12.63,17.25,133
HEEW Arizona,test,658,138,MSTL,MSTL,"load only, statistical",20,30.3345,21.8897,17.26,12.38,16.27,133
HEEW Arizona,test,658,138,MSTL,MSTL,"load only, statistical",21,28.2522,21.1561,15.88,12.07,15.75,133
HEEW Arizona,test,658,138,MSTL,MSTL,"load only, statistical",22,27.4056,20.6501,19.18,13.31,17.97,133
HEEW Arizona,test,658,138,MSTL,MSTL,"load only, statistical",23,27.6092,20.8681,19.42,13.86,18.49,133
HEEW Arizona,test,658,138,MSTL,MSTL,"load only, statistical",24,34.8312,25.9851,20.25,14.49,19.93,133
HEEW Arizona,test,658,138,MSTL,MSTL,"load only, statistical",25,37.9381,27.077,20.56,14.86,20.22,133
HEEW Arizona,test,658,138,MSTL,MSTL,"load only, statistical",26,36.6208,26.0358,21.6,15.24,20.54,133
HEEW Arizona,test,658,138,MSTL,MSTL,"load only, statistical",27,38.1105,27.6309,21.04,14.68,19.62,133
HEEW Arizona,test,658,138,MSTL,MSTL,"load only, statistical",28,35.9667,27.141,19.9,14.89,18.99,133
HEEW Arizona,test,658,138,MSTL,MSTL,"load only, statistical",29,33.1037,24.5038,21.89,16.24,20.56,133
HEEW Arizona,test,658,138,MSTL,MSTL,"load only, statistical",30,32.3,24.386,22.33,16.29,20.54,133
HEEW Arizona,test,658,138,MSTL,MSTL,"load only, statistical",31,35.284,27.1541,22.79,17.07,20.98,133
HEEW Arizona,test,658,138,SN-day,Seasonal naive (day),naive,1,25.8934,15.8471,13.25,8.27,12.79,133
HEEW Arizona,test,658,138,SN-day,Seasonal naive (day),naive,2,32.8755,24.0288,17.13,11.76,17.05,133
HEEW Arizona,test,658,138,SN-day,Seasonal naive (day),naive,3,31.9063,23.9237,18.16,13.34,18.28,133
HEEW Arizona,test,658,138,SN-day,Seasonal naive (day),naive,4,30.0005,21.7338,17.62,12.58,17.65,133
HEEW Arizona,test,658,138,SN-day,Seasonal naive (day),naive,5,30.8697,21.5591,18.09,13.17,18.55,133
HEEW Arizona,test,658,138,SN-day,Seasonal naive (day),naive,6,28.7133,19.092,18.21,12.55,17.47,133
HEEW Arizona,test,658,138,SN-day,Seasonal naive (day),naive,7,23.3315,15.9015,14.98,10.41,13.79,133
HEEW Arizona,test,658,138,SN-day,Seasonal naive (day),naive,8,28.6828,19.1618,18.25,12.72,17.66,133
HEEW Arizona,test,658,138,SN-day,Seasonal naive (day),naive,9,35.5466,25.2097,22.51,16.1,21.03,133
HEEW Arizona,test,658,138,SN-day,Seasonal naive (day),naive,10,34.6608,25.4994,21.66,15.56,20.5,133
HEEW Arizona,test,658,138,SN-day,Seasonal naive (day),naive,11,32.8641,23.1779,20.37,14.38,20.02,133
HEEW Arizona,test,658,138,SN-day,Seasonal naive (day),naive,12,33.8174,24.8774,21.13,14.9,20.15,133
HEEW Arizona,test,658,138,SN-day,Seasonal naive (day),naive,13,32.4869,22.6175,18.89,13.51,19.04,133
HEEW Arizona,test,658,138,SN-day,Seasonal naive (day),naive,14,25.1656,18.2154,15.21,11.04,14.82,133
HEEW Arizona,test,658,138,SN-day,Seasonal naive (day),naive,15,33.3028,24.0538,20.22,13.69,18.82,133
HEEW Arizona,test,658,138,SN-day,Seasonal naive (day),naive,16,37.7889,27.9627,21.94,15.68,21.39,133
HEEW Arizona,test,658,138,SN-day,Seasonal naive (day),naive,17,38.533,28.797,21.17,15.08,20.83,133
HEEW Arizona,test,658,138,SN-day,Seasonal naive (day),naive,18,35.6734,26.771,21.14,14.63,20.47,133
HEEW Arizona,test,658,138,SN-day,Seasonal naive (day),naive,19,35.0212,27.0076,21.0,15.41,21.05,133
HEEW Arizona,test,658,138,SN-day,Seasonal naive (day),naive,20,32.0135,23.7674,21.26,15.63,19.19,133
HEEW Arizona,test,658,138,SN-day,Seasonal naive (day),naive,21,27.163,18.7206,17.12,12.22,16.0,133
HEEW Arizona,test,658,138,SN-day,Seasonal naive (day),naive,22,33.6879,23.1769,21.27,14.72,20.3,133
HEEW Arizona,test,658,138,SN-day,Seasonal naive (day),naive,23,41.5973,30.9644,22.54,15.93,22.57,133
HEEW Arizona,test,658,138,SN-day,Seasonal naive (day),naive,24,44.3885,32.7114,23.76,17.01,23.3,133
HEEW Arizona,test,658,138,SN-day,Seasonal naive (day),naive,25,41.9575,30.9201,23.72,17.28,22.85,133
HEEW Arizona,test,658,138,SN-day,Seasonal naive (day),naive,26,40.0312,28.979,23.02,16.61,23.27,133
HEEW Arizona,test,658,138,SN-day,Seasonal naive (day),naive,27,38.2926,27.3396,23.28,15.96,21.43,133
HEEW Arizona,test,658,138,SN-day,Seasonal naive (day),naive,28,34.4872,24.8267,20.41,14.25,18.92,133
HEEW Arizona,test,658,138,SN-day,Seasonal naive (day),naive,29,39.7586,27.5163,25.04,17.61,22.83,133
HEEW Arizona,test,658,138,SN-day,Seasonal naive (day),naive,30,46.1535,33.3575,26.93,19.24,25.14,133
HEEW Arizona,test,658,138,SN-day,Seasonal naive (day),naive,31,44.5856,32.7035,26.29,19.97,25.13,133
HEEW Arizona,test,658,138,SN-week,Seasonal naive (week),naive,1,24.2793,17.5309,14.39,9.4,13.67,133
HEEW Arizona,test,658,138,SN-week,Seasonal naive (week),naive,2,25.079,17.3212,14.27,9.41,13.58,133
HEEW Arizona,test,658,138,SN-week,Seasonal naive (week),naive,3,27.4252,19.7574,13.78,9.57,14.0,133
HEEW Arizona,test,658,138,SN-week,Seasonal naive (week),naive,4,27.5092,19.4545,13.62,9.81,14.63,133
HEEW Arizona,test,658,138,SN-week,Seasonal naive (week),naive,5,22.0492,14.5594,15.96,10.39,14.99,133
HEEW Arizona,test,658,138,SN-week,Seasonal naive (week),naive,6,24.4221,16.3919,15.73,10.46,14.33,133
HEEW Arizona,test,658,138,SN-week,Seasonal naive (week),naive,7,23.3315,15.9015,14.98,10.41,13.79,133
HEEW Arizona,test,658,138,SN-week,Seasonal naive (week),naive,8,28.3091,21.0515,16.53,10.71,15.42,133
HEEW Arizona,test,658,138,SN-week,Seasonal naive (week),naive,9,24.4503,16.9595,16.79,11.31,16.4,133
HEEW Arizona,test,658,138,SN-week,Seasonal naive (week),naive,10,29.0811,20.193,17.71,12.86,16.51,133
HEEW Arizona,test,658,138,SN-week,Seasonal naive (week),naive,11,32.2179,22.5069,18.76,12.23,17.56,133
HEEW Arizona,test,658,138,SN-week,Seasonal naive (week),naive,12,31.7207,23.9836,18.39,11.69,17.25,133
HEEW Arizona,test,658,138,SN-week,Seasonal naive (week),naive,13,29.951,21.2776,17.1,11.54,16.31,133
HEEW Arizona,test,658,138,SN-week,Seasonal naive (week),naive,14,25.1656,18.2154,15.21,11.04,14.82,133
HEEW Arizona,test,658,138,SN-week,Seasonal naive (week),naive,15,33.977,26.0599,18.42,12.62,18.03,133
HEEW Arizona,test,658,138,SN-week,Seasonal naive (week),naive,16,27.7628,20.5071,17.55,12.14,17.31,133
HEEW Arizona,test,658,138,SN-week,Seasonal naive (week),naive,17,33.8586,24.6052,19.42,13.19,17.36,133
HEEW Arizona,test,658,138,SN-week,Seasonal naive (week),naive,18,33.4942,23.8427,17.8,11.79,17.29,133
HEEW Arizona,test,658,138,SN-week,Seasonal naive (week),naive,19,31.3896,22.2213,17.7,12.63,17.36,133
HEEW Arizona,test,658,138,SN-week,Seasonal naive (week),naive,20,30.2431,21.6702,17.09,12.19,16.31,133
HEEW Arizona,test,658,138,SN-week,Seasonal naive (week),naive,21,27.163,18.7206,17.12,12.22,16.0,133
HEEW Arizona,test,658,138,SN-week,Seasonal naive (week),naive,22,33.383,24.1784,18.94,13.81,19.04,133
HEEW Arizona,test,658,138,SN-week,Seasonal naive (week),naive,23,31.0035,21.9457,18.49,13.0,18.56,133
HEEW Arizona,test,658,138,SN-week,Seasonal naive (week),naive,24,41.0141,28.9182,21.25,14.85,20.26,133
HEEW Arizona,test,658,138,SN-week,Seasonal naive (week),naive,25,42.6552,29.1078,20.53,14.36,20.33,133
HEEW Arizona,test,658,138,SN-week,Seasonal naive (week),naive,26,38.1769,26.4246,22.18,15.6,21.01,133
HEEW Arizona,test,658,138,SN-week,Seasonal naive (week),naive,27,37.8541,26.2448,20.76,14.42,19.8,133
HEEW Arizona,test,658,138,SN-week,Seasonal naive (week),naive,28,34.4872,24.8267,20.41,14.25,18.92,133
HEEW Arizona,test,658,138,SN-week,Seasonal naive (week),naive,29,43.9792,31.067,23.54,17.74,22.85,133
HEEW Arizona,test,658,138,SN-week,Seasonal naive (week),naive,30,36.9935,26.703,23.06,17.16,21.79,133
HEEW Arizona,test,658,138,SN-week,Seasonal naive (week),naive,31,41.184,29.0538,22.28,16.28,21.62,133
HEEW Arizona,test,658,138,SP-profile,Previous-month profile,profile,1,28.916,22.2585,16.53,12.45,15.5,133
HEEW Arizona,test,658,138,SP-profile,Previous-month profile,profile,2,30.4487,24.2036,15.5,12.2,15.36,133
HEEW Arizona,test,658,138,SP-profile,Previous-month profile,profile,3,31.918,24.8319,17.39,13.15,15.91,133
HEEW Arizona,test,658,138,SP-profile,Previous-month profile,profile,4,31.1736,24.1267,16.28,12.55,16.08,133
HEEW Arizona,test,658,138,SP-profile,Previous-month profile,profile,5,27.3481,21.2824,15.67,12.3,15.21,133
HEEW Arizona,test,658,138,SP-profile,Previous-month profile,profile,6,28.6508,22.1603,17.11,12.85,15.58,133
HEEW Arizona,test,658,138,SP-profile,Previous-month profile,profile,7,30.214,23.1207,18.3,13.88,16.3,133
HEEW Arizona,test,658,138,SP-profile,Previous-month profile,profile,8,31.0188,23.9883,20.17,14.21,17.19,133
HEEW Arizona,test,658,138,SP-profile,Previous-month profile,profile,9,36.0136,28.3305,19.85,14.56,18.22,133
HEEW Arizona,test,658,138,SP-profile,Previous-month profile,profile,10,37.3944,29.2014,20.56,15.86,18.31,133
HEEW Arizona,test,658,138,SP-profile,Previous-month profile,profile,11,36.1739,28.277,18.71,13.52,18.47,133
HEEW Arizona,test,658,138,SP-profile,Previous-month profile,profile,12,34.875,27.6679,18.23,14.25,18.05,133
HEEW Arizona,test,658,138,SP-profile,Previous-month profile,profile,13,36.2213,27.9698,19.58,15.45,18.6,133
HEEW Arizona,test,658,138,SP-profile,Previous-month profile,profile,14,37.0257,29.1544,20.29,15.77,18.96,133
HEEW Arizona,test,658,138,SP-profile,Previous-month profile,profile,15,36.6062,29.2931,21.82,16.02,19.78,133
HEEW Arizona,test,658,138,SP-profile,Previous-month profile,profile,16,38.743,29.5998,20.82,16.23,19.23,133
HEEW Arizona,test,658,138,SP-profile,Previous-month profile,profile,17,41.9441,31.0093,21.16,15.85,18.84,133
HEEW Arizona,test,658,138,SP-profile,Previous-month profile,profile,18,37.1143,27.9567,20.4,15.34,18.73,133
HEEW Arizona,test,658,138,SP-profile,Previous-month profile,profile,19,37.5732,28.305,19.99,15.29,18.5,133
HEEW Arizona,test,658,138,SP-profile,Previous-month profile,profile,20,37.5989,28.8454,20.43,15.42,18.33,133
HEEW Arizona,test,658,138,SP-profile,Previous-month profile,profile,21,37.8718,28.0761,20.44,15.98,18.95,133
HEEW Arizona,test,658,138,SP-profile,Previous-month profile,profile,22,36.9692,29.476,21.27,16.64,20.28,133
HEEW Arizona,test,658,138,SP-profile,Previous-month profile,profile,23,43.954,33.4657,21.76,16.56,20.52,133
HEEW Arizona,test,658,138,SP-profile,Previous-month profile,profile,24,49.5531,37.0617,24.04,17.8,21.22,133
HEEW Arizona,test,658,138,SP-profile,Previous-month profile,profile,25,47.4535,34.5767,23.23,17.59,21.61,133
HEEW Arizona,test,658,138,SP-profile,Previous-month profile,profile,26,46.2207,34.8831,23.61,17.6,22.44,133
HEEW Arizona,test,658,138,SP-profile,Previous-month profile,profile,27,46.5162,35.2402,24.06,18.16,21.84,133
HEEW Arizona,test,658,138,SP-profile,Previous-month profile,profile,28,47.508,36.2107,22.89,17.92,22.02,133
HEEW Arizona,test,658,138,SP-profile,Previous-month profile,profile,29,46.9291,35.1037,26.07,19.82,23.62,133
HEEW Arizona,test,658,138,SP-profile,Previous-month profile,profile,30,50.0373,39.1024,26.06,20.05,23.28,133
HEEW Arizona,test,658,138,SP-profile,Previous-month profile,profile,31,50.1492,38.2799,27.05,20.91,22.79,133
HEEW Arizona,test,658,138,TimesFM-X,TimesFM-X,"same information, zero-shot foundation model",1,15.7359,11.2267,9.47,6.55,9.15,133
HEEW Arizona,test,658,138,TimesFM-X,TimesFM-X,"same information, zero-shot foundation model",2,21.5267,15.3296,10.05,7.7,10.25,133
HEEW Arizona,test,658,138,TimesFM-X,TimesFM-X,"same information, zero-shot foundation model",3,21.63,15.8679,11.76,8.29,11.32,133
HEEW Arizona,test,658,138,TimesFM-X,TimesFM-X,"same information, zero-shot foundation model",4,22.7686,16.7508,12.31,8.9,12.12,133
HEEW Arizona,test,658,138,TimesFM-X,TimesFM-X,"same information, zero-shot foundation model",5,19.9535,14.5182,13.44,9.21,12.34,133
HEEW Arizona,test,658,138,TimesFM-X,TimesFM-X,"same information, zero-shot foundation model",6,19.7291,14.2719,13.76,9.68,12.39,133
HEEW Arizona,test,658,138,TimesFM-X,TimesFM-X,"same information, zero-shot foundation model",7,20.3932,14.6576,14.67,10.7,12.69,133
HEEW Arizona,test,658,138,TimesFM-X,TimesFM-X,"same information, zero-shot foundation model",8,20.2322,14.7102,15.01,10.92,13.72,133
HEEW Arizona,test,658,138,TimesFM-X,TimesFM-X,"same information, zero-shot foundation model",9,21.3391,15.3763,16.73,11.59,14.93,133
HEEW Arizona,test,658,138,TimesFM-X,TimesFM-X,"same information, zero-shot foundation model",10,23.5189,16.9391,16.04,12.23,14.54,133
HEEW Arizona,test,658,138,TimesFM-X,TimesFM-X,"same information, zero-shot foundation model",11,27.4382,20.3141,16.02,11.77,15.18,133
HEEW Arizona,test,658,138,TimesFM-X,TimesFM-X,"same information, zero-shot foundation model",12,26.8108,20.4559,16.14,11.17,14.6,133
HEEW Arizona,test,658,138,TimesFM-X,TimesFM-X,"same information, zero-shot foundation model",13,27.3813,20.6957,15.84,11.34,15.08,133
HEEW Arizona,test,658,138,TimesFM-X,TimesFM-X,"same information, zero-shot foundation model",14,24.1043,18.0466,15.74,11.57,14.27,133
HEEW Arizona,test,658,138,TimesFM-X,TimesFM-X,"same information, zero-shot foundation model",15,23.7219,17.609,16.3,11.36,14.93,133
HEEW Arizona,test,658,138,TimesFM-X,TimesFM-X,"same information, zero-shot foundation model",16,23.1219,17.4088,16.85,11.93,15.05,133
HEEW Arizona,test,658,138,TimesFM-X,TimesFM-X,"same information, zero-shot foundation model",17,27.833,21.0661,16.66,12.14,15.14,133
HEEW Arizona,test,658,138,TimesFM-X,TimesFM-X,"same information, zero-shot foundation model",18,27.0429,20.6293,16.94,11.83,15.54,133
HEEW Arizona,test,658,138,TimesFM-X,TimesFM-X,"same information, zero-shot foundation model",19,26.7296,20.1277,15.8,12.04,15.0,133
HEEW Arizona,test,658,138,TimesFM-X,TimesFM-X,"same information, zero-shot foundation model",20,26.6952,20.254,15.72,11.89,14.65,133
HEEW Arizona,test,658,138,TimesFM-X,TimesFM-X,"same information, zero-shot foundation model",21,26.0856,19.4479,16.16,12.43,15.0,133
HEEW Arizona,test,658,138,TimesFM-X,TimesFM-X,"same information, zero-shot foundation model",22,24.3406,18.1809,17.38,12.49,16.04,133
HEEW Arizona,test,658,138,TimesFM-X,TimesFM-X,"same information, zero-shot foundation model",23,25.6463,19.2957,17.71,12.72,16.64,133
HEEW Arizona,test,658,138,TimesFM-X,TimesFM-X,"same information, zero-shot foundation model",24,34.3337,25.4983,18.38,13.75,18.02,133
HEEW Arizona,test,658,138,TimesFM-X,TimesFM-X,"same information, zero-shot foundation model",25,34.9284,24.5784,18.93,13.9,18.06,133
HEEW Arizona,test,658,138,TimesFM-X,TimesFM-X,"same information, zero-shot foundation model",26,33.098,24.2625,20.2,14.6,18.55,133
HEEW Arizona,test,658,138,TimesFM-X,TimesFM-X,"same information, zero-shot foundation model",27,33.5432,24.1582,20.74,14.77,18.62,133
HEEW Arizona,test,658,138,TimesFM-X,TimesFM-X,"same information, zero-shot foundation model",28,33.5533,24.8213,19.46,14.13,18.17,133
HEEW Arizona,test,658,138,TimesFM-X,TimesFM-X,"same information, zero-shot foundation model",29,31.2239,23.1649,20.47,15.15,19.28,133
HEEW Arizona,test,658,138,TimesFM-X,TimesFM-X,"same information, zero-shot foundation model",30,29.1195,22.2316,20.78,15.44,19.05,133
HEEW Arizona,test,658,138,TimesFM-X,TimesFM-X,"same information, zero-shot foundation model",31,34.6783,26.262,21.07,15.74,19.32,133
HEEW Arizona,test,658,138,WeekProf4,4-week profile,profile,1,27.4285,20.1993,13.91,9.99,13.73,133
HEEW Arizona,test,658,138,WeekProf4,4-week profile,profile,2,25.9311,18.8189,13.09,9.51,13.2,133
HEEW Arizona,test,658,138,WeekProf4,4-week profile,profile,3,28.7786,21.2245,14.53,10.96,13.7,133
HEEW Arizona,test,658,138,WeekProf4,4-week profile,profile,4,31.5386,23.8711,13.69,10.22,14.54,133
HEEW Arizona,test,658,138,WeekProf4,4-week profile,profile,5,27.7365,20.7051,14.48,10.03,13.59,133
HEEW Arizona,test,658,138,WeekProf4,4-week profile,profile,6,29.2846,21.9667,14.96,10.13,13.28,133
HEEW Arizona,test,658,138,WeekProf4,4-week profile,profile,7,27.2765,20.0543,15.53,10.72,13.61,133
HEEW Arizona,test,658,138,WeekProf4,4-week profile,profile,8,30.3658,23.0908,16.91,11.54,15.29,133
HEEW Arizona,test,658,138,WeekProf4,4-week profile,profile,9,29.7777,22.4511,16.62,11.74,16.82,133
HEEW Arizona,test,658,138,WeekProf4,4-week profile,profile,10,33.991,26.6113,17.84,12.64,16.69,133
HEEW Arizona,test,658,138,WeekProf4,4-week profile,profile,11,36.6703,28.1738,18.36,12.6,17.32,133
HEEW Arizona,test,658,138,WeekProf4,4-week profile,profile,12,35.7135,27.4982,16.96,11.55,16.34,133
HEEW Arizona,test,658,138,WeekProf4,4-week profile,profile,13,36.8389,27.4562,17.57,11.72,16.37,133
HEEW Arizona,test,658,138,WeekProf4,4-week profile,profile,14,34.809,26.2733,16.86,11.3,15.79,133
HEEW Arizona,test,658,138,WeekProf4,4-week profile,profile,15,35.6921,27.6389,18.75,13.89,17.77,133
HEEW Arizona,test,658,138,WeekProf4,4-week profile,profile,16,32.2987,24.3011,18.58,13.22,17.65,133
HEEW Arizona,test,658,138,WeekProf4,4-week profile,profile,17,37.469,27.1841,17.68,13.48,17.14,133
HEEW Arizona,test,658,138,WeekProf4,4-week profile,profile,18,37.4141,27.9793,18.89,12.77,17.12,133
HEEW Arizona,test,658,138,WeekProf4,4-week profile,profile,19,38.1835,28.0083,17.79,12.11,16.72,133
HEEW Arizona,test,658,138,WeekProf4,4-week profile,profile,20,38.4442,28.4367,18.49,12.73,16.33,133
HEEW Arizona,test,658,138,WeekProf4,4-week profile,profile,21,35.9804,26.509,16.58,11.52,16.07,133
HEEW Arizona,test,658,138,WeekProf4,4-week profile,profile,22,35.7702,26.516,19.16,13.26,18.31,133
HEEW Arizona,test,658,138,WeekProf4,4-week profile,profile,23,36.9836,27.7825,19.65,14.76,18.94,133
HEEW Arizona,test,658,138,WeekProf4,4-week profile,profile,24,45.3966,34.4228,21.29,15.0,19.63,133
HEEW Arizona,test,658,138,WeekProf4,4-week profile,profile,25,48.2632,34.8954,22.5,15.16,20.66,133
HEEW Arizona,test,658,138,WeekProf4,4-week profile,profile,26,46.834,33.9168,22.55,15.63,21.16,133
HEEW Arizona,test,658,138,WeekProf4,4-week profile,profile,27,47.8857,35.4474,21.39,15.98,20.6,133
HEEW Arizona,test,658,138,WeekProf4,4-week profile,profile,28,45.553,33.3937,21.68,16.09,20.25,133
HEEW Arizona,test,658,138,WeekProf4,4-week profile,profile,29,46.7851,33.3294,23.68,17.82,22.37,133
HEEW Arizona,test,658,138,WeekProf4,4-week profile,profile,30,42.7398,32.4132,23.57,16.95,21.69,133
HEEW Arizona,test,658,138,WeekProf4,4-week profile,profile,31,46.4192,35.7398,22.76,17.28,21.34,133
HEEW Arizona,test,658,138,DLinear,DLinear,"load only, trained",1,17.4329,12.8142,9.99,7.27,10.15,133
HEEW Arizona,test,658,138,DLinear,DLinear,"load only, trained",2,21.3326,15.5381,11.0,8.31,11.27,133
HEEW Arizona,test,658,138,DLinear,DLinear,"load only, trained",3,21.3634,15.5036,12.36,9.43,12.54,133
HEEW Arizona,test,658,138,DLinear,DLinear,"load only, trained",4,22.3494,17.0345,14.4,10.03,13.6,133
HEEW Arizona,test,658,138,DLinear,DLinear,"load only, trained",5,19.985,14.9704,14.52,10.08,13.41,133
HEEW Arizona,test,658,138,DLinear,DLinear,"load only, trained",6,22.0109,16.4066,14.19,10.39,13.2,133
HEEW Arizona,test,658,138,DLinear,DLinear,"load only, trained",7,23.411,17.624,14.77,10.59,13.65,133
HEEW Arizona,test,658,138,DLinear,DLinear,"load only, trained",8,21.9186,16.7749,15.06,11.01,14.74,133
HEEW Arizona,test,658,138,DLinear,DLinear,"load only, trained",9,22.6788,17.3063,15.79,12.13,15.76,133
HEEW Arizona,test,658,138,DLinear,DLinear,"load only, trained",10,26.496,20.8055,16.14,11.85,15.89,133
HEEW Arizona,test,658,138,DLinear,DLinear,"load only, trained",11,29.2933,22.5629,17.47,12.82,16.8,133
HEEW Arizona,test,658,138,DLinear,DLinear,"load only, trained",12,28.2611,22.9006,16.53,13.12,16.87,133
HEEW Arizona,test,658,138,DLinear,DLinear,"load only, trained",13,28.8199,23.3279,17.8,13.41,17.25,133
HEEW Arizona,test,658,138,DLinear,DLinear,"load only, trained",14,30.0062,24.5803,16.97,13.5,16.62,133
HEEW Arizona,test,658,138,DLinear,DLinear,"load only, trained",15,29.7093,24.3064,17.35,12.99,17.02,133
HEEW Arizona,test,658,138,DLinear,DLinear,"load only, trained",16,27.9875,22.1911,18.07,13.89,17.21,133
HEEW Arizona,test,658,138,DLinear,DLinear,"load only, trained",17,32.0944,25.4458,19.13,14.3,17.61,133
HEEW Arizona,test,658,138,DLinear,DLinear,"load only, trained",18,31.2479,24.8725,18.18,14.35,18.1,133
HEEW Arizona,test,658,138,DLinear,DLinear,"load only, trained",19,32.3698,26.1466,18.69,15.08,18.51,133
HEEW Arizona,test,658,138,DLinear,DLinear,"load only, trained",20,31.0393,25.6665,18.68,14.91,18.5,133
HEEW Arizona,test,658,138,DLinear,DLinear,"load only, trained",21,33.3727,28.2516,18.79,15.15,18.54,133
HEEW Arizona,test,658,138,DLinear,DLinear,"load only, trained",22,33.6943,27.742,19.55,15.91,19.53,133
HEEW Arizona,test,658,138,DLinear,DLinear,"load only, trained",23,35.2832,29.7656,19.52,16.29,20.56,133
HEEW Arizona,test,658,138,DLinear,DLinear,"load only, trained",24,39.908,32.6271,22.73,18.53,22.4,133
HEEW Arizona,test,658,138,DLinear,DLinear,"load only, trained",25,43.1354,34.8711,23.54,18.79,23.04,133
HEEW Arizona,test,658,138,DLinear,DLinear,"load only, trained",26,39.6634,32.2564,24.18,19.37,23.28,133
HEEW Arizona,test,658,138,DLinear,DLinear,"load only, trained",27,41.9062,35.0079,23.63,19.69,23.34,133
HEEW Arizona,test,658,138,DLinear,DLinear,"load only, trained",28,41.8077,34.6722,23.34,19.23,22.07,133
HEEW Arizona,test,658,138,DLinear,DLinear,"load only, trained",29,40.4206,33.2247,23.4,19.1,23.23,133
HEEW Arizona,test,658,138,DLinear,DLinear,"load only, trained",30,39.2604,32.5421,23.48,19.09,23.18,133
HEEW Arizona,test,658,138,DLinear,DLinear,"load only, trained",31,40.4768,33.4601,25.22,19.74,23.45,133
HEEW Arizona,test,658,138,GBT-T,GBT-T,"same information, trained",1,22.5329,17.305,13.51,9.54,12.83,133
HEEW Arizona,test,658,138,GBT-T,GBT-T,"same information, trained",2,24.0556,18.3458,13.26,9.76,12.55,133
HEEW Arizona,test,658,138,GBT-T,GBT-T,"same information, trained",3,23.9477,17.4433,15.01,10.34,13.29,133
HEEW Arizona,test,658,138,GBT-T,GBT-T,"same information, trained",4,22.3291,16.7667,14.99,10.55,13.44,133
HEEW Arizona,test,658,138,GBT-T,GBT-T,"same information, trained",5,21.0741,15.6724,14.6,10.63,13.53,133
HEEW Arizona,test,658,138,GBT-T,GBT-T,"same information, trained",6,20.8232,15.4522,15.06,11.13,13.25,133
HEEW Arizona,test,658,138,GBT-T,GBT-T,"same information, trained",7,21.1413,15.5572,14.67,11.24,13.34,133
HEEW Arizona,test,658,138,GBT-T,GBT-T,"same information, trained",8,22.2797,17.2256,14.34,10.95,14.14,133
HEEW Arizona,test,658,138,GBT-T,GBT-T,"same information, trained",9,22.3991,16.7881,16.18,11.49,15.27,133
HEEW Arizona,test,658,138,GBT-T,GBT-T,"same information, trained",10,23.4848,17.9121,16.53,12.42,14.93,133
HEEW Arizona,test,658,138,GBT-T,GBT-T,"same information, trained",11,23.695,17.1391,16.7,12.2,14.97,133
HEEW Arizona,test,658,138,GBT-T,GBT-T,"same information, trained",12,23.4871,17.9778,15.9,11.7,15.05,133
HEEW Arizona,test,658,138,GBT-T,GBT-T,"same information, trained",13,24.4187,18.2881,16.73,12.08,15.39,133
HEEW Arizona,test,658,138,GBT-T,GBT-T,"same information, trained",14,24.6411,18.5106,16.88,11.98,14.75,133
HEEW Arizona,test,658,138,GBT-T,GBT-T,"same information, trained",15,25.9197,18.9663,15.74,10.98,14.78,133
HEEW Arizona,test,658,138,GBT-T,GBT-T,"same information, trained",16,23.5773,17.8475,15.24,11.32,14.88,133
HEEW Arizona,test,658,138,GBT-T,GBT-T,"same information, trained",17,26.2301,20.1052,16.18,11.72,14.83,133
HEEW Arizona,test,658,138,GBT-T,GBT-T,"same information, trained",18,24.2619,18.4023,15.49,11.17,15.05,133
HEEW Arizona,test,658,138,GBT-T,GBT-T,"same information, trained",19,23.4163,17.555,15.96,11.7,14.84,133
HEEW Arizona,test,658,138,GBT-T,GBT-T,"same information, trained",20,22.2566,16.9054,16.38,12.04,14.74,133
HEEW Arizona,test,658,138,GBT-T,GBT-T,"same information, trained",21,22.4306,17.2663,16.74,11.96,14.93,133
HEEW Arizona,test,658,138,GBT-T,GBT-T,"same information, trained",22,23.4772,17.869,17.4,13.06,15.78,133
HEEW Arizona,test,658,138,GBT-T,GBT-T,"same information, trained",23,24.6102,18.9142,17.06,13.2,15.9,133
HEEW Arizona,test,658,138,GBT-T,GBT-T,"same information, trained",24,30.1482,22.9213,17.35,13.44,16.6,133
HEEW Arizona,test,658,138,GBT-T,GBT-T,"same information, trained",25,28.3535,20.8809,18.07,13.24,16.23,133
HEEW Arizona,test,658,138,GBT-T,GBT-T,"same information, trained",26,25.4246,19.2362,17.67,12.91,16.85,133
HEEW Arizona,test,658,138,GBT-T,GBT-T,"same information, trained",27,27.9269,21.4324,17.52,13.16,17.02,133
HEEW Arizona,test,658,138,GBT-T,GBT-T,"same information, trained",28,25.7011,19.9135,17.87,13.61,17.06,133
HEEW Arizona,test,658,138,GBT-T,GBT-T,"same information, trained",29,26.1733,18.7083,19.87,14.22,18.32,133
HEEW Arizona,test,658,138,GBT-T,GBT-T,"same information, trained",30,26.3276,20.2005,18.04,13.53,17.83,133
HEEW Arizona,test,658,138,GBT-T,GBT-T,"same information, trained",31,29.1762,22.7006,18.65,13.43,18.02,133
HEEW Arizona,test,658,138,iTransformer-X,iTransformer-X,"same information, trained",1,21.563,15.733,11.26,8.7,11.34,133
HEEW Arizona,test,658,138,iTransformer-X,iTransformer-X,"same information, trained",2,22.6758,17.2253,12.26,8.6,11.82,133
HEEW Arizona,test,658,138,iTransformer-X,iTransformer-X,"same information, trained",3,23.7212,17.3196,13.94,10.25,12.68,133
HEEW Arizona,test,658,138,iTransformer-X,iTransformer-X,"same information, trained",4,24.1287,18.3472,14.57,10.55,13.72,133
HEEW Arizona,test,658,138,iTransformer-X,iTransformer-X,"same information, trained",5,21.5078,15.9017,14.02,10.55,13.42,133
HEEW Arizona,test,658,138,iTransformer-X,iTransformer-X,"same information, trained",6,23.8661,17.5882,14.1,10.95,13.45,133
HEEW Arizona,test,658,138,iTransformer-X,iTransformer-X,"same information, trained",7,25.3373,18.9352,15.35,11.49,13.68,133
HEEW Arizona,test,658,138,iTransformer-X,iTransformer-X,"same information, trained",8,23.9909,18.3971,15.39,11.28,14.19,133
HEEW Arizona,test,658,138,iTransformer-X,iTransformer-X,"same information, trained",9,25.0125,18.8754,16.39,12.13,15.27,133
HEEW Arizona,test,658,138,iTransformer-X,iTransformer-X,"same information, trained",10,27.5118,20.5213,15.09,11.39,14.55,133
HEEW Arizona,test,658,138,iTransformer-X,iTransformer-X,"same information, trained",11,28.7936,21.8327,15.65,11.46,15.46,133
HEEW Arizona,test,658,138,iTransformer-X,iTransformer-X,"same information, trained",12,26.7652,21.2443,16.16,11.54,14.81,133
HEEW Arizona,test,658,138,iTransformer-X,iTransformer-X,"same information, trained",13,28.6199,21.9778,15.76,12.1,15.11,133
HEEW Arizona,test,658,138,iTransformer-X,iTransformer-X,"same information, trained",14,28.4309,21.6316,15.6,11.82,14.86,133
HEEW Arizona,test,658,138,iTransformer-X,iTransformer-X,"same information, trained",15,27.9086,21.6425,16.19,11.82,15.46,133
HEEW Arizona,test,658,138,iTransformer-X,iTransformer-X,"same information, trained",16,27.7643,21.6661,15.77,11.83,15.07,133
HEEW Arizona,test,658,138,iTransformer-X,iTransformer-X,"same information, trained",17,31.7019,23.3557,16.84,12.44,15.38,133
HEEW Arizona,test,658,138,iTransformer-X,iTransformer-X,"same information, trained",18,30.1303,21.7279,16.43,12.09,15.46,133
HEEW Arizona,test,658,138,iTransformer-X,iTransformer-X,"same information, trained",19,29.2003,21.5246,16.64,12.38,15.19,133
HEEW Arizona,test,658,138,iTransformer-X,iTransformer-X,"same information, trained",20,28.4084,20.5944,16.66,12.8,14.86,133
HEEW Arizona,test,658,138,iTransformer-X,iTransformer-X,"same information, trained",21,29.489,21.3356,16.06,12.69,15.06,133
HEEW Arizona,test,658,138,iTransformer-X,iTransformer-X,"same information, trained",22,28.3879,21.8011,16.79,12.45,16.11,133
HEEW Arizona,test,658,138,iTransformer-X,iTransformer-X,"same information, trained",23,32.4727,24.9076,16.67,12.87,16.34,133
HEEW Arizona,test,658,138,iTransformer-X,iTransformer-X,"same information, trained",24,39.2081,28.9991,19.36,13.91,17.52,133
HEEW Arizona,test,658,138,iTransformer-X,iTransformer-X,"same information, trained",25,38.7729,27.9915,20.12,14.59,18.11,133
HEEW Arizona,test,658,138,iTransformer-X,iTransformer-X,"same information, trained",26,36.8145,27.1231,19.88,14.89,18.65,133
HEEW Arizona,test,658,138,iTransformer-X,iTransformer-X,"same information, trained",27,37.0726,27.3137,20.02,15.42,18.59,133
HEEW Arizona,test,658,138,iTransformer-X,iTransformer-X,"same information, trained",28,37.1448,27.9434,18.67,14.76,18.29,133
HEEW Arizona,test,658,138,iTransformer-X,iTransformer-X,"same information, trained",29,36.0109,26.7293,20.32,15.09,18.97,133
HEEW Arizona,test,658,138,iTransformer-X,iTransformer-X,"same information, trained",30,37.8124,29.3394,20.75,15.96,18.5,133
HEEW Arizona,test,658,138,iTransformer-X,iTransformer-X,"same information, trained",31,39.117,29.9634,20.69,15.67,18.44,133
HEEW Arizona,test,658,138,iTransformer,iTransformer,"load only, trained",1,22.632,16.2696,11.98,8.82,11.29,133
HEEW Arizona,test,658,138,iTransformer,iTransformer,"load only, trained",2,23.6252,17.7334,12.22,8.49,11.87,133
HEEW Arizona,test,658,138,iTransformer,iTransformer,"load only, trained",3,23.7387,17.0401,13.32,9.85,12.97,133
HEEW Arizona,test,658,138,iTransformer,iTransformer,"load only, trained",4,23.5844,18.1956,14.87,10.74,13.71,133
HEEW Arizona,test,658,138,iTransformer,iTransformer,"load only, trained",5,21.3559,15.7104,15.0,10.68,13.26,133
HEEW Arizona,test,658,138,iTransformer,iTransformer,"load only, trained",6,22.5374,16.5113,14.99,10.78,13.33,133
HEEW Arizona,test,658,138,iTransformer,iTransformer,"load only, trained",7,24.2081,18.1018,15.24,11.33,13.59,133
HEEW Arizona,test,658,138,iTransformer,iTransformer,"load only, trained",8,23.6751,17.7409,15.18,11.22,13.87,133
HEEW Arizona,test,658,138,iTransformer,iTransformer,"load only, trained",9,25.0854,18.4372,16.37,12.14,15.11,133
HEEW Arizona,test,658,138,iTransformer,iTransformer,"load only, trained",10,26.6637,20.0639,15.74,12.18,14.73,133
HEEW Arizona,test,658,138,iTransformer,iTransformer,"load only, trained",11,28.5172,21.8684,16.07,11.62,15.69,133
HEEW Arizona,test,658,138,iTransformer,iTransformer,"load only, trained",12,26.9248,21.5719,16.14,11.63,15.08,133
HEEW Arizona,test,658,138,iTransformer,iTransformer,"load only, trained",13,27.8949,21.4011,16.7,12.21,15.58,133
HEEW Arizona,test,658,138,iTransformer,iTransformer,"load only, trained",14,28.7481,22.5235,15.89,12.13,15.44,133
HEEW Arizona,test,658,138,iTransformer,iTransformer,"load only, trained",15,29.0212,22.6949,17.07,12.36,15.82,133
HEEW Arizona,test,658,138,iTransformer,iTransformer,"load only, trained",16,27.532,21.2417,16.05,12.24,15.57,133
HEEW Arizona,test,658,138,iTransformer,iTransformer,"load only, trained",17,30.7354,22.6494,16.9,13.4,15.85,133
HEEW Arizona,test,658,138,iTransformer,iTransformer,"load only, trained",18,28.1326,20.715,16.93,12.78,15.84,133
HEEW Arizona,test,658,138,iTransformer,iTransformer,"load only, trained",19,28.5703,21.4356,16.9,13.2,15.89,133
HEEW Arizona,test,658,138,iTransformer,iTransformer,"load only, trained",20,27.9391,20.9451,17.38,13.5,15.55,133
HEEW Arizona,test,658,138,iTransformer,iTransformer,"load only, trained",21,28.8686,21.8732,16.36,12.39,15.67,133
HEEW Arizona,test,658,138,iTransformer,iTransformer,"load only, trained",22,29.0227,21.9133,17.44,13.42,16.96,133
HEEW Arizona,test,658,138,iTransformer,iTransformer,"load only, trained",23,31.9196,24.0982,17.88,13.79,17.38,133
HEEW Arizona,test,658,138,iTransformer,iTransformer,"load only, trained",24,38.2555,28.5837,19.39,14.73,18.71,133
HEEW Arizona,test,658,138,iTransformer,iTransformer,"load only, trained",25,38.0898,27.8577,20.66,15.47,19.4,133
HEEW Arizona,test,658,138,iTransformer,iTransformer,"load only, trained",26,36.5364,27.4264,21.17,16.08,19.99,133
HEEW Arizona,test,658,138,iTransformer,iTransformer,"load only, trained",27,37.4645,28.3506,22.42,16.91,19.81,133
HEEW Arizona,test,658,138,iTransformer,iTransformer,"load only, trained",28,37.5868,28.9589,19.87,15.59,19.44,133
HEEW Arizona,test,658,138,iTransformer,iTransformer,"load only, trained",29,36.8955,27.07,21.93,16.87,20.19,133
HEEW Arizona,test,658,138,iTransformer,iTransformer,"load only, trained",30,37.4528,28.7952,20.81,15.92,19.62,133
HEEW Arizona,test,658,138,iTransformer,iTransformer,"load only, trained",31,37.9139,28.7179,20.73,16.18,19.55,133
HEEW Arizona,test,658,138,LSTM,LSTM,"load only, trained",1,28.6497,20.4218,16.7,12.28,15.98,133
HEEW Arizona,test,658,138,LSTM,LSTM,"load only, trained",2,31.3093,24.2926,19.12,14.31,18.24,133
HEEW Arizona,test,658,138,LSTM,LSTM,"load only, trained",3,31.8244,24.1798,19.81,15.36,19.16,133
HEEW Arizona,test,658,138,LSTM,LSTM,"load only, trained",4,30.9594,23.5734,20.03,15.62,18.65,133
HEEW Arizona,test,658,138,LSTM,LSTM,"load only, trained",5,30.4817,23.2619,19.64,14.87,18.53,133
HEEW Arizona,test,658,138,LSTM,LSTM,"load only, trained",6,30.1346,23.0092,19.67,15.29,18.62,133
HEEW Arizona,test,658,138,LSTM,LSTM,"load only, trained",7,28.4948,21.2669,19.58,15.01,17.43,133
HEEW Arizona,test,658,138,LSTM,LSTM,"load only, trained",8,29.8064,22.9119,20.89,16.29,19.8,133
HEEW Arizona,test,658,138,LSTM,LSTM,"load only, trained",9,34.647,27.0414,22.19,16.21,21.38,133
HEEW Arizona,test,658,138,LSTM,LSTM,"load only, trained",10,35.9686,28.0646,21.46,17.58,21.13,133
HEEW Arizona,test,658,138,LSTM,LSTM,"load only, trained",11,35.2097,27.2223,22.2,17.25,21.93,133
HEEW Arizona,test,658,138,LSTM,LSTM,"load only, trained",12,34.9575,28.123,21.24,17.04,21.68,133
HEEW Arizona,test,658,138,LSTM,LSTM,"load only, trained",13,34.7043,27.4097,22.51,17.09,21.73,133
HEEW Arizona,test,658,138,LSTM,LSTM,"load only, trained",14,34.1481,27.2088,20.22,15.68,19.75,133
HEEW Arizona,test,658,138,LSTM,LSTM,"load only, trained",15,38.6716,31.3693,23.55,18.06,22.03,133
HEEW Arizona,test,658,138,LSTM,LSTM,"load only, trained",16,40.6015,32.8949,24.92,18.76,23.17,133
HEEW Arizona,test,658,138,LSTM,LSTM,"load only, trained",17,43.1462,34.8551,25.26,19.0,22.68,133
HEEW Arizona,test,658,138,LSTM,LSTM,"load only, trained",18,39.5139,31.0863,23.59,18.43,22.26,133
HEEW Arizona,test,658,138,LSTM,LSTM,"load only, trained",19,40.7684,32.1823,23.37,18.6,22.85,133
HEEW Arizona,test,658,138,LSTM,LSTM,"load only, trained",20,36.8657,29.0351,22.69,17.89,22.06,133
HEEW Arizona,test,658,138,LSTM,LSTM,"load only, trained",21,34.8135,28.1791,21.3,17.02,20.53,133
HEEW Arizona,test,658,138,LSTM,LSTM,"load only, trained",22,39.381,31.7203,23.54,19.12,23.07,133
HEEW Arizona,test,658,138,LSTM,LSTM,"load only, trained",23,45.976,38.1354,24.34,19.65,24.47,133
HEEW Arizona,test,658,138,LSTM,LSTM,"load only, trained",24,48.7863,38.387,25.86,20.42,25.48,133
HEEW Arizona,test,658,138,LSTM,LSTM,"load only, trained",25,48.7242,38.765,26.14,20.84,25.61,133
HEEW Arizona,test,658,138,LSTM,LSTM,"load only, trained",26,46.7624,37.9122,26.66,21.8,26.44,133
HEEW Arizona,test,658,138,LSTM,LSTM,"load only, trained",27,45.6651,37.8351,25.66,20.93,25.32,133
HEEW Arizona,test,658,138,LSTM,LSTM,"load only, trained",28,44.1864,36.8656,24.21,19.89,23.91,133
HEEW Arizona,test,658,138,LSTM,LSTM,"load only, trained",29,45.9333,37.5735,27.54,21.95,26.49,133
HEEW Arizona,test,658,138,LSTM,LSTM,"load only, trained",30,49.7248,41.1018,29.14,23.43,27.45,133
HEEW Arizona,test,658,138,LSTM,LSTM,"load only, trained",31,49.3717,40.6962,28.94,23.07,26.53,133
HEEW Arizona,test,658,138,PatchTST,PatchTST,"load only, trained",1,17.9516,13.4007,10.64,7.85,9.97,133
HEEW Arizona,test,658,138,PatchTST,PatchTST,"load only, trained",2,21.0761,15.261,10.79,8.06,10.8,133
HEEW Arizona,test,658,138,PatchTST,PatchTST,"load only, trained",3,22.0422,15.6254,12.88,9.59,12.05,133
HEEW Arizona,test,658,138,PatchTST,PatchTST,"load only, trained",4,22.646,16.9156,14.1,9.87,13.24,133
HEEW Arizona,test,658,138,PatchTST,PatchTST,"load only, trained",5,19.9196,14.7515,14.57,10.09,12.99,133
HEEW Arizona,test,658,138,PatchTST,PatchTST,"load only, trained",6,21.2828,15.6783,14.6,10.19,12.96,133
HEEW Arizona,test,658,138,PatchTST,PatchTST,"load only, trained",7,21.4755,15.8205,15.7,11.41,13.23,133
HEEW Arizona,test,658,138,PatchTST,PatchTST,"load only, trained",8,22.6144,17.3645,15.79,10.98,13.81,133
HEEW Arizona,test,658,138,PatchTST,PatchTST,"load only, trained",9,22.7052,17.3432,16.75,12.13,14.76,133
HEEW Arizona,test,658,138,PatchTST,PatchTST,"load only, trained",10,24.388,18.3496,15.02,12.24,14.42,133
HEEW Arizona,test,658,138,PatchTST,PatchTST,"load only, trained",11,26.9207,20.3601,15.83,11.66,15.34,133
HEEW Arizona,test,658,138,PatchTST,PatchTST,"load only, trained",12,24.9209,19.2796,15.82,11.64,14.98,133
HEEW Arizona,test,658,138,PatchTST,PatchTST,"load only, trained",13,26.2533,19.9007,16.39,12.36,15.19,133
HEEW Arizona,test,658,138,PatchTST,PatchTST,"load only, trained",14,26.8113,20.9404,14.86,11.76,14.76,133
HEEW Arizona,test,658,138,PatchTST,PatchTST,"load only, trained",15,27.7811,22.1997,16.88,11.95,15.43,133
HEEW Arizona,test,658,138,PatchTST,PatchTST,"load only, trained",16,25.7159,20.1745,15.91,12.02,15.03,133
HEEW Arizona,test,658,138,PatchTST,PatchTST,"load only, trained",17,28.9558,22.0525,17.42,13.21,15.42,133
HEEW Arizona,test,658,138,PatchTST,PatchTST,"load only, trained",18,26.947,20.5697,17.15,13.42,15.63,133
HEEW Arizona,test,658,138,PatchTST,PatchTST,"load only, trained",19,26.7348,20.7362,17.44,12.97,15.7,133
HEEW Arizona,test,658,138,PatchTST,PatchTST,"load only, trained",20,25.9852,20.1729,17.05,13.14,15.27,133
HEEW Arizona,test,658,138,PatchTST,PatchTST,"load only, trained",21,27.5768,21.94,16.45,12.98,15.13,133
HEEW Arizona,test,658,138,PatchTST,PatchTST,"load only, trained",22,28.1404,22.1253,17.58,13.43,16.55,133
HEEW Arizona,test,658,138,PatchTST,PatchTST,"load only, trained",23,28.9066,22.6862,17.25,12.98,16.93,133
HEEW Arizona,test,658,138,PatchTST,PatchTST,"load only, trained",24,34.2916,26.1668,18.61,13.77,18.01,133
HEEW Arizona,test,658,138,PatchTST,PatchTST,"load only, trained",25,34.4336,25.9537,20.9,14.58,19.1,133
HEEW Arizona,test,658,138,PatchTST,PatchTST,"load only, trained",26,32.2576,25.0261,22.1,15.74,19.67,133
HEEW Arizona,test,658,138,PatchTST,PatchTST,"load only, trained",27,33.0583,26.044,21.38,16.18,19.32,133
HEEW Arizona,test,658,138,PatchTST,PatchTST,"load only, trained",28,34.0284,26.7498,19.77,15.37,19.01,133
HEEW Arizona,test,658,138,PatchTST,PatchTST,"load only, trained",29,34.4046,26.0494,20.92,15.83,19.86,133
HEEW Arizona,test,658,138,PatchTST,PatchTST,"load only, trained",30,33.3577,26.2544,21.3,16.66,19.28,133
HEEW Arizona,test,658,138,PatchTST,PatchTST,"load only, trained",31,34.119,26.1902,22.86,17.05,19.49,133
HEEW Arizona,test,658,138,TiDE,TiDE,"same information, trained",1,18.6042,13.7426,10.38,7.6,10.53,133
HEEW Arizona,test,658,138,TiDE,TiDE,"same information, trained",2,20.9012,15.3785,11.03,8.25,11.28,133
HEEW Arizona,test,658,138,TiDE,TiDE,"same information, trained",3,21.5947,15.5137,12.75,9.39,12.61,133
HEEW Arizona,test,658,138,TiDE,TiDE,"same information, trained",4,22.666,17.2512,14.34,10.41,13.56,133
HEEW Arizona,test,658,138,TiDE,TiDE,"same information, trained",5,20.0525,14.9993,14.49,10.54,13.38,133
HEEW Arizona,test,658,138,TiDE,TiDE,"same information, trained",6,22.3622,16.576,14.47,10.54,13.21,133
HEEW Arizona,test,658,138,TiDE,TiDE,"same information, trained",7,23.3361,17.3874,14.46,10.63,13.61,133
HEEW Arizona,test,658,138,TiDE,TiDE,"same information, trained",8,22.5766,17.3132,14.57,11.48,14.66,133
HEEW Arizona,test,658,138,TiDE,TiDE,"same information, trained",9,23.1819,17.8876,15.96,11.98,15.73,133
HEEW Arizona,test,658,138,TiDE,TiDE,"same information, trained",10,26.6176,20.6248,16.28,11.8,15.97,133
HEEW Arizona,test,658,138,TiDE,TiDE,"same information, trained",11,29.3479,22.5246,17.47,12.78,16.66,133
HEEW Arizona,test,658,138,TiDE,TiDE,"same information, trained",12,27.9208,22.4236,16.75,12.99,16.68,133
HEEW Arizona,test,658,138,TiDE,TiDE,"same information, trained",13,29.0416,23.431,17.64,13.58,17.14,133
HEEW Arizona,test,658,138,TiDE,TiDE,"same information, trained",14,29.9092,24.5664,16.29,13.33,16.64,133
HEEW Arizona,test,658,138,TiDE,TiDE,"same information, trained",15,29.8569,24.2978,17.5,13.43,17.03,133
HEEW Arizona,test,658,138,TiDE,TiDE,"same information, trained",16,27.9623,22.3649,18.33,13.99,17.06,133
HEEW Arizona,test,658,138,TiDE,TiDE,"same information, trained",17,32.0647,25.3924,18.97,14.19,17.53,133
HEEW Arizona,test,658,138,TiDE,TiDE,"same information, trained",18,30.9551,24.5144,18.18,14.47,18.0,133
HEEW Arizona,test,658,138,TiDE,TiDE,"same information, trained",19,32.1323,25.9796,19.15,15.14,18.38,133
HEEW Arizona,test,658,138,TiDE,TiDE,"same information, trained",20,31.4781,26.0606,18.82,14.96,18.47,133
HEEW Arizona,test,658,138,TiDE,TiDE,"same information, trained",21,33.1419,27.9555,18.53,14.87,18.52,133
HEEW Arizona,test,658,138,TiDE,TiDE,"same information, trained",22,33.7946,27.8426,19.61,15.89,19.53,133
HEEW Arizona,test,658,138,TiDE,TiDE,"same information, trained",23,35.0206,29.5128,19.72,16.19,20.47,133
HEEW Arizona,test,658,138,TiDE,TiDE,"same information, trained",24,39.851,32.4135,22.93,18.55,22.32,133
HEEW Arizona,test,658,138,TiDE,TiDE,"same information, trained",25,42.3581,34.0242,23.39,18.47,22.76,133
HEEW Arizona,test,658,138,TiDE,TiDE,"same information, trained",26,39.536,31.915,23.66,19.3,23.17,133
HEEW Arizona,test,658,138,TiDE,TiDE,"same information, trained",27,41.4689,34.6043,24.35,19.92,23.26,133
HEEW Arizona,test,658,138,TiDE,TiDE,"same information, trained",28,42.114,34.9657,23.28,19.44,22.11,133
HEEW Arizona,test,658,138,TiDE,TiDE,"same information, trained",29,40.9974,33.7224,23.68,19.24,23.51,133
HEEW Arizona,test,658,138,TiDE,TiDE,"same information, trained",30,39.8247,33.0735,23.92,19.46,23.55,133
HEEW Arizona,test,658,138,TiDE,TiDE,"same information, trained",31,40.6611,33.5029,25.47,19.97,23.65,133
EWELD,test,523,197,TimesFM,TimesFM,"load only, zero-shot foundation model",1,60.3221,42.2256,26.87,16.92,29.16,138
EWELD,test,523,197,TimesFM,TimesFM,"load only, zero-shot foundation model",2,68.5401,47.0278,32.01,20.31,30.81,138
EWELD,test,523,197,TimesFM,TimesFM,"load only, zero-shot foundation model",3,66.1299,44.7904,29.51,19.54,30.38,138
EWELD,test,523,197,TimesFM,TimesFM,"load only, zero-shot foundation model",4,67.9771,45.638,33.96,20.24,32.65,138
EWELD,test,523,197,TimesFM,TimesFM,"load only, zero-shot foundation model",5,64.0589,43.9602,28.81,20.0,31.88,138
EWELD,test,523,197,TimesFM,TimesFM,"load only, zero-shot foundation model",6,61.6573,41.178,31.67,20.53,32.13,138
EWELD,test,523,197,TimesFM,TimesFM,"load only, zero-shot foundation model",7,62.725,43.8492,31.4,20.24,33.17,138
EWELD,test,523,197,TimesFM,TimesFM,"load only, zero-shot foundation model",8,62.9853,44.9535,33.03,21.26,34.32,138
EWELD,test,523,197,TimesFM,TimesFM,"load only, zero-shot foundation model",9,61.8421,42.4072,32.91,21.89,34.32,138
EWELD,test,523,197,TimesFM,TimesFM,"load only, zero-shot foundation model",10,67.1123,48.5293,35.8,22.49,33.99,138
EWELD,test,523,197,TimesFM,TimesFM,"load only, zero-shot foundation model",11,66.4596,47.1415,35.93,23.91,36.68,138
EWELD,test,523,197,TimesFM,TimesFM,"load only, zero-shot foundation model",12,66.7538,47.474,39.89,24.09,37.87,138
EWELD,test,523,197,TimesFM,TimesFM,"load only, zero-shot foundation model",13,71.3417,51.241,43.17,27.1,39.68,138
EWELD,test,523,197,TimesFM,TimesFM,"load only, zero-shot foundation model",14,70.5034,50.4412,44.37,26.46,39.83,138
EWELD,test,523,197,TimesFM,TimesFM,"load only, zero-shot foundation model",15,80.3069,58.1522,47.96,30.49,41.68,138
EWELD,test,523,197,TimesFM,TimesFM,"load only, zero-shot foundation model",16,81.1614,56.1428,43.03,25.56,40.96,138
EWELD,test,523,197,TimesFM,TimesFM,"load only, zero-shot foundation model",17,103.4508,74.591,41.83,25.82,40.79,138
EWELD,test,523,197,TimesFM,TimesFM,"load only, zero-shot foundation model",18,111.7214,81.9077,45.99,27.01,44.08,138
EWELD,test,523,197,TimesFM,TimesFM,"load only, zero-shot foundation model",19,103.8823,75.9848,43.34,28.63,43.34,138
EWELD,test,523,197,TimesFM,TimesFM,"load only, zero-shot foundation model",20,102.7988,74.3811,41.55,28.15,41.27,138
EWELD,test,523,197,TimesFM,TimesFM,"load only, zero-shot foundation model",21,104.6218,75.6086,43.79,27.8,41.31,138
EWELD,test,523,197,TimesFM,TimesFM,"load only, zero-shot foundation model",22,106.7902,78.8,42.29,28.7,41.63,138
EWELD,test,523,197,TimesFM,TimesFM,"load only, zero-shot foundation model",23,107.5923,78.7666,46.81,29.74,42.19,138
EWELD,test,523,197,TimesFM,TimesFM,"load only, zero-shot foundation model",24,107.5003,79.1552,45.45,30.59,43.7,138
EWELD,test,523,197,TimesFM,TimesFM,"load only, zero-shot foundation model",25,111.3584,81.2675,47.72,32.16,45.15,138
EWELD,test,523,197,TimesFM,TimesFM,"load only, zero-shot foundation model",26,107.7965,78.1244,47.5,29.99,46.05,138
EWELD,test,523,197,TimesFM,TimesFM,"load only, zero-shot foundation model",27,111.0293,81.3061,45.82,31.52,45.39,138
EWELD,test,523,197,TimesFM,TimesFM,"load only, zero-shot foundation model",28,110.7048,80.5941,47.23,33.19,46.57,138
EWELD,test,523,197,TimesFM,TimesFM,"load only, zero-shot foundation model",29,113.1881,81.812,52.69,38.77,48.48,138
EWELD,test,523,197,TimesFM,TimesFM,"load only, zero-shot foundation model",30,122.8145,90.8382,53.88,37.05,49.37,138
EWELD,test,523,197,TimesFM,TimesFM,"load only, zero-shot foundation model",31,130.5302,97.1744,59.76,39.17,53.94,138
EWELD,test,523,197,RIDGE-L,Ridge (per unit),per-unit regression,1,73.4324,54.1921,35.66,24.62,37.53,138
EWELD,test,523,197,RIDGE-L,Ridge (per unit),per-unit regression,2,75.2982,53.7115,36.8,25.22,36.32,138
EWELD,test,523,197,RIDGE-L,Ridge (per unit),per-unit regression,3,69.1186,49.442,34.83,25.12,33.96,138
EWELD,test,523,197,RIDGE-L,Ridge (per unit),per-unit regression,4,72.4536,50.6232,35.81,24.04,36.25,138
EWELD,test,523,197,RIDGE-L,Ridge (per unit),per-unit regression,5,67.152,47.9962,33.63,23.45,34.98,138
EWELD,test,523,197,RIDGE-L,Ridge (per unit),per-unit regression,6,65.5368,46.0224,33.01,22.27,34.45,138
EWELD,test,523,197,RIDGE-L,Ridge (per unit),per-unit regression,7,65.301,46.8687,35.49,23.91,35.47,138
EWELD,test,523,197,RIDGE-L,Ridge (per unit),per-unit regression,8,66.7373,48.5388,38.2,24.77,37.8,138
EWELD,test,523,197,RIDGE-L,Ridge (per unit),per-unit regression,9,68.5288,48.4165,37.58,26.0,38.02,138
EWELD,test,523,197,RIDGE-L,Ridge (per unit),per-unit regression,10,71.9384,53.3887,37.6,26.08,37.61,138
EWELD,test,523,197,RIDGE-L,Ridge (per unit),per-unit regression,11,70.6541,51.0205,38.46,26.34,38.83,138
EWELD,test,523,197,RIDGE-L,Ridge (per unit),per-unit regression,12,70.4861,51.1962,42.48,27.91,38.57,138
EWELD,test,523,197,RIDGE-L,Ridge (per unit),per-unit regression,13,74.9888,55.0527,41.99,30.55,41.1,138
EWELD,test,523,197,RIDGE-L,Ridge (per unit),per-unit regression,14,73.6908,54.3312,44.06,31.13,41.85,138
EWELD,test,523,197,RIDGE-L,Ridge (per unit),per-unit regression,15,82.5949,60.5482,47.82,32.29,44.01,138
EWELD,test,523,197,RIDGE-L,Ridge (per unit),per-unit regression,16,84.8567,60.0456,48.3,28.86,43.13,138
EWELD,test,523,197,RIDGE-L,Ridge (per unit),per-unit regression,17,106.1708,77.2301,46.44,30.56,42.75,138
EWELD,test,523,197,RIDGE-L,Ridge (per unit),per-unit regression,18,114.299,84.1537,44.42,30.44,44.66,138
EWELD,test,523,197,RIDGE-L,Ridge (per unit),per-unit regression,19,108.0487,79.954,45.73,29.79,43.52,138
EWELD,test,523,197,RIDGE-L,Ridge (per unit),per-unit regression,20,109.0015,79.6419,47.74,30.11,43.35,138
EWELD,test,523,197,RIDGE-L,Ridge (per unit),per-unit regression,21,106.7312,77.7449,44.25,30.31,42.97,138
EWELD,test,523,197,RIDGE-L,Ridge (per unit),per-unit regression,22,109.8163,81.5392,47.45,32.68,44.05,138
EWELD,test,523,197,RIDGE-L,Ridge (per unit),per-unit regression,23,113.6675,83.5997,47.44,32.0,44.79,138
EWELD,test,523,197,RIDGE-L,Ridge (per unit),per-unit regression,24,108.9992,80.2894,48.95,29.33,44.25,138
EWELD,test,523,197,RIDGE-L,Ridge (per unit),per-unit regression,25,113.9142,83.5872,50.05,35.95,46.13,138
EWELD,test,523,197,RIDGE-L,Ridge (per unit),per-unit regression,26,111.6646,81.6922,52.78,33.21,46.35,138
EWELD,test,523,197,RIDGE-L,Ridge (per unit),per-unit regression,27,113.4603,83.32,48.39,31.99,46.0,138
EWELD,test,523,197,RIDGE-L,Ridge (per unit),per-unit regression,28,110.9574,80.7376,48.73,35.17,46.94,138
EWELD,test,523,197,RIDGE-L,Ridge (per unit),per-unit regression,29,114.0333,82.4961,55.04,39.21,49.07,138
EWELD,test,523,197,RIDGE-L,Ridge (per unit),per-unit regression,30,125.881,92.2471,60.16,39.03,50.21,138
EWELD,test,523,197,RIDGE-L,Ridge (per unit),per-unit regression,31,128.4712,94.8674,60.0,40.91,52.21,138
EWELD,test,523,197,Chronos-2-X,Chronos-2-X,"same information, zero-shot foundation model",1,51.2548,35.9191,26.3,16.22,26.42,138
EWELD,test,523,197,Chronos-2-X,Chronos-2-X,"same information, zero-shot foundation model",2,66.9305,46.4082,31.78,20.44,30.35,138
EWELD,test,523,197,Chronos-2-X,Chronos-2-X,"same information, zero-shot foundation model",3,70.6119,49.9586,31.25,19.6,30.41,138
EWELD,test,523,197,Chronos-2-X,Chronos-2-X,"same information, zero-shot foundation model",4,71.7063,49.3912,33.44,20.38,33.57,138
EWELD,test,523,197,Chronos-2-X,Chronos-2-X,"same information, zero-shot foundation model",5,62.6798,43.6796,32.04,20.49,32.61,138
EWELD,test,523,197,Chronos-2-X,Chronos-2-X,"same information, zero-shot foundation model",6,60.722,41.5812,30.39,20.1,31.77,138
EWELD,test,523,197,Chronos-2-X,Chronos-2-X,"same information, zero-shot foundation model",7,69.3706,51.1966,31.5,20.47,33.97,138
EWELD,test,523,197,Chronos-2-X,Chronos-2-X,"same information, zero-shot foundation model",8,66.5296,48.0929,35.89,22.52,35.06,138
EWELD,test,523,197,Chronos-2-X,Chronos-2-X,"same information, zero-shot foundation model",9,63.2275,43.7792,34.43,22.64,34.58,138
EWELD,test,523,197,Chronos-2-X,Chronos-2-X,"same information, zero-shot foundation model",10,68.0951,49.5342,38.59,24.23,35.29,138
EWELD,test,523,197,Chronos-2-X,Chronos-2-X,"same information, zero-shot foundation model",11,68.1419,48.7188,36.95,25.39,37.95,138
EWELD,test,523,197,Chronos-2-X,Chronos-2-X,"same information, zero-shot foundation model",12,68.9321,48.8456,41.18,25.41,38.53,138
EWELD,test,523,197,Chronos-2-X,Chronos-2-X,"same information, zero-shot foundation model",13,73.6886,52.8141,42.73,27.52,41.2,138
EWELD,test,523,197,Chronos-2-X,Chronos-2-X,"same information, zero-shot foundation model",14,72.2095,51.7996,44.13,28.96,41.39,138
EWELD,test,523,197,Chronos-2-X,Chronos-2-X,"same information, zero-shot foundation model",15,84.4202,60.7923,46.08,31.31,42.68,138
EWELD,test,523,197,Chronos-2-X,Chronos-2-X,"same information, zero-shot foundation model",16,85.4248,59.397,43.55,26.35,42.47,138
EWELD,test,523,197,Chronos-2-X,Chronos-2-X,"same information, zero-shot foundation model",17,107.6061,77.8136,45.09,28.45,42.91,138
EWELD,test,523,197,Chronos-2-X,Chronos-2-X,"same information, zero-shot foundation model",18,115.6076,85.1367,42.85,29.83,44.32,138
EWELD,test,523,197,Chronos-2-X,Chronos-2-X,"same information, zero-shot foundation model",19,108.4347,79.7135,43.02,28.77,43.81,138
EWELD,test,523,197,Chronos-2-X,Chronos-2-X,"same information, zero-shot foundation model",20,107.3886,78.6283,42.63,27.77,40.37,138
EWELD,test,523,197,Chronos-2-X,Chronos-2-X,"same information, zero-shot foundation model",21,114.0687,83.3498,44.39,30.67,42.17,138
EWELD,test,523,197,Chronos-2-X,Chronos-2-X,"same information, zero-shot foundation model",22,113.9033,84.1352,48.68,29.71,42.82,138
EWELD,test,523,197,Chronos-2-X,Chronos-2-X,"same information, zero-shot foundation model",23,114.5712,84.1071,45.9,30.13,42.15,138
EWELD,test,523,197,Chronos-2-X,Chronos-2-X,"same information, zero-shot foundation model",24,117.5261,87.2209,47.76,32.59,44.36,138
EWELD,test,523,197,Chronos-2-X,Chronos-2-X,"same information, zero-shot foundation model",25,119.5569,87.8256,50.67,33.28,45.36,138
EWELD,test,523,197,Chronos-2-X,Chronos-2-X,"same information, zero-shot foundation model",26,118.9535,88.1366,52.2,33.53,46.1,138
EWELD,test,523,197,Chronos-2-X,Chronos-2-X,"same information, zero-shot foundation model",27,124.0834,92.8631,50.41,32.36,46.94,138
EWELD,test,523,197,Chronos-2-X,Chronos-2-X,"same information, zero-shot foundation model",28,122.7834,90.7055,49.95,34.45,47.56,138
EWELD,test,523,197,Chronos-2-X,Chronos-2-X,"same information, zero-shot foundation model",29,120.5822,88.737,54.83,36.63,49.15,138
EWELD,test,523,197,Chronos-2-X,Chronos-2-X,"same information, zero-shot foundation model",30,124.1157,91.832,49.82,35.68,48.32,138
EWELD,test,523,197,Chronos-2-X,Chronos-2-X,"same information, zero-shot foundation model",31,134.6489,101.1752,52.58,37.52,50.81,138
EWELD,test,523,197,Chronos-2,Chronos-2,"load only, zero-shot foundation model",1,54.7974,37.8665,24.83,15.8,27.59,138
EWELD,test,523,197,Chronos-2,Chronos-2,"load only, zero-shot foundation model",2,63.8163,43.4127,31.51,18.79,30.07,138
EWELD,test,523,197,Chronos-2,Chronos-2,"load only, zero-shot foundation model",3,61.6625,42.5469,29.44,18.33,29.19,138
EWELD,test,523,197,Chronos-2,Chronos-2,"load only, zero-shot foundation model",4,63.2053,42.8235,31.98,19.21,31.1,138
EWELD,test,523,197,Chronos-2,Chronos-2,"load only, zero-shot foundation model",5,59.3913,40.9212,28.48,19.33,30.79,138
EWELD,test,523,197,Chronos-2,Chronos-2,"load only, zero-shot foundation model",6,54.7852,36.8599,28.94,18.28,29.86,138
EWELD,test,523,197,Chronos-2,Chronos-2,"load only, zero-shot foundation model",7,56.924,40.1969,29.5,19.63,32.06,138
EWELD,test,523,197,Chronos-2,Chronos-2,"load only, zero-shot foundation model",8,58.5428,41.7934,31.12,19.94,32.94,138
EWELD,test,523,197,Chronos-2,Chronos-2,"load only, zero-shot foundation model",9,59.6218,40.8235,33.43,21.62,33.69,138
EWELD,test,523,197,Chronos-2,Chronos-2,"load only, zero-shot foundation model",10,65.5804,47.2659,35.21,22.36,34.71,138
EWELD,test,523,197,Chronos-2,Chronos-2,"load only, zero-shot foundation model",11,64.3333,45.7696,36.03,23.98,36.04,138
EWELD,test,523,197,Chronos-2,Chronos-2,"load only, zero-shot foundation model",12,65.5696,46.7875,38.07,24.75,36.93,138
EWELD,test,523,197,Chronos-2,Chronos-2,"load only, zero-shot foundation model",13,69.8393,50.0207,43.98,28.83,40.32,138
EWELD,test,523,197,Chronos-2,Chronos-2,"load only, zero-shot foundation model",14,70.6321,50.8065,46.03,28.22,40.2,138
EWELD,test,523,197,Chronos-2,Chronos-2,"load only, zero-shot foundation model",15,78.0186,56.243,45.12,30.02,40.99,138
EWELD,test,523,197,Chronos-2,Chronos-2,"load only, zero-shot foundation model",16,80.4755,54.8116,41.95,25.76,39.57,138
EWELD,test,523,197,Chronos-2,Chronos-2,"load only, zero-shot foundation model",17,102.3255,73.6018,41.87,28.02,41.08,138
EWELD,test,523,197,Chronos-2,Chronos-2,"load only, zero-shot foundation model",18,107.4776,78.9283,40.83,26.03,42.44,138
EWELD,test,523,197,Chronos-2,Chronos-2,"load only, zero-shot foundation model",19,100.0624,73.2014,42.61,29.62,42.04,138
EWELD,test,523,197,Chronos-2,Chronos-2,"load only, zero-shot foundation model",20,99.6012,72.153,43.04,27.41,40.49,138
EWELD,test,523,197,Chronos-2,Chronos-2,"load only, zero-shot foundation model",21,101.3932,73.1353,43.84,29.51,40.32,138
EWELD,test,523,197,Chronos-2,Chronos-2,"load only, zero-shot foundation model",22,103.0622,76.0342,42.31,29.12,40.85,138
EWELD,test,523,197,Chronos-2,Chronos-2,"load only, zero-shot foundation model",23,104.2466,76.3867,41.91,28.82,40.46,138
EWELD,test,523,197,Chronos-2,Chronos-2,"load only, zero-shot foundation model",24,102.8686,75.7073,42.25,28.65,42.15,138
EWELD,test,523,197,Chronos-2,Chronos-2,"load only, zero-shot foundation model",25,104.446,74.9904,46.36,31.98,45.29,138
EWELD,test,523,197,Chronos-2,Chronos-2,"load only, zero-shot foundation model",26,104.097,74.8054,48.62,31.11,44.85,138
EWELD,test,523,197,Chronos-2,Chronos-2,"load only, zero-shot foundation model",27,107.2118,77.8619,47.55,33.07,45.43,138
EWELD,test,523,197,Chronos-2,Chronos-2,"load only, zero-shot foundation model",28,106.4875,77.537,46.12,30.86,44.55,138
EWELD,test,523,197,Chronos-2,Chronos-2,"load only, zero-shot foundation model",29,108.3625,78.1536,51.36,36.58,46.53,138
EWELD,test,523,197,Chronos-2,Chronos-2,"load only, zero-shot foundation model",30,119.7287,88.5782,49.3,34.8,47.11,138
EWELD,test,523,197,Chronos-2,Chronos-2,"load only, zero-shot foundation model",31,124.5002,92.7238,50.34,35.07,49.63,138
EWELD,test,523,197,ANKYRA,ANKYRA,,1,55.6869,40.1149,27.46,19.21,30.96,138
EWELD,test,523,197,ANKYRA,ANKYRA,,2,64.2578,45.1969,32.54,21.21,32.23,138
EWELD,test,523,197,ANKYRA,ANKYRA,,3,64.154,46.2335,33.59,21.58,32.34,138
EWELD,test,523,197,ANKYRA,ANKYRA,,4,65.7756,46.6568,34.25,21.55,33.69,138
EWELD,test,523,197,ANKYRA,ANKYRA,,5,62.7879,44.7988,32.73,21.55,33.45,138
EWELD,test,523,197,ANKYRA,ANKYRA,,6,63.49,44.8734,32.47,22.5,33.49,138
EWELD,test,523,197,ANKYRA,ANKYRA,,7,63.7092,45.9896,34.68,22.39,35.03,138
EWELD,test,523,197,ANKYRA,ANKYRA,,8,63.8422,46.2407,34.82,22.15,34.9,138
EWELD,test,523,197,ANKYRA,ANKYRA,,9,65.33,45.3174,36.36,23.42,35.89,138
EWELD,test,523,197,ANKYRA,ANKYRA,,10,71.2452,52.3559,37.31,22.96,36.49,138
EWELD,test,523,197,ANKYRA,ANKYRA,,11,70.7407,51.0619,36.76,23.75,38.26,138
EWELD,test,523,197,ANKYRA,ANKYRA,,12,69.1961,49.7784,41.99,25.69,38.34,138
EWELD,test,523,197,ANKYRA,ANKYRA,,13,72.4894,52.6465,42.91,27.69,40.84,138
EWELD,test,523,197,ANKYRA,ANKYRA,,14,71.8834,52.551,44.27,26.82,41.05,138
EWELD,test,523,197,ANKYRA,ANKYRA,,15,80.988,59.0979,48.45,31.3,42.23,138
EWELD,test,523,197,ANKYRA,ANKYRA,,16,81.5862,57.1846,45.28,25.59,41.18,138
EWELD,test,523,197,ANKYRA,ANKYRA,,17,103.4409,74.7017,43.47,29.2,41.73,138
EWELD,test,523,197,ANKYRA,ANKYRA,,18,110.8039,81.7289,42.21,29.35,43.87,138
EWELD,test,523,197,ANKYRA,ANKYRA,,19,105.9894,77.3868,40.94,28.29,43.16,138
EWELD,test,523,197,ANKYRA,ANKYRA,,20,105.7277,76.6691,43.6,29.68,41.2,138
EWELD,test,523,197,ANKYRA,ANKYRA,,21,104.5069,75.9885,45.27,29.77,41.51,138
EWELD,test,523,197,ANKYRA,ANKYRA,,22,108.2282,79.9869,46.79,32.48,42.69,138
EWELD,test,523,197,ANKYRA,ANKYRA,,23,109.5614,80.8489,42.82,29.34,43.15,138
EWELD,test,523,197,ANKYRA,ANKYRA,,24,107.5536,79.3589,47.66,30.83,43.95,138
EWELD,test,523,197,ANKYRA,ANKYRA,,25,110.0835,80.9232,49.93,33.61,45.03,138
EWELD,test,523,197,ANKYRA,ANKYRA,,26,109.3074,79.6127,48.28,32.09,45.51,138
EWELD,test,523,197,ANKYRA,ANKYRA,,27,110.3038,81.8434,45.83,30.85,44.4,138
EWELD,test,523,197,ANKYRA,ANKYRA,,28,109.2831,80.3925,45.75,30.19,46.38,138
EWELD,test,523,197,ANKYRA,ANKYRA,,29,112.7419,82.2008,53.74,37.22,47.52,138
EWELD,test,523,197,ANKYRA,ANKYRA,,30,123.2817,91.019,50.27,34.13,48.38,138
EWELD,test,523,197,ANKYRA,ANKYRA,,31,123.9446,92.2659,53.77,37.3,50.38,138
EWELD,test,523,197,GBT,GBT (zero-shot),zero-shot gradient boosting,1,81.9244,59.6576,44.41,27.59,43.01,138
EWELD,test,523,197,GBT,GBT (zero-shot),zero-shot gradient boosting,2,85.2247,60.2857,45.24,30.54,45.3,138
EWELD,test,523,197,GBT,GBT (zero-shot),zero-shot gradient boosting,3,82.4324,57.4584,46.75,29.76,43.71,138
EWELD,test,523,197,GBT,GBT (zero-shot),zero-shot gradient boosting,4,85.6265,58.5906,46.41,32.33,44.67,138
EWELD,test,523,197,GBT,GBT (zero-shot),zero-shot gradient boosting,5,80.5975,56.0743,44.52,28.55,44.08,138
EWELD,test,523,197,GBT,GBT (zero-shot),zero-shot gradient boosting,6,80.8099,55.7807,42.66,28.42,43.65,138
EWELD,test,523,197,GBT,GBT (zero-shot),zero-shot gradient boosting,7,78.8834,55.9316,44.31,28.01,43.39,138
EWELD,test,523,197,GBT,GBT (zero-shot),zero-shot gradient boosting,8,80.9741,58.3792,46.45,28.55,44.88,138
EWELD,test,523,197,GBT,GBT (zero-shot),zero-shot gradient boosting,9,81.3978,56.6578,53.55,31.07,48.02,138
EWELD,test,523,197,GBT,GBT (zero-shot),zero-shot gradient boosting,10,107.3951,72.1926,50.13,32.06,49.89,138
EWELD,test,523,197,GBT,GBT (zero-shot),zero-shot gradient boosting,11,87.1509,61.8274,49.78,32.56,48.75,138
EWELD,test,523,197,GBT,GBT (zero-shot),zero-shot gradient boosting,12,92.9931,64.7089,55.04,33.77,48.97,138
EWELD,test,523,197,GBT,GBT (zero-shot),zero-shot gradient boosting,13,97.6112,68.6114,52.86,34.32,50.52,138
EWELD,test,523,197,GBT,GBT (zero-shot),zero-shot gradient boosting,14,87.1096,63.2423,55.78,34.57,49.11,138
EWELD,test,523,197,GBT,GBT (zero-shot),zero-shot gradient boosting,15,98.5142,71.8798,51.51,37.02,51.21,138
EWELD,test,523,197,GBT,GBT (zero-shot),zero-shot gradient boosting,16,108.208,74.5526,53.84,35.47,53.06,138
EWELD,test,523,197,GBT,GBT (zero-shot),zero-shot gradient boosting,17,129.7559,92.7763,56.03,38.23,54.06,138
EWELD,test,523,197,GBT,GBT (zero-shot),zero-shot gradient boosting,18,137.8108,100.4505,56.74,37.1,55.66,138
EWELD,test,523,197,GBT,GBT (zero-shot),zero-shot gradient boosting,19,131.3424,95.4577,55.44,37.74,55.15,138
EWELD,test,523,197,GBT,GBT (zero-shot),zero-shot gradient boosting,20,131.7313,94.7113,54.92,38.39,54.8,138
EWELD,test,523,197,GBT,GBT (zero-shot),zero-shot gradient boosting,21,124.1834,90.7884,55.93,37.97,53.62,138
EWELD,test,523,197,GBT,GBT (zero-shot),zero-shot gradient boosting,22,127.2653,93.6006,54.28,36.54,53.37,138
EWELD,test,523,197,GBT,GBT (zero-shot),zero-shot gradient boosting,23,137.2723,99.4515,57.5,40.17,55.54,138
EWELD,test,523,197,GBT,GBT (zero-shot),zero-shot gradient boosting,24,137.307,99.5919,58.12,39.08,57.13,138
EWELD,test,523,197,GBT,GBT (zero-shot),zero-shot gradient boosting,25,146.3803,108.1264,66.31,42.78,64.36,138
EWELD,test,523,197,GBT,GBT (zero-shot),zero-shot gradient boosting,26,138.741,100.9156,68.35,43.48,63.41,138
EWELD,test,523,197,GBT,GBT (zero-shot),zero-shot gradient boosting,27,148.4021,107.4572,71.83,50.25,67.52,138
EWELD,test,523,197,GBT,GBT (zero-shot),zero-shot gradient boosting,28,149.5331,108.9522,69.81,45.67,66.7,138
EWELD,test,523,197,GBT,GBT (zero-shot),zero-shot gradient boosting,29,201.9935,137.422,91.32,60.63,92.96,138
EWELD,test,523,197,GBT,GBT (zero-shot),zero-shot gradient boosting,30,238.1507,162.9281,99.15,66.07,101.82,138
EWELD,test,523,197,GBT,GBT (zero-shot),zero-shot gradient boosting,31,202.0715,144.4413,102.21,65.06,97.46,138
EWELD,test,523,197,Holt-Winters,Holt-Winters,"load only, statistical",1,69.3846,50.0094,35.25,22.93,37.35,138
EWELD,test,523,197,Holt-Winters,Holt-Winters,"load only, statistical",2,74.8698,53.5908,36.73,24.28,38.66,138
EWELD,test,523,197,Holt-Winters,Holt-Winters,"load only, statistical",3,83.0352,59.7726,41.22,28.16,41.63,138
EWELD,test,523,197,Holt-Winters,Holt-Winters,"load only, statistical",4,81.6003,59.6507,43.28,31.23,44.01,138
EWELD,test,523,197,Holt-Winters,Holt-Winters,"load only, statistical",5,74.114,53.7938,41.5,28.35,43.11,138
EWELD,test,523,197,Holt-Winters,Holt-Winters,"load only, statistical",6,76.0674,55.6725,42.68,28.81,43.14,138
EWELD,test,523,197,Holt-Winters,Holt-Winters,"load only, statistical",7,77.412,56.6186,46.33,32.32,42.6,138
EWELD,test,523,197,Holt-Winters,Holt-Winters,"load only, statistical",8,70.9648,51.2329,44.14,31.37,43.59,138
EWELD,test,523,197,Holt-Winters,Holt-Winters,"load only, statistical",9,81.967,59.4872,50.17,33.45,46.37,138
EWELD,test,523,197,Holt-Winters,Holt-Winters,"load only, statistical",10,93.5129,70.5285,51.82,35.02,47.39,138
EWELD,test,523,197,Holt-Winters,Holt-Winters,"load only, statistical",11,92.0071,69.8542,50.7,34.75,47.16,138
EWELD,test,523,197,Holt-Winters,Holt-Winters,"load only, statistical",12,93.4799,70.927,54.34,37.65,49.78,138
EWELD,test,523,197,Holt-Winters,Holt-Winters,"load only, statistical",13,92.0732,69.7511,54.68,38.04,50.82,138
EWELD,test,523,197,Holt-Winters,Holt-Winters,"load only, statistical",14,91.4964,68.9869,56.14,39.71,49.72,138
EWELD,test,523,197,Holt-Winters,Holt-Winters,"load only, statistical",15,94.3757,70.3797,54.17,37.49,48.34,138
EWELD,test,523,197,Holt-Winters,Holt-Winters,"load only, statistical",16,102.3882,74.8697,54.55,38.33,51.06,138
EWELD,test,523,197,Holt-Winters,Holt-Winters,"load only, statistical",17,126.4176,94.778,57.97,41.3,54.13,138
EWELD,test,523,197,Holt-Winters,Holt-Winters,"load only, statistical",18,132.2361,101.6893,62.9,44.19,55.14,138
EWELD,test,523,197,Holt-Winters,Holt-Winters,"load only, statistical",19,125.1131,95.3965,60.76,44.22,55.8,138
EWELD,test,523,197,Holt-Winters,Holt-Winters,"load only, statistical",20,116.4897,87.9422,55.42,39.28,51.17,138
EWELD,test,523,197,Holt-Winters,Holt-Winters,"load only, statistical",21,120.2372,89.4747,61.13,42.05,52.33,138
EWELD,test,523,197,Holt-Winters,Holt-Winters,"load only, statistical",22,121.8984,91.3689,58.22,36.05,52.7,138
EWELD,test,523,197,Holt-Winters,Holt-Winters,"load only, statistical",23,123.6645,93.5068,70.29,42.31,54.87,138
EWELD,test,523,197,Holt-Winters,Holt-Winters,"load only, statistical",24,126.0246,96.1469,56.96,39.46,55.55,138
EWELD,test,523,197,Holt-Winters,Holt-Winters,"load only, statistical",25,125.3417,95.2216,65.0,43.02,56.32,138
EWELD,test,523,197,Holt-Winters,Holt-Winters,"load only, statistical",26,130.9885,99.6276,72.47,47.78,60.41,138
EWELD,test,523,197,Holt-Winters,Holt-Winters,"load only, statistical",27,128.902,97.5894,62.82,45.25,58.09,138
EWELD,test,523,197,Holt-Winters,Holt-Winters,"load only, statistical",28,125.6213,95.5762,65.87,45.81,58.48,138
EWELD,test,523,197,Holt-Winters,Holt-Winters,"load only, statistical",29,126.2494,93.6621,72.98,48.95,59.59,138
EWELD,test,523,197,Holt-Winters,Holt-Winters,"load only, statistical",30,133.7319,101.222,68.68,48.41,61.39,138
EWELD,test,523,197,Holt-Winters,Holt-Winters,"load only, statistical",31,133.6219,102.246,77.52,53.41,64.31,138
EWELD,test,523,197,LYR-profile,Last-year profile,profile,1,221.7991,179.9387,81.72,54.88,70.35,138
EWELD,test,523,197,LYR-profile,Last-year profile,profile,2,232.6475,185.8099,83.84,63.4,73.53,138
EWELD,test,523,197,LYR-profile,Last-year profile,profile,3,220.5173,174.4644,78.59,60.65,72.93,138
EWELD,test,523,197,LYR-profile,Last-year profile,profile,4,219.5902,174.0923,75.39,57.05,72.1,138
EWELD,test,523,197,LYR-profile,Last-year profile,profile,5,222.3717,176.4733,76.8,57.77,75.95,138
EWELD,test,523,197,LYR-profile,Last-year profile,profile,6,222.2336,176.7594,80.47,59.74,77.08,138
EWELD,test,523,197,LYR-profile,Last-year profile,profile,7,229.3671,185.1102,82.4,60.14,79.4,138
EWELD,test,523,197,LYR-profile,Last-year profile,profile,8,224.3145,179.4835,76.4,56.76,77.51,138
EWELD,test,523,197,LYR-profile,Last-year profile,profile,9,224.2181,180.631,84.16,58.22,79.37,138
EWELD,test,523,197,LYR-profile,Last-year profile,profile,10,229.8809,187.376,88.16,60.53,78.67,138
EWELD,test,523,197,LYR-profile,Last-year profile,profile,11,226.5508,184.7598,83.66,61.67,79.77,138
EWELD,test,523,197,LYR-profile,Last-year profile,profile,12,222.1361,176.9115,84.39,61.4,79.47,138
EWELD,test,523,197,LYR-profile,Last-year profile,profile,13,221.9671,175.6992,90.03,66.87,83.35,138
EWELD,test,523,197,LYR-profile,Last-year profile,profile,14,218.2031,174.3686,94.07,69.65,80.61,138
EWELD,test,523,197,LYR-profile,Last-year profile,profile,15,224.4726,182.7425,87.52,65.79,79.79,138
EWELD,test,523,197,LYR-profile,Last-year profile,profile,16,222.0901,182.847,87.86,66.38,78.4,138
EWELD,test,523,197,LYR-profile,Last-year profile,profile,17,239.1899,200.2556,88.08,64.86,78.97,138
EWELD,test,523,197,LYR-profile,Last-year profile,profile,18,249.8086,211.6027,91.84,67.22,82.37,138
EWELD,test,523,197,LYR-profile,Last-year profile,profile,19,249.4113,213.641,96.29,74.01,85.55,138
EWELD,test,523,197,LYR-profile,Last-year profile,profile,20,251.1035,212.7174,92.23,68.25,82.25,138
EWELD,test,523,197,LYR-profile,Last-year profile,profile,21,257.3335,219.5983,95.52,73.92,81.94,138
EWELD,test,523,197,LYR-profile,Last-year profile,profile,22,260.2395,221.5958,89.36,67.75,81.85,138
EWELD,test,523,197,LYR-profile,Last-year profile,profile,23,244.8759,205.9084,92.33,67.42,82.08,138
EWELD,test,523,197,LYR-profile,Last-year profile,profile,24,252.5125,215.8423,90.25,61.12,78.07,138
EWELD,test,523,197,LYR-profile,Last-year profile,profile,25,248.3551,211.0363,91.76,65.29,79.74,138
EWELD,test,523,197,LYR-profile,Last-year profile,profile,26,246.9531,209.7702,86.65,62.76,81.63,138
EWELD,test,523,197,LYR-profile,Last-year profile,profile,27,249.879,212.7861,85.81,64.03,80.4,138
EWELD,test,523,197,LYR-profile,Last-year profile,profile,28,265.5464,224.3864,88.2,63.98,84.45,138
EWELD,test,523,197,LYR-profile,Last-year profile,profile,29,265.7065,219.7987,95.34,64.88,82.56,138
EWELD,test,523,197,LYR-profile,Last-year profile,profile,30,248.5179,204.0225,90.4,66.72,84.57,138
EWELD,test,523,197,LYR-profile,Last-year profile,profile,31,242.3721,206.177,92.36,62.56,84.56,138
EWELD,test,523,197,MSTL,MSTL,"load only, statistical",1,74.9021,53.9834,36.19,23.38,40.23,138
EWELD,test,523,197,MSTL,MSTL,"load only, statistical",2,83.54,59.921,40.57,25.82,40.52,138
EWELD,test,523,197,MSTL,MSTL,"load only, statistical",3,80.3705,56.4538,40.88,25.56,40.84,138
EWELD,test,523,197,MSTL,MSTL,"load only, statistical",4,79.7702,54.668,38.22,25.63,40.84,138
EWELD,test,523,197,MSTL,MSTL,"load only, statistical",5,71.5839,49.1777,37.48,24.37,39.46,138
EWELD,test,523,197,MSTL,MSTL,"load only, statistical",6,63.9619,44.81,38.22,26.81,39.26,138
EWELD,test,523,197,MSTL,MSTL,"load only, statistical",7,66.2629,47.5996,37.67,24.97,39.94,138
EWELD,test,523,197,MSTL,MSTL,"load only, statistical",8,69.4719,50.0321,43.35,28.35,43.35,138
EWELD,test,523,197,MSTL,MSTL,"load only, statistical",9,76.7332,55.1619,45.77,30.81,45.66,138
EWELD,test,523,197,MSTL,MSTL,"load only, statistical",10,80.5056,59.4795,48.44,32.98,45.18,138
EWELD,test,523,197,MSTL,MSTL,"load only, statistical",11,75.3152,54.1685,44.03,27.93,44.58,138
EWELD,test,523,197,MSTL,MSTL,"load only, statistical",12,80.3482,57.9132,44.93,29.74,46.28,138
EWELD,test,523,197,MSTL,MSTL,"load only, statistical",13,79.8789,57.6851,47.44,33.49,47.53,138
EWELD,test,523,197,MSTL,MSTL,"load only, statistical",14,76.5356,55.884,48.88,31.66,45.62,138
EWELD,test,523,197,MSTL,MSTL,"load only, statistical",15,90.5693,66.3369,59.33,37.8,51.62,138
EWELD,test,523,197,MSTL,MSTL,"load only, statistical",16,97.4129,69.6295,58.31,36.62,52.42,138
EWELD,test,523,197,MSTL,MSTL,"load only, statistical",17,113.574,82.9303,55.81,35.87,50.38,138
EWELD,test,523,197,MSTL,MSTL,"load only, statistical",18,116.9625,86.5064,54.55,35.41,49.57,138
EWELD,test,523,197,MSTL,MSTL,"load only, statistical",19,112.4549,81.8608,50.19,34.11,51.14,138
EWELD,test,523,197,MSTL,MSTL,"load only, statistical",20,106.7115,76.7669,55.89,37.2,50.2,138
EWELD,test,523,197,MSTL,MSTL,"load only, statistical",21,111.1041,80.5301,54.34,35.25,47.44,138
EWELD,test,523,197,MSTL,MSTL,"load only, statistical",22,117.8446,86.9052,58.42,38.46,51.97,138
EWELD,test,523,197,MSTL,MSTL,"load only, statistical",23,122.9287,89.8692,54.34,38.93,52.77,138
EWELD,test,523,197,MSTL,MSTL,"load only, statistical",24,116.5419,86.5904,54.24,38.99,54.39,138
EWELD,test,523,197,MSTL,MSTL,"load only, statistical",25,119.8987,88.5614,60.67,41.58,53.62,138
EWELD,test,523,197,MSTL,MSTL,"load only, statistical",26,121.0292,87.9721,66.86,42.82,54.81,138
EWELD,test,523,197,MSTL,MSTL,"load only, statistical",27,118.9161,86.8396,58.18,39.44,54.96,138
EWELD,test,523,197,MSTL,MSTL,"load only, statistical",28,119.3378,86.9897,60.37,42.14,54.57,138
EWELD,test,523,197,MSTL,MSTL,"load only, statistical",29,123.5162,90.0216,71.03,49.03,60.33,138
EWELD,test,523,197,MSTL,MSTL,"load only, statistical",30,130.4538,97.2288,63.68,43.22,58.55,138
EWELD,test,523,197,MSTL,MSTL,"load only, statistical",31,131.8459,98.4994,71.4,49.74,61.02,138
EWELD,test,523,197,SN-day,Seasonal naive (day),naive,1,69.6338,48.0666,31.88,19.67,34.95,138
EWELD,test,523,197,SN-day,Seasonal naive (day),naive,2,74.1705,49.6773,40.11,23.3,37.11,138
EWELD,test,523,197,SN-day,Seasonal naive (day),naive,3,75.2744,50.6411,40.17,25.14,38.3,138
EWELD,test,523,197,SN-day,Seasonal naive (day),naive,4,76.624,50.4957,40.25,24.86,38.71,138
EWELD,test,523,197,SN-day,Seasonal naive (day),naive,5,72.2984,48.0339,38.76,24.98,40.28,138
EWELD,test,523,197,SN-day,Seasonal naive (day),naive,6,65.9915,43.666,40.54,24.07,39.28,138
EWELD,test,523,197,SN-day,Seasonal naive (day),naive,7,64.738,44.6911,38.85,23.7,38.79,138
EWELD,test,523,197,SN-day,Seasonal naive (day),naive,8,64.1088,43.5044,42.09,24.91,41.05,138
EWELD,test,523,197,SN-day,Seasonal naive (day),naive,9,67.2853,45.4494,42.74,26.82,41.77,138
EWELD,test,523,197,SN-day,Seasonal naive (day),naive,10,74.5906,52.5587,44.3,27.61,43.05,138
EWELD,test,523,197,SN-day,Seasonal naive (day),naive,11,73.6042,51.3357,45.83,27.73,45.26,138
EWELD,test,523,197,SN-day,Seasonal naive (day),naive,12,77.5476,54.1738,45.36,30.64,45.54,138
EWELD,test,523,197,SN-day,Seasonal naive (day),naive,13,77.8863,54.8535,49.04,31.06,45.92,138
EWELD,test,523,197,SN-day,Seasonal naive (day),naive,14,74.3383,51.8896,45.34,30.84,44.1,138
EWELD,test,523,197,SN-day,Seasonal naive (day),naive,15,83.5682,59.1271,54.16,35.14,47.7,138
EWELD,test,523,197,SN-day,Seasonal naive (day),naive,16,87.3488,58.7113,51.06,33.34,48.33,138
EWELD,test,523,197,SN-day,Seasonal naive (day),naive,17,110.5952,78.424,53.57,32.96,50.49,138
EWELD,test,523,197,SN-day,Seasonal naive (day),naive,18,116.8334,84.0273,52.01,32.99,51.4,138
EWELD,test,523,197,SN-day,Seasonal naive (day),naive,19,111.9971,80.702,53.23,34.56,51.51,138
EWELD,test,523,197,SN-day,Seasonal naive (day),naive,20,107.9814,77.0325,52.11,34.43,49.49,138
EWELD,test,523,197,SN-day,Seasonal naive (day),naive,21,109.6617,78.4011,50.72,33.23,47.21,138
EWELD,test,523,197,SN-day,Seasonal naive (day),naive,22,111.8514,80.9513,46.68,32.4,48.51,138
EWELD,test,523,197,SN-day,Seasonal naive (day),naive,23,113.8713,81.9982,50.25,35.37,50.07,138
EWELD,test,523,197,SN-day,Seasonal naive (day),naive,24,115.6966,82.4046,54.73,36.93,55.63,138
EWELD,test,523,197,SN-day,Seasonal naive (day),naive,25,119.6213,85.3978,62.11,40.1,54.4,138
EWELD,test,523,197,SN-day,Seasonal naive (day),naive,26,120.2831,86.0537,61.24,39.72,55.96,138
EWELD,test,523,197,SN-day,Seasonal naive (day),naive,27,122.5747,88.2842,58.03,39.81,56.56,138
EWELD,test,523,197,SN-day,Seasonal naive (day),naive,28,117.2185,84.2898,52.58,36.33,53.95,138
EWELD,test,523,197,SN-day,Seasonal naive (day),naive,29,119.2733,84.5262,61.71,40.29,57.57,138
EWELD,test,523,197,SN-day,Seasonal naive (day),naive,30,123.9619,90.2037,56.77,40.25,55.42,138
EWELD,test,523,197,SN-day,Seasonal naive (day),naive,31,129.9778,95.3636,63.67,42.39,58.72,138
EWELD,test,523,197,SN-week,Seasonal naive (week),naive,1,87.6027,61.4356,40.94,26.94,42.74,138
EWELD,test,523,197,SN-week,Seasonal naive (week),naive,2,93.1424,65.0329,43.84,27.01,41.96,138
EWELD,test,523,197,SN-week,Seasonal naive (week),naive,3,84.457,57.0849,37.28,23.69,39.39,138
EWELD,test,523,197,SN-week,Seasonal naive (week),naive,4,82.2212,55.1275,38.08,24.19,39.8,138
EWELD,test,523,197,SN-week,Seasonal naive (week),naive,5,77.0615,51.7202,35.94,23.06,38.9,138
EWELD,test,523,197,SN-week,Seasonal naive (week),naive,6,64.1219,42.6315,36.92,22.8,39.07,138
EWELD,test,523,197,SN-week,Seasonal naive (week),naive,7,64.738,44.6911,38.85,23.7,38.79,138
EWELD,test,523,197,SN-week,Seasonal naive (week),naive,8,81.3168,56.4869,40.32,26.05,41.71,138
EWELD,test,523,197,SN-week,Seasonal naive (week),naive,9,82.8866,56.6979,41.26,26.25,42.25,138
EWELD,test,523,197,SN-week,Seasonal naive (week),naive,10,85.4034,60.5444,42.04,26.85,43.89,138
EWELD,test,523,197,SN-week,Seasonal naive (week),naive,11,80.3316,57.3859,40.06,27.14,43.84,138
EWELD,test,523,197,SN-week,Seasonal naive (week),naive,12,82.1844,57.775,45.13,26.79,44.0,138
EWELD,test,523,197,SN-week,Seasonal naive (week),naive,13,79.3543,55.0234,47.62,31.08,46.39,138
EWELD,test,523,197,SN-week,Seasonal naive (week),naive,14,74.3383,51.8896,45.34,30.84,44.1,138
EWELD,test,523,197,SN-week,Seasonal naive (week),naive,15,96.5768,68.9952,52.99,32.73,47.93,138
EWELD,test,523,197,SN-week,Seasonal naive (week),naive,16,99.2638,68.9456,46.28,29.88,48.65,138
EWELD,test,523,197,SN-week,Seasonal naive (week),naive,17,115.6483,81.4831,45.76,30.78,48.5,138
EWELD,test,523,197,SN-week,Seasonal naive (week),naive,18,118.9046,85.8458,45.32,28.54,47.11,138
EWELD,test,523,197,SN-week,Seasonal naive (week),naive,19,118.7726,85.117,45.92,30.76,49.17,138
EWELD,test,523,197,SN-week,Seasonal naive (week),naive,20,104.35,73.0166,50.06,31.75,48.23,138
EWELD,test,523,197,SN-week,Seasonal naive (week),naive,21,109.6617,78.4011,50.72,33.23,47.21,138
EWELD,test,523,197,SN-week,Seasonal naive (week),naive,22,121.9449,88.5962,46.16,32.26,48.9,138
EWELD,test,523,197,SN-week,Seasonal naive (week),naive,23,126.4405,90.9834,47.81,33.21,49.0,138
EWELD,test,523,197,SN-week,Seasonal naive (week),naive,24,122.5893,88.6892,46.57,30.55,49.94,138
EWELD,test,523,197,SN-week,Seasonal naive (week),naive,25,126.9213,92.7265,52.93,37.04,51.59,138
EWELD,test,523,197,SN-week,Seasonal naive (week),naive,26,129.237,93.5589,53.8,34.76,53.14,138
EWELD,test,523,197,SN-week,Seasonal naive (week),naive,27,119.3782,84.9371,57.33,35.82,53.22,138
EWELD,test,523,197,SN-week,Seasonal naive (week),naive,28,117.2185,84.2898,52.58,36.33,53.95,138
EWELD,test,523,197,SN-week,Seasonal naive (week),naive,29,129.9356,92.3728,57.63,39.39,56.05,138
EWELD,test,523,197,SN-week,Seasonal naive (week),naive,30,143.8215,106.4072,57.53,41.25,56.67,138
EWELD,test,523,197,SN-week,Seasonal naive (week),naive,31,147.894,109.1188,69.55,41.36,62.28,138
EWELD,test,523,197,SP-profile,Previous-month profile,profile,1,81.5637,61.1235,46.38,31.44,44.98,138
EWELD,test,523,197,SP-profile,Previous-month profile,profile,2,87.9702,64.1032,43.54,29.88,40.92,138
EWELD,test,523,197,SP-profile,Previous-month profile,profile,3,83.5795,60.0167,43.84,29.17,40.73,138
EWELD,test,523,197,SP-profile,Previous-month profile,profile,4,83.7137,59.0756,44.75,29.96,42.99,138
EWELD,test,523,197,SP-profile,Previous-month profile,profile,5,76.744,55.9951,39.9,27.94,40.27,138
EWELD,test,523,197,SP-profile,Previous-month profile,profile,6,77.401,55.7458,41.61,27.11,39.6,138
EWELD,test,523,197,SP-profile,Previous-month profile,profile,7,77.0809,56.7073,39.05,28.57,40.22,138
EWELD,test,523,197,SP-profile,Previous-month profile,profile,8,77.4102,57.0462,44.13,31.01,42.57,138
EWELD,test,523,197,SP-profile,Previous-month profile,profile,9,76.5285,55.1415,41.73,28.9,41.38,138
EWELD,test,523,197,SP-profile,Previous-month profile,profile,10,79.8517,59.9809,41.91,29.39,41.22,138
EWELD,test,523,197,SP-profile,Previous-month profile,profile,11,80.256,59.7794,44.24,30.68,43.1,138
EWELD,test,523,197,SP-profile,Previous-month profile,profile,12,77.5242,58.1535,42.74,30.04,42.47,138
EWELD,test,523,197,SP-profile,Previous-month profile,profile,13,79.4582,59.6466,45.84,32.4,44.92,138
EWELD,test,523,197,SP-profile,Previous-month profile,profile,14,81.3953,61.4911,47.75,34.65,45.11,138
EWELD,test,523,197,SP-profile,Previous-month profile,profile,15,91.1368,67.6071,51.57,37.1,47.33,138
EWELD,test,523,197,SP-profile,Previous-month profile,profile,16,89.8198,65.0138,49.84,31.75,45.61,138
EWELD,test,523,197,SP-profile,Previous-month profile,profile,17,113.3278,83.9404,51.6,36.27,47.8,138
EWELD,test,523,197,SP-profile,Previous-month profile,profile,18,119.4227,89.9084,53.89,36.26,48.96,138
EWELD,test,523,197,SP-profile,Previous-month profile,profile,19,113.5228,85.0312,49.18,35.3,47.36,138
EWELD,test,523,197,SP-profile,Previous-month profile,profile,20,113.2599,83.74,47.82,34.09,45.77,138
EWELD,test,523,197,SP-profile,Previous-month profile,profile,21,112.7965,83.9383,49.07,35.75,45.52,138
EWELD,test,523,197,SP-profile,Previous-month profile,profile,22,118.3431,88.3492,52.24,36.17,47.17,138
EWELD,test,523,197,SP-profile,Previous-month profile,profile,23,117.8761,87.4592,52.62,33.89,47.26,138
EWELD,test,523,197,SP-profile,Previous-month profile,profile,24,115.6848,86.9656,47.99,33.55,47.4,138
EWELD,test,523,197,SP-profile,Previous-month profile,profile,25,119.4236,89.0608,51.53,36.12,49.25,138
EWELD,test,523,197,SP-profile,Previous-month profile,profile,26,115.9062,86.6772,52.39,36.13,48.58,138
EWELD,test,523,197,SP-profile,Previous-month profile,profile,27,117.307,87.9679,49.57,35.6,48.59,138
EWELD,test,523,197,SP-profile,Previous-month profile,profile,28,118.8479,89.0734,52.19,37.62,49.93,138
EWELD,test,523,197,SP-profile,Previous-month profile,profile,29,123.0492,90.0963,58.74,41.27,51.62,138
EWELD,test,523,197,SP-profile,Previous-month profile,profile,30,131.5585,98.2862,57.42,40.64,52.82,138
EWELD,test,523,197,SP-profile,Previous-month profile,profile,31,137.916,104.6546,60.95,43.56,56.97,138
EWELD,test,523,197,TimesFM-X,TimesFM-X,"same information, zero-shot foundation model",1,59.3912,42.43,28.0,18.36,30.13,138
EWELD,test,523,197,TimesFM-X,TimesFM-X,"same information, zero-shot foundation model",2,71.0999,49.5457,34.05,21.92,32.07,138
EWELD,test,523,197,TimesFM-X,TimesFM-X,"same information, zero-shot foundation model",3,68.7955,47.4668,31.39,21.77,31.69,138
EWELD,test,523,197,TimesFM-X,TimesFM-X,"same information, zero-shot foundation model",4,69.6002,47.3391,35.53,22.24,33.33,138
EWELD,test,523,197,TimesFM-X,TimesFM-X,"same information, zero-shot foundation model",5,64.913,45.2779,31.95,21.1,32.84,138
EWELD,test,523,197,TimesFM-X,TimesFM-X,"same information, zero-shot foundation model",6,63.6456,43.809,31.03,21.17,32.45,138
EWELD,test,523,197,TimesFM-X,TimesFM-X,"same information, zero-shot foundation model",7,64.0392,45.8389,32.18,20.59,33.53,138
EWELD,test,523,197,TimesFM-X,TimesFM-X,"same information, zero-shot foundation model",8,61.8753,44.485,33.88,22.38,33.87,138
EWELD,test,523,197,TimesFM-X,TimesFM-X,"same information, zero-shot foundation model",9,63.2705,44.2432,34.38,23.09,34.83,138
EWELD,test,523,197,TimesFM-X,TimesFM-X,"same information, zero-shot foundation model",10,70.4192,51.8156,35.24,23.95,34.74,138
EWELD,test,523,197,TimesFM-X,TimesFM-X,"same information, zero-shot foundation model",11,68.2752,49.223,37.31,24.56,36.67,138
EWELD,test,523,197,TimesFM-X,TimesFM-X,"same information, zero-shot foundation model",12,68.12,48.9585,40.81,25.88,37.63,138
EWELD,test,523,197,TimesFM-X,TimesFM-X,"same information, zero-shot foundation model",13,73.3023,52.9305,42.62,28.29,39.16,138
EWELD,test,523,197,TimesFM-X,TimesFM-X,"same information, zero-shot foundation model",14,71.9904,52.0689,47.44,27.45,39.44,138
EWELD,test,523,197,TimesFM-X,TimesFM-X,"same information, zero-shot foundation model",15,80.5406,58.762,47.64,31.52,41.31,138
EWELD,test,523,197,TimesFM-X,TimesFM-X,"same information, zero-shot foundation model",16,83.7724,58.5833,47.69,29.63,41.13,138
EWELD,test,523,197,TimesFM-X,TimesFM-X,"same information, zero-shot foundation model",17,105.3246,76.6059,41.11,25.8,40.52,138
EWELD,test,523,197,TimesFM-X,TimesFM-X,"same information, zero-shot foundation model",18,113.5397,83.4068,46.06,27.93,43.27,138
EWELD,test,523,197,TimesFM-X,TimesFM-X,"same information, zero-shot foundation model",19,106.0924,77.9242,44.55,28.66,43.41,138
EWELD,test,523,197,TimesFM-X,TimesFM-X,"same information, zero-shot foundation model",20,105.2808,76.696,41.51,28.82,41.19,138
EWELD,test,523,197,TimesFM-X,TimesFM-X,"same information, zero-shot foundation model",21,105.9152,76.5529,45.73,30.03,40.8,138
EWELD,test,523,197,TimesFM-X,TimesFM-X,"same information, zero-shot foundation model",22,107.6067,79.5154,44.25,29.19,42.17,138
EWELD,test,523,197,TimesFM-X,TimesFM-X,"same information, zero-shot foundation model",23,109.297,80.5274,47.3,30.68,43.3,138
EWELD,test,523,197,TimesFM-X,TimesFM-X,"same information, zero-shot foundation model",24,110.0332,81.3613,47.98,30.51,44.55,138
EWELD,test,523,197,TimesFM-X,TimesFM-X,"same information, zero-shot foundation model",25,113.5466,83.6863,50.47,34.88,46.25,138
EWELD,test,523,197,TimesFM-X,TimesFM-X,"same information, zero-shot foundation model",26,109.8149,80.2631,54.82,31.9,46.9,138
EWELD,test,523,197,TimesFM-X,TimesFM-X,"same information, zero-shot foundation model",27,113.0459,82.9653,48.64,32.94,45.81,138
EWELD,test,523,197,TimesFM-X,TimesFM-X,"same information, zero-shot foundation model",28,111.911,81.3514,51.1,32.98,46.38,138
EWELD,test,523,197,TimesFM-X,TimesFM-X,"same information, zero-shot foundation model",29,115.0369,83.2233,53.35,39.02,48.54,138
EWELD,test,523,197,TimesFM-X,TimesFM-X,"same information, zero-shot foundation model",30,126.2637,93.0973,53.99,36.55,50.37,138
EWELD,test,523,197,TimesFM-X,TimesFM-X,"same information, zero-shot foundation model",31,131.3118,97.6411,59.81,40.46,54.32,138
EWELD,test,523,197,WeekProf4,4-week profile,profile,1,86.3719,62.4778,46.78,29.53,44.23,138
EWELD,test,523,197,WeekProf4,4-week profile,profile,2,90.8776,65.3297,42.27,28.24,42.31,138
EWELD,test,523,197,WeekProf4,4-week profile,profile,3,84.489,58.8191,42.43,26.89,40.23,138
EWELD,test,523,197,WeekProf4,4-week profile,profile,4,80.4812,55.6442,38.85,26.42,40.36,138
EWELD,test,523,197,WeekProf4,4-week profile,profile,5,72.9211,51.4533,37.11,25.29,38.58,138
EWELD,test,523,197,WeekProf4,4-week profile,profile,6,72.8292,50.811,36.57,24.72,37.71,138
EWELD,test,523,197,WeekProf4,4-week profile,profile,7,69.9521,50.5677,35.8,24.37,36.6,138
EWELD,test,523,197,WeekProf4,4-week profile,profile,8,78.3497,56.7034,39.33,25.89,39.75,138
EWELD,test,523,197,WeekProf4,4-week profile,profile,9,79.2866,57.2154,45.86,27.31,41.2,138
EWELD,test,523,197,WeekProf4,4-week profile,profile,10,82.4408,61.4716,41.45,28.44,40.2,138
EWELD,test,523,197,WeekProf4,4-week profile,profile,11,79.2324,57.7733,40.22,27.14,41.22,138
EWELD,test,523,197,WeekProf4,4-week profile,profile,12,76.152,55.015,42.79,28.22,42.11,138
EWELD,test,523,197,WeekProf4,4-week profile,profile,13,77.618,56.4551,43.99,30.32,43.5,138
EWELD,test,523,197,WeekProf4,4-week profile,profile,14,77.5878,57.3378,47.14,30.71,43.07,138
EWELD,test,523,197,WeekProf4,4-week profile,profile,15,96.1862,70.5412,53.37,34.72,45.31,138
EWELD,test,523,197,WeekProf4,4-week profile,profile,16,96.7727,69.6637,53.78,31.0,47.19,138
EWELD,test,523,197,WeekProf4,4-week profile,profile,17,114.8762,83.8923,50.89,31.92,46.55,138
EWELD,test,523,197,WeekProf4,4-week profile,profile,18,116.6313,86.3007,50.48,32.95,46.64,138
EWELD,test,523,197,WeekProf4,4-week profile,profile,19,113.7979,83.7993,45.85,32.55,46.79,138
EWELD,test,523,197,WeekProf4,4-week profile,profile,20,112.5799,81.7637,45.04,30.13,44.05,138
EWELD,test,523,197,WeekProf4,4-week profile,profile,21,110.5703,81.1677,46.46,30.69,43.71,138
EWELD,test,523,197,WeekProf4,4-week profile,profile,22,121.0756,89.8391,49.45,31.98,45.77,138
EWELD,test,523,197,WeekProf4,4-week profile,profile,23,120.3117,89.3398,53.01,34.07,46.57,138
EWELD,test,523,197,WeekProf4,4-week profile,profile,24,115.0752,84.7203,46.58,32.06,45.38,138
EWELD,test,523,197,WeekProf4,4-week profile,profile,25,117.1386,86.273,50.33,33.96,48.0,138
EWELD,test,523,197,WeekProf4,4-week profile,profile,26,115.8217,84.5506,49.35,31.64,49.03,138
EWELD,test,523,197,WeekProf4,4-week profile,profile,27,114.4672,84.6338,46.89,34.2,47.67,138
EWELD,test,523,197,WeekProf4,4-week profile,profile,28,115.6978,85.2418,47.7,32.38,49.01,138
EWELD,test,523,197,WeekProf4,4-week profile,profile,29,125.9152,91.2934,57.51,40.66,51.68,138
EWELD,test,523,197,WeekProf4,4-week profile,profile,30,137.0459,102.2024,61.81,43.15,54.48,138
EWELD,test,523,197,WeekProf4,4-week profile,profile,31,139.624,104.2318,62.91,42.28,56.36,138
EWELD,test,523,197,DLinear,DLinear,"load only, trained",1,64.5291,48.1929,31.92,23.35,32.67,138
EWELD,test,523,197,DLinear,DLinear,"load only, trained",2,74.5496,55.8704,37.99,27.16,35.49,138
EWELD,test,523,197,DLinear,DLinear,"load only, trained",3,75.6738,57.6773,40.41,30.43,35.8,138
EWELD,test,523,197,DLinear,DLinear,"load only, trained",4,74.81,56.449,37.95,28.35,36.51,138
EWELD,test,523,197,DLinear,DLinear,"load only, trained",5,76.0371,60.7022,38.32,29.69,37.25,138
EWELD,test,523,197,DLinear,DLinear,"load only, trained",6,68.5755,53.2066,40.09,29.18,36.01,138
EWELD,test,523,197,DLinear,DLinear,"load only, trained",7,74.6482,60.935,38.43,29.62,36.95,138
EWELD,test,523,197,DLinear,DLinear,"load only, trained",8,78.8133,64.8214,46.41,34.81,41.14,138
EWELD,test,523,197,DLinear,DLinear,"load only, trained",9,82.8344,67.2566,50.42,39.17,43.11,138
EWELD,test,523,197,DLinear,DLinear,"load only, trained",10,88.1662,72.3008,50.35,37.9,42.62,138
EWELD,test,523,197,DLinear,DLinear,"load only, trained",11,88.0747,73.2569,47.25,34.8,43.62,138
EWELD,test,523,197,DLinear,DLinear,"load only, trained",12,93.6876,78.801,53.28,40.19,45.5,138
EWELD,test,523,197,DLinear,DLinear,"load only, trained",13,98.2336,84.2737,51.74,40.82,47.83,138
EWELD,test,523,197,DLinear,DLinear,"load only, trained",14,97.1579,83.1559,51.56,39.71,47.86,138
EWELD,test,523,197,DLinear,DLinear,"load only, trained",15,106.4421,90.2204,54.37,43.42,49.64,138
EWELD,test,523,197,DLinear,DLinear,"load only, trained",16,107.4684,90.1232,56.33,42.78,49.31,138
EWELD,test,523,197,DLinear,DLinear,"load only, trained",17,136.2323,115.8637,56.19,43.43,50.86,138
EWELD,test,523,197,DLinear,DLinear,"load only, trained",18,140.4892,120.6378,52.45,40.02,51.03,138
EWELD,test,523,197,DLinear,DLinear,"load only, trained",19,130.4781,110.5966,56.13,45.91,50.08,138
EWELD,test,523,197,DLinear,DLinear,"load only, trained",20,127.1029,107.7716,56.54,42.65,48.36,138
EWELD,test,523,197,DLinear,DLinear,"load only, trained",21,127.2457,107.7014,57.41,43.84,48.6,138
EWELD,test,523,197,DLinear,DLinear,"load only, trained",22,135.5911,117.0096,56.85,45.0,50.5,138
EWELD,test,523,197,DLinear,DLinear,"load only, trained",23,135.7838,116.7264,59.65,47.79,51.59,138
EWELD,test,523,197,DLinear,DLinear,"load only, trained",24,134.8523,116.6639,60.52,46.66,52.0,138
EWELD,test,523,197,DLinear,DLinear,"load only, trained",25,137.2261,118.9805,63.73,45.37,52.28,138
EWELD,test,523,197,DLinear,DLinear,"load only, trained",26,141.2385,122.0925,64.14,50.38,54.99,138
EWELD,test,523,197,DLinear,DLinear,"load only, trained",27,145.3724,127.1351,57.65,48.17,54.14,138
EWELD,test,523,197,DLinear,DLinear,"load only, trained",28,146.9452,128.2871,59.53,47.44,55.74,138
EWELD,test,523,197,DLinear,DLinear,"load only, trained",29,146.2235,125.9074,60.49,48.46,57.16,138
EWELD,test,523,197,DLinear,DLinear,"load only, trained",30,152.6306,132.223,64.7,52.87,57.4,138
EWELD,test,523,197,DLinear,DLinear,"load only, trained",31,158.4085,138.4433,68.56,56.82,59.29,138
EWELD,test,523,197,GBT-T,GBT-T,"same information, trained",1,91.8849,66.0862,47.52,32.76,45.08,138
EWELD,test,523,197,GBT-T,GBT-T,"same information, trained",2,91.4504,65.0719,43.78,30.0,42.69,138
EWELD,test,523,197,GBT-T,GBT-T,"same information, trained",3,88.7113,63.3114,44.62,31.7,43.85,138
EWELD,test,523,197,GBT-T,GBT-T,"same information, trained",4,93.9366,65.6432,47.56,33.53,47.59,138
EWELD,test,523,197,GBT-T,GBT-T,"same information, trained",5,87.8958,61.1485,43.36,29.26,44.59,138
EWELD,test,523,197,GBT-T,GBT-T,"same information, trained",6,90.0408,61.9379,45.36,31.07,44.15,138
EWELD,test,523,197,GBT-T,GBT-T,"same information, trained",7,90.5031,63.974,44.75,31.26,44.51,138
EWELD,test,523,197,GBT-T,GBT-T,"same information, trained",8,88.7141,63.4852,43.85,31.05,44.8,138
EWELD,test,523,197,GBT-T,GBT-T,"same information, trained",9,92.12,63.4379,46.71,32.28,46.11,138
EWELD,test,523,197,GBT-T,GBT-T,"same information, trained",10,93.3404,67.5316,47.94,32.3,46.61,138
EWELD,test,523,197,GBT-T,GBT-T,"same information, trained",11,94.5008,68.0089,48.25,32.8,48.95,138
EWELD,test,523,197,GBT-T,GBT-T,"same information, trained",12,97.5175,69.1944,52.01,36.63,49.66,138
EWELD,test,523,197,GBT-T,GBT-T,"same information, trained",13,99.76,72.4495,54.13,35.98,51.29,138
EWELD,test,523,197,GBT-T,GBT-T,"same information, trained",14,103.0839,73.4487,58.25,41.02,53.5,138
EWELD,test,523,197,GBT-T,GBT-T,"same information, trained",15,110.3854,78.8351,57.47,39.6,53.17,138
EWELD,test,523,197,GBT-T,GBT-T,"same information, trained",16,114.7765,79.9764,61.84,40.68,55.38,138
EWELD,test,523,197,GBT-T,GBT-T,"same information, trained",17,137.6562,98.3783,57.68,41.15,55.21,138
EWELD,test,523,197,GBT-T,GBT-T,"same information, trained",18,146.4785,106.0448,65.31,41.62,58.64,138
EWELD,test,523,197,GBT-T,GBT-T,"same information, trained",19,139.5839,100.5625,59.89,41.53,56.05,138
EWELD,test,523,197,GBT-T,GBT-T,"same information, trained",20,145.0219,101.146,61.38,40.28,56.46,138
EWELD,test,523,197,GBT-T,GBT-T,"same information, trained",21,143.2675,99.2945,59.39,38.22,53.53,138
EWELD,test,523,197,GBT-T,GBT-T,"same information, trained",22,147.3185,102.7507,58.87,39.99,55.21,138
EWELD,test,523,197,GBT-T,GBT-T,"same information, trained",23,168.0346,114.8565,72.99,44.13,63.79,138
EWELD,test,523,197,GBT-T,GBT-T,"same information, trained",24,153.0574,107.2981,62.64,43.81,58.4,138
EWELD,test,523,197,GBT-T,GBT-T,"same information, trained",25,156.8212,110.6513,70.27,47.94,59.11,138
EWELD,test,523,197,GBT-T,GBT-T,"same information, trained",26,154.4894,108.3405,71.02,48.91,59.91,138
EWELD,test,523,197,GBT-T,GBT-T,"same information, trained",27,152.7622,107.4216,72.75,50.57,60.13,138
EWELD,test,523,197,GBT-T,GBT-T,"same information, trained",28,154.5141,107.2218,72.18,48.03,59.63,138
EWELD,test,523,197,GBT-T,GBT-T,"same information, trained",29,192.0402,122.8641,86.76,58.81,68.51,138
EWELD,test,523,197,GBT-T,GBT-T,"same information, trained",30,297.0053,184.8266,88.73,67.56,85.04,138
EWELD,test,523,197,GBT-T,GBT-T,"same information, trained",31,244.9474,159.2195,92.15,54.89,84.5,138
EWELD,test,523,197,iTransformer-X,iTransformer-X,"same information, trained",1,69.1569,50.4532,34.27,23.26,36.83,138
EWELD,test,523,197,iTransformer-X,iTransformer-X,"same information, trained",2,75.2707,53.1152,37.64,26.61,36.58,138
EWELD,test,523,197,iTransformer-X,iTransformer-X,"same information, trained",3,73.2102,51.4924,37.39,24.77,35.95,138
EWELD,test,523,197,iTransformer-X,iTransformer-X,"same information, trained",4,73.8442,50.967,36.13,22.47,36.52,138
EWELD,test,523,197,iTransformer-X,iTransformer-X,"same information, trained",5,65.757,46.6864,34.77,22.98,34.8,138
EWELD,test,523,197,iTransformer-X,iTransformer-X,"same information, trained",6,64.0999,45.3908,35.87,22.77,34.88,138
EWELD,test,523,197,iTransformer-X,iTransformer-X,"same information, trained",7,66.0839,48.0613,33.33,21.92,35.57,138
EWELD,test,523,197,iTransformer-X,iTransformer-X,"same information, trained",8,64.3976,47.2694,38.51,26.67,37.5,138
EWELD,test,523,197,iTransformer-X,iTransformer-X,"same information, trained",9,70.2897,51.2153,43.88,28.01,39.47,138
EWELD,test,523,197,iTransformer-X,iTransformer-X,"same information, trained",10,74.7695,55.4615,40.97,27.59,39.28,138
EWELD,test,523,197,iTransformer-X,iTransformer-X,"same information, trained",11,78.1667,57.9559,39.17,27.32,40.88,138
EWELD,test,523,197,iTransformer-X,iTransformer-X,"same information, trained",12,78.3589,58.131,42.07,29.45,41.59,138
EWELD,test,523,197,iTransformer-X,iTransformer-X,"same information, trained",13,79.8172,60.3471,43.37,30.03,41.96,138
EWELD,test,523,197,iTransformer-X,iTransformer-X,"same information, trained",14,79.7263,59.9813,44.84,30.4,42.35,138
EWELD,test,523,197,iTransformer-X,iTransformer-X,"same information, trained",15,85.6484,64.6165,50.3,33.91,44.14,138
EWELD,test,523,197,iTransformer-X,iTransformer-X,"same information, trained",16,91.1738,65.8777,51.94,32.69,44.92,138
EWELD,test,523,197,iTransformer-X,iTransformer-X,"same information, trained",17,112.8957,84.4631,48.44,32.43,44.95,138
EWELD,test,523,197,iTransformer-X,iTransformer-X,"same information, trained",18,117.8376,89.2422,49.62,33.11,45.91,138
EWELD,test,523,197,iTransformer-X,iTransformer-X,"same information, trained",19,109.5368,82.443,48.47,32.19,45.05,138
EWELD,test,523,197,iTransformer-X,iTransformer-X,"same information, trained",20,106.5671,80.3891,46.87,32.5,42.3,138
EWELD,test,523,197,iTransformer-X,iTransformer-X,"same information, trained",21,110.5574,82.8379,48.56,34.08,43.28,138
EWELD,test,523,197,iTransformer-X,iTransformer-X,"same information, trained",22,109.8553,82.9729,50.33,32.98,43.37,138
EWELD,test,523,197,iTransformer-X,iTransformer-X,"same information, trained",23,112.1337,85.1331,50.97,31.01,44.99,138
EWELD,test,523,197,iTransformer-X,iTransformer-X,"same information, trained",24,113.4048,86.1524,45.67,31.81,45.76,138
EWELD,test,523,197,iTransformer-X,iTransformer-X,"same information, trained",25,112.3903,85.5892,47.77,33.96,46.17,138
EWELD,test,523,197,iTransformer-X,iTransformer-X,"same information, trained",26,116.0457,87.6677,53.23,33.91,47.71,138
EWELD,test,523,197,iTransformer-X,iTransformer-X,"same information, trained",27,116.3382,88.5524,45.76,32.91,46.42,138
EWELD,test,523,197,iTransformer-X,iTransformer-X,"same information, trained",28,113.3324,86.0451,48.58,33.9,46.95,138
EWELD,test,523,197,iTransformer-X,iTransformer-X,"same information, trained",29,114.3793,86.471,53.36,39.29,49.21,138
EWELD,test,523,197,iTransformer-X,iTransformer-X,"same information, trained",30,119.73,91.0897,53.64,36.14,49.79,138
EWELD,test,523,197,iTransformer-X,iTransformer-X,"same information, trained",31,122.5575,94.8293,59.88,42.61,52.17,138
EWELD,test,523,197,iTransformer,iTransformer,"load only, trained",1,69.8689,50.6958,33.81,22.73,34.9,138
EWELD,test,523,197,iTransformer,iTransformer,"load only, trained",2,76.4901,53.8388,39.96,26.75,36.36,138
EWELD,test,523,197,iTransformer,iTransformer,"load only, trained",3,72.3606,51.1581,37.63,24.88,35.0,138
EWELD,test,523,197,iTransformer,iTransformer,"load only, trained",4,72.5501,49.3923,35.61,24.25,36.1,138
EWELD,test,523,197,iTransformer,iTransformer,"load only, trained",5,68.6657,48.2589,36.35,23.27,35.52,138
EWELD,test,523,197,iTransformer,iTransformer,"load only, trained",6,67.7468,46.9235,35.89,24.17,35.18,138
EWELD,test,523,197,iTransformer,iTransformer,"load only, trained",7,69.1417,50.1089,35.79,24.0,35.92,138
EWELD,test,523,197,iTransformer,iTransformer,"load only, trained",8,69.1098,51.2354,40.39,28.07,38.93,138
EWELD,test,523,197,iTransformer,iTransformer,"load only, trained",9,70.9302,51.0494,41.79,28.22,40.15,138
EWELD,test,523,197,iTransformer,iTransformer,"load only, trained",10,74.8078,56.1639,42.48,27.93,39.72,138
EWELD,test,523,197,iTransformer,iTransformer,"load only, trained",11,75.4754,55.5819,41.09,28.3,40.64,138
EWELD,test,523,197,iTransformer,iTransformer,"load only, trained",12,73.948,55.0847,44.31,31.01,41.52,138
EWELD,test,523,197,iTransformer,iTransformer,"load only, trained",13,77.7382,58.7188,46.25,32.9,43.38,138
EWELD,test,523,197,iTransformer,iTransformer,"load only, trained",14,77.7573,58.4244,49.08,32.83,43.45,138
EWELD,test,523,197,iTransformer,iTransformer,"load only, trained",15,86.7556,63.959,52.76,35.34,45.96,138
EWELD,test,523,197,iTransformer,iTransformer,"load only, trained",16,87.5036,62.9045,53.16,36.07,44.78,138
EWELD,test,523,197,iTransformer,iTransformer,"load only, trained",17,110.3748,81.7995,48.35,33.77,45.03,138
EWELD,test,523,197,iTransformer,iTransformer,"load only, trained",18,118.6469,89.7849,51.51,34.13,46.4,138
EWELD,test,523,197,iTransformer,iTransformer,"load only, trained",19,110.8333,83.4376,46.29,34.65,45.19,138
EWELD,test,523,197,iTransformer,iTransformer,"load only, trained",20,109.2866,81.1615,45.95,35.12,43.58,138
EWELD,test,523,197,iTransformer,iTransformer,"load only, trained",21,109.7718,81.5062,45.82,33.37,44.01,138
EWELD,test,523,197,iTransformer,iTransformer,"load only, trained",22,114.1123,85.9275,50.96,34.58,44.96,138
EWELD,test,523,197,iTransformer,iTransformer,"load only, trained",23,115.2092,86.2726,49.46,35.37,45.48,138
EWELD,test,523,197,iTransformer,iTransformer,"load only, trained",24,113.0417,85.0933,46.08,33.49,46.45,138
EWELD,test,523,197,iTransformer,iTransformer,"load only, trained",25,118.3106,89.2536,54.12,35.41,48.4,138
EWELD,test,523,197,iTransformer,iTransformer,"load only, trained",26,117.0118,87.6941,52.9,38.38,49.5,138
EWELD,test,523,197,iTransformer,iTransformer,"load only, trained",27,117.8727,89.1761,50.8,36.97,48.39,138
EWELD,test,523,197,iTransformer,iTransformer,"load only, trained",28,115.9361,86.8957,51.51,37.3,49.5,138
EWELD,test,523,197,iTransformer,iTransformer,"load only, trained",29,118.8697,88.2595,58.22,42.76,50.95,138
EWELD,test,523,197,iTransformer,iTransformer,"load only, trained",30,125.4959,94.4143,60.22,41.03,51.93,138
EWELD,test,523,197,iTransformer,iTransformer,"load only, trained",31,129.9328,98.4267,61.9,44.83,53.77,138
EWELD,test,523,197,LSTM,LSTM,"load only, trained",1,91.5869,73.3383,42.71,28.61,41.1,138
EWELD,test,523,197,LSTM,LSTM,"load only, trained",2,100.9746,81.7795,47.44,34.15,44.63,138
EWELD,test,523,197,LSTM,LSTM,"load only, trained",3,105.3596,86.8124,48.77,34.88,45.14,138
EWELD,test,523,197,LSTM,LSTM,"load only, trained",4,109.2193,90.1929,49.92,37.76,47.65,138
EWELD,test,523,197,LSTM,LSTM,"load only, trained",5,107.8806,88.8417,47.92,35.67,46.93,138
EWELD,test,523,197,LSTM,LSTM,"load only, trained",6,106.14,86.7445,49.23,35.71,46.99,138
EWELD,test,523,197,LSTM,LSTM,"load only, trained",7,110.4991,90.1195,52.16,40.66,48.71,138
EWELD,test,523,197,LSTM,LSTM,"load only, trained",8,109.4326,88.9972,56.15,41.4,50.94,138
EWELD,test,523,197,LSTM,LSTM,"load only, trained",9,111.0342,89.7292,58.11,41.71,51.96,138
EWELD,test,523,197,LSTM,LSTM,"load only, trained",10,119.1093,97.2781,56.71,42.47,52.25,138
EWELD,test,523,197,LSTM,LSTM,"load only, trained",11,118.4299,97.5177,58.23,44.24,53.02,138
EWELD,test,523,197,LSTM,LSTM,"load only, trained",12,123.0599,100.6244,59.44,47.16,53.63,138
EWELD,test,523,197,LSTM,LSTM,"load only, trained",13,126.7095,105.0642,57.37,46.29,54.43,138
EWELD,test,523,197,LSTM,LSTM,"load only, trained",14,126.2053,104.3302,58.0,46.37,54.96,138
EWELD,test,523,197,LSTM,LSTM,"load only, trained",15,132.2567,111.7578,65.13,51.53,57.96,138
EWELD,test,523,197,LSTM,LSTM,"load only, trained",16,133.4934,111.2817,64.62,50.9,56.97,138
EWELD,test,523,197,LSTM,LSTM,"load only, trained",17,156.0673,136.3095,64.71,52.38,60.11,138
EWELD,test,523,197,LSTM,LSTM,"load only, trained",18,161.8119,142.9751,66.69,53.53,59.74,138
EWELD,test,523,197,LSTM,LSTM,"load only, trained",19,155.9112,136.5328,66.3,53.28,58.79,138
EWELD,test,523,197,LSTM,LSTM,"load only, trained",20,153.4894,135.0435,66.07,50.65,58.94,138
EWELD,test,523,197,LSTM,LSTM,"load only, trained",21,154.0479,134.8028,68.51,50.77,59.11,138
EWELD,test,523,197,LSTM,LSTM,"load only, trained",22,159.7407,141.5133,68.22,54.43,60.33,138
EWELD,test,523,197,LSTM,LSTM,"load only, trained",23,160.8574,143.0435,70.56,57.56,60.89,138
EWELD,test,523,197,LSTM,LSTM,"load only, trained",24,161.2454,142.9408,72.76,58.88,62.35,138
EWELD,test,523,197,LSTM,LSTM,"load only, trained",25,162.6571,143.984,66.95,55.35,62.91,138
EWELD,test,523,197,LSTM,LSTM,"load only, trained",26,165.082,146.3777,71.83,56.36,63.88,138
EWELD,test,523,197,LSTM,LSTM,"load only, trained",27,167.1157,149.0174,64.4,53.93,62.78,138
EWELD,test,523,197,LSTM,LSTM,"load only, trained",28,164.692,145.4396,67.62,52.57,63.03,138
EWELD,test,523,197,LSTM,LSTM,"load only, trained",29,166.4454,145.9777,70.11,59.68,64.99,138
EWELD,test,523,197,LSTM,LSTM,"load only, trained",30,170.8051,150.2022,70.34,59.26,63.87,138
EWELD,test,523,197,LSTM,LSTM,"load only, trained",31,174.2444,153.5061,73.22,59.19,65.69,138
EWELD,test,523,197,PatchTST,PatchTST,"load only, trained",1,63.4633,45.7056,31.22,20.83,33.62,138
EWELD,test,523,197,PatchTST,PatchTST,"load only, trained",2,70.982,50.6044,35.78,24.56,34.51,138
EWELD,test,523,197,PatchTST,PatchTST,"load only, trained",3,69.0513,49.4371,37.3,23.95,34.37,138
EWELD,test,523,197,PatchTST,PatchTST,"load only, trained",4,70.8535,49.5734,34.91,25.04,35.54,138
EWELD,test,523,197,PatchTST,PatchTST,"load only, trained",5,63.2005,45.5864,36.22,22.3,34.07,138
EWELD,test,523,197,PatchTST,PatchTST,"load only, trained",6,63.7335,45.8469,35.1,23.51,34.4,138
EWELD,test,523,197,PatchTST,PatchTST,"load only, trained",7,65.0291,48.323,37.58,25.57,36.2,138
EWELD,test,523,197,PatchTST,PatchTST,"load only, trained",8,68.56,51.4991,42.28,30.55,39.16,138
EWELD,test,523,197,PatchTST,PatchTST,"load only, trained",9,71.3847,52.2171,45.29,28.85,40.72,138
EWELD,test,523,197,PatchTST,PatchTST,"load only, trained",10,74.9072,56.9429,41.7,26.97,39.72,138
EWELD,test,523,197,PatchTST,PatchTST,"load only, trained",11,76.8433,58.0633,42.12,29.15,41.44,138
EWELD,test,523,197,PatchTST,PatchTST,"load only, trained",12,77.2815,59.0446,47.71,32.06,42.22,138
EWELD,test,523,197,PatchTST,PatchTST,"load only, trained",13,79.486,61.1096,44.42,32.93,43.09,138
EWELD,test,523,197,PatchTST,PatchTST,"load only, trained",14,78.6284,59.789,48.59,35.35,43.02,138
EWELD,test,523,197,PatchTST,PatchTST,"load only, trained",15,86.8234,65.5356,51.52,37.27,45.73,138
EWELD,test,523,197,PatchTST,PatchTST,"load only, trained",16,91.0296,66.3677,50.76,35.61,44.93,138
EWELD,test,523,197,PatchTST,PatchTST,"load only, trained",17,113.8032,85.5376,48.42,33.01,45.24,138
EWELD,test,523,197,PatchTST,PatchTST,"load only, trained",18,119.3611,91.0422,50.85,34.46,47.01,138
EWELD,test,523,197,PatchTST,PatchTST,"load only, trained",19,112.581,85.2211,49.85,36.44,46.62,138
EWELD,test,523,197,PatchTST,PatchTST,"load only, trained",20,110.1331,83.4135,51.8,36.0,44.82,138
EWELD,test,523,197,PatchTST,PatchTST,"load only, trained",21,111.109,83.921,51.57,38.69,45.79,138
EWELD,test,523,197,PatchTST,PatchTST,"load only, trained",22,113.7206,86.7333,53.02,36.61,45.94,138
EWELD,test,523,197,PatchTST,PatchTST,"load only, trained",23,116.59,88.8762,52.58,35.66,47.7,138
EWELD,test,523,197,PatchTST,PatchTST,"load only, trained",24,112.8473,86.2412,50.8,35.96,47.25,138
EWELD,test,523,197,PatchTST,PatchTST,"load only, trained",25,116.3813,89.0166,55.4,37.01,48.81,138
EWELD,test,523,197,PatchTST,PatchTST,"load only, trained",26,115.892,87.6238,59.6,42.14,49.68,138
EWELD,test,523,197,PatchTST,PatchTST,"load only, trained",27,115.1488,88.4222,48.82,37.79,47.98,138
EWELD,test,523,197,PatchTST,PatchTST,"load only, trained",28,114.5346,87.0372,54.82,38.62,50.06,138
EWELD,test,523,197,PatchTST,PatchTST,"load only, trained",29,117.6702,88.5381,56.73,45.03,51.57,138
EWELD,test,523,197,PatchTST,PatchTST,"load only, trained",30,125.5944,95.7456,59.98,41.25,52.78,138
EWELD,test,523,197,PatchTST,PatchTST,"load only, trained",31,129.4165,99.8051,62.22,43.85,55.39,138
EWELD,test,523,197,TiDE,TiDE,"same information, trained",1,66.4652,49.8848,33.7,24.87,33.46,138
EWELD,test,523,197,TiDE,TiDE,"same information, trained",2,76.0385,57.7218,37.44,27.16,35.58,138
EWELD,test,523,197,TiDE,TiDE,"same information, trained",3,76.9692,59.2553,40.63,30.6,36.0,138
EWELD,test,523,197,TiDE,TiDE,"same information, trained",4,75.5402,57.5382,38.49,28.91,36.61,138
EWELD,test,523,197,TiDE,TiDE,"same information, trained",5,76.5929,61.2936,38.31,29.34,37.52,138
EWELD,test,523,197,TiDE,TiDE,"same information, trained",6,70.7437,55.5924,39.56,28.96,36.72,138
EWELD,test,523,197,TiDE,TiDE,"same information, trained",7,74.7702,61.0287,38.58,30.22,37.39,138
EWELD,test,523,197,TiDE,TiDE,"same information, trained",8,80.5813,67.1638,45.93,35.87,41.64,138
EWELD,test,523,197,TiDE,TiDE,"same information, trained",9,85.971,70.2843,52.41,39.9,43.92,138
EWELD,test,523,197,TiDE,TiDE,"same information, trained",10,91.1577,75.3558,50.45,39.11,43.57,138
EWELD,test,523,197,TiDE,TiDE,"same information, trained",11,89.6975,75.0967,46.95,35.57,44.26,138
EWELD,test,523,197,TiDE,TiDE,"same information, trained",12,94.5681,79.6058,53.5,41.87,45.69,138
EWELD,test,523,197,TiDE,TiDE,"same information, trained",13,99.7547,85.7744,52.52,40.41,48.06,138
EWELD,test,523,197,TiDE,TiDE,"same information, trained",14,97.6792,84.0058,52.46,39.79,47.91,138
EWELD,test,523,197,TiDE,TiDE,"same information, trained",15,108.8109,92.6366,54.02,43.59,50.25,138
EWELD,test,523,197,TiDE,TiDE,"same information, trained",16,109.6458,93.1087,56.86,45.6,50.07,138
EWELD,test,523,197,TiDE,TiDE,"same information, trained",17,135.9658,116.2133,56.53,44.64,50.91,138
EWELD,test,523,197,TiDE,TiDE,"same information, trained",18,141.7908,122.6851,51.17,41.29,51.48,138
EWELD,test,523,197,TiDE,TiDE,"same information, trained",19,131.8997,112.4014,56.0,44.87,50.5,138
EWELD,test,523,197,TiDE,TiDE,"same information, trained",20,126.8271,107.8798,55.67,42.16,47.95,138
EWELD,test,523,197,TiDE,TiDE,"same information, trained",21,129.0371,110.0923,57.28,44.24,49.01,138
EWELD,test,523,197,TiDE,TiDE,"same information, trained",22,135.2047,117.0675,57.09,45.48,50.57,138
EWELD,test,523,197,TiDE,TiDE,"same information, trained",23,135.3734,116.3344,59.24,47.87,51.57,138
EWELD,test,523,197,TiDE,TiDE,"same information, trained",24,135.1337,117.1324,59.63,46.33,51.74,138
EWELD,test,523,197,TiDE,TiDE,"same information, trained",25,138.0385,120.1131,64.54,46.74,52.6,138
EWELD,test,523,197,TiDE,TiDE,"same information, trained",26,143.2081,124.0799,64.04,49.66,55.29,138
EWELD,test,523,197,TiDE,TiDE,"same information, trained",27,145.3439,126.9414,57.22,49.01,53.96,138
EWELD,test,523,197,TiDE,TiDE,"same information, trained",28,145.2165,126.5958,61.03,46.14,55.31,138
EWELD,test,523,197,TiDE,TiDE,"same information, trained",29,146.3693,126.3928,60.11,47.98,57.08,138
EWELD,test,523,197,TiDE,TiDE,"same information, trained",30,151.4234,131.1184,63.5,50.12,57.0,138
EWELD,test,523,197,TiDE,TiDE,"same information, trained",31,157.522,137.3576,66.94,57.43,59.14,138
GoiEner non-household,test,890,481,TimesFM,TimesFM,"load only, zero-shot foundation model",1,0.5108,0.3062,41.0,24.04,33.54,453
GoiEner non-household,test,890,481,TimesFM,TimesFM,"load only, zero-shot foundation model",2,0.4569,0.2884,45.55,29.13,38.85,453
GoiEner non-household,test,890,481,TimesFM,TimesFM,"load only, zero-shot foundation model",3,0.4513,0.2903,43.69,27.27,38.58,453
GoiEner non-household,test,890,481,TimesFM,TimesFM,"load only, zero-shot foundation model",4,0.4613,0.2913,41.35,25.46,35.07,453
GoiEner non-household,test,890,481,TimesFM,TimesFM,"load only, zero-shot foundation model",5,0.4242,0.2644,38.49,23.73,34.39,453
GoiEner non-household,test,890,481,TimesFM,TimesFM,"load only, zero-shot foundation model",6,0.5259,0.3222,50.26,28.83,41.55,453
GoiEner non-household,test,890,481,TimesFM,TimesFM,"load only, zero-shot foundation model",7,0.3973,0.2428,42.64,25.77,37.46,453
GoiEner non-household,test,890,481,TimesFM,TimesFM,"load only, zero-shot foundation model",8,0.4097,0.247,41.72,24.17,40.28,453
GoiEner non-household,test,890,481,TimesFM,TimesFM,"load only, zero-shot foundation model",9,0.5659,0.3504,55.15,34.17,46.71,453
GoiEner non-household,test,890,481,TimesFM,TimesFM,"load only, zero-shot foundation model",10,0.5524,0.356,55.23,34.56,48.11,453
GoiEner non-household,test,890,481,TimesFM,TimesFM,"load only, zero-shot foundation model",11,0.4985,0.3222,50.84,30.86,44.27,453
GoiEner non-household,test,890,481,TimesFM,TimesFM,"load only, zero-shot foundation model",12,0.4879,0.3087,44.88,26.89,41.59,453
GoiEner non-household,test,890,481,TimesFM,TimesFM,"load only, zero-shot foundation model",13,0.4878,0.3084,48.46,30.43,47.01,453
GoiEner non-household,test,890,481,TimesFM,TimesFM,"load only, zero-shot foundation model",14,0.4172,0.2706,45.64,26.92,41.56,453
GoiEner non-household,test,890,481,TimesFM,TimesFM,"load only, zero-shot foundation model",15,0.4251,0.2739,41.54,26.6,40.78,453
GoiEner non-household,test,890,481,TimesFM,TimesFM,"load only, zero-shot foundation model",16,0.5876,0.3749,58.11,35.74,48.21,453
GoiEner non-household,test,890,481,TimesFM,TimesFM,"load only, zero-shot foundation model",17,0.5982,0.3874,58.11,37.98,53.28,453
GoiEner non-household,test,890,481,TimesFM,TimesFM,"load only, zero-shot foundation model",18,0.604,0.3867,51.36,31.5,47.74,453
GoiEner non-household,test,890,481,TimesFM,TimesFM,"load only, zero-shot foundation model",19,0.6,0.3822,49.68,30.74,47.12,453
GoiEner non-household,test,890,481,TimesFM,TimesFM,"load only, zero-shot foundation model",20,0.6982,0.4578,58.98,36.94,53.12,453
GoiEner non-household,test,890,481,TimesFM,TimesFM,"load only, zero-shot foundation model",21,0.5143,0.3306,50.22,32.3,48.94,453
GoiEner non-household,test,890,481,TimesFM,TimesFM,"load only, zero-shot foundation model",22,0.513,0.3277,45.3,29.71,47.25,453
GoiEner non-household,test,890,481,TimesFM,TimesFM,"load only, zero-shot foundation model",23,0.7209,0.468,58.63,36.55,55.56,453
GoiEner non-household,test,890,481,TimesFM,TimesFM,"load only, zero-shot foundation model",24,0.708,0.4659,63.5,40.6,59.49,453
GoiEner non-household,test,890,481,TimesFM,TimesFM,"load only, zero-shot foundation model",25,0.6833,0.453,57.22,35.35,52.47,453
GoiEner non-household,test,890,481,TimesFM,TimesFM,"load only, zero-shot foundation model",26,0.6888,0.4469,50.97,31.84,49.78,453
GoiEner non-household,test,890,481,TimesFM,TimesFM,"load only, zero-shot foundation model",27,0.7424,0.4843,59.69,37.54,55.75,453
GoiEner non-household,test,890,481,TimesFM,TimesFM,"load only, zero-shot foundation model",28,0.6186,0.4034,53.84,35.09,54.69,453
GoiEner non-household,test,890,481,TimesFM,TimesFM,"load only, zero-shot foundation model",29,0.5223,0.3412,48.99,31.11,48.3,453
GoiEner non-household,test,890,481,TimesFM,TimesFM,"load only, zero-shot foundation model",30,0.7895,0.5203,64.0,40.97,60.73,453
GoiEner non-household,test,890,481,TimesFM,TimesFM,"load only, zero-shot foundation model",31,0.7859,0.5548,60.89,36.61,60.11,453
GoiEner non-household,test,890,481,Chronos-2-X,Chronos-2-X,"same information, zero-shot foundation model",1,0.4439,0.2561,38.72,21.9,31.15,453
GoiEner non-household,test,890,481,Chronos-2-X,Chronos-2-X,"same information, zero-shot foundation model",2,0.3574,0.2218,42.91,25.95,37.07,453
GoiEner non-household,test,890,481,Chronos-2-X,Chronos-2-X,"same information, zero-shot foundation model",3,0.3994,0.2535,42.81,26.51,38.57,453
GoiEner non-household,test,890,481,Chronos-2-X,Chronos-2-X,"same information, zero-shot foundation model",4,0.409,0.2496,41.32,24.39,35.04,453
GoiEner non-household,test,890,481,Chronos-2-X,Chronos-2-X,"same information, zero-shot foundation model",5,0.4077,0.2556,37.8,23.1,32.64,453
GoiEner non-household,test,890,481,Chronos-2-X,Chronos-2-X,"same information, zero-shot foundation model",6,0.4381,0.2721,45.66,27.18,39.09,453
GoiEner non-household,test,890,481,Chronos-2-X,Chronos-2-X,"same information, zero-shot foundation model",7,0.3832,0.241,41.03,24.64,36.0,453
GoiEner non-household,test,890,481,Chronos-2-X,Chronos-2-X,"same information, zero-shot foundation model",8,0.3944,0.2436,42.25,24.35,37.74,453
GoiEner non-household,test,890,481,Chronos-2-X,Chronos-2-X,"same information, zero-shot foundation model",9,0.4483,0.2809,52.16,33.01,43.69,453
GoiEner non-household,test,890,481,Chronos-2-X,Chronos-2-X,"same information, zero-shot foundation model",10,0.4936,0.3138,51.4,31.17,44.51,453
GoiEner non-household,test,890,481,Chronos-2-X,Chronos-2-X,"same information, zero-shot foundation model",11,0.4493,0.2877,46.42,27.79,40.14,453
GoiEner non-household,test,890,481,Chronos-2-X,Chronos-2-X,"same information, zero-shot foundation model",12,0.4102,0.2565,40.66,23.7,37.09,453
GoiEner non-household,test,890,481,Chronos-2-X,Chronos-2-X,"same information, zero-shot foundation model",13,0.4285,0.2706,47.24,29.4,43.16,453
GoiEner non-household,test,890,481,Chronos-2-X,Chronos-2-X,"same information, zero-shot foundation model",14,0.3885,0.2525,44.72,27.02,37.72,453
GoiEner non-household,test,890,481,Chronos-2-X,Chronos-2-X,"same information, zero-shot foundation model",15,0.4021,0.2592,39.5,25.23,36.03,453
GoiEner non-household,test,890,481,Chronos-2-X,Chronos-2-X,"same information, zero-shot foundation model",16,0.5093,0.3259,53.26,32.11,44.38,453
GoiEner non-household,test,890,481,Chronos-2-X,Chronos-2-X,"same information, zero-shot foundation model",17,0.5228,0.3336,56.96,35.59,50.43,453
GoiEner non-household,test,890,481,Chronos-2-X,Chronos-2-X,"same information, zero-shot foundation model",18,0.524,0.3324,51.04,30.38,45.04,453
GoiEner non-household,test,890,481,Chronos-2-X,Chronos-2-X,"same information, zero-shot foundation model",19,0.5283,0.3362,46.88,26.44,43.65,453
GoiEner non-household,test,890,481,Chronos-2-X,Chronos-2-X,"same information, zero-shot foundation model",20,0.5685,0.3603,54.01,31.62,47.08,453
GoiEner non-household,test,890,481,Chronos-2-X,Chronos-2-X,"same information, zero-shot foundation model",21,0.4687,0.2982,49.38,30.31,44.76,453
GoiEner non-household,test,890,481,Chronos-2-X,Chronos-2-X,"same information, zero-shot foundation model",22,0.4546,0.289,46.08,27.93,42.37,453
GoiEner non-household,test,890,481,Chronos-2-X,Chronos-2-X,"same information, zero-shot foundation model",23,0.599,0.38,57.01,34.77,51.14,453
GoiEner non-household,test,890,481,Chronos-2-X,Chronos-2-X,"same information, zero-shot foundation model",24,0.5903,0.3845,62.02,38.46,54.35,453
GoiEner non-household,test,890,481,Chronos-2-X,Chronos-2-X,"same information, zero-shot foundation model",25,0.5546,0.3573,53.25,32.54,47.68,453
GoiEner non-household,test,890,481,Chronos-2-X,Chronos-2-X,"same information, zero-shot foundation model",26,0.5595,0.3535,48.43,28.55,44.85,453
GoiEner non-household,test,890,481,Chronos-2-X,Chronos-2-X,"same information, zero-shot foundation model",27,0.5818,0.3735,54.85,34.51,52.18,453
GoiEner non-household,test,890,481,Chronos-2-X,Chronos-2-X,"same information, zero-shot foundation model",28,0.5779,0.372,53.69,34.18,51.16,453
GoiEner non-household,test,890,481,Chronos-2-X,Chronos-2-X,"same information, zero-shot foundation model",29,0.4856,0.3169,49.59,31.01,44.78,453
GoiEner non-household,test,890,481,Chronos-2-X,Chronos-2-X,"same information, zero-shot foundation model",30,0.6945,0.4473,60.33,36.14,53.91,453
GoiEner non-household,test,890,481,Chronos-2-X,Chronos-2-X,"same information, zero-shot foundation model",31,0.6518,0.4628,60.0,35.98,53.54,453
GoiEner non-household,test,890,481,Chronos-2,Chronos-2,"load only, zero-shot foundation model",1,0.4844,0.2794,39.16,22.58,31.64,453
GoiEner non-household,test,890,481,Chronos-2,Chronos-2,"load only, zero-shot foundation model",2,0.408,0.2448,43.65,24.8,37.19,453
GoiEner non-household,test,890,481,Chronos-2,Chronos-2,"load only, zero-shot foundation model",3,0.4343,0.2728,44.33,25.97,38.41,453
GoiEner non-household,test,890,481,Chronos-2,Chronos-2,"load only, zero-shot foundation model",4,0.4449,0.2709,41.41,24.67,34.82,453
GoiEner non-household,test,890,481,Chronos-2,Chronos-2,"load only, zero-shot foundation model",5,0.4076,0.2509,37.69,21.58,31.76,453
GoiEner non-household,test,890,481,Chronos-2,Chronos-2,"load only, zero-shot foundation model",6,0.5145,0.3128,48.47,26.56,38.53,453
GoiEner non-household,test,890,481,Chronos-2,Chronos-2,"load only, zero-shot foundation model",7,0.3988,0.2439,38.43,23.27,36.04,453
GoiEner non-household,test,890,481,Chronos-2,Chronos-2,"load only, zero-shot foundation model",8,0.4115,0.246,40.07,23.23,37.95,453
GoiEner non-household,test,890,481,Chronos-2,Chronos-2,"load only, zero-shot foundation model",9,0.5291,0.3227,54.1,32.16,45.12,453
GoiEner non-household,test,890,481,Chronos-2,Chronos-2,"load only, zero-shot foundation model",10,0.5513,0.3569,51.33,31.8,45.28,453
GoiEner non-household,test,890,481,Chronos-2,Chronos-2,"load only, zero-shot foundation model",11,0.4913,0.3161,47.35,27.62,41.13,453
GoiEner non-household,test,890,481,Chronos-2,Chronos-2,"load only, zero-shot foundation model",12,0.4819,0.3034,43.07,25.4,37.46,453
GoiEner non-household,test,890,481,Chronos-2,Chronos-2,"load only, zero-shot foundation model",13,0.4841,0.3024,47.23,27.28,43.07,453
GoiEner non-household,test,890,481,Chronos-2,Chronos-2,"load only, zero-shot foundation model",14,0.4014,0.2622,42.81,24.97,37.57,453
GoiEner non-household,test,890,481,Chronos-2,Chronos-2,"load only, zero-shot foundation model",15,0.4302,0.2741,39.95,23.67,37.07,453
GoiEner non-household,test,890,481,Chronos-2,Chronos-2,"load only, zero-shot foundation model",16,0.5852,0.3745,52.33,32.48,44.87,453
GoiEner non-household,test,890,481,Chronos-2,Chronos-2,"load only, zero-shot foundation model",17,0.5982,0.3853,54.36,34.35,51.08,453
GoiEner non-household,test,890,481,Chronos-2,Chronos-2,"load only, zero-shot foundation model",18,0.6108,0.3899,50.18,28.52,45.99,453
GoiEner non-household,test,890,481,Chronos-2,Chronos-2,"load only, zero-shot foundation model",19,0.6062,0.3853,45.89,26.93,45.32,453
GoiEner non-household,test,890,481,Chronos-2,Chronos-2,"load only, zero-shot foundation model",20,0.5956,0.3819,52.24,31.21,47.3,453
GoiEner non-household,test,890,481,Chronos-2,Chronos-2,"load only, zero-shot foundation model",21,0.4739,0.301,47.56,27.72,45.42,453
GoiEner non-household,test,890,481,Chronos-2,Chronos-2,"load only, zero-shot foundation model",22,0.498,0.3146,44.48,27.18,43.21,453
GoiEner non-household,test,890,481,Chronos-2,Chronos-2,"load only, zero-shot foundation model",23,0.7304,0.4676,55.14,34.01,53.92,453
GoiEner non-household,test,890,481,Chronos-2,Chronos-2,"load only, zero-shot foundation model",24,0.6947,0.4586,61.54,37.84,56.38,453
GoiEner non-household,test,890,481,Chronos-2,Chronos-2,"load only, zero-shot foundation model",25,0.6835,0.4497,53.66,32.26,50.71,453
GoiEner non-household,test,890,481,Chronos-2,Chronos-2,"load only, zero-shot foundation model",26,0.6914,0.4503,51.29,29.32,47.65,453
GoiEner non-household,test,890,481,Chronos-2,Chronos-2,"load only, zero-shot foundation model",27,0.7273,0.4652,59.07,34.6,55.13,453
GoiEner non-household,test,890,481,Chronos-2,Chronos-2,"load only, zero-shot foundation model",28,0.6187,0.4005,53.73,32.55,52.76,453
GoiEner non-household,test,890,481,Chronos-2,Chronos-2,"load only, zero-shot foundation model",29,0.5435,0.3535,51.93,29.14,47.83,453
GoiEner non-household,test,890,481,Chronos-2,Chronos-2,"load only, zero-shot foundation model",30,0.8185,0.54,62.59,39.13,57.76,453
GoiEner non-household,test,890,481,Chronos-2,Chronos-2,"load only, zero-shot foundation model",31,0.792,0.5586,60.45,36.16,57.47,453
GoiEner non-household,test,890,481,ANKYRA,ANKYRA,,1,0.4629,0.3053,43.42,28.67,36.77,453
GoiEner non-household,test,890,481,ANKYRA,ANKYRA,,2,0.4239,0.2857,46.55,31.36,40.12,453
GoiEner non-household,test,890,481,ANKYRA,ANKYRA,,3,0.4196,0.2862,46.7,30.7,40.53,453
GoiEner non-household,test,890,481,ANKYRA,ANKYRA,,4,0.4371,0.2933,42.31,28.67,36.81,453
GoiEner non-household,test,890,481,ANKYRA,ANKYRA,,5,0.3963,0.2637,39.9,27.57,35.77,453
GoiEner non-household,test,890,481,ANKYRA,ANKYRA,,6,0.4792,0.3109,49.24,32.6,41.72,453
GoiEner non-household,test,890,481,ANKYRA,ANKYRA,,7,0.3792,0.2448,42.85,29.18,37.54,453
GoiEner non-household,test,890,481,ANKYRA,ANKYRA,,8,0.3867,0.2533,41.84,28.15,40.51,453
GoiEner non-household,test,890,481,ANKYRA,ANKYRA,,9,0.5003,0.3271,52.63,36.56,45.52,453
GoiEner non-household,test,890,481,ANKYRA,ANKYRA,,10,0.5121,0.3435,53.83,36.25,47.43,453
GoiEner non-household,test,890,481,ANKYRA,ANKYRA,,11,0.4661,0.3162,49.11,32.57,43.45,453
GoiEner non-household,test,890,481,ANKYRA,ANKYRA,,12,0.4519,0.3001,44.52,30.85,40.81,453
GoiEner non-household,test,890,481,ANKYRA,ANKYRA,,13,0.4639,0.3069,48.3,33.31,46.05,453
GoiEner non-household,test,890,481,ANKYRA,ANKYRA,,14,0.3962,0.2725,45.23,30.62,41.81,453
GoiEner non-household,test,890,481,ANKYRA,ANKYRA,,15,0.3996,0.2779,43.44,30.63,41.34,453
GoiEner non-household,test,890,481,ANKYRA,ANKYRA,,16,0.5248,0.3597,56.39,38.28,46.79,453
GoiEner non-household,test,890,481,ANKYRA,ANKYRA,,17,0.5412,0.3735,55.46,39.04,51.25,453
GoiEner non-household,test,890,481,ANKYRA,ANKYRA,,18,0.5601,0.3817,49.38,33.51,46.99,453
GoiEner non-household,test,890,481,ANKYRA,ANKYRA,,19,0.5406,0.3659,47.85,33.29,45.32,453
GoiEner non-household,test,890,481,ANKYRA,ANKYRA,,20,0.5931,0.4052,54.65,39.62,52.03,453
GoiEner non-household,test,890,481,ANKYRA,ANKYRA,,21,0.4675,0.3195,48.82,34.74,48.38,453
GoiEner non-household,test,890,481,ANKYRA,ANKYRA,,22,0.4744,0.3215,47.58,33.11,47.58,453
GoiEner non-household,test,890,481,ANKYRA,ANKYRA,,23,0.632,0.4231,57.97,40.15,54.13,453
GoiEner non-household,test,890,481,ANKYRA,ANKYRA,,24,0.6287,0.4279,61.53,41.01,57.43,453
GoiEner non-household,test,890,481,ANKYRA,ANKYRA,,25,0.594,0.4131,53.28,36.84,50.51,453
GoiEner non-household,test,890,481,ANKYRA,ANKYRA,,26,0.6027,0.4038,49.07,33.13,47.71,453
GoiEner non-household,test,890,481,ANKYRA,ANKYRA,,27,0.6487,0.4385,58.11,39.41,54.44,453
GoiEner non-household,test,890,481,ANKYRA,ANKYRA,,28,0.5767,0.3931,55.38,38.92,53.43,453
GoiEner non-household,test,890,481,ANKYRA,ANKYRA,,29,0.496,0.3429,49.41,35.08,48.48,453
GoiEner non-household,test,890,481,ANKYRA,ANKYRA,,30,0.7204,0.4934,63.42,41.98,58.42,453
GoiEner non-household,test,890,481,ANKYRA,ANKYRA,,31,0.7128,0.5234,61.34,40.69,58.73,453
GoiEner non-household,test,890,481,GBT,GBT (zero-shot),zero-shot gradient boosting,1,0.5198,0.387,46.48,33.13,47.3,453
GoiEner non-household,test,890,481,GBT,GBT (zero-shot),zero-shot gradient boosting,2,0.6116,0.4178,69.64,47.23,62.09,453
GoiEner non-household,test,890,481,GBT,GBT (zero-shot),zero-shot gradient boosting,3,0.5949,0.4197,68.99,45.71,59.68,453
GoiEner non-household,test,890,481,GBT,GBT (zero-shot),zero-shot gradient boosting,4,0.6171,0.4407,61.11,42.72,54.54,453
GoiEner non-household,test,890,481,GBT,GBT (zero-shot),zero-shot gradient boosting,5,0.5891,0.4193,57.88,39.88,55.1,453
GoiEner non-household,test,890,481,GBT,GBT (zero-shot),zero-shot gradient boosting,6,0.6413,0.4417,70.26,46.61,61.46,453
GoiEner non-household,test,890,481,GBT,GBT (zero-shot),zero-shot gradient boosting,7,0.6115,0.423,67.23,45.82,58.42,453
GoiEner non-household,test,890,481,GBT,GBT (zero-shot),zero-shot gradient boosting,8,0.6169,0.4299,65.71,45.16,61.26,453
GoiEner non-household,test,890,481,GBT,GBT (zero-shot),zero-shot gradient boosting,9,0.6568,0.4499,74.09,50.81,65.54,453
GoiEner non-household,test,890,481,GBT,GBT (zero-shot),zero-shot gradient boosting,10,0.6836,0.4795,77.46,54.01,68.0,453
GoiEner non-household,test,890,481,GBT,GBT (zero-shot),zero-shot gradient boosting,11,0.6512,0.4743,68.58,49.32,63.04,453
GoiEner non-household,test,890,481,GBT,GBT (zero-shot),zero-shot gradient boosting,12,0.6605,0.4728,68.27,46.7,62.76,453
GoiEner non-household,test,890,481,GBT,GBT (zero-shot),zero-shot gradient boosting,13,0.6561,0.4531,74.88,51.08,67.16,453
GoiEner non-household,test,890,481,GBT,GBT (zero-shot),zero-shot gradient boosting,14,0.6237,0.4455,71.23,48.56,65.23,453
GoiEner non-household,test,890,481,GBT,GBT (zero-shot),zero-shot gradient boosting,15,0.6212,0.4478,67.77,45.91,62.61,453
GoiEner non-household,test,890,481,GBT,GBT (zero-shot),zero-shot gradient boosting,16,0.7211,0.5057,75.28,52.28,68.43,453
GoiEner non-household,test,890,481,GBT,GBT (zero-shot),zero-shot gradient boosting,17,0.7512,0.5295,78.84,54.92,71.71,453
GoiEner non-household,test,890,481,GBT,GBT (zero-shot),zero-shot gradient boosting,18,0.743,0.5339,74.21,51.71,66.42,453
GoiEner non-household,test,890,481,GBT,GBT (zero-shot),zero-shot gradient boosting,19,0.7378,0.5197,67.62,47.85,65.31,453
GoiEner non-household,test,890,481,GBT,GBT (zero-shot),zero-shot gradient boosting,20,0.7582,0.5143,77.18,52.04,73.63,453
GoiEner non-household,test,890,481,GBT,GBT (zero-shot),zero-shot gradient boosting,21,0.6945,0.4759,76.81,51.85,73.08,453
GoiEner non-household,test,890,481,GBT,GBT (zero-shot),zero-shot gradient boosting,22,0.7202,0.5017,75.76,51.01,74.04,453
GoiEner non-household,test,890,481,GBT,GBT (zero-shot),zero-shot gradient boosting,23,0.8471,0.5871,82.95,56.58,79.77,453
GoiEner non-household,test,890,481,GBT,GBT (zero-shot),zero-shot gradient boosting,24,0.867,0.5992,88.42,61.99,86.79,453
GoiEner non-household,test,890,481,GBT,GBT (zero-shot),zero-shot gradient boosting,25,0.7913,0.5684,77.62,53.54,75.69,453
GoiEner non-household,test,890,481,GBT,GBT (zero-shot),zero-shot gradient boosting,26,0.8854,0.6058,79.61,55.11,77.53,453
GoiEner non-household,test,890,481,GBT,GBT (zero-shot),zero-shot gradient boosting,27,0.9901,0.6535,87.13,59.01,87.75,453
GoiEner non-household,test,890,481,GBT,GBT (zero-shot),zero-shot gradient boosting,28,0.9086,0.6087,83.75,54.01,83.49,453
GoiEner non-household,test,890,481,GBT,GBT (zero-shot),zero-shot gradient boosting,29,1.0631,0.6736,88.12,57.77,94.87,453
GoiEner non-household,test,890,481,GBT,GBT (zero-shot),zero-shot gradient boosting,30,1.1972,0.7672,108.15,70.84,106.92,453
GoiEner non-household,test,890,481,GBT,GBT (zero-shot),zero-shot gradient boosting,31,1.2682,0.839,111.9,77.03,114.68,453
GoiEner non-household,test,890,481,Holt-Winters,Holt-Winters,"load only, statistical",1,0.648,0.4037,64.14,40.11,55.75,453
GoiEner non-household,test,890,481,Holt-Winters,Holt-Winters,"load only, statistical",2,0.5314,0.3595,64.4,41.21,54.76,453
GoiEner non-household,test,890,481,Holt-Winters,Holt-Winters,"load only, statistical",3,0.5558,0.3863,64.72,42.53,53.67,453
GoiEner non-household,test,890,481,Holt-Winters,Holt-Winters,"load only, statistical",4,0.5571,0.3787,56.63,37.48,49.42,453
GoiEner non-household,test,890,481,Holt-Winters,Holt-Winters,"load only, statistical",5,0.5432,0.377,56.12,36.87,49.09,453
GoiEner non-household,test,890,481,Holt-Winters,Holt-Winters,"load only, statistical",6,0.5997,0.4104,64.78,41.93,54.27,453
GoiEner non-household,test,890,481,Holt-Winters,Holt-Winters,"load only, statistical",7,0.4628,0.3149,57.17,36.96,49.87,453
GoiEner non-household,test,890,481,Holt-Winters,Holt-Winters,"load only, statistical",8,0.5186,0.3437,60.96,39.03,57.22,453
GoiEner non-household,test,890,481,Holt-Winters,Holt-Winters,"load only, statistical",9,0.6416,0.4322,67.83,46.15,63.32,453
GoiEner non-household,test,890,481,Holt-Winters,Holt-Winters,"load only, statistical",10,0.6779,0.4665,69.96,47.79,64.81,453
GoiEner non-household,test,890,481,Holt-Winters,Holt-Winters,"load only, statistical",11,0.6168,0.4269,60.61,40.39,57.96,453
GoiEner non-household,test,890,481,Holt-Winters,Holt-Winters,"load only, statistical",12,0.6135,0.4225,56.8,37.28,54.91,453
GoiEner non-household,test,890,481,Holt-Winters,Holt-Winters,"load only, statistical",13,0.6119,0.4235,63.58,43.53,61.17,453
GoiEner non-household,test,890,481,Holt-Winters,Holt-Winters,"load only, statistical",14,0.4768,0.3314,58.27,37.92,54.98,453
GoiEner non-household,test,890,481,Holt-Winters,Holt-Winters,"load only, statistical",15,0.5607,0.3784,63.96,41.17,61.22,453
GoiEner non-household,test,890,481,Holt-Winters,Holt-Winters,"load only, statistical",16,0.6987,0.4765,73.27,46.98,66.72,453
GoiEner non-household,test,890,481,Holt-Winters,Holt-Winters,"load only, statistical",17,0.706,0.49,73.66,50.05,68.46,453
GoiEner non-household,test,890,481,Holt-Winters,Holt-Winters,"load only, statistical",18,0.7182,0.4897,65.29,42.98,61.65,453
GoiEner non-household,test,890,481,Holt-Winters,Holt-Winters,"load only, statistical",19,0.7118,0.4847,61.06,41.97,60.08,453
GoiEner non-household,test,890,481,Holt-Winters,Holt-Winters,"load only, statistical",20,0.6907,0.471,69.89,47.06,66.51,453
GoiEner non-household,test,890,481,Holt-Winters,Holt-Winters,"load only, statistical",21,0.5295,0.3572,64.59,41.02,61.1,453
GoiEner non-household,test,890,481,Holt-Winters,Holt-Winters,"load only, statistical",22,0.6271,0.415,66.94,42.72,66.01,453
GoiEner non-household,test,890,481,Holt-Winters,Holt-Winters,"load only, statistical",23,0.8216,0.5498,76.88,51.44,73.85,453
GoiEner non-household,test,890,481,Holt-Winters,Holt-Winters,"load only, statistical",24,0.7928,0.5445,78.81,51.79,75.18,453
GoiEner non-household,test,890,481,Holt-Winters,Holt-Winters,"load only, statistical",25,0.7558,0.5229,69.11,45.44,67.53,453
GoiEner non-household,test,890,481,Holt-Winters,Holt-Winters,"load only, statistical",26,0.7753,0.5316,63.94,42.93,62.5,453
GoiEner non-household,test,890,481,Holt-Winters,Holt-Winters,"load only, statistical",27,0.7852,0.5389,71.92,47.28,70.17,453
GoiEner non-household,test,890,481,Holt-Winters,Holt-Winters,"load only, statistical",28,0.6743,0.4499,68.1,44.14,67.97,453
GoiEner non-household,test,890,481,Holt-Winters,Holt-Winters,"load only, statistical",29,0.6391,0.4254,70.94,44.25,65.41,453
GoiEner non-household,test,890,481,Holt-Winters,Holt-Winters,"load only, statistical",30,0.899,0.6122,82.1,52.81,77.45,453
GoiEner non-household,test,890,481,Holt-Winters,Holt-Winters,"load only, statistical",31,0.8981,0.6487,79.56,54.61,78.31,453
GoiEner non-household,test,890,481,LYR-profile,Last-year profile,profile,1,0.767,0.4797,75.59,47.24,68.18,453
GoiEner non-household,test,890,481,LYR-profile,Last-year profile,profile,2,0.5925,0.3885,73.74,48.6,67.72,453
GoiEner non-household,test,890,481,LYR-profile,Last-year profile,profile,3,0.6036,0.3984,73.23,49.72,67.69,453
GoiEner non-household,test,890,481,LYR-profile,Last-year profile,profile,4,0.6006,0.3951,67.72,44.0,61.14,453
GoiEner non-household,test,890,481,LYR-profile,Last-year profile,profile,5,0.6453,0.4312,62.59,38.2,54.93,453
GoiEner non-household,test,890,481,LYR-profile,Last-year profile,profile,6,0.6064,0.3959,76.51,48.21,64.55,453
GoiEner non-household,test,890,481,LYR-profile,Last-year profile,profile,7,0.5719,0.374,65.6,40.83,59.9,453
GoiEner non-household,test,890,481,LYR-profile,Last-year profile,profile,8,0.5585,0.3612,67.59,39.23,61.27,453
GoiEner non-household,test,890,481,LYR-profile,Last-year profile,profile,9,0.5735,0.3736,72.97,45.31,67.66,453
GoiEner non-household,test,890,481,LYR-profile,Last-year profile,profile,10,0.6493,0.4361,77.95,49.9,70.91,453
GoiEner non-household,test,890,481,LYR-profile,Last-year profile,profile,11,0.6069,0.3994,77.46,47.18,66.27,453
GoiEner non-household,test,890,481,LYR-profile,Last-year profile,profile,12,0.5472,0.3593,66.43,37.95,57.73,453
GoiEner non-household,test,890,481,LYR-profile,Last-year profile,profile,13,0.6446,0.421,76.76,49.01,70.33,453
GoiEner non-household,test,890,481,LYR-profile,Last-year profile,profile,14,0.5732,0.3711,69.89,42.15,61.07,453
GoiEner non-household,test,890,481,LYR-profile,Last-year profile,profile,15,0.5805,0.3758,66.61,39.12,59.75,453
GoiEner non-household,test,890,481,LYR-profile,Last-year profile,profile,16,0.6259,0.4062,79.42,47.79,69.04,453
GoiEner non-household,test,890,481,LYR-profile,Last-year profile,profile,17,0.6351,0.4163,75.53,50.78,72.98,453
GoiEner non-household,test,890,481,LYR-profile,Last-year profile,profile,18,0.5892,0.3877,70.11,45.12,64.43,453
GoiEner non-household,test,890,481,LYR-profile,Last-year profile,profile,19,0.6119,0.4058,65.63,40.59,60.73,453
GoiEner non-household,test,890,481,LYR-profile,Last-year profile,profile,20,0.6762,0.4326,72.27,44.46,66.24,453
GoiEner non-household,test,890,481,LYR-profile,Last-year profile,profile,21,0.5825,0.3877,71.86,41.33,60.58,453
GoiEner non-household,test,890,481,LYR-profile,Last-year profile,profile,22,0.5953,0.3954,65.93,40.01,63.2,453
GoiEner non-household,test,890,481,LYR-profile,Last-year profile,profile,23,0.6198,0.4134,72.61,47.57,66.62,453
GoiEner non-household,test,890,481,LYR-profile,Last-year profile,profile,24,0.602,0.3931,76.5,47.81,68.75,453
GoiEner non-household,test,890,481,LYR-profile,Last-year profile,profile,25,0.6144,0.404,68.21,42.91,60.75,453
GoiEner non-household,test,890,481,LYR-profile,Last-year profile,profile,26,0.6066,0.4018,63.8,40.69,58.57,453
GoiEner non-household,test,890,481,LYR-profile,Last-year profile,profile,27,0.6319,0.4141,76.61,45.57,68.77,453
GoiEner non-household,test,890,481,LYR-profile,Last-year profile,profile,28,0.6857,0.4434,76.5,46.44,67.64,453
GoiEner non-household,test,890,481,LYR-profile,Last-year profile,profile,29,0.6497,0.4239,69.46,41.75,62.45,453
GoiEner non-household,test,890,481,LYR-profile,Last-year profile,profile,30,0.7437,0.4912,75.85,49.62,71.17,453
GoiEner non-household,test,890,481,LYR-profile,Last-year profile,profile,31,0.6931,0.5011,79.4,50.32,70.61,453
GoiEner non-household,test,890,481,MSTL,MSTL,"load only, statistical",1,0.6081,0.3991,72.74,46.55,51.47,453
GoiEner non-household,test,890,481,MSTL,MSTL,"load only, statistical",2,0.5535,0.3934,70.32,46.48,53.8,453
GoiEner non-household,test,890,481,MSTL,MSTL,"load only, statistical",3,0.5841,0.4079,72.66,46.98,56.48,453
GoiEner non-household,test,890,481,MSTL,MSTL,"load only, statistical",4,0.5824,0.3966,66.01,43.88,52.94,453
GoiEner non-household,test,890,481,MSTL,MSTL,"load only, statistical",5,0.5253,0.3637,63.04,41.82,50.19,453
GoiEner non-household,test,890,481,MSTL,MSTL,"load only, statistical",6,0.6205,0.415,70.46,44.21,53.93,453
GoiEner non-household,test,890,481,MSTL,MSTL,"load only, statistical",7,0.4543,0.2985,56.76,36.72,48.08,453
GoiEner non-household,test,890,481,MSTL,MSTL,"load only, statistical",8,0.5353,0.3563,74.25,46.25,59.78,453
GoiEner non-household,test,890,481,MSTL,MSTL,"load only, statistical",9,0.6619,0.456,74.51,48.44,64.56,453
GoiEner non-household,test,890,481,MSTL,MSTL,"load only, statistical",10,0.6842,0.4722,78.18,53.33,67.71,453
GoiEner non-household,test,890,481,MSTL,MSTL,"load only, statistical",11,0.6125,0.4228,71.18,49.56,62.41,453
GoiEner non-household,test,890,481,MSTL,MSTL,"load only, statistical",12,0.5993,0.4116,66.87,43.74,57.58,453
GoiEner non-household,test,890,481,MSTL,MSTL,"load only, statistical",13,0.5797,0.3865,70.16,46.93,61.44,453
GoiEner non-household,test,890,481,MSTL,MSTL,"load only, statistical",14,0.462,0.308,61.6,40.87,54.46,453
GoiEner non-household,test,890,481,MSTL,MSTL,"load only, statistical",15,0.5471,0.3652,70.23,47.26,62.93,453
GoiEner non-household,test,890,481,MSTL,MSTL,"load only, statistical",16,0.7177,0.4938,78.25,52.31,67.85,453
GoiEner non-household,test,890,481,MSTL,MSTL,"load only, statistical",17,0.7356,0.5019,79.67,53.81,71.52,453
GoiEner non-household,test,890,481,MSTL,MSTL,"load only, statistical",18,0.7386,0.503,75.77,50.96,67.79,453
GoiEner non-household,test,890,481,MSTL,MSTL,"load only, statistical",19,0.7289,0.4916,70.99,49.05,65.98,453
GoiEner non-household,test,890,481,MSTL,MSTL,"load only, statistical",20,0.6999,0.4609,76.89,49.01,69.1,453
GoiEner non-household,test,890,481,MSTL,MSTL,"load only, statistical",21,0.5337,0.3449,65.23,41.77,61.5,453
GoiEner non-household,test,890,481,MSTL,MSTL,"load only, statistical",22,0.6252,0.4207,75.21,49.42,70.0,453
GoiEner non-household,test,890,481,MSTL,MSTL,"load only, statistical",23,0.8429,0.5824,84.93,55.96,77.39,453
GoiEner non-household,test,890,481,MSTL,MSTL,"load only, statistical",24,0.8093,0.5473,89.15,60.29,80.69,453
GoiEner non-household,test,890,481,MSTL,MSTL,"load only, statistical",25,0.7736,0.5269,77.24,53.05,74.54,453
GoiEner non-household,test,890,481,MSTL,MSTL,"load only, statistical",26,0.7983,0.532,71.33,49.53,68.99,453
GoiEner non-household,test,890,481,MSTL,MSTL,"load only, statistical",27,0.8226,0.5413,81.84,51.77,74.81,453
GoiEner non-household,test,890,481,MSTL,MSTL,"load only, statistical",28,0.6692,0.4302,71.3,45.6,69.39,453
GoiEner non-household,test,890,481,MSTL,MSTL,"load only, statistical",29,0.6465,0.428,76.5,51.27,71.17,453
GoiEner non-household,test,890,481,MSTL,MSTL,"load only, statistical",30,0.926,0.6241,86.36,58.21,81.24,453
GoiEner non-household,test,890,481,MSTL,MSTL,"load only, statistical",31,0.895,0.6346,91.77,62.72,84.96,453
GoiEner non-household,test,890,481,SN-day,Seasonal naive (day),naive,1,0.5903,0.3573,56.45,29.23,37.89,453
GoiEner non-household,test,890,481,SN-day,Seasonal naive (day),naive,2,0.6417,0.3962,70.11,39.99,49.84,453
GoiEner non-household,test,890,481,SN-day,Seasonal naive (day),naive,3,0.6627,0.4199,69.47,42.41,51.06,453
GoiEner non-household,test,890,481,SN-day,Seasonal naive (day),naive,4,0.8116,0.5424,71.3,44.65,53.11,453
GoiEner non-household,test,890,481,SN-day,Seasonal naive (day),naive,5,0.8332,0.5694,80.09,47.8,56.44,453
GoiEner non-household,test,890,481,SN-day,Seasonal naive (day),naive,6,0.6726,0.4084,77.52,44.14,54.2,453
GoiEner non-household,test,890,481,SN-day,Seasonal naive (day),naive,7,0.4596,0.2753,49.16,30.21,43.9,453
GoiEner non-household,test,890,481,SN-day,Seasonal naive (day),naive,8,0.5252,0.3165,55.43,32.59,50.28,453
GoiEner non-household,test,890,481,SN-day,Seasonal naive (day),naive,9,0.7337,0.4522,76.73,46.01,59.51,453
GoiEner non-household,test,890,481,SN-day,Seasonal naive (day),naive,10,0.799,0.5019,81.93,49.71,63.66,453
GoiEner non-household,test,890,481,SN-day,Seasonal naive (day),naive,11,0.8743,0.6014,81.99,49.67,65.12,453
GoiEner non-household,test,890,481,SN-day,Seasonal naive (day),naive,12,0.8975,0.6139,83.17,51.74,65.88,453
GoiEner non-household,test,890,481,SN-day,Seasonal naive (day),naive,13,0.7369,0.4483,80.15,48.9,63.99,453
GoiEner non-household,test,890,481,SN-day,Seasonal naive (day),naive,14,0.4588,0.2828,52.45,30.99,48.31,453
GoiEner non-household,test,890,481,SN-day,Seasonal naive (day),naive,15,0.5308,0.322,55.89,32.4,51.05,453
GoiEner non-household,test,890,481,SN-day,Seasonal naive (day),naive,16,0.7747,0.4878,77.44,47.75,62.52,453
GoiEner non-household,test,890,481,SN-day,Seasonal naive (day),naive,17,0.8295,0.5196,81.88,48.54,69.5,453
GoiEner non-household,test,890,481,SN-day,Seasonal naive (day),naive,18,0.9471,0.6386,81.39,49.43,69.08,453
GoiEner non-household,test,890,481,SN-day,Seasonal naive (day),naive,19,0.9821,0.6612,85.17,53.02,72.66,453
GoiEner non-household,test,890,481,SN-day,Seasonal naive (day),naive,20,0.8297,0.5095,83.01,48.96,69.82,453
GoiEner non-household,test,890,481,SN-day,Seasonal naive (day),naive,21,0.5274,0.3159,57.66,32.9,55.59,453
GoiEner non-household,test,890,481,SN-day,Seasonal naive (day),naive,22,0.6044,0.3636,59.77,35.62,59.03,453
GoiEner non-household,test,890,481,SN-day,Seasonal naive (day),naive,23,0.8243,0.5124,81.53,48.26,70.9,453
GoiEner non-household,test,890,481,SN-day,Seasonal naive (day),naive,24,0.8135,0.5071,81.8,49.24,71.56,453
GoiEner non-household,test,890,481,SN-day,Seasonal naive (day),naive,25,0.8936,0.6082,81.65,51.2,71.22,453
GoiEner non-household,test,890,481,SN-day,Seasonal naive (day),naive,26,0.974,0.6555,81.07,51.49,73.07,453
GoiEner non-household,test,890,481,SN-day,Seasonal naive (day),naive,27,0.8648,0.5333,78.59,47.95,72.7,453
GoiEner non-household,test,890,481,SN-day,Seasonal naive (day),naive,28,0.6656,0.4052,64.31,40.04,63.81,453
GoiEner non-household,test,890,481,SN-day,Seasonal naive (day),naive,29,0.6233,0.3751,62.82,38.63,60.91,453
GoiEner non-household,test,890,481,SN-day,Seasonal naive (day),naive,30,0.9088,0.5752,83.65,50.72,75.63,453
GoiEner non-household,test,890,481,SN-day,Seasonal naive (day),naive,31,0.9082,0.6101,79.26,51.11,74.1,453
GoiEner non-household,test,890,481,SN-week,Seasonal naive (week),naive,1,0.6215,0.3805,60.34,33.55,50.66,453
GoiEner non-household,test,890,481,SN-week,Seasonal naive (week),naive,2,0.5734,0.3515,63.86,36.58,51.91,453
GoiEner non-household,test,890,481,SN-week,Seasonal naive (week),naive,3,0.5635,0.345,60.47,34.78,49.72,453
GoiEner non-household,test,890,481,SN-week,Seasonal naive (week),naive,4,0.5438,0.3256,52.71,29.68,44.98,453
GoiEner non-household,test,890,481,SN-week,Seasonal naive (week),naive,5,0.4692,0.2896,46.98,26.48,41.41,453
GoiEner non-household,test,890,481,SN-week,Seasonal naive (week),naive,6,0.5995,0.361,61.93,36.36,48.94,453
GoiEner non-household,test,890,481,SN-week,Seasonal naive (week),naive,7,0.4596,0.2753,49.16,30.21,43.9,453
GoiEner non-household,test,890,481,SN-week,Seasonal naive (week),naive,8,0.5726,0.3363,57.24,32.74,57.25,453
GoiEner non-household,test,890,481,SN-week,Seasonal naive (week),naive,9,0.6494,0.3939,66.69,39.93,60.51,453
GoiEner non-household,test,890,481,SN-week,Seasonal naive (week),naive,10,0.6429,0.4008,68.26,41.5,59.84,453
GoiEner non-household,test,890,481,SN-week,Seasonal naive (week),naive,11,0.57,0.3458,57.19,32.27,54.12,453
GoiEner non-household,test,890,481,SN-week,Seasonal naive (week),naive,12,0.5428,0.3333,52.77,30.53,48.34,453
GoiEner non-household,test,890,481,SN-week,Seasonal naive (week),naive,13,0.568,0.3426,61.65,37.18,56.58,453
GoiEner non-household,test,890,481,SN-week,Seasonal naive (week),naive,14,0.4588,0.2828,52.45,30.99,48.31,453
GoiEner non-household,test,890,481,SN-week,Seasonal naive (week),naive,15,0.6076,0.3766,60.13,34.64,59.95,453
GoiEner non-household,test,890,481,SN-week,Seasonal naive (week),naive,16,0.7111,0.4409,70.09,41.59,62.23,453
GoiEner non-household,test,890,481,SN-week,Seasonal naive (week),naive,17,0.6992,0.4271,71.31,42.86,64.53,453
GoiEner non-household,test,890,481,SN-week,Seasonal naive (week),naive,18,0.6841,0.4168,61.38,35.42,58.72,453
GoiEner non-household,test,890,481,SN-week,Seasonal naive (week),naive,19,0.6609,0.4091,60.68,36.22,56.41,453
GoiEner non-household,test,890,481,SN-week,Seasonal naive (week),naive,20,0.6673,0.4039,68.03,41.01,63.38,453
GoiEner non-household,test,890,481,SN-week,Seasonal naive (week),naive,21,0.5274,0.3159,57.66,32.9,55.59,453
GoiEner non-household,test,890,481,SN-week,Seasonal naive (week),naive,22,0.6592,0.4089,64.25,38.47,65.17,453
GoiEner non-household,test,890,481,SN-week,Seasonal naive (week),naive,23,0.8323,0.5167,76.94,45.17,71.1,453
GoiEner non-household,test,890,481,SN-week,Seasonal naive (week),naive,24,0.7871,0.494,78.67,47.61,70.89,453
GoiEner non-household,test,890,481,SN-week,Seasonal naive (week),naive,25,0.7429,0.4599,66.02,38.53,63.8,453
GoiEner non-household,test,890,481,SN-week,Seasonal naive (week),naive,26,0.7315,0.4504,64.76,36.57,58.69,453
GoiEner non-household,test,890,481,SN-week,Seasonal naive (week),naive,27,0.8084,0.4954,70.92,41.77,67.3,453
GoiEner non-household,test,890,481,SN-week,Seasonal naive (week),naive,28,0.6656,0.4052,64.31,40.04,63.81,453
GoiEner non-household,test,890,481,SN-week,Seasonal naive (week),naive,29,0.679,0.4241,66.32,37.36,67.76,453
GoiEner non-household,test,890,481,SN-week,Seasonal naive (week),naive,30,0.9001,0.5812,76.23,46.98,75.42,453
GoiEner non-household,test,890,481,SN-week,Seasonal naive (week),naive,31,0.8788,0.5893,83.44,46.54,76.89,453
GoiEner non-household,test,890,481,SP-profile,Previous-month profile,profile,1,0.5667,0.433,55.3,41.07,55.87,453
GoiEner non-household,test,890,481,SP-profile,Previous-month profile,profile,2,0.6344,0.4533,64.64,44.84,64.34,453
GoiEner non-household,test,890,481,SP-profile,Previous-month profile,profile,3,0.6328,0.4454,65.35,43.02,62.73,453
GoiEner non-household,test,890,481,SP-profile,Previous-month profile,profile,4,0.6687,0.4914,61.78,44.18,60.1,453
GoiEner non-household,test,890,481,SP-profile,Previous-month profile,profile,5,0.6367,0.4778,60.64,45.35,60.31,453
GoiEner non-household,test,890,481,SP-profile,Previous-month profile,profile,6,0.6541,0.4622,68.22,44.58,64.39,453
GoiEner non-household,test,890,481,SP-profile,Previous-month profile,profile,7,0.5756,0.4066,61.54,40.67,59.91,453
GoiEner non-household,test,890,481,SP-profile,Previous-month profile,profile,8,0.6124,0.4417,61.51,42.95,64.33,453
GoiEner non-household,test,890,481,SP-profile,Previous-month profile,profile,9,0.7111,0.502,70.52,47.69,69.2,453
GoiEner non-household,test,890,481,SP-profile,Previous-month profile,profile,10,0.7271,0.5106,73.35,49.49,69.49,453
GoiEner non-household,test,890,481,SP-profile,Previous-month profile,profile,11,0.7252,0.5414,65.86,47.63,67.12,453
GoiEner non-household,test,890,481,SP-profile,Previous-month profile,profile,12,0.713,0.5312,62.91,47.75,65.83,453
GoiEner non-household,test,890,481,SP-profile,Previous-month profile,profile,13,0.6784,0.4719,64.47,45.27,66.39,453
GoiEner non-household,test,890,481,SP-profile,Previous-month profile,profile,14,0.598,0.4357,61.15,42.25,62.83,453
GoiEner non-household,test,890,481,SP-profile,Previous-month profile,profile,15,0.6338,0.4692,65.83,44.67,65.76,453
GoiEner non-household,test,890,481,SP-profile,Previous-month profile,profile,16,0.7408,0.5291,75.27,51.84,70.86,453
GoiEner non-household,test,890,481,SP-profile,Previous-month profile,profile,17,0.7489,0.5221,72.68,49.09,72.15,453
GoiEner non-household,test,890,481,SP-profile,Previous-month profile,profile,18,0.7848,0.5677,69.72,49.69,68.39,453
GoiEner non-household,test,890,481,SP-profile,Previous-month profile,profile,19,0.7751,0.5643,65.15,47.63,68.06,453
GoiEner non-household,test,890,481,SP-profile,Previous-month profile,profile,20,0.7398,0.5271,68.23,47.38,70.56,453
GoiEner non-household,test,890,481,SP-profile,Previous-month profile,profile,21,0.6522,0.4694,65.73,45.08,67.86,453
GoiEner non-household,test,890,481,SP-profile,Previous-month profile,profile,22,0.682,0.4979,68.32,45.56,70.05,453
GoiEner non-household,test,890,481,SP-profile,Previous-month profile,profile,23,0.8519,0.6033,77.21,51.32,76.08,453
GoiEner non-household,test,890,481,SP-profile,Previous-month profile,profile,24,0.8446,0.5897,78.26,54.4,78.22,453
GoiEner non-household,test,890,481,SP-profile,Previous-month profile,profile,25,0.8416,0.6254,72.17,52.48,73.14,453
GoiEner non-household,test,890,481,SP-profile,Previous-month profile,profile,26,0.8441,0.6072,67.6,50.4,69.93,453
GoiEner non-household,test,890,481,SP-profile,Previous-month profile,profile,27,0.8389,0.5916,71.02,48.47,73.14,453
GoiEner non-household,test,890,481,SP-profile,Previous-month profile,profile,28,0.756,0.5346,73.38,48.87,72.55,453
GoiEner non-household,test,890,481,SP-profile,Previous-month profile,profile,29,0.7055,0.5104,72.27,47.66,69.33,453
GoiEner non-household,test,890,481,SP-profile,Previous-month profile,profile,30,0.926,0.646,79.95,56.19,80.6,453
GoiEner non-household,test,890,481,SP-profile,Previous-month profile,profile,31,0.9389,0.685,82.1,56.07,80.82,453
GoiEner non-household,test,890,481,TimesFM-X,TimesFM-X,"same information, zero-shot foundation model",1,0.5472,0.3374,48.52,30.54,43.07,453
GoiEner non-household,test,890,481,TimesFM-X,TimesFM-X,"same information, zero-shot foundation model",2,0.4404,0.2913,48.7,32.41,42.14,453
GoiEner non-household,test,890,481,TimesFM-X,TimesFM-X,"same information, zero-shot foundation model",3,0.4469,0.3021,50.0,32.5,41.98,453
GoiEner non-household,test,890,481,TimesFM-X,TimesFM-X,"same information, zero-shot foundation model",4,0.4602,0.303,47.79,30.11,39.06,453
GoiEner non-household,test,890,481,TimesFM-X,TimesFM-X,"same information, zero-shot foundation model",5,0.4386,0.2944,41.94,27.1,38.03,453
GoiEner non-household,test,890,481,TimesFM-X,TimesFM-X,"same information, zero-shot foundation model",6,0.4882,0.3213,50.8,31.73,43.3,453
GoiEner non-household,test,890,481,TimesFM-X,TimesFM-X,"same information, zero-shot foundation model",7,0.3787,0.2444,43.12,28.5,38.62,453
GoiEner non-household,test,890,481,TimesFM-X,TimesFM-X,"same information, zero-shot foundation model",8,0.4018,0.2552,43.58,27.29,41.92,453
GoiEner non-household,test,890,481,TimesFM-X,TimesFM-X,"same information, zero-shot foundation model",9,0.5195,0.3374,56.1,35.49,48.08,453
GoiEner non-household,test,890,481,TimesFM-X,TimesFM-X,"same information, zero-shot foundation model",10,0.5514,0.3715,58.15,37.5,50.47,453
GoiEner non-household,test,890,481,TimesFM-X,TimesFM-X,"same information, zero-shot foundation model",11,0.5015,0.336,52.55,34.29,47.1,453
GoiEner non-household,test,890,481,TimesFM-X,TimesFM-X,"same information, zero-shot foundation model",12,0.477,0.3157,44.79,29.74,43.24,453
GoiEner non-household,test,890,481,TimesFM-X,TimesFM-X,"same information, zero-shot foundation model",13,0.4974,0.3328,53.29,33.81,48.84,453
GoiEner non-household,test,890,481,TimesFM-X,TimesFM-X,"same information, zero-shot foundation model",14,0.407,0.2736,47.16,29.61,43.56,453
GoiEner non-household,test,890,481,TimesFM-X,TimesFM-X,"same information, zero-shot foundation model",15,0.4239,0.2804,43.3,29.81,43.35,453
GoiEner non-household,test,890,481,TimesFM-X,TimesFM-X,"same information, zero-shot foundation model",16,0.5532,0.3632,58.83,37.44,49.88,453
GoiEner non-household,test,890,481,TimesFM-X,TimesFM-X,"same information, zero-shot foundation model",17,0.5615,0.3773,59.12,39.92,54.87,453
GoiEner non-household,test,890,481,TimesFM-X,TimesFM-X,"same information, zero-shot foundation model",18,0.5741,0.3853,53.38,34.86,49.94,453
GoiEner non-household,test,890,481,TimesFM-X,TimesFM-X,"same information, zero-shot foundation model",19,0.5671,0.38,49.4,33.0,48.49,453
GoiEner non-household,test,890,481,TimesFM-X,TimesFM-X,"same information, zero-shot foundation model",20,0.604,0.4044,57.64,38.68,53.89,453
GoiEner non-household,test,890,481,TimesFM-X,TimesFM-X,"same information, zero-shot foundation model",21,0.4685,0.3136,51.21,33.98,49.93,453
GoiEner non-household,test,890,481,TimesFM-X,TimesFM-X,"same information, zero-shot foundation model",22,0.4945,0.3293,49.06,31.79,49.01,453
GoiEner non-household,test,890,481,TimesFM-X,TimesFM-X,"same information, zero-shot foundation model",23,0.6636,0.4455,60.06,40.94,56.06,453
GoiEner non-household,test,890,481,TimesFM-X,TimesFM-X,"same information, zero-shot foundation model",24,0.6398,0.4335,65.41,44.03,60.85,453
GoiEner non-household,test,890,481,TimesFM-X,TimesFM-X,"same information, zero-shot foundation model",25,0.6448,0.4386,59.05,37.21,54.36,453
GoiEner non-household,test,890,481,TimesFM-X,TimesFM-X,"same information, zero-shot foundation model",26,0.628,0.4266,53.16,34.03,51.33,453
GoiEner non-household,test,890,481,TimesFM-X,TimesFM-X,"same information, zero-shot foundation model",27,0.6737,0.4552,60.92,39.59,57.06,453
GoiEner non-household,test,890,481,TimesFM-X,TimesFM-X,"same information, zero-shot foundation model",28,0.5668,0.3827,54.17,35.91,54.99,453
GoiEner non-household,test,890,481,TimesFM-X,TimesFM-X,"same information, zero-shot foundation model",29,0.4922,0.3384,50.43,32.99,49.83,453
GoiEner non-household,test,890,481,TimesFM-X,TimesFM-X,"same information, zero-shot foundation model",30,0.7421,0.5064,65.15,42.8,61.75,453
GoiEner non-household,test,890,481,TimesFM-X,TimesFM-X,"same information, zero-shot foundation model",31,0.7333,0.5344,63.83,41.77,62.06,453
GoiEner non-household,test,890,481,WeekProf4,4-week profile,profile,1,0.6596,0.4027,66.65,38.29,61.21,453
GoiEner non-household,test,890,481,WeekProf4,4-week profile,profile,2,0.5542,0.3656,60.25,38.52,55.21,453
GoiEner non-household,test,890,481,WeekProf4,4-week profile,profile,3,0.5674,0.3724,58.7,36.68,54.48,453
GoiEner non-household,test,890,481,WeekProf4,4-week profile,profile,4,0.5628,0.3526,49.94,30.67,49.68,453
GoiEner non-household,test,890,481,WeekProf4,4-week profile,profile,5,0.5071,0.3232,49.06,28.99,48.7,453
GoiEner non-household,test,890,481,WeekProf4,4-week profile,profile,6,0.6388,0.4115,63.53,36.91,58.87,453
GoiEner non-household,test,890,481,WeekProf4,4-week profile,profile,7,0.4817,0.3017,52.17,31.48,50.27,453
GoiEner non-household,test,890,481,WeekProf4,4-week profile,profile,8,0.5034,0.3082,55.47,32.25,57.06,453
GoiEner non-household,test,890,481,WeekProf4,4-week profile,profile,9,0.6433,0.4144,67.44,41.22,62.67,453
GoiEner non-household,test,890,481,WeekProf4,4-week profile,profile,10,0.6644,0.4411,65.62,39.3,62.62,453
GoiEner non-household,test,890,481,WeekProf4,4-week profile,profile,11,0.5963,0.3873,59.34,33.22,56.91,453
GoiEner non-household,test,890,481,WeekProf4,4-week profile,profile,12,0.5789,0.3716,52.76,30.88,53.82,453
GoiEner non-household,test,890,481,WeekProf4,4-week profile,profile,13,0.6379,0.4155,60.65,37.42,61.46,453
GoiEner non-household,test,890,481,WeekProf4,4-week profile,profile,14,0.5327,0.3492,54.39,33.78,55.32,453
GoiEner non-household,test,890,481,WeekProf4,4-week profile,profile,15,0.5625,0.3598,60.16,35.9,60.85,453
GoiEner non-household,test,890,481,WeekProf4,4-week profile,profile,16,0.7124,0.4697,68.71,41.97,64.82,453
GoiEner non-household,test,890,481,WeekProf4,4-week profile,profile,17,0.7169,0.471,66.38,43.23,67.15,453
GoiEner non-household,test,890,481,WeekProf4,4-week profile,profile,18,0.7117,0.4581,60.71,36.17,60.32,453
GoiEner non-household,test,890,481,WeekProf4,4-week profile,profile,19,0.6961,0.4521,57.68,36.98,58.46,453
GoiEner non-household,test,890,481,WeekProf4,4-week profile,profile,20,0.696,0.4594,67.27,40.29,66.87,453
GoiEner non-household,test,890,481,WeekProf4,4-week profile,profile,21,0.5731,0.3727,59.75,36.37,60.45,453
GoiEner non-household,test,890,481,WeekProf4,4-week profile,profile,22,0.6072,0.3855,62.09,37.9,64.64,453
GoiEner non-household,test,890,481,WeekProf4,4-week profile,profile,23,0.8264,0.5401,71.59,45.06,71.04,453
GoiEner non-household,test,890,481,WeekProf4,4-week profile,profile,24,0.8099,0.5395,75.77,46.6,72.47,453
GoiEner non-household,test,890,481,WeekProf4,4-week profile,profile,25,0.7867,0.5143,67.89,41.2,66.45,453
GoiEner non-household,test,890,481,WeekProf4,4-week profile,profile,26,0.7821,0.5048,61.98,38.07,61.56,453
GoiEner non-household,test,890,481,WeekProf4,4-week profile,profile,27,0.7948,0.5219,69.42,41.84,70.57,453
GoiEner non-household,test,890,481,WeekProf4,4-week profile,profile,28,0.6463,0.4177,65.58,39.04,67.3,453
GoiEner non-household,test,890,481,WeekProf4,4-week profile,profile,29,0.6223,0.4022,63.41,37.34,65.35,453
GoiEner non-household,test,890,481,WeekProf4,4-week profile,profile,30,0.9224,0.6102,75.61,47.84,75.63,453
GoiEner non-household,test,890,481,WeekProf4,4-week profile,profile,31,0.9091,0.6368,77.39,50.57,78.13,453
GoiEner non-household,test,890,481,DLinear,DLinear,"load only, trained",1,0.5707,0.3864,60.77,42.08,52.36,453
GoiEner non-household,test,890,481,DLinear,DLinear,"load only, trained",2,0.4614,0.327,60.56,41.71,52.01,453
GoiEner non-household,test,890,481,DLinear,DLinear,"load only, trained",3,0.5027,0.3524,60.61,41.86,53.24,453
GoiEner non-household,test,890,481,DLinear,DLinear,"load only, trained",4,0.5021,0.3433,51.46,37.08,47.75,453
GoiEner non-household,test,890,481,DLinear,DLinear,"load only, trained",5,0.4607,0.3241,51.27,35.73,48.7,453
GoiEner non-household,test,890,481,DLinear,DLinear,"load only, trained",6,0.5545,0.381,64.34,43.03,55.08,453
GoiEner non-household,test,890,481,DLinear,DLinear,"load only, trained",7,0.4415,0.3076,57.07,39.12,50.36,453
GoiEner non-household,test,890,481,DLinear,DLinear,"load only, trained",8,0.4659,0.3305,54.51,37.53,53.03,453
GoiEner non-household,test,890,481,DLinear,DLinear,"load only, trained",9,0.5609,0.3938,66.07,46.2,58.33,453
GoiEner non-household,test,890,481,DLinear,DLinear,"load only, trained",10,0.5837,0.4104,65.6,47.39,59.08,453
GoiEner non-household,test,890,481,DLinear,DLinear,"load only, trained",11,0.5125,0.3605,57.82,40.36,53.69,453
GoiEner non-household,test,890,481,DLinear,DLinear,"load only, trained",12,0.5143,0.3659,55.96,39.17,53.01,453
GoiEner non-household,test,890,481,DLinear,DLinear,"load only, trained",13,0.5526,0.3952,64.21,46.91,59.15,453
GoiEner non-household,test,890,481,DLinear,DLinear,"load only, trained",14,0.4656,0.3388,61.76,43.0,54.43,453
GoiEner non-household,test,890,481,DLinear,DLinear,"load only, trained",15,0.4888,0.3597,58.92,43.18,55.65,453
GoiEner non-household,test,890,481,DLinear,DLinear,"load only, trained",16,0.62,0.4485,71.87,49.63,60.95,453
GoiEner non-household,test,890,481,DLinear,DLinear,"load only, trained",17,0.6588,0.4698,71.1,50.63,64.34,453
GoiEner non-household,test,890,481,DLinear,DLinear,"load only, trained",18,0.6232,0.4385,63.16,45.08,58.55,453
GoiEner non-household,test,890,481,DLinear,DLinear,"load only, trained",19,0.623,0.4416,61.36,43.1,59.32,453
GoiEner non-household,test,890,481,DLinear,DLinear,"load only, trained",20,0.6295,0.4538,70.01,51.45,65.09,453
GoiEner non-household,test,890,481,DLinear,DLinear,"load only, trained",21,0.5274,0.3904,64.36,46.09,61.86,453
GoiEner non-household,test,890,481,DLinear,DLinear,"load only, trained",22,0.5456,0.3987,61.63,46.96,61.95,453
GoiEner non-household,test,890,481,DLinear,DLinear,"load only, trained",23,0.6885,0.492,69.97,51.2,66.3,453
GoiEner non-household,test,890,481,DLinear,DLinear,"load only, trained",24,0.695,0.5044,74.82,55.25,69.37,453
GoiEner non-household,test,890,481,DLinear,DLinear,"load only, trained",25,0.6708,0.4852,65.24,47.62,62.93,453
GoiEner non-household,test,890,481,DLinear,DLinear,"load only, trained",26,0.6883,0.4893,61.29,45.19,61.02,453
GoiEner non-household,test,890,481,DLinear,DLinear,"load only, trained",27,0.7145,0.5117,68.08,50.8,66.96,453
GoiEner non-household,test,890,481,DLinear,DLinear,"load only, trained",28,0.6494,0.4801,69.03,50.3,66.31,453
GoiEner non-household,test,890,481,DLinear,DLinear,"load only, trained",29,0.5819,0.4384,65.55,48.86,63.19,453
GoiEner non-household,test,890,481,DLinear,DLinear,"load only, trained",30,0.7756,0.5649,76.34,54.37,70.3,453
GoiEner non-household,test,890,481,DLinear,DLinear,"load only, trained",31,0.757,0.5816,73.62,55.72,69.92,453
GoiEner non-household,test,890,481,GBT-T,GBT-T,"same information, trained",1,0.5928,0.4162,57.41,38.37,61.41,453
GoiEner non-household,test,890,481,GBT-T,GBT-T,"same information, trained",2,0.6089,0.4339,66.48,44.43,62.63,453
GoiEner non-household,test,890,481,GBT-T,GBT-T,"same information, trained",3,0.6969,0.462,69.18,45.21,66.11,453
GoiEner non-household,test,890,481,GBT-T,GBT-T,"same information, trained",4,0.5786,0.4059,61.94,40.76,60.15,453
GoiEner non-household,test,890,481,GBT-T,GBT-T,"same information, trained",5,0.5736,0.4046,57.78,39.07,59.9,453
GoiEner non-household,test,890,481,GBT-T,GBT-T,"same information, trained",6,0.7294,0.4824,72.77,47.69,68.18,453
GoiEner non-household,test,890,481,GBT-T,GBT-T,"same information, trained",7,0.5842,0.396,63.87,41.85,63.17,453
GoiEner non-household,test,890,481,GBT-T,GBT-T,"same information, trained",8,0.5546,0.3817,59.78,38.68,62.59,453
GoiEner non-household,test,890,481,GBT-T,GBT-T,"same information, trained",9,0.6795,0.4789,72.13,46.16,68.91,453
GoiEner non-household,test,890,481,GBT-T,GBT-T,"same information, trained",10,0.7068,0.4956,72.17,49.69,70.22,453
GoiEner non-household,test,890,481,GBT-T,GBT-T,"same information, trained",11,0.6203,0.4349,65.07,42.76,65.06,453
GoiEner non-household,test,890,481,GBT-T,GBT-T,"same information, trained",12,0.6069,0.4306,59.12,40.66,61.23,453
GoiEner non-household,test,890,481,GBT-T,GBT-T,"same information, trained",13,0.76,0.5138,69.46,48.67,70.23,453
GoiEner non-household,test,890,481,GBT-T,GBT-T,"same information, trained",14,0.6733,0.4525,65.78,42.26,64.75,453
GoiEner non-household,test,890,481,GBT-T,GBT-T,"same information, trained",15,0.5902,0.4143,62.32,42.24,64.48,453
GoiEner non-household,test,890,481,GBT-T,GBT-T,"same information, trained",16,0.7327,0.5057,73.48,49.28,72.42,453
GoiEner non-household,test,890,481,GBT-T,GBT-T,"same information, trained",17,0.8208,0.5345,78.21,51.91,77.11,453
GoiEner non-household,test,890,481,GBT-T,GBT-T,"same information, trained",18,0.7256,0.5026,69.44,46.18,70.08,453
GoiEner non-household,test,890,481,GBT-T,GBT-T,"same information, trained",19,0.7302,0.5083,66.18,44.12,69.02,453
GoiEner non-household,test,890,481,GBT-T,GBT-T,"same information, trained",20,0.7727,0.5363,75.87,50.77,75.37,453
GoiEner non-household,test,890,481,GBT-T,GBT-T,"same information, trained",21,0.6566,0.4616,71.75,46.76,69.45,453
GoiEner non-household,test,890,481,GBT-T,GBT-T,"same information, trained",22,0.6403,0.4377,68.31,44.39,70.38,453
GoiEner non-household,test,890,481,GBT-T,GBT-T,"same information, trained",23,0.8524,0.5786,80.91,52.31,78.15,453
GoiEner non-household,test,890,481,GBT-T,GBT-T,"same information, trained",24,0.8212,0.573,83.67,54.56,79.77,453
GoiEner non-household,test,890,481,GBT-T,GBT-T,"same information, trained",25,0.8194,0.5363,71.19,48.91,73.18,453
GoiEner non-household,test,890,481,GBT-T,GBT-T,"same information, trained",26,0.8113,0.5447,68.75,47.47,70.16,453
GoiEner non-household,test,890,481,GBT-T,GBT-T,"same information, trained",27,0.83,0.5719,73.94,50.01,77.58,453
GoiEner non-household,test,890,481,GBT-T,GBT-T,"same information, trained",28,0.843,0.5218,73.89,48.15,76.51,453
GoiEner non-household,test,890,481,GBT-T,GBT-T,"same information, trained",29,0.6565,0.4405,71.1,46.13,72.94,453
GoiEner non-household,test,890,481,GBT-T,GBT-T,"same information, trained",30,0.8975,0.6133,82.27,54.7,85.06,453
GoiEner non-household,test,890,481,GBT-T,GBT-T,"same information, trained",31,1.0705,0.7027,82.66,58.41,85.8,453
GoiEner non-household,test,890,481,iTransformer-X,iTransformer-X,"same information, trained",1,0.5662,0.3818,59.2,39.03,49.14,453
GoiEner non-household,test,890,481,iTransformer-X,iTransformer-X,"same information, trained",2,0.4643,0.3186,57.63,38.92,50.34,453
GoiEner non-household,test,890,481,iTransformer-X,iTransformer-X,"same information, trained",3,0.5128,0.3548,57.33,37.63,51.4,453
GoiEner non-household,test,890,481,iTransformer-X,iTransformer-X,"same information, trained",4,0.4978,0.3369,52.7,34.65,46.59,453
GoiEner non-household,test,890,481,iTransformer-X,iTransformer-X,"same information, trained",5,0.4603,0.3168,48.78,31.87,44.24,453
GoiEner non-household,test,890,481,iTransformer-X,iTransformer-X,"same information, trained",6,0.5622,0.3792,60.27,39.34,49.77,453
GoiEner non-household,test,890,481,iTransformer-X,iTransformer-X,"same information, trained",7,0.4463,0.3025,52.22,35.11,46.7,453
GoiEner non-household,test,890,481,iTransformer-X,iTransformer-X,"same information, trained",8,0.4484,0.3052,51.07,33.36,48.17,453
GoiEner non-household,test,890,481,iTransformer-X,iTransformer-X,"same information, trained",9,0.5422,0.368,60.93,40.59,52.45,453
GoiEner non-household,test,890,481,iTransformer-X,iTransformer-X,"same information, trained",10,0.584,0.4096,65.3,43.51,54.74,453
GoiEner non-household,test,890,481,iTransformer-X,iTransformer-X,"same information, trained",11,0.5119,0.3555,55.49,37.56,48.9,453
GoiEner non-household,test,890,481,iTransformer-X,iTransformer-X,"same information, trained",12,0.5028,0.3476,51.54,34.05,45.05,453
GoiEner non-household,test,890,481,iTransformer-X,iTransformer-X,"same information, trained",13,0.5437,0.3778,59.78,41.15,51.08,453
GoiEner non-household,test,890,481,iTransformer-X,iTransformer-X,"same information, trained",14,0.458,0.3287,54.31,36.35,47.45,453
GoiEner non-household,test,890,481,iTransformer-X,iTransformer-X,"same information, trained",15,0.4642,0.3347,52.38,36.16,47.92,453
GoiEner non-household,test,890,481,iTransformer-X,iTransformer-X,"same information, trained",16,0.6015,0.422,67.44,43.78,53.89,453
GoiEner non-household,test,890,481,iTransformer-X,iTransformer-X,"same information, trained",17,0.6353,0.4452,65.09,45.22,58.07,453
GoiEner non-household,test,890,481,iTransformer-X,iTransformer-X,"same information, trained",18,0.622,0.4284,58.68,39.11,52.91,453
GoiEner non-household,test,890,481,iTransformer-X,iTransformer-X,"same information, trained",19,0.6135,0.4182,54.77,37.81,52.04,453
GoiEner non-household,test,890,481,iTransformer-X,iTransformer-X,"same information, trained",20,0.6308,0.444,61.83,42.97,55.63,453
GoiEner non-household,test,890,481,iTransformer-X,iTransformer-X,"same information, trained",21,0.5031,0.3549,59.82,38.95,52.33,453
GoiEner non-household,test,890,481,iTransformer-X,iTransformer-X,"same information, trained",22,0.5145,0.3635,55.34,38.22,52.79,453
GoiEner non-household,test,890,481,iTransformer-X,iTransformer-X,"same information, trained",23,0.7026,0.4851,67.33,45.01,59.63,453
GoiEner non-household,test,890,481,iTransformer-X,iTransformer-X,"same information, trained",24,0.7087,0.4999,71.03,48.07,62.47,453
GoiEner non-household,test,890,481,iTransformer-X,iTransformer-X,"same information, trained",25,0.6823,0.4744,61.11,41.29,56.46,453
GoiEner non-household,test,890,481,iTransformer-X,iTransformer-X,"same information, trained",26,0.6837,0.4698,54.21,37.7,53.02,453
GoiEner non-household,test,890,481,iTransformer-X,iTransformer-X,"same information, trained",27,0.7229,0.506,63.24,43.47,58.8,453
GoiEner non-household,test,890,481,iTransformer-X,iTransformer-X,"same information, trained",28,0.6251,0.4369,65.38,41.3,57.63,453
GoiEner non-household,test,890,481,iTransformer-X,iTransformer-X,"same information, trained",29,0.5389,0.3842,57.75,39.48,52.36,453
GoiEner non-household,test,890,481,iTransformer-X,iTransformer-X,"same information, trained",30,0.7907,0.552,69.69,47.8,61.87,453
GoiEner non-household,test,890,481,iTransformer-X,iTransformer-X,"same information, trained",31,0.7798,0.5838,73.16,48.05,62.83,453
GoiEner non-household,test,890,481,iTransformer,iTransformer,"load only, trained",1,0.5306,0.357,54.96,35.52,45.15,453
GoiEner non-household,test,890,481,iTransformer,iTransformer,"load only, trained",2,0.4578,0.3125,55.48,37.81,48.24,453
GoiEner non-household,test,890,481,iTransformer,iTransformer,"load only, trained",3,0.5024,0.3463,55.7,37.08,49.55,453
GoiEner non-household,test,890,481,iTransformer,iTransformer,"load only, trained",4,0.4876,0.3317,50.03,32.37,44.48,453
GoiEner non-household,test,890,481,iTransformer,iTransformer,"load only, trained",5,0.4506,0.3109,50.0,32.01,42.77,453
GoiEner non-household,test,890,481,iTransformer,iTransformer,"load only, trained",6,0.5515,0.3734,60.17,38.92,48.17,453
GoiEner non-household,test,890,481,iTransformer,iTransformer,"load only, trained",7,0.4419,0.2982,51.0,33.96,45.79,453
GoiEner non-household,test,890,481,iTransformer,iTransformer,"load only, trained",8,0.4355,0.2944,51.24,32.06,46.29,453
GoiEner non-household,test,890,481,iTransformer,iTransformer,"load only, trained",9,0.5545,0.3795,58.98,39.41,50.89,453
GoiEner non-household,test,890,481,iTransformer,iTransformer,"load only, trained",10,0.5813,0.4086,62.13,41.22,52.13,453
GoiEner non-household,test,890,481,iTransformer,iTransformer,"load only, trained",11,0.5224,0.3636,54.64,36.82,47.67,453
GoiEner non-household,test,890,481,iTransformer,iTransformer,"load only, trained",12,0.504,0.3525,53.13,34.82,44.89,453
GoiEner non-household,test,890,481,iTransformer,iTransformer,"load only, trained",13,0.5415,0.378,60.01,40.65,49.86,453
GoiEner non-household,test,890,481,iTransformer,iTransformer,"load only, trained",14,0.4503,0.3209,54.98,35.36,45.65,453
GoiEner non-household,test,890,481,iTransformer,iTransformer,"load only, trained",15,0.4487,0.3208,51.86,35.0,44.83,453
GoiEner non-household,test,890,481,iTransformer,iTransformer,"load only, trained",16,0.6081,0.4242,63.86,42.17,51.22,453
GoiEner non-household,test,890,481,iTransformer,iTransformer,"load only, trained",17,0.6371,0.4413,64.52,43.91,55.2,453
GoiEner non-household,test,890,481,iTransformer,iTransformer,"load only, trained",18,0.6168,0.4244,60.63,38.32,50.64,453
GoiEner non-household,test,890,481,iTransformer,iTransformer,"load only, trained",19,0.6162,0.4217,54.65,37.02,50.1,453
GoiEner non-household,test,890,481,iTransformer,iTransformer,"load only, trained",20,0.6363,0.4469,62.94,42.04,53.5,453
GoiEner non-household,test,890,481,iTransformer,iTransformer,"load only, trained",21,0.4972,0.3495,58.41,38.6,50.09,453
GoiEner non-household,test,890,481,iTransformer,iTransformer,"load only, trained",22,0.5047,0.3503,54.14,37.87,49.6,453
GoiEner non-household,test,890,481,iTransformer,iTransformer,"load only, trained",23,0.6983,0.4851,61.58,43.59,55.89,453
GoiEner non-household,test,890,481,iTransformer,iTransformer,"load only, trained",24,0.6971,0.4962,67.67,46.09,58.81,453
GoiEner non-household,test,890,481,iTransformer,iTransformer,"load only, trained",25,0.6715,0.473,60.47,40.26,52.84,453
GoiEner non-household,test,890,481,iTransformer,iTransformer,"load only, trained",26,0.6796,0.4675,53.52,37.59,49.89,453
GoiEner non-household,test,890,481,iTransformer,iTransformer,"load only, trained",27,0.7106,0.4966,63.63,41.97,55.65,453
GoiEner non-household,test,890,481,iTransformer,iTransformer,"load only, trained",28,0.6171,0.426,59.53,39.94,54.5,453
GoiEner non-household,test,890,481,iTransformer,iTransformer,"load only, trained",29,0.5159,0.3606,55.19,36.82,49.26,453
GoiEner non-household,test,890,481,iTransformer,iTransformer,"load only, trained",30,0.7763,0.5469,68.84,46.86,58.31,453
GoiEner non-household,test,890,481,iTransformer,iTransformer,"load only, trained",31,0.7647,0.5756,67.41,44.32,58.04,453
GoiEner non-household,test,890,481,LSTM,LSTM,"load only, trained",1,0.5953,0.4239,55.61,41.23,52.86,453
GoiEner non-household,test,890,481,LSTM,LSTM,"load only, trained",2,0.5691,0.4041,64.0,45.42,58.78,453
GoiEner non-household,test,890,481,LSTM,LSTM,"load only, trained",3,0.6012,0.4279,64.81,46.68,60.5,453
GoiEner non-household,test,890,481,LSTM,LSTM,"load only, trained",4,0.5854,0.4231,60.02,43.71,56.91,453
GoiEner non-household,test,890,481,LSTM,LSTM,"load only, trained",5,0.5745,0.425,59.37,42.72,56.4,453
GoiEner non-household,test,890,481,LSTM,LSTM,"load only, trained",6,0.6096,0.4275,66.6,47.29,59.31,453
GoiEner non-household,test,890,481,LSTM,LSTM,"load only, trained",7,0.497,0.3488,58.27,41.74,54.8,453
GoiEner non-household,test,890,481,LSTM,LSTM,"load only, trained",8,0.5293,0.3874,61.46,43.5,58.23,453
GoiEner non-household,test,890,481,LSTM,LSTM,"load only, trained",9,0.6332,0.4549,68.33,47.64,63.43,453
GoiEner non-household,test,890,481,LSTM,LSTM,"load only, trained",10,0.6485,0.4699,67.43,47.72,64.41,453
GoiEner non-household,test,890,481,LSTM,LSTM,"load only, trained",11,0.608,0.4493,62.99,47.22,61.32,453
GoiEner non-household,test,890,481,LSTM,LSTM,"load only, trained",12,0.6198,0.4616,62.79,46.24,59.98,453
GoiEner non-household,test,890,481,LSTM,LSTM,"load only, trained",13,0.6031,0.435,65.99,48.83,62.36,453
GoiEner non-household,test,890,481,LSTM,LSTM,"load only, trained",14,0.5026,0.3673,60.31,43.91,57.19,453
GoiEner non-household,test,890,481,LSTM,LSTM,"load only, trained",15,0.5317,0.3984,62.93,45.36,57.72,453
GoiEner non-household,test,890,481,LSTM,LSTM,"load only, trained",16,0.6737,0.4914,69.95,50.01,64.22,453
GoiEner non-household,test,890,481,LSTM,LSTM,"load only, trained",17,0.7189,0.5199,71.68,50.89,68.01,453
GoiEner non-household,test,890,481,LSTM,LSTM,"load only, trained",18,0.6914,0.5061,67.14,49.32,64.93,453
GoiEner non-household,test,890,481,LSTM,LSTM,"load only, trained",19,0.6994,0.5178,63.29,49.43,64.39,453
GoiEner non-household,test,890,481,LSTM,LSTM,"load only, trained",20,0.6917,0.4991,69.18,50.47,66.06,453
GoiEner non-household,test,890,481,LSTM,LSTM,"load only, trained",21,0.5452,0.3975,63.94,45.19,61.38,453
GoiEner non-household,test,890,481,LSTM,LSTM,"load only, trained",22,0.5876,0.4333,63.72,48.19,64.17,453
GoiEner non-household,test,890,481,LSTM,LSTM,"load only, trained",23,0.718,0.5182,69.87,51.68,68.85,453
GoiEner non-household,test,890,481,LSTM,LSTM,"load only, trained",24,0.7333,0.5328,75.43,55.51,72.13,453
GoiEner non-household,test,890,481,LSTM,LSTM,"load only, trained",25,0.7116,0.525,66.78,50.92,67.86,453
GoiEner non-household,test,890,481,LSTM,LSTM,"load only, trained",26,0.7394,0.5393,66.21,49.08,66.39,453
GoiEner non-household,test,890,481,LSTM,LSTM,"load only, trained",27,0.7477,0.5398,69.91,51.89,69.04,453
GoiEner non-household,test,890,481,LSTM,LSTM,"load only, trained",28,0.6575,0.4737,69.39,50.25,67.65,453
GoiEner non-household,test,890,481,LSTM,LSTM,"load only, trained",29,0.6203,0.4632,66.9,48.61,65.17,453
GoiEner non-household,test,890,481,LSTM,LSTM,"load only, trained",30,0.8044,0.5871,74.25,54.7,73.73,453
GoiEner non-household,test,890,481,LSTM,LSTM,"load only, trained",31,0.7995,0.6185,76.1,56.34,72.48,453
GoiEner non-household,test,890,481,PatchTST,PatchTST,"load only, trained",1,0.5884,0.4027,64.16,43.53,54.23,453
GoiEner non-household,test,890,481,PatchTST,PatchTST,"load only, trained",2,0.4802,0.3405,61.73,42.13,55.29,453
GoiEner non-household,test,890,481,PatchTST,PatchTST,"load only, trained",3,0.5289,0.3762,63.2,43.58,57.9,453
GoiEner non-household,test,890,481,PatchTST,PatchTST,"load only, trained",4,0.5239,0.3594,56.3,37.85,52.22,453
GoiEner non-household,test,890,481,PatchTST,PatchTST,"load only, trained",5,0.4712,0.3299,53.8,36.08,47.17,453
GoiEner non-household,test,890,481,PatchTST,PatchTST,"load only, trained",6,0.5601,0.3824,63.74,43.3,53.6,453
GoiEner non-household,test,890,481,PatchTST,PatchTST,"load only, trained",7,0.4352,0.2977,55.3,37.93,48.38,453
GoiEner non-household,test,890,481,PatchTST,PatchTST,"load only, trained",8,0.4547,0.3131,55.69,38.34,52.81,453
GoiEner non-household,test,890,481,PatchTST,PatchTST,"load only, trained",9,0.568,0.3935,66.84,44.66,57.02,453
GoiEner non-household,test,890,481,PatchTST,PatchTST,"load only, trained",10,0.6008,0.4231,66.05,45.54,57.79,453
GoiEner non-household,test,890,481,PatchTST,PatchTST,"load only, trained",11,0.5244,0.3673,59.0,41.6,53.35,453
GoiEner non-household,test,890,481,PatchTST,PatchTST,"load only, trained",12,0.5079,0.3541,56.8,39.52,50.41,453
GoiEner non-household,test,890,481,PatchTST,PatchTST,"load only, trained",13,0.5571,0.3952,63.57,44.65,57.3,453
GoiEner non-household,test,890,481,PatchTST,PatchTST,"load only, trained",14,0.4552,0.3326,59.37,41.93,53.11,453
GoiEner non-household,test,890,481,PatchTST,PatchTST,"load only, trained",15,0.4762,0.347,59.88,41.45,54.11,453
GoiEner non-household,test,890,481,PatchTST,PatchTST,"load only, trained",16,0.6247,0.4423,70.35,47.0,58.08,453
GoiEner non-household,test,890,481,PatchTST,PatchTST,"load only, trained",17,0.6667,0.4629,70.58,49.25,61.04,453
GoiEner non-household,test,890,481,PatchTST,PatchTST,"load only, trained",18,0.6405,0.4483,65.05,43.64,57.65,453
GoiEner non-household,test,890,481,PatchTST,PatchTST,"load only, trained",19,0.6389,0.4479,59.42,40.83,57.3,453
GoiEner non-household,test,890,481,PatchTST,PatchTST,"load only, trained",20,0.6493,0.4672,68.27,47.07,61.73,453
GoiEner non-household,test,890,481,PatchTST,PatchTST,"load only, trained",21,0.504,0.3661,63.91,43.59,56.83,453
GoiEner non-household,test,890,481,PatchTST,PatchTST,"load only, trained",22,0.5142,0.3698,61.67,43.35,56.53,453
GoiEner non-household,test,890,481,PatchTST,PatchTST,"load only, trained",23,0.6985,0.4889,71.49,49.27,61.79,453
GoiEner non-household,test,890,481,PatchTST,PatchTST,"load only, trained",24,0.7036,0.5042,73.02,50.54,64.08,453
GoiEner non-household,test,890,481,PatchTST,PatchTST,"load only, trained",25,0.6848,0.4899,67.35,44.9,59.63,453
GoiEner non-household,test,890,481,PatchTST,PatchTST,"load only, trained",26,0.7122,0.4966,60.27,41.66,57.34,453
GoiEner non-household,test,890,481,PatchTST,PatchTST,"load only, trained",27,0.7396,0.5338,66.39,45.49,62.87,453
GoiEner non-household,test,890,481,PatchTST,PatchTST,"load only, trained",28,0.6378,0.4559,64.77,43.74,61.67,453
GoiEner non-household,test,890,481,PatchTST,PatchTST,"load only, trained",29,0.5339,0.3845,60.15,43.37,55.15,453
GoiEner non-household,test,890,481,PatchTST,PatchTST,"load only, trained",30,0.7824,0.5701,73.77,50.47,64.37,453
GoiEner non-household,test,890,481,PatchTST,PatchTST,"load only, trained",31,0.7853,0.6039,73.98,53.07,65.84,453
GoiEner non-household,test,890,481,RIDGE-L,Ridge (per unit),per-unit regression,1,0.371,0.2682,39.8,28.39,36.91,453
GoiEner non-household,test,890,481,RIDGE-L,Ridge (per unit),per-unit regression,2,0.4169,0.2883,53.24,37.3,45.56,453
GoiEner non-household,test,890,481,RIDGE-L,Ridge (per unit),per-unit regression,3,0.45,0.3109,55.68,37.01,46.44,453
GoiEner non-household,test,890,481,RIDGE-L,Ridge (per unit),per-unit regression,4,0.4449,0.304,50.68,35.48,43.79,453
GoiEner non-household,test,890,481,RIDGE-L,Ridge (per unit),per-unit regression,5,0.4092,0.2784,50.02,34.28,43.93,453
GoiEner non-household,test,890,481,RIDGE-L,Ridge (per unit),per-unit regression,6,0.4776,0.3248,59.96,40.29,49.61,453
GoiEner non-household,test,890,481,RIDGE-L,Ridge (per unit),per-unit regression,7,0.4367,0.2945,54.11,36.97,46.58,453
GoiEner non-household,test,890,481,RIDGE-L,Ridge (per unit),per-unit regression,8,0.4357,0.2937,52.44,35.05,48.43,453
GoiEner non-household,test,890,481,RIDGE-L,Ridge (per unit),per-unit regression,9,0.4776,0.3198,59.32,40.01,51.24,453
GoiEner non-household,test,890,481,RIDGE-L,Ridge (per unit),per-unit regression,10,0.5202,0.3541,61.6,42.47,53.47,453
GoiEner non-household,test,890,481,RIDGE-L,Ridge (per unit),per-unit regression,11,0.466,0.3198,55.06,37.18,50.03,453
GoiEner non-household,test,890,481,RIDGE-L,Ridge (per unit),per-unit regression,12,0.4609,0.3143,51.83,34.24,48.98,453
GoiEner non-household,test,890,481,RIDGE-L,Ridge (per unit),per-unit regression,13,0.4869,0.3264,57.61,40.25,53.92,453
GoiEner non-household,test,890,481,RIDGE-L,Ridge (per unit),per-unit regression,14,0.4547,0.3165,55.76,39.28,52.97,453
GoiEner non-household,test,890,481,RIDGE-L,Ridge (per unit),per-unit regression,15,0.4624,0.3221,55.58,36.95,51.82,453
GoiEner non-household,test,890,481,RIDGE-L,Ridge (per unit),per-unit regression,16,0.5327,0.3625,61.39,41.41,54.48,453
GoiEner non-household,test,890,481,RIDGE-L,Ridge (per unit),per-unit regression,17,0.5763,0.3889,62.44,43.03,58.14,453
GoiEner non-household,test,890,481,RIDGE-L,Ridge (per unit),per-unit regression,18,0.5637,0.3795,58.3,40.32,54.24,453
GoiEner non-household,test,890,481,RIDGE-L,Ridge (per unit),per-unit regression,19,0.5631,0.3769,54.18,37.36,53.68,453
GoiEner non-household,test,890,481,RIDGE-L,Ridge (per unit),per-unit regression,20,0.5681,0.3774,64.76,43.81,59.67,453
GoiEner non-household,test,890,481,RIDGE-L,Ridge (per unit),per-unit regression,21,0.5036,0.3413,61.52,40.5,58.43,453
GoiEner non-household,test,890,481,RIDGE-L,Ridge (per unit),per-unit regression,22,0.5315,0.3571,60.04,40.16,58.07,453
GoiEner non-household,test,890,481,RIDGE-L,Ridge (per unit),per-unit regression,23,0.6391,0.4269,62.89,43.2,59.96,453
GoiEner non-household,test,890,481,RIDGE-L,Ridge (per unit),per-unit regression,24,0.6549,0.4396,70.41,46.61,64.62,453
GoiEner non-household,test,890,481,RIDGE-L,Ridge (per unit),per-unit regression,25,0.5811,0.3944,59.4,40.74,57.73,453
GoiEner non-household,test,890,481,RIDGE-L,Ridge (per unit),per-unit regression,26,0.6418,0.4303,58.22,40.46,56.86,453
GoiEner non-household,test,890,481,RIDGE-L,Ridge (per unit),per-unit regression,27,0.6954,0.462,66.59,43.81,63.15,453
GoiEner non-household,test,890,481,RIDGE-L,Ridge (per unit),per-unit regression,28,0.641,0.4284,67.1,44.18,64.02,453
GoiEner non-household,test,890,481,RIDGE-L,Ridge (per unit),per-unit regression,29,0.5619,0.3776,60.18,39.61,58.76,453
GoiEner non-household,test,890,481,RIDGE-L,Ridge (per unit),per-unit regression,30,0.7389,0.4967,66.98,44.49,65.64,453
GoiEner non-household,test,890,481,RIDGE-L,Ridge (per unit),per-unit regression,31,0.7566,0.5419,71.27,47.28,67.42,453
GoiEner non-household,test,890,481,TiDE,TiDE,"same information, trained",1,0.5705,0.3866,61.53,41.77,51.66,453
GoiEner non-household,test,890,481,TiDE,TiDE,"same information, trained",2,0.461,0.3234,59.42,41.53,51.73,453
GoiEner non-household,test,890,481,TiDE,TiDE,"same information, trained",3,0.5011,0.3516,60.22,41.9,52.38,453
GoiEner non-household,test,890,481,TiDE,TiDE,"same information, trained",4,0.5059,0.349,51.98,37.57,48.72,453
GoiEner non-household,test,890,481,TiDE,TiDE,"same information, trained",5,0.467,0.3291,50.42,36.46,49.18,453
GoiEner non-household,test,890,481,TiDE,TiDE,"same information, trained",6,0.5612,0.3883,65.7,44.41,56.05,453
GoiEner non-household,test,890,481,TiDE,TiDE,"same information, trained",7,0.4492,0.3182,57.69,39.75,51.18,453
GoiEner non-household,test,890,481,TiDE,TiDE,"same information, trained",8,0.4712,0.3383,55.54,39.92,53.39,453
GoiEner non-household,test,890,481,TiDE,TiDE,"same information, trained",9,0.5619,0.4019,67.31,47.22,58.96,453
GoiEner non-household,test,890,481,TiDE,TiDE,"same information, trained",10,0.5945,0.4261,66.21,47.63,60.27,453
GoiEner non-household,test,890,481,TiDE,TiDE,"same information, trained",11,0.5194,0.3658,58.67,41.13,54.04,453
GoiEner non-household,test,890,481,TiDE,TiDE,"same information, trained",12,0.5193,0.3699,57.84,40.26,53.07,453
GoiEner non-household,test,890,481,TiDE,TiDE,"same information, trained",13,0.5543,0.397,65.17,47.24,59.31,453
GoiEner non-household,test,890,481,TiDE,TiDE,"same information, trained",14,0.4653,0.3458,60.22,43.7,54.96,453
GoiEner non-household,test,890,481,TiDE,TiDE,"same information, trained",15,0.4913,0.3652,60.35,43.7,56.35,453
GoiEner non-household,test,890,481,TiDE,TiDE,"same information, trained",16,0.6201,0.4492,71.32,49.71,61.25,453
GoiEner non-household,test,890,481,TiDE,TiDE,"same information, trained",17,0.6626,0.4811,70.97,50.77,65.59,453
GoiEner non-household,test,890,481,TiDE,TiDE,"same information, trained",18,0.6326,0.457,64.19,46.4,60.31,453
GoiEner non-household,test,890,481,TiDE,TiDE,"same information, trained",19,0.6308,0.4506,59.51,44.86,59.94,453
GoiEner non-household,test,890,481,TiDE,TiDE,"same information, trained",20,0.6254,0.4506,68.83,49.96,64.55,453
GoiEner non-household,test,890,481,TiDE,TiDE,"same information, trained",21,0.5203,0.3877,63.96,46.03,61.48,453
GoiEner non-household,test,890,481,TiDE,TiDE,"same information, trained",22,0.549,0.4022,62.39,47.88,62.15,453
GoiEner non-household,test,890,481,TiDE,TiDE,"same information, trained",23,0.694,0.4997,70.04,51.21,66.66,453
GoiEner non-household,test,890,481,TiDE,TiDE,"same information, trained",24,0.6973,0.5106,74.87,56.16,70.28,453
GoiEner non-household,test,890,481,TiDE,TiDE,"same information, trained",25,0.6789,0.5005,66.85,49.14,65.04,453
GoiEner non-household,test,890,481,TiDE,TiDE,"same information, trained",26,0.6936,0.4977,62.42,45.85,61.65,453
GoiEner non-household,test,890,481,TiDE,TiDE,"same information, trained",27,0.7155,0.5188,68.49,51.12,67.12,453
GoiEner non-household,test,890,481,TiDE,TiDE,"same information, trained",28,0.6544,0.4889,70.59,50.53,67.26,453
GoiEner non-household,test,890,481,TiDE,TiDE,"same information, trained",29,0.5814,0.4408,66.98,49.52,62.95,453
GoiEner non-household,test,890,481,TiDE,TiDE,"same information, trained",30,0.784,0.5771,75.31,55.5,70.55,453
GoiEner non-household,test,890,481,TiDE,TiDE,"same information, trained",31,0.7692,0.6011,75.15,56.47,71.47,453
GoiEner households,test,696,696,TimesFM,TimesFM,"load only, zero-shot foundation model",1,0.1225,0.0726,51.52,33.07,42.94,598
GoiEner households,test,696,696,TimesFM,TimesFM,"load only, zero-shot foundation model",2,0.1241,0.0747,55.59,34.62,44.58,598
GoiEner households,test,696,696,TimesFM,TimesFM,"load only, zero-shot foundation model",3,0.1234,0.0751,54.69,36.18,45.12,598
GoiEner households,test,696,696,TimesFM,TimesFM,"load only, zero-shot foundation model",4,0.1285,0.0779,56.33,37.18,50.45,598
GoiEner households,test,696,696,TimesFM,TimesFM,"load only, zero-shot foundation model",5,0.132,0.0811,59.78,36.91,50.46,598
GoiEner households,test,696,696,TimesFM,TimesFM,"load only, zero-shot foundation model",6,0.1302,0.0794,62.06,37.98,49.79,598
GoiEner households,test,696,696,TimesFM,TimesFM,"load only, zero-shot foundation model",7,0.1367,0.0843,61.37,38.44,52.53,598
GoiEner households,test,696,696,TimesFM,TimesFM,"load only, zero-shot foundation model",8,0.1462,0.0917,63.45,40.33,54.58,598
GoiEner households,test,696,696,TimesFM,TimesFM,"load only, zero-shot foundation model",9,0.1456,0.0913,62.73,38.83,52.53,598
GoiEner households,test,696,696,TimesFM,TimesFM,"load only, zero-shot foundation model",10,0.1436,0.0919,57.99,39.19,51.13,598
GoiEner households,test,696,696,TimesFM,TimesFM,"load only, zero-shot foundation model",11,0.1576,0.0973,64.38,41.88,58.47,598
GoiEner households,test,696,696,TimesFM,TimesFM,"load only, zero-shot foundation model",12,0.1537,0.0977,61.99,41.1,57.42,598
GoiEner households,test,696,696,TimesFM,TimesFM,"load only, zero-shot foundation model",13,0.1489,0.0942,59.9,40.14,55.12,598
GoiEner households,test,696,696,TimesFM,TimesFM,"load only, zero-shot foundation model",14,0.1587,0.0994,64.03,42.27,59.66,598
GoiEner households,test,696,696,TimesFM,TimesFM,"load only, zero-shot foundation model",15,0.1626,0.1027,67.83,44.5,59.0,598
GoiEner households,test,696,696,TimesFM,TimesFM,"load only, zero-shot foundation model",16,0.1631,0.1031,64.44,41.41,56.87,598
GoiEner households,test,696,696,TimesFM,TimesFM,"load only, zero-shot foundation model",17,0.1536,0.0986,60.83,40.78,55.53,598
GoiEner households,test,696,696,TimesFM,TimesFM,"load only, zero-shot foundation model",18,0.1615,0.1025,66.77,43.9,60.04,598
GoiEner households,test,696,696,TimesFM,TimesFM,"load only, zero-shot foundation model",19,0.1621,0.1028,66.52,43.8,59.27,598
GoiEner households,test,696,696,TimesFM,TimesFM,"load only, zero-shot foundation model",20,0.1643,0.1022,69.22,44.85,61.14,598
GoiEner households,test,696,696,TimesFM,TimesFM,"load only, zero-shot foundation model",21,0.1642,0.1039,63.6,42.69,59.28,598
GoiEner households,test,696,696,TimesFM,TimesFM,"load only, zero-shot foundation model",22,0.1671,0.1053,70.69,46.1,60.83,598
GoiEner households,test,696,696,TimesFM,TimesFM,"load only, zero-shot foundation model",23,0.1595,0.102,67.97,44.61,59.11,598
GoiEner households,test,696,696,TimesFM,TimesFM,"load only, zero-shot foundation model",24,0.1596,0.1005,67.86,45.92,58.24,598
GoiEner households,test,696,696,TimesFM,TimesFM,"load only, zero-shot foundation model",25,0.154,0.0985,63.81,43.94,58.19,598
GoiEner households,test,696,696,TimesFM,TimesFM,"load only, zero-shot foundation model",26,0.1525,0.0988,63.87,43.54,59.45,598
GoiEner households,test,696,696,TimesFM,TimesFM,"load only, zero-shot foundation model",27,0.1538,0.0989,65.18,44.17,58.69,598
GoiEner households,test,696,696,TimesFM,TimesFM,"load only, zero-shot foundation model",28,0.1604,0.1018,67.63,44.91,63.3,598
GoiEner households,test,696,696,TimesFM,TimesFM,"load only, zero-shot foundation model",29,0.1523,0.0969,68.61,45.48,60.65,598
GoiEner households,test,696,696,TimesFM,TimesFM,"load only, zero-shot foundation model",30,0.1507,0.0972,65.68,43.86,59.24,598
GoiEner households,test,696,696,TimesFM,TimesFM,"load only, zero-shot foundation model",31,0.154,0.0984,64.75,42.79,58.56,598
GoiEner households,test,696,696,RIDGE-L,Ridge (per unit),per-unit regression,1,0.133,0.0895,69.5,49.12,60.68,598
GoiEner households,test,696,696,RIDGE-L,Ridge (per unit),per-unit regression,2,0.1338,0.0898,69.93,48.6,61.17,598
GoiEner households,test,696,696,RIDGE-L,Ridge (per unit),per-unit regression,3,0.1336,0.0902,70.08,49.51,60.95,598
GoiEner households,test,696,696,RIDGE-L,Ridge (per unit),per-unit regression,4,0.1339,0.0897,69.8,49.32,62.48,598
GoiEner households,test,696,696,RIDGE-L,Ridge (per unit),per-unit regression,5,0.1391,0.0939,74.52,51.06,63.41,598
GoiEner households,test,696,696,RIDGE-L,Ridge (per unit),per-unit regression,6,0.14,0.0956,74.94,53.17,65.34,598
GoiEner households,test,696,696,RIDGE-L,Ridge (per unit),per-unit regression,7,0.1414,0.0963,75.19,51.68,65.17,598
GoiEner households,test,696,696,RIDGE-L,Ridge (per unit),per-unit regression,8,0.1491,0.1017,78.05,52.84,67.72,598
GoiEner households,test,696,696,RIDGE-L,Ridge (per unit),per-unit regression,9,0.1504,0.1017,74.45,50.42,65.94,598
GoiEner households,test,696,696,RIDGE-L,Ridge (per unit),per-unit regression,10,0.15,0.1027,76.88,54.05,66.06,598
GoiEner households,test,696,696,RIDGE-L,Ridge (per unit),per-unit regression,11,0.1583,0.1056,77.8,53.02,69.42,598
GoiEner households,test,696,696,RIDGE-L,Ridge (per unit),per-unit regression,12,0.1561,0.1067,77.57,52.64,68.74,598
GoiEner households,test,696,696,RIDGE-L,Ridge (per unit),per-unit regression,13,0.1534,0.1047,75.47,53.35,67.61,598
GoiEner households,test,696,696,RIDGE-L,Ridge (per unit),per-unit regression,14,0.1597,0.1084,81.68,55.22,70.62,598
GoiEner households,test,696,696,RIDGE-L,Ridge (per unit),per-unit regression,15,0.1634,0.1107,79.62,54.45,69.88,598
GoiEner households,test,696,696,RIDGE-L,Ridge (per unit),per-unit regression,16,0.1651,0.1111,80.29,53.96,69.92,598
GoiEner households,test,696,696,RIDGE-L,Ridge (per unit),per-unit regression,17,0.1549,0.1062,76.05,53.11,67.21,598
GoiEner households,test,696,696,RIDGE-L,Ridge (per unit),per-unit regression,18,0.1576,0.1073,77.78,53.28,68.06,598
GoiEner households,test,696,696,RIDGE-L,Ridge (per unit),per-unit regression,19,0.1613,0.1095,78.9,54.61,69.57,598
GoiEner households,test,696,696,RIDGE-L,Ridge (per unit),per-unit regression,20,0.1664,0.112,79.33,54.15,72.63,598
GoiEner households,test,696,696,RIDGE-L,Ridge (per unit),per-unit regression,21,0.1648,0.1123,79.35,55.18,70.9,598
GoiEner households,test,696,696,RIDGE-L,Ridge (per unit),per-unit regression,22,0.1644,0.1113,82.6,55.68,71.77,598
GoiEner households,test,696,696,RIDGE-L,Ridge (per unit),per-unit regression,23,0.1611,0.1094,80.59,55.71,71.16,598
GoiEner households,test,696,696,RIDGE-L,Ridge (per unit),per-unit regression,24,0.1608,0.1087,81.7,56.03,70.36,598
GoiEner households,test,696,696,RIDGE-L,Ridge (per unit),per-unit regression,25,0.1524,0.105,78.86,54.0,67.83,598
GoiEner households,test,696,696,RIDGE-L,Ridge (per unit),per-unit regression,26,0.1516,0.1054,77.4,52.82,68.22,598
GoiEner households,test,696,696,RIDGE-L,Ridge (per unit),per-unit regression,27,0.1552,0.1071,76.71,55.08,68.26,598
GoiEner households,test,696,696,RIDGE-L,Ridge (per unit),per-unit regression,28,0.1592,0.109,82.43,56.57,72.8,598
GoiEner households,test,696,696,RIDGE-L,Ridge (per unit),per-unit regression,29,0.1518,0.1044,79.51,53.54,70.76,598
GoiEner households,test,696,696,RIDGE-L,Ridge (per unit),per-unit regression,30,0.1542,0.1059,79.39,55.75,71.04,598
GoiEner households,test,696,696,RIDGE-L,Ridge (per unit),per-unit regression,31,0.1562,0.1068,83.21,56.47,71.45,598
GoiEner households,test,696,696,Chronos-2-X,Chronos-2-X,"same information, zero-shot foundation model",1,0.122,0.0711,50.86,32.04,41.64,598
GoiEner households,test,696,696,Chronos-2-X,Chronos-2-X,"same information, zero-shot foundation model",2,0.1225,0.0726,55.38,35.23,43.38,598
GoiEner households,test,696,696,Chronos-2-X,Chronos-2-X,"same information, zero-shot foundation model",3,0.1216,0.0726,52.48,34.19,44.17,598
GoiEner households,test,696,696,Chronos-2-X,Chronos-2-X,"same information, zero-shot foundation model",4,0.1271,0.0764,54.48,34.8,49.21,598
GoiEner households,test,696,696,Chronos-2-X,Chronos-2-X,"same information, zero-shot foundation model",5,0.1308,0.0792,57.87,36.77,49.55,598
GoiEner households,test,696,696,Chronos-2-X,Chronos-2-X,"same information, zero-shot foundation model",6,0.1297,0.0783,63.46,37.95,48.78,598
GoiEner households,test,696,696,Chronos-2-X,Chronos-2-X,"same information, zero-shot foundation model",7,0.1337,0.0813,60.56,37.68,51.11,598
GoiEner households,test,696,696,Chronos-2-X,Chronos-2-X,"same information, zero-shot foundation model",8,0.1444,0.0896,65.48,39.86,53.03,598
GoiEner households,test,696,696,Chronos-2-X,Chronos-2-X,"same information, zero-shot foundation model",9,0.1453,0.0903,63.07,38.55,51.27,598
GoiEner households,test,696,696,Chronos-2-X,Chronos-2-X,"same information, zero-shot foundation model",10,0.1445,0.0917,59.27,39.09,50.06,598
GoiEner households,test,696,696,Chronos-2-X,Chronos-2-X,"same information, zero-shot foundation model",11,0.1574,0.0956,66.54,42.25,58.13,598
GoiEner households,test,696,696,Chronos-2-X,Chronos-2-X,"same information, zero-shot foundation model",12,0.1535,0.0967,64.96,41.44,56.79,598
GoiEner households,test,696,696,Chronos-2-X,Chronos-2-X,"same information, zero-shot foundation model",13,0.1478,0.0923,60.67,40.07,53.69,598
GoiEner households,test,696,696,Chronos-2-X,Chronos-2-X,"same information, zero-shot foundation model",14,0.1576,0.0981,67.08,42.27,59.21,598
GoiEner households,test,696,696,Chronos-2-X,Chronos-2-X,"same information, zero-shot foundation model",15,0.1624,0.1016,68.85,43.83,58.75,598
GoiEner households,test,696,696,Chronos-2-X,Chronos-2-X,"same information, zero-shot foundation model",16,0.1632,0.1025,63.21,41.11,56.32,598
GoiEner households,test,696,696,Chronos-2-X,Chronos-2-X,"same information, zero-shot foundation model",17,0.1523,0.0966,61.4,39.65,54.28,598
GoiEner households,test,696,696,Chronos-2-X,Chronos-2-X,"same information, zero-shot foundation model",18,0.1597,0.1002,66.28,42.29,58.71,598
GoiEner households,test,696,696,Chronos-2-X,Chronos-2-X,"same information, zero-shot foundation model",19,0.1613,0.1014,69.36,43.6,59.05,598
GoiEner households,test,696,696,Chronos-2-X,Chronos-2-X,"same information, zero-shot foundation model",20,0.1636,0.101,69.77,43.89,60.88,598
GoiEner households,test,696,696,Chronos-2-X,Chronos-2-X,"same information, zero-shot foundation model",21,0.1619,0.1014,64.65,42.05,58.86,598
GoiEner households,test,696,696,Chronos-2-X,Chronos-2-X,"same information, zero-shot foundation model",22,0.1662,0.1036,70.96,44.48,60.35,598
GoiEner households,test,696,696,Chronos-2-X,Chronos-2-X,"same information, zero-shot foundation model",23,0.1593,0.1008,66.03,43.08,58.31,598
GoiEner households,test,696,696,Chronos-2-X,Chronos-2-X,"same information, zero-shot foundation model",24,0.1588,0.099,68.5,44.92,57.08,598
GoiEner households,test,696,696,Chronos-2-X,Chronos-2-X,"same information, zero-shot foundation model",25,0.1515,0.0959,61.48,42.33,56.66,598
GoiEner households,test,696,696,Chronos-2-X,Chronos-2-X,"same information, zero-shot foundation model",26,0.1505,0.0969,66.92,44.18,59.13,598
GoiEner households,test,696,696,Chronos-2-X,Chronos-2-X,"same information, zero-shot foundation model",27,0.1522,0.0968,65.12,43.04,56.93,598
GoiEner households,test,696,696,Chronos-2-X,Chronos-2-X,"same information, zero-shot foundation model",28,0.1595,0.1003,70.53,44.63,63.1,598
GoiEner households,test,696,696,Chronos-2-X,Chronos-2-X,"same information, zero-shot foundation model",29,0.1529,0.0961,70.2,43.4,60.21,598
GoiEner households,test,696,696,Chronos-2-X,Chronos-2-X,"same information, zero-shot foundation model",30,0.1506,0.096,66.99,43.48,58.74,598
GoiEner households,test,696,696,Chronos-2-X,Chronos-2-X,"same information, zero-shot foundation model",31,0.1546,0.0978,64.9,41.66,57.92,598
GoiEner households,test,696,696,Chronos-2,Chronos-2,"load only, zero-shot foundation model",1,0.123,0.0709,51.17,31.55,42.01,598
GoiEner households,test,696,696,Chronos-2,Chronos-2,"load only, zero-shot foundation model",2,0.1234,0.0732,56.9,34.79,43.09,598
GoiEner households,test,696,696,Chronos-2,Chronos-2,"load only, zero-shot foundation model",3,0.1224,0.0731,53.15,34.04,44.0,598
GoiEner households,test,696,696,Chronos-2,Chronos-2,"load only, zero-shot foundation model",4,0.127,0.0756,57.26,35.82,48.82,598
GoiEner households,test,696,696,Chronos-2,Chronos-2,"load only, zero-shot foundation model",5,0.1316,0.0796,58.46,37.45,49.52,598
GoiEner households,test,696,696,Chronos-2,Chronos-2,"load only, zero-shot foundation model",6,0.1304,0.0789,62.99,38.11,48.74,598
GoiEner households,test,696,696,Chronos-2,Chronos-2,"load only, zero-shot foundation model",7,0.1346,0.0821,59.51,37.46,51.17,598
GoiEner households,test,696,696,Chronos-2,Chronos-2,"load only, zero-shot foundation model",8,0.1459,0.0904,65.32,39.98,53.71,598
GoiEner households,test,696,696,Chronos-2,Chronos-2,"load only, zero-shot foundation model",9,0.1461,0.0906,62.34,38.56,51.68,598
GoiEner households,test,696,696,Chronos-2,Chronos-2,"load only, zero-shot foundation model",10,0.1432,0.0908,57.82,38.19,49.48,598
GoiEner households,test,696,696,Chronos-2,Chronos-2,"load only, zero-shot foundation model",11,0.1569,0.0951,63.08,41.07,57.61,598
GoiEner households,test,696,696,Chronos-2,Chronos-2,"load only, zero-shot foundation model",12,0.1536,0.0964,63.14,39.72,56.8,598
GoiEner households,test,696,696,Chronos-2,Chronos-2,"load only, zero-shot foundation model",13,0.1487,0.093,61.54,39.53,53.17,598
GoiEner households,test,696,696,Chronos-2,Chronos-2,"load only, zero-shot foundation model",14,0.1577,0.0978,66.02,42.24,58.77,598
GoiEner households,test,696,696,Chronos-2,Chronos-2,"load only, zero-shot foundation model",15,0.163,0.1018,68.46,43.04,58.47,598
GoiEner households,test,696,696,Chronos-2,Chronos-2,"load only, zero-shot foundation model",16,0.1633,0.1022,62.35,39.51,55.7,598
GoiEner households,test,696,696,Chronos-2,Chronos-2,"load only, zero-shot foundation model",17,0.1517,0.0961,60.31,38.35,53.03,598
GoiEner households,test,696,696,Chronos-2,Chronos-2,"load only, zero-shot foundation model",18,0.1591,0.0997,66.43,41.33,57.84,598
GoiEner households,test,696,696,Chronos-2,Chronos-2,"load only, zero-shot foundation model",19,0.1618,0.1015,65.81,41.55,58.18,598
GoiEner households,test,696,696,Chronos-2,Chronos-2,"load only, zero-shot foundation model",20,0.1647,0.1016,70.74,43.46,59.89,598
GoiEner households,test,696,696,Chronos-2,Chronos-2,"load only, zero-shot foundation model",21,0.1634,0.1023,65.74,41.23,58.9,598
GoiEner households,test,696,696,Chronos-2,Chronos-2,"load only, zero-shot foundation model",22,0.1678,0.1045,72.22,44.98,60.49,598
GoiEner households,test,696,696,Chronos-2,Chronos-2,"load only, zero-shot foundation model",23,0.1605,0.1014,67.04,42.97,57.42,598
GoiEner households,test,696,696,Chronos-2,Chronos-2,"load only, zero-shot foundation model",24,0.1579,0.0984,69.61,44.71,55.24,598
GoiEner households,test,696,696,Chronos-2,Chronos-2,"load only, zero-shot foundation model",25,0.1521,0.0958,63.68,41.43,56.18,598
GoiEner households,test,696,696,Chronos-2,Chronos-2,"load only, zero-shot foundation model",26,0.1504,0.0961,63.65,42.04,57.98,598
GoiEner households,test,696,696,Chronos-2,Chronos-2,"load only, zero-shot foundation model",27,0.1527,0.097,64.7,42.22,56.3,598
GoiEner households,test,696,696,Chronos-2,Chronos-2,"load only, zero-shot foundation model",28,0.1601,0.0998,66.91,44.07,62.75,598
GoiEner households,test,696,696,Chronos-2,Chronos-2,"load only, zero-shot foundation model",29,0.154,0.0967,70.19,44.26,60.49,598
GoiEner households,test,696,696,Chronos-2,Chronos-2,"load only, zero-shot foundation model",30,0.151,0.0957,66.36,43.87,58.43,598
GoiEner households,test,696,696,Chronos-2,Chronos-2,"load only, zero-shot foundation model",31,0.1542,0.0969,64.82,41.64,57.09,598
GoiEner households,test,696,696,ANKYRA,ANKYRA,,1,0.1256,0.0823,59.39,41.27,50.78,598
GoiEner households,test,696,696,ANKYRA,ANKYRA,,2,0.1267,0.0831,63.42,41.74,51.48,598
GoiEner households,test,696,696,ANKYRA,ANKYRA,,3,0.1253,0.083,60.01,42.1,50.92,598
GoiEner households,test,696,696,ANKYRA,ANKYRA,,4,0.1283,0.0847,62.52,43.3,54.66,598
GoiEner households,test,696,696,ANKYRA,ANKYRA,,5,0.1312,0.0876,64.13,44.0,53.91,598
GoiEner households,test,696,696,ANKYRA,ANKYRA,,6,0.1318,0.0883,65.87,45.98,55.18,598
GoiEner households,test,696,696,ANKYRA,ANKYRA,,7,0.1354,0.0907,64.52,45.08,55.93,598
GoiEner households,test,696,696,ANKYRA,ANKYRA,,8,0.1437,0.0971,65.67,46.86,58.53,598
GoiEner households,test,696,696,ANKYRA,ANKYRA,,9,0.1443,0.097,64.94,46.1,57.32,598
GoiEner households,test,696,696,ANKYRA,ANKYRA,,10,0.1428,0.0973,62.68,45.02,55.89,598
GoiEner households,test,696,696,ANKYRA,ANKYRA,,11,0.1552,0.1024,67.82,48.85,61.83,598
GoiEner households,test,696,696,ANKYRA,ANKYRA,,12,0.1513,0.1027,64.9,47.34,60.54,598
GoiEner households,test,696,696,ANKYRA,ANKYRA,,13,0.1474,0.0995,65.93,47.36,58.64,598
GoiEner households,test,696,696,ANKYRA,ANKYRA,,14,0.1557,0.1045,68.9,51.42,62.51,598
GoiEner households,test,696,696,ANKYRA,ANKYRA,,15,0.1598,0.1073,70.67,48.52,61.39,598
GoiEner households,test,696,696,ANKYRA,ANKYRA,,16,0.1614,0.108,68.96,48.46,61.53,598
GoiEner households,test,696,696,ANKYRA,ANKYRA,,17,0.1518,0.103,64.01,46.69,58.82,598
GoiEner households,test,696,696,ANKYRA,ANKYRA,,18,0.1582,0.1069,73.58,49.3,62.94,598
GoiEner households,test,696,696,ANKYRA,ANKYRA,,19,0.1591,0.1078,70.11,51.39,62.52,598
GoiEner households,test,696,696,ANKYRA,ANKYRA,,20,0.1625,0.1079,71.89,50.48,65.75,598
GoiEner households,test,696,696,ANKYRA,ANKYRA,,21,0.1616,0.1088,66.78,48.15,62.53,598
GoiEner households,test,696,696,ANKYRA,ANKYRA,,22,0.1637,0.1095,74.1,51.74,64.38,598
GoiEner households,test,696,696,ANKYRA,ANKYRA,,23,0.1574,0.1066,71.52,51.37,63.97,598
GoiEner households,test,696,696,ANKYRA,ANKYRA,,24,0.1588,0.106,72.88,52.45,62.9,598
GoiEner households,test,696,696,ANKYRA,ANKYRA,,25,0.1507,0.1029,68.13,50.6,61.89,598
GoiEner households,test,696,696,ANKYRA,ANKYRA,,26,0.1496,0.1035,68.7,50.19,62.94,598
GoiEner households,test,696,696,ANKYRA,ANKYRA,,27,0.1507,0.1024,69.1,50.28,61.92,598
GoiEner households,test,696,696,ANKYRA,ANKYRA,,28,0.1566,0.1061,71.78,50.98,65.78,598
GoiEner households,test,696,696,ANKYRA,ANKYRA,,29,0.1495,0.1015,74.05,50.62,63.75,598
GoiEner households,test,696,696,ANKYRA,ANKYRA,,30,0.1492,0.1019,70.63,50.01,63.44,598
GoiEner households,test,696,696,ANKYRA,ANKYRA,,31,0.1535,0.104,70.56,51.37,63.52,598
GoiEner households,test,696,696,GBT,GBT (zero-shot),zero-shot gradient boosting,1,0.1486,0.1003,72.88,51.5,64.32,598
GoiEner households,test,696,696,GBT,GBT (zero-shot),zero-shot gradient boosting,2,0.1516,0.1033,75.55,52.54,66.32,598
GoiEner households,test,696,696,GBT,GBT (zero-shot),zero-shot gradient boosting,3,0.1516,0.1038,75.87,52.97,67.61,598
GoiEner households,test,696,696,GBT,GBT (zero-shot),zero-shot gradient boosting,4,0.1537,0.1051,79.43,54.7,69.7,598
GoiEner households,test,696,696,GBT,GBT (zero-shot),zero-shot gradient boosting,5,0.1592,0.1087,84.97,56.61,70.67,598
GoiEner households,test,696,696,GBT,GBT (zero-shot),zero-shot gradient boosting,6,0.1596,0.1095,84.95,57.2,71.91,598
GoiEner households,test,696,696,GBT,GBT (zero-shot),zero-shot gradient boosting,7,0.1676,0.1164,85.13,58.59,74.18,598
GoiEner households,test,696,696,GBT,GBT (zero-shot),zero-shot gradient boosting,8,0.1848,0.1313,97.78,67.65,81.71,598
GoiEner households,test,696,696,GBT,GBT (zero-shot),zero-shot gradient boosting,9,0.1773,0.1255,88.0,60.84,75.42,598
GoiEner households,test,696,696,GBT,GBT (zero-shot),zero-shot gradient boosting,10,0.1788,0.1268,88.82,60.44,76.59,598
GoiEner households,test,696,696,GBT,GBT (zero-shot),zero-shot gradient boosting,11,0.1873,0.1316,96.32,64.65,79.24,598
GoiEner households,test,696,696,GBT,GBT (zero-shot),zero-shot gradient boosting,12,0.1886,0.1347,94.52,63.32,80.64,598
GoiEner households,test,696,696,GBT,GBT (zero-shot),zero-shot gradient boosting,13,0.1859,0.1322,91.85,62.4,79.81,598
GoiEner households,test,696,696,GBT,GBT (zero-shot),zero-shot gradient boosting,14,0.1918,0.1349,98.14,65.96,82.16,598
GoiEner households,test,696,696,GBT,GBT (zero-shot),zero-shot gradient boosting,15,0.1952,0.1383,94.87,64.46,81.89,598
GoiEner households,test,696,696,GBT,GBT (zero-shot),zero-shot gradient boosting,16,0.2064,0.1455,99.5,68.98,85.98,598
GoiEner households,test,696,696,GBT,GBT (zero-shot),zero-shot gradient boosting,17,0.1926,0.1394,91.46,63.94,81.52,598
GoiEner households,test,696,696,GBT,GBT (zero-shot),zero-shot gradient boosting,18,0.1944,0.1393,95.06,66.26,82.73,598
GoiEner households,test,696,696,GBT,GBT (zero-shot),zero-shot gradient boosting,19,0.1965,0.1408,97.02,66.02,82.58,598
GoiEner households,test,696,696,GBT,GBT (zero-shot),zero-shot gradient boosting,20,0.2039,0.1457,97.66,67.04,86.99,598
GoiEner households,test,696,696,GBT,GBT (zero-shot),zero-shot gradient boosting,21,0.2017,0.1455,97.42,65.11,85.9,598
GoiEner households,test,696,696,GBT,GBT (zero-shot),zero-shot gradient boosting,22,0.2064,0.1487,107.53,70.66,89.38,598
GoiEner households,test,696,696,GBT,GBT (zero-shot),zero-shot gradient boosting,23,0.2073,0.1518,102.43,70.55,90.41,598
GoiEner households,test,696,696,GBT,GBT (zero-shot),zero-shot gradient boosting,24,0.2108,0.1517,103.59,70.27,89.27,598
GoiEner households,test,696,696,GBT,GBT (zero-shot),zero-shot gradient boosting,25,0.2026,0.1487,101.38,68.42,86.51,598
GoiEner households,test,696,696,GBT,GBT (zero-shot),zero-shot gradient boosting,26,0.2017,0.1483,101.23,70.52,88.11,598
GoiEner households,test,696,696,GBT,GBT (zero-shot),zero-shot gradient boosting,27,0.2078,0.1504,104.94,71.21,91.2,598
GoiEner households,test,696,696,GBT,GBT (zero-shot),zero-shot gradient boosting,28,0.2124,0.1536,108.39,74.55,93.52,598
GoiEner households,test,696,696,GBT,GBT (zero-shot),zero-shot gradient boosting,29,0.3057,0.2036,121.15,79.72,109.53,598
GoiEner households,test,696,696,GBT,GBT (zero-shot),zero-shot gradient boosting,30,0.3047,0.2064,119.41,82.96,111.48,598
GoiEner households,test,696,696,GBT,GBT (zero-shot),zero-shot gradient boosting,31,0.2796,0.1907,122.01,81.93,110.27,598
GoiEner households,test,696,696,Holt-Winters,Holt-Winters,"load only, statistical",1,0.1496,0.1036,75.49,53.49,64.59,598
GoiEner households,test,696,696,Holt-Winters,Holt-Winters,"load only, statistical",2,0.1512,0.1071,78.59,54.63,66.01,598
GoiEner households,test,696,696,Holt-Winters,Holt-Winters,"load only, statistical",3,0.1488,0.1067,79.43,54.34,63.26,598
GoiEner households,test,696,696,Holt-Winters,Holt-Winters,"load only, statistical",4,0.152,0.1083,78.53,54.42,67.18,598
GoiEner households,test,696,696,Holt-Winters,Holt-Winters,"load only, statistical",5,0.1592,0.1135,81.36,56.73,68.65,598
GoiEner households,test,696,696,Holt-Winters,Holt-Winters,"load only, statistical",6,0.1583,0.1135,85.82,59.44,69.01,598
GoiEner households,test,696,696,Holt-Winters,Holt-Winters,"load only, statistical",7,0.16,0.1142,80.23,56.03,69.0,598
GoiEner households,test,696,696,Holt-Winters,Holt-Winters,"load only, statistical",8,0.174,0.1251,85.12,60.03,73.82,598
GoiEner households,test,696,696,Holt-Winters,Holt-Winters,"load only, statistical",9,0.1784,0.1284,87.1,59.65,76.28,598
GoiEner households,test,696,696,Holt-Winters,Holt-Winters,"load only, statistical",10,0.1733,0.1268,85.31,59.61,72.32,598
GoiEner households,test,696,696,Holt-Winters,Holt-Winters,"load only, statistical",11,0.1854,0.1308,92.63,63.94,77.95,598
GoiEner households,test,696,696,Holt-Winters,Holt-Winters,"load only, statistical",12,0.1809,0.1309,88.73,61.14,75.76,598
GoiEner households,test,696,696,Holt-Winters,Holt-Winters,"load only, statistical",13,0.1747,0.1258,84.18,57.58,72.12,598
GoiEner households,test,696,696,Holt-Winters,Holt-Winters,"load only, statistical",14,0.1793,0.1286,88.58,60.74,74.75,598
GoiEner households,test,696,696,Holt-Winters,Holt-Winters,"load only, statistical",15,0.19,0.1352,88.24,62.44,77.45,598
GoiEner households,test,696,696,Holt-Winters,Holt-Winters,"load only, statistical",16,0.1905,0.1357,92.73,63.8,78.33,598
GoiEner households,test,696,696,Holt-Winters,Holt-Winters,"load only, statistical",17,0.179,0.1305,83.98,59.5,73.74,598
GoiEner households,test,696,696,Holt-Winters,Holt-Winters,"load only, statistical",18,0.1849,0.1326,91.26,63.17,77.02,598
GoiEner households,test,696,696,Holt-Winters,Holt-Winters,"load only, statistical",19,0.1859,0.1333,88.82,61.39,75.83,598
GoiEner households,test,696,696,Holt-Winters,Holt-Winters,"load only, statistical",20,0.1891,0.1331,92.66,63.06,79.26,598
GoiEner households,test,696,696,Holt-Winters,Holt-Winters,"load only, statistical",21,0.1855,0.1322,88.64,61.98,75.28,598
GoiEner households,test,696,696,Holt-Winters,Holt-Winters,"load only, statistical",22,0.1929,0.137,91.84,63.16,79.57,598
GoiEner households,test,696,696,Holt-Winters,Holt-Winters,"load only, statistical",23,0.1858,0.1333,91.92,64.22,79.24,598
GoiEner households,test,696,696,Holt-Winters,Holt-Winters,"load only, statistical",24,0.1844,0.1318,90.96,64.47,77.85,598
GoiEner households,test,696,696,Holt-Winters,Holt-Winters,"load only, statistical",25,0.1791,0.1301,88.88,61.89,76.39,598
GoiEner households,test,696,696,Holt-Winters,Holt-Winters,"load only, statistical",26,0.174,0.1272,85.98,59.44,74.7,598
GoiEner households,test,696,696,Holt-Winters,Holt-Winters,"load only, statistical",27,0.1787,0.1294,87.19,60.23,74.28,598
GoiEner households,test,696,696,Holt-Winters,Holt-Winters,"load only, statistical",28,0.1832,0.1308,90.83,62.13,78.32,598
GoiEner households,test,696,696,Holt-Winters,Holt-Winters,"load only, statistical",29,0.1791,0.1287,89.77,60.59,78.34,598
GoiEner households,test,696,696,Holt-Winters,Holt-Winters,"load only, statistical",30,0.178,0.1289,88.56,63.2,78.49,598
GoiEner households,test,696,696,Holt-Winters,Holt-Winters,"load only, statistical",31,0.1831,0.1319,91.84,65.57,78.69,598
GoiEner households,test,696,696,LYR-profile,Last-year profile,profile,1,0.2173,0.1409,99.78,67.16,93.83,598
GoiEner households,test,696,696,LYR-profile,Last-year profile,profile,2,0.2102,0.1348,97.96,64.73,93.17,598
GoiEner households,test,696,696,LYR-profile,Last-year profile,profile,3,0.2111,0.1352,100.43,62.81,89.76,598
GoiEner households,test,696,696,LYR-profile,Last-year profile,profile,4,0.2105,0.1357,97.0,63.48,94.71,598
GoiEner households,test,696,696,LYR-profile,Last-year profile,profile,5,0.2151,0.1383,100.51,65.2,91.9,598
GoiEner households,test,696,696,LYR-profile,Last-year profile,profile,6,0.2096,0.1343,99.42,64.4,90.27,598
GoiEner households,test,696,696,LYR-profile,Last-year profile,profile,7,0.2084,0.1329,97.6,62.74,92.9,598
GoiEner households,test,696,696,LYR-profile,Last-year profile,profile,8,0.2103,0.135,99.49,64.41,91.95,598
GoiEner households,test,696,696,LYR-profile,Last-year profile,profile,9,0.2119,0.1358,99.01,64.05,92.42,598
GoiEner households,test,696,696,LYR-profile,Last-year profile,profile,10,0.214,0.138,101.3,64.46,89.73,598
GoiEner households,test,696,696,LYR-profile,Last-year profile,profile,11,0.2177,0.138,99.95,64.17,94.97,598
GoiEner households,test,696,696,LYR-profile,Last-year profile,profile,12,0.2111,0.136,97.59,63.75,94.15,598
GoiEner households,test,696,696,LYR-profile,Last-year profile,profile,13,0.2113,0.1346,102.95,63.6,88.74,598
GoiEner households,test,696,696,LYR-profile,Last-year profile,profile,14,0.2149,0.1387,104.12,66.3,97.14,598
GoiEner households,test,696,696,LYR-profile,Last-year profile,profile,15,0.2235,0.1443,106.61,69.68,98.12,598
GoiEner households,test,696,696,LYR-profile,Last-year profile,profile,16,0.2224,0.1419,100.29,64.71,94.76,598
GoiEner households,test,696,696,LYR-profile,Last-year profile,profile,17,0.2178,0.1404,100.18,66.9,89.48,598
GoiEner households,test,696,696,LYR-profile,Last-year profile,profile,18,0.2157,0.1384,99.4,63.64,92.48,598
GoiEner households,test,696,696,LYR-profile,Last-year profile,profile,19,0.2214,0.1418,104.76,65.87,95.69,598
GoiEner households,test,696,696,LYR-profile,Last-year profile,profile,20,0.2263,0.1433,104.16,68.01,98.94,598
GoiEner households,test,696,696,LYR-profile,Last-year profile,profile,21,0.2176,0.1399,98.06,62.35,94.74,598
GoiEner households,test,696,696,LYR-profile,Last-year profile,profile,22,0.2268,0.1442,108.73,68.42,97.67,598
GoiEner households,test,696,696,LYR-profile,Last-year profile,profile,23,0.2234,0.1455,98.05,64.58,93.07,598
GoiEner households,test,696,696,LYR-profile,Last-year profile,profile,24,0.2279,0.1459,105.31,68.06,93.08,598
GoiEner households,test,696,696,LYR-profile,Last-year profile,profile,25,0.2209,0.1411,100.58,64.48,93.5,598
GoiEner households,test,696,696,LYR-profile,Last-year profile,profile,26,0.2081,0.1343,97.39,63.52,90.99,598
GoiEner households,test,696,696,LYR-profile,Last-year profile,profile,27,0.2113,0.1371,97.1,63.34,86.54,598
GoiEner households,test,696,696,LYR-profile,Last-year profile,profile,28,0.2204,0.1407,104.17,64.49,95.62,598
GoiEner households,test,696,696,LYR-profile,Last-year profile,profile,29,0.2234,0.1441,105.75,65.92,96.21,598
GoiEner households,test,696,696,LYR-profile,Last-year profile,profile,30,0.222,0.1426,102.61,66.02,97.29,598
GoiEner households,test,696,696,LYR-profile,Last-year profile,profile,31,0.2277,0.1462,106.91,68.04,95.55,598
GoiEner households,test,696,696,MSTL,MSTL,"load only, statistical",1,0.1783,0.1225,100.75,69.47,79.88,598
GoiEner households,test,696,696,MSTL,MSTL,"load only, statistical",2,0.1764,0.1218,98.85,68.51,81.15,598
GoiEner households,test,696,696,MSTL,MSTL,"load only, statistical",3,0.1731,0.1196,95.32,66.1,79.26,598
GoiEner households,test,696,696,MSTL,MSTL,"load only, statistical",4,0.1735,0.1195,97.33,67.83,80.31,598
GoiEner households,test,696,696,MSTL,MSTL,"load only, statistical",5,0.1809,0.123,97.56,65.66,80.09,598
GoiEner households,test,696,696,MSTL,MSTL,"load only, statistical",6,0.1729,0.118,99.11,67.33,78.38,598
GoiEner households,test,696,696,MSTL,MSTL,"load only, statistical",7,0.169,0.114,91.57,61.79,75.46,598
GoiEner households,test,696,696,MSTL,MSTL,"load only, statistical",8,0.1973,0.1371,107.68,73.66,89.46,598
GoiEner households,test,696,696,MSTL,MSTL,"load only, statistical",9,0.1957,0.137,103.83,71.7,88.76,598
GoiEner households,test,696,696,MSTL,MSTL,"load only, statistical",10,0.1929,0.1365,102.3,70.43,87.81,598
GoiEner households,test,696,696,MSTL,MSTL,"load only, statistical",11,0.2041,0.1396,105.84,73.89,89.29,598
GoiEner households,test,696,696,MSTL,MSTL,"load only, statistical",12,0.1971,0.1366,100.51,70.18,86.71,598
GoiEner households,test,696,696,MSTL,MSTL,"load only, statistical",13,0.1888,0.1288,96.82,64.88,82.47,598
GoiEner households,test,696,696,MSTL,MSTL,"load only, statistical",14,0.1897,0.1284,101.5,64.81,81.63,598
GoiEner households,test,696,696,MSTL,MSTL,"load only, statistical",15,0.2124,0.1472,110.76,75.79,92.85,598
GoiEner households,test,696,696,MSTL,MSTL,"load only, statistical",16,0.2105,0.1468,110.45,75.88,94.06,598
GoiEner households,test,696,696,MSTL,MSTL,"load only, statistical",17,0.2002,0.1416,101.53,71.69,89.76,598
GoiEner households,test,696,696,MSTL,MSTL,"load only, statistical",18,0.2001,0.1391,106.19,71.81,88.87,598
GoiEner households,test,696,696,MSTL,MSTL,"load only, statistical",19,0.2055,0.1418,105.0,72.84,88.47,598
GoiEner households,test,696,696,MSTL,MSTL,"load only, statistical",20,0.2036,0.1373,107.44,72.36,88.85,598
GoiEner households,test,696,696,MSTL,MSTL,"load only, statistical",21,0.1946,0.132,99.5,67.29,81.87,598
GoiEner households,test,696,696,MSTL,MSTL,"load only, statistical",22,0.2121,0.1483,113.22,77.41,94.7,598
GoiEner households,test,696,696,MSTL,MSTL,"load only, statistical",23,0.2082,0.1452,110.43,73.59,94.73,598
GoiEner households,test,696,696,MSTL,MSTL,"load only, statistical",24,0.2094,0.1455,111.34,75.32,94.13,598
GoiEner households,test,696,696,MSTL,MSTL,"load only, statistical",25,0.2004,0.1405,109.29,73.48,90.31,598
GoiEner households,test,696,696,MSTL,MSTL,"load only, statistical",26,0.1942,0.1365,104.96,71.23,87.18,598
GoiEner households,test,696,696,MSTL,MSTL,"load only, statistical",27,0.195,0.1348,101.06,69.42,85.5,598
GoiEner households,test,696,696,MSTL,MSTL,"load only, statistical",28,0.1903,0.1297,99.1,67.26,84.51,598
GoiEner households,test,696,696,MSTL,MSTL,"load only, statistical",29,0.1999,0.141,108.32,74.24,93.69,598
GoiEner households,test,696,696,MSTL,MSTL,"load only, statistical",30,0.2026,0.1425,110.28,77.25,95.46,598
GoiEner households,test,696,696,MSTL,MSTL,"load only, statistical",31,0.2044,0.1433,112.45,75.72,96.09,598
GoiEner households,test,696,696,SN-day,Seasonal naive (day),naive,1,0.1648,0.0984,78.21,47.94,58.0,598
GoiEner households,test,696,696,SN-day,Seasonal naive (day),naive,2,0.1751,0.1062,85.78,52.48,64.62,598
GoiEner households,test,696,696,SN-day,Seasonal naive (day),naive,3,0.1771,0.1077,87.95,53.32,66.71,598
GoiEner households,test,696,696,SN-day,Seasonal naive (day),naive,4,0.176,0.1064,88.06,54.51,69.55,598
GoiEner households,test,696,696,SN-day,Seasonal naive (day),naive,5,0.1838,0.1125,94.81,58.31,73.61,598
GoiEner households,test,696,696,SN-day,Seasonal naive (day),naive,6,0.1814,0.1108,92.52,56.35,72.87,598
GoiEner households,test,696,696,SN-day,Seasonal naive (day),naive,7,0.1736,0.1061,87.02,52.28,68.69,598
GoiEner households,test,696,696,SN-day,Seasonal naive (day),naive,8,0.1864,0.1162,89.83,55.56,72.37,598
GoiEner households,test,696,696,SN-day,Seasonal naive (day),naive,9,0.1906,0.1201,89.6,55.61,74.38,598
GoiEner households,test,696,696,SN-day,Seasonal naive (day),naive,10,0.1985,0.1257,96.21,59.3,75.68,598
GoiEner households,test,696,696,SN-day,Seasonal naive (day),naive,11,0.2039,0.1252,97.82,60.05,79.51,598
GoiEner households,test,696,696,SN-day,Seasonal naive (day),naive,12,0.2014,0.1275,98.48,60.25,80.47,598
GoiEner households,test,696,696,SN-day,Seasonal naive (day),naive,13,0.199,0.1248,98.82,59.06,79.19,598
GoiEner households,test,696,696,SN-day,Seasonal naive (day),naive,14,0.1948,0.1212,94.4,56.14,76.69,598
GoiEner households,test,696,696,SN-day,Seasonal naive (day),naive,15,0.2046,0.1272,95.5,58.61,79.28,598
GoiEner households,test,696,696,SN-day,Seasonal naive (day),naive,16,0.2084,0.1317,97.52,58.98,80.99,598
GoiEner households,test,696,696,SN-day,Seasonal naive (day),naive,17,0.2076,0.1317,93.92,60.23,81.23,598
GoiEner households,test,696,696,SN-day,Seasonal naive (day),naive,18,0.2062,0.1295,97.61,59.81,81.4,598
GoiEner households,test,696,696,SN-day,Seasonal naive (day),naive,19,0.2106,0.1323,103.97,64.93,83.61,598
GoiEner households,test,696,696,SN-day,Seasonal naive (day),naive,20,0.2135,0.1328,101.02,62.79,85.61,598
GoiEner households,test,696,696,SN-day,Seasonal naive (day),naive,21,0.1982,0.1233,93.85,57.11,76.08,598
GoiEner households,test,696,696,SN-day,Seasonal naive (day),naive,22,0.2051,0.1287,98.63,59.91,79.75,598
GoiEner households,test,696,696,SN-day,Seasonal naive (day),naive,23,0.2028,0.1285,98.2,61.38,80.9,598
GoiEner households,test,696,696,SN-day,Seasonal naive (day),naive,24,0.212,0.1332,101.09,62.72,82.16,598
GoiEner households,test,696,696,SN-day,Seasonal naive (day),naive,25,0.1991,0.1249,96.15,58.83,77.87,598
GoiEner households,test,696,696,SN-day,Seasonal naive (day),naive,26,0.2005,0.1278,98.48,63.35,82.25,598
GoiEner households,test,696,696,SN-day,Seasonal naive (day),naive,27,0.2018,0.1273,98.78,61.31,81.56,598
GoiEner households,test,696,696,SN-day,Seasonal naive (day),naive,28,0.1957,0.1226,92.95,57.85,79.98,598
GoiEner households,test,696,696,SN-day,Seasonal naive (day),naive,29,0.1908,0.1206,94.52,56.83,78.61,598
GoiEner households,test,696,696,SN-day,Seasonal naive (day),naive,30,0.1995,0.1269,97.04,61.72,83.43,598
GoiEner households,test,696,696,SN-day,Seasonal naive (day),naive,31,0.2033,0.1284,98.28,61.75,83.42,598
GoiEner households,test,696,696,SN-week,Seasonal naive (week),naive,1,0.1786,0.1095,85.64,52.49,67.17,598
GoiEner households,test,696,696,SN-week,Seasonal naive (week),naive,2,0.1668,0.1008,82.48,50.45,65.3,598
GoiEner households,test,696,696,SN-week,Seasonal naive (week),naive,3,0.1647,0.0998,78.71,47.32,61.77,598
GoiEner households,test,696,696,SN-week,Seasonal naive (week),naive,4,0.1644,0.0998,80.31,49.01,66.53,598
GoiEner households,test,696,696,SN-week,Seasonal naive (week),naive,5,0.1776,0.108,83.5,50.51,68.08,598
GoiEner households,test,696,696,SN-week,Seasonal naive (week),naive,6,0.1697,0.1047,87.53,52.92,66.14,598
GoiEner households,test,696,696,SN-week,Seasonal naive (week),naive,7,0.1736,0.1061,87.02,52.28,68.69,598
GoiEner households,test,696,696,SN-week,Seasonal naive (week),naive,8,0.1875,0.117,90.19,53.29,74.22,598
GoiEner households,test,696,696,SN-week,Seasonal naive (week),naive,9,0.1822,0.1135,82.35,51.42,71.75,598
GoiEner households,test,696,696,SN-week,Seasonal naive (week),naive,10,0.1824,0.1153,83.38,50.42,68.05,598
GoiEner households,test,696,696,SN-week,Seasonal naive (week),naive,11,0.192,0.1175,89.34,53.55,75.79,598
GoiEner households,test,696,696,SN-week,Seasonal naive (week),naive,12,0.1925,0.1206,86.2,52.84,73.68,598
GoiEner households,test,696,696,SN-week,Seasonal naive (week),naive,13,0.1834,0.1151,85.35,50.7,69.13,598
GoiEner households,test,696,696,SN-week,Seasonal naive (week),naive,14,0.1948,0.1212,94.4,56.14,76.69,598
GoiEner households,test,696,696,SN-week,Seasonal naive (week),naive,15,0.1998,0.1259,93.36,57.9,76.97,598
GoiEner households,test,696,696,SN-week,Seasonal naive (week),naive,16,0.1967,0.1231,92.96,56.12,77.48,598
GoiEner households,test,696,696,SN-week,Seasonal naive (week),naive,17,0.1897,0.12,86.01,53.95,72.46,598
GoiEner households,test,696,696,SN-week,Seasonal naive (week),naive,18,0.1903,0.1193,90.38,55.73,76.76,598
GoiEner households,test,696,696,SN-week,Seasonal naive (week),naive,19,0.2026,0.1269,93.75,59.07,77.63,598
GoiEner households,test,696,696,SN-week,Seasonal naive (week),naive,20,0.1998,0.1246,94.61,59.57,76.23,598
GoiEner households,test,696,696,SN-week,Seasonal naive (week),naive,21,0.1982,0.1233,93.85,57.11,76.08,598
GoiEner households,test,696,696,SN-week,Seasonal naive (week),naive,22,0.2034,0.1273,96.1,58.69,80.12,598
GoiEner households,test,696,696,SN-week,Seasonal naive (week),naive,23,0.1975,0.1238,96.16,58.56,80.59,598
GoiEner households,test,696,696,SN-week,Seasonal naive (week),naive,24,0.1981,0.1238,92.81,58.02,76.14,598
GoiEner households,test,696,696,SN-week,Seasonal naive (week),naive,25,0.1867,0.1176,95.91,56.97,76.04,598
GoiEner households,test,696,696,SN-week,Seasonal naive (week),naive,26,0.1917,0.1215,91.8,57.56,77.28,598
GoiEner households,test,696,696,SN-week,Seasonal naive (week),naive,27,0.1877,0.1194,89.0,56.36,73.08,598
GoiEner households,test,696,696,SN-week,Seasonal naive (week),naive,28,0.1957,0.1226,92.95,57.85,79.98,598
GoiEner households,test,696,696,SN-week,Seasonal naive (week),naive,29,0.1916,0.1205,93.72,57.66,79.79,598
GoiEner households,test,696,696,SN-week,Seasonal naive (week),naive,30,0.1902,0.1196,92.78,60.29,79.24,598
GoiEner households,test,696,696,SN-week,Seasonal naive (week),naive,31,0.1942,0.122,95.38,59.21,79.39,598
GoiEner households,test,696,696,SP-profile,Previous-month profile,profile,1,0.1539,0.103,78.66,54.08,68.57,598
GoiEner households,test,696,696,SP-profile,Previous-month profile,profile,2,0.1467,0.0989,75.84,51.94,67.41,598
GoiEner households,test,696,696,SP-profile,Previous-month profile,profile,3,0.1438,0.0982,74.46,51.91,64.28,598
GoiEner households,test,696,696,SP-profile,Previous-month profile,profile,4,0.1404,0.0935,72.86,49.47,64.73,598
GoiEner households,test,696,696,SP-profile,Previous-month profile,profile,5,0.1471,0.0977,76.86,50.88,66.05,598
GoiEner households,test,696,696,SP-profile,Previous-month profile,profile,6,0.1494,0.1007,81.52,54.2,68.45,598
GoiEner households,test,696,696,SP-profile,Previous-month profile,profile,7,0.1513,0.1017,76.48,52.73,68.3,598
GoiEner households,test,696,696,SP-profile,Previous-month profile,profile,8,0.1634,0.1106,81.19,54.55,72.98,598
GoiEner households,test,696,696,SP-profile,Previous-month profile,profile,9,0.1634,0.1113,81.12,54.41,72.84,598
GoiEner households,test,696,696,SP-profile,Previous-month profile,profile,10,0.162,0.1127,78.94,54.42,69.55,598
GoiEner households,test,696,696,SP-profile,Previous-month profile,profile,11,0.1708,0.113,83.25,56.99,72.92,598
GoiEner households,test,696,696,SP-profile,Previous-month profile,profile,12,0.1731,0.1176,82.91,55.87,74.46,598
GoiEner households,test,696,696,SP-profile,Previous-month profile,profile,13,0.1633,0.1112,76.23,52.31,70.41,598
GoiEner households,test,696,696,SP-profile,Previous-month profile,profile,14,0.1689,0.1139,85.75,56.29,72.9,598
GoiEner households,test,696,696,SP-profile,Previous-month profile,profile,15,0.1755,0.1192,83.89,57.36,73.92,598
GoiEner households,test,696,696,SP-profile,Previous-month profile,profile,16,0.1775,0.1203,85.85,59.17,76.07,598
GoiEner households,test,696,696,SP-profile,Previous-month profile,profile,17,0.1682,0.1168,77.81,54.34,71.36,598
GoiEner households,test,696,696,SP-profile,Previous-month profile,profile,18,0.1705,0.1152,81.52,55.98,72.53,598
GoiEner households,test,696,696,SP-profile,Previous-month profile,profile,19,0.1724,0.1168,81.69,56.6,71.8,598
GoiEner households,test,696,696,SP-profile,Previous-month profile,profile,20,0.1777,0.1189,83.73,57.13,76.22,598
GoiEner households,test,696,696,SP-profile,Previous-month profile,profile,21,0.1753,0.1182,83.44,57.25,73.37,598
GoiEner households,test,696,696,SP-profile,Previous-month profile,profile,22,0.1777,0.1189,87.0,58.54,75.7,598
GoiEner households,test,696,696,SP-profile,Previous-month profile,profile,23,0.172,0.1174,87.2,58.51,75.98,598
GoiEner households,test,696,696,SP-profile,Previous-month profile,profile,24,0.1734,0.1177,86.43,58.9,74.39,598
GoiEner households,test,696,696,SP-profile,Previous-month profile,profile,25,0.1644,0.1122,81.77,56.11,71.56,598
GoiEner households,test,696,696,SP-profile,Previous-month profile,profile,26,0.1614,0.1111,79.24,54.7,72.1,598
GoiEner households,test,696,696,SP-profile,Previous-month profile,profile,27,0.1657,0.1135,77.81,55.84,71.81,598
GoiEner households,test,696,696,SP-profile,Previous-month profile,profile,28,0.1699,0.1145,87.19,58.98,75.61,598
GoiEner households,test,696,696,SP-profile,Previous-month profile,profile,29,0.1645,0.1117,84.83,57.95,74.79,598
GoiEner households,test,696,696,SP-profile,Previous-month profile,profile,30,0.1661,0.1142,84.54,59.81,75.2,598
GoiEner households,test,696,696,SP-profile,Previous-month profile,profile,31,0.1691,0.1159,86.61,59.12,74.94,598
GoiEner households,test,696,696,TimesFM-X,TimesFM-X,"same information, zero-shot foundation model",1,0.125,0.0761,57.36,37.18,46.74,598
GoiEner households,test,696,696,TimesFM-X,TimesFM-X,"same information, zero-shot foundation model",2,0.1254,0.0774,59.6,38.84,48.1,598
GoiEner households,test,696,696,TimesFM-X,TimesFM-X,"same information, zero-shot foundation model",3,0.1251,0.0781,58.83,40.1,48.57,598
GoiEner households,test,696,696,TimesFM-X,TimesFM-X,"same information, zero-shot foundation model",4,0.1297,0.0806,60.37,39.92,53.04,598
GoiEner households,test,696,696,TimesFM-X,TimesFM-X,"same information, zero-shot foundation model",5,0.1327,0.0835,62.54,40.23,52.5,598
GoiEner households,test,696,696,TimesFM-X,TimesFM-X,"same information, zero-shot foundation model",6,0.1314,0.0823,65.7,41.59,52.33,598
GoiEner households,test,696,696,TimesFM-X,TimesFM-X,"same information, zero-shot foundation model",7,0.1368,0.0859,62.87,41.58,54.27,598
GoiEner households,test,696,696,TimesFM-X,TimesFM-X,"same information, zero-shot foundation model",8,0.1461,0.0935,67.37,45.4,56.4,598
GoiEner households,test,696,696,TimesFM-X,TimesFM-X,"same information, zero-shot foundation model",9,0.1473,0.0946,65.25,42.41,55.58,598
GoiEner households,test,696,696,TimesFM-X,TimesFM-X,"same information, zero-shot foundation model",10,0.1459,0.0952,62.42,43.7,54.94,598
GoiEner households,test,696,696,TimesFM-X,TimesFM-X,"same information, zero-shot foundation model",11,0.1581,0.0995,69.44,46.1,60.75,598
GoiEner households,test,696,696,TimesFM-X,TimesFM-X,"same information, zero-shot foundation model",12,0.1534,0.0992,65.67,44.08,59.31,598
GoiEner households,test,696,696,TimesFM-X,TimesFM-X,"same information, zero-shot foundation model",13,0.1487,0.0956,65.93,43.33,57.41,598
GoiEner households,test,696,696,TimesFM-X,TimesFM-X,"same information, zero-shot foundation model",14,0.1583,0.1009,69.84,47.18,61.59,598
GoiEner households,test,696,696,TimesFM-X,TimesFM-X,"same information, zero-shot foundation model",15,0.1628,0.1046,71.57,47.51,60.65,598
GoiEner households,test,696,696,TimesFM-X,TimesFM-X,"same information, zero-shot foundation model",16,0.1633,0.105,69.21,46.49,59.31,598
GoiEner households,test,696,696,TimesFM-X,TimesFM-X,"same information, zero-shot foundation model",17,0.1538,0.1003,66.27,44.45,57.16,598
GoiEner households,test,696,696,TimesFM-X,TimesFM-X,"same information, zero-shot foundation model",18,0.1605,0.1032,71.13,47.02,61.26,598
GoiEner households,test,696,696,TimesFM-X,TimesFM-X,"same information, zero-shot foundation model",19,0.1603,0.1035,72.29,47.89,60.95,598
GoiEner households,test,696,696,TimesFM-X,TimesFM-X,"same information, zero-shot foundation model",20,0.1636,0.1036,71.67,47.74,63.94,598
GoiEner households,test,696,696,TimesFM-X,TimesFM-X,"same information, zero-shot foundation model",21,0.163,0.1048,68.05,45.54,61.51,598
GoiEner households,test,696,696,TimesFM-X,TimesFM-X,"same information, zero-shot foundation model",22,0.1667,0.1068,74.61,48.91,62.61,598
GoiEner households,test,696,696,TimesFM-X,TimesFM-X,"same information, zero-shot foundation model",23,0.1608,0.105,72.85,48.24,61.83,598
GoiEner households,test,696,696,TimesFM-X,TimesFM-X,"same information, zero-shot foundation model",24,0.162,0.1042,75.74,50.23,61.14,598
GoiEner households,test,696,696,TimesFM-X,TimesFM-X,"same information, zero-shot foundation model",25,0.1538,0.1007,66.12,46.37,60.08,598
GoiEner households,test,696,696,TimesFM-X,TimesFM-X,"same information, zero-shot foundation model",26,0.1508,0.0996,68.41,45.85,61.34,598
GoiEner households,test,696,696,TimesFM-X,TimesFM-X,"same information, zero-shot foundation model",27,0.1527,0.0997,68.77,47.1,60.7,598
GoiEner households,test,696,696,TimesFM-X,TimesFM-X,"same information, zero-shot foundation model",28,0.1587,0.1025,71.63,47.53,64.8,598
GoiEner households,test,696,696,TimesFM-X,TimesFM-X,"same information, zero-shot foundation model",29,0.1523,0.0992,75.46,48.47,62.54,598
GoiEner households,test,696,696,TimesFM-X,TimesFM-X,"same information, zero-shot foundation model",30,0.1521,0.0999,71.28,48.27,62.22,598
GoiEner households,test,696,696,TimesFM-X,TimesFM-X,"same information, zero-shot foundation model",31,0.1554,0.101,69.59,48.35,61.53,598
GoiEner households,test,696,696,WeekProf4,4-week profile,profile,1,0.1523,0.0985,75.03,49.07,64.16,598
GoiEner households,test,696,696,WeekProf4,4-week profile,profile,2,0.1456,0.0939,75.33,47.26,62.73,598
GoiEner households,test,696,696,WeekProf4,4-week profile,profile,3,0.1418,0.0916,70.51,47.94,60.84,598
GoiEner households,test,696,696,WeekProf4,4-week profile,profile,4,0.1421,0.0911,71.98,46.84,63.36,598
GoiEner households,test,696,696,WeekProf4,4-week profile,profile,5,0.1502,0.0968,74.28,48.6,63.69,598
GoiEner households,test,696,696,WeekProf4,4-week profile,profile,6,0.1489,0.0966,79.66,50.96,64.32,598
GoiEner households,test,696,696,WeekProf4,4-week profile,profile,7,0.1512,0.0978,76.09,47.26,65.5,598
GoiEner households,test,696,696,WeekProf4,4-week profile,profile,8,0.1656,0.109,78.19,50.07,69.32,598
GoiEner households,test,696,696,WeekProf4,4-week profile,profile,9,0.1645,0.108,78.21,48.7,67.98,598
GoiEner households,test,696,696,WeekProf4,4-week profile,profile,10,0.1602,0.1071,76.35,49.49,66.11,598
GoiEner households,test,696,696,WeekProf4,4-week profile,profile,11,0.1731,0.1116,80.46,52.61,72.1,598
GoiEner households,test,696,696,WeekProf4,4-week profile,profile,12,0.1699,0.1122,80.51,52.46,70.61,598
GoiEner households,test,696,696,WeekProf4,4-week profile,profile,13,0.164,0.1076,77.73,50.27,67.06,598
GoiEner households,test,696,696,WeekProf4,4-week profile,profile,14,0.1717,0.1117,83.46,53.42,71.55,598
GoiEner households,test,696,696,WeekProf4,4-week profile,profile,15,0.1809,0.1194,82.82,52.89,71.82,598
GoiEner households,test,696,696,WeekProf4,4-week profile,profile,16,0.1787,0.117,85.0,52.3,72.24,598
GoiEner households,test,696,696,WeekProf4,4-week profile,profile,17,0.1673,0.1113,74.88,50.52,68.28,598
GoiEner households,test,696,696,WeekProf4,4-week profile,profile,18,0.1715,0.1124,80.45,52.4,71.89,598
GoiEner households,test,696,696,WeekProf4,4-week profile,profile,19,0.1748,0.1155,81.09,53.82,70.54,598
GoiEner households,test,696,696,WeekProf4,4-week profile,profile,20,0.1786,0.1156,86.55,55.51,73.05,598
GoiEner households,test,696,696,WeekProf4,4-week profile,profile,21,0.1747,0.1142,81.19,51.67,70.22,598
GoiEner households,test,696,696,WeekProf4,4-week profile,profile,22,0.1789,0.1168,84.14,53.02,72.81,598
GoiEner households,test,696,696,WeekProf4,4-week profile,profile,23,0.1752,0.115,84.0,55.48,72.34,598
GoiEner households,test,696,696,WeekProf4,4-week profile,profile,24,0.174,0.1139,83.51,55.22,71.86,598
GoiEner households,test,696,696,WeekProf4,4-week profile,profile,25,0.1675,0.1113,81.62,53.74,71.88,598
GoiEner households,test,696,696,WeekProf4,4-week profile,profile,26,0.1645,0.1103,79.94,51.66,70.86,598
GoiEner households,test,696,696,WeekProf4,4-week profile,profile,27,0.1673,0.111,82.0,53.32,69.05,598
GoiEner households,test,696,696,WeekProf4,4-week profile,profile,28,0.171,0.1117,83.31,56.4,73.67,598
GoiEner households,test,696,696,WeekProf4,4-week profile,profile,29,0.1688,0.1116,82.84,53.77,73.14,598
GoiEner households,test,696,696,WeekProf4,4-week profile,profile,30,0.1679,0.1114,82.79,54.64,71.68,598
GoiEner households,test,696,696,WeekProf4,4-week profile,profile,31,0.173,0.1142,86.77,56.27,73.9,598
GoiEner households,test,696,696,DLinear,DLinear,"load only, trained",1,0.1362,0.0916,70.37,50.4,61.14,598
GoiEner households,test,696,696,DLinear,DLinear,"load only, trained",2,0.1382,0.0936,71.52,51.62,63.27,598
GoiEner households,test,696,696,DLinear,DLinear,"load only, trained",3,0.1384,0.0952,70.15,50.69,63.96,598
GoiEner households,test,696,696,DLinear,DLinear,"load only, trained",4,0.137,0.094,71.75,50.59,65.29,598
GoiEner households,test,696,696,DLinear,DLinear,"load only, trained",5,0.1435,0.0982,76.56,52.15,66.55,598
GoiEner households,test,696,696,DLinear,DLinear,"load only, trained",6,0.145,0.1004,77.3,54.77,68.16,598
GoiEner households,test,696,696,DLinear,DLinear,"load only, trained",7,0.1468,0.1008,78.71,54.29,69.35,598
GoiEner households,test,696,696,DLinear,DLinear,"load only, trained",8,0.1549,0.1072,80.37,55.62,70.68,598
GoiEner households,test,696,696,DLinear,DLinear,"load only, trained",9,0.1561,0.1084,78.15,54.77,70.48,598
GoiEner households,test,696,696,DLinear,DLinear,"load only, trained",10,0.1569,0.1104,78.18,56.02,70.66,598
GoiEner households,test,696,696,DLinear,DLinear,"load only, trained",11,0.1673,0.1146,82.64,58.7,74.45,598
GoiEner households,test,696,696,DLinear,DLinear,"load only, trained",12,0.1638,0.1148,80.77,57.63,74.06,598
GoiEner households,test,696,696,DLinear,DLinear,"load only, trained",13,0.161,0.1124,79.89,57.24,72.91,598
GoiEner households,test,696,696,DLinear,DLinear,"load only, trained",14,0.1664,0.1153,87.3,59.33,75.44,598
GoiEner households,test,696,696,DLinear,DLinear,"load only, trained",15,0.1719,0.1193,83.56,58.67,76.02,598
GoiEner households,test,696,696,DLinear,DLinear,"load only, trained",16,0.1728,0.12,86.25,60.01,76.02,598
GoiEner households,test,696,696,DLinear,DLinear,"load only, trained",17,0.1652,0.1161,81.35,58.28,74.45,598
GoiEner households,test,696,696,DLinear,DLinear,"load only, trained",18,0.1675,0.1164,83.09,59.06,75.04,598
GoiEner households,test,696,696,DLinear,DLinear,"load only, trained",19,0.169,0.1182,83.07,58.96,74.92,598
GoiEner households,test,696,696,DLinear,DLinear,"load only, trained",20,0.1745,0.1201,84.55,59.27,78.6,598
GoiEner households,test,696,696,DLinear,DLinear,"load only, trained",21,0.1724,0.1206,84.54,59.83,76.57,598
GoiEner households,test,696,696,DLinear,DLinear,"load only, trained",22,0.1738,0.1206,86.37,59.16,77.33,598
GoiEner households,test,696,696,DLinear,DLinear,"load only, trained",23,0.1671,0.1174,85.42,59.92,76.92,598
GoiEner households,test,696,696,DLinear,DLinear,"load only, trained",24,0.1704,0.1184,84.72,60.37,77.22,598
GoiEner households,test,696,696,DLinear,DLinear,"load only, trained",25,0.1622,0.1145,82.68,59.66,74.34,598
GoiEner households,test,696,696,DLinear,DLinear,"load only, trained",26,0.1621,0.1163,82.74,58.02,75.72,598
GoiEner households,test,696,696,DLinear,DLinear,"load only, trained",27,0.1633,0.116,81.23,59.21,74.96,598
GoiEner households,test,696,696,DLinear,DLinear,"load only, trained",28,0.1687,0.1178,86.49,59.76,78.97,598
GoiEner households,test,696,696,DLinear,DLinear,"load only, trained",29,0.1618,0.1143,86.62,60.03,77.26,598
GoiEner households,test,696,696,DLinear,DLinear,"load only, trained",30,0.1616,0.1153,84.86,61.51,76.84,598
GoiEner households,test,696,696,DLinear,DLinear,"load only, trained",31,0.1666,0.1172,87.57,62.82,78.4,598
GoiEner households,test,696,696,GBT-T,GBT-T,"same information, trained",1,0.1496,0.1027,73.83,52.61,65.72,598
GoiEner households,test,696,696,GBT-T,GBT-T,"same information, trained",2,0.1476,0.1015,73.36,51.75,65.49,598
GoiEner households,test,696,696,GBT-T,GBT-T,"same information, trained",3,0.1469,0.1025,73.79,51.89,65.17,598
GoiEner households,test,696,696,GBT-T,GBT-T,"same information, trained",4,0.1455,0.0999,74.36,52.41,65.84,598
GoiEner households,test,696,696,GBT-T,GBT-T,"same information, trained",5,0.1518,0.1049,76.6,53.63,66.88,598
GoiEner households,test,696,696,GBT-T,GBT-T,"same information, trained",6,0.1519,0.1066,77.72,56.02,69.65,598
GoiEner households,test,696,696,GBT-T,GBT-T,"same information, trained",7,0.1523,0.106,79.98,55.68,69.64,598
GoiEner households,test,696,696,GBT-T,GBT-T,"same information, trained",8,0.1602,0.1107,81.11,55.7,70.93,598
GoiEner households,test,696,696,GBT-T,GBT-T,"same information, trained",9,0.1605,0.1118,79.14,54.32,71.06,598
GoiEner households,test,696,696,GBT-T,GBT-T,"same information, trained",10,0.1619,0.1137,82.64,57.26,72.01,598
GoiEner households,test,696,696,GBT-T,GBT-T,"same information, trained",11,0.1717,0.1164,83.26,58.61,74.37,598
GoiEner households,test,696,696,GBT-T,GBT-T,"same information, trained",12,0.1663,0.1159,80.32,56.63,73.67,598
GoiEner households,test,696,696,GBT-T,GBT-T,"same information, trained",13,0.1645,0.1144,77.88,55.39,72.89,598
GoiEner households,test,696,696,GBT-T,GBT-T,"same information, trained",14,0.1712,0.1183,89.31,59.12,75.68,598
GoiEner households,test,696,696,GBT-T,GBT-T,"same information, trained",15,0.1761,0.1221,84.51,58.46,74.59,598
GoiEner households,test,696,696,GBT-T,GBT-T,"same information, trained",16,0.1764,0.1208,85.25,57.96,76.14,598
GoiEner households,test,696,696,GBT-T,GBT-T,"same information, trained",17,0.1667,0.1158,79.94,55.85,72.34,598
GoiEner households,test,696,696,GBT-T,GBT-T,"same information, trained",18,0.1648,0.113,82.28,56.1,72.1,598
GoiEner households,test,696,696,GBT-T,GBT-T,"same information, trained",19,0.1695,0.1161,82.41,55.44,72.61,598
GoiEner households,test,696,696,GBT-T,GBT-T,"same information, trained",20,0.1745,0.1192,83.05,57.43,76.61,598
GoiEner households,test,696,696,GBT-T,GBT-T,"same information, trained",21,0.1694,0.117,81.93,57.62,72.89,598
GoiEner households,test,696,696,GBT-T,GBT-T,"same information, trained",22,0.1727,0.1178,85.49,56.72,74.94,598
GoiEner households,test,696,696,GBT-T,GBT-T,"same information, trained",23,0.1694,0.1175,84.73,57.74,75.65,598
GoiEner households,test,696,696,GBT-T,GBT-T,"same information, trained",24,0.1704,0.1183,81.89,59.2,74.36,598
GoiEner households,test,696,696,GBT-T,GBT-T,"same information, trained",25,0.1618,0.114,84.18,57.66,72.49,598
GoiEner households,test,696,696,GBT-T,GBT-T,"same information, trained",26,0.1611,0.1151,81.98,57.02,73.15,598
GoiEner households,test,696,696,GBT-T,GBT-T,"same information, trained",27,0.1669,0.1179,81.53,57.55,74.82,598
GoiEner households,test,696,696,GBT-T,GBT-T,"same information, trained",28,0.1686,0.1182,87.58,60.03,77.45,598
GoiEner households,test,696,696,GBT-T,GBT-T,"same information, trained",29,0.163,0.1152,85.66,58.51,75.94,598
GoiEner households,test,696,696,GBT-T,GBT-T,"same information, trained",30,0.1604,0.1135,82.12,58.7,74.98,598
GoiEner households,test,696,696,GBT-T,GBT-T,"same information, trained",31,0.173,0.123,92.38,64.23,80.92,598
GoiEner households,test,696,696,iTransformer-X,iTransformer-X,"same information, trained",1,0.1346,0.0901,69.61,47.61,59.8,598
GoiEner households,test,696,696,iTransformer-X,iTransformer-X,"same information, trained",2,0.1366,0.0923,70.3,48.76,61.34,598
GoiEner households,test,696,696,iTransformer-X,iTransformer-X,"same information, trained",3,0.1361,0.0929,67.82,48.98,61.08,598
GoiEner households,test,696,696,iTransformer-X,iTransformer-X,"same information, trained",4,0.1369,0.0922,70.03,49.05,62.72,598
GoiEner households,test,696,696,iTransformer-X,iTransformer-X,"same information, trained",5,0.1424,0.0962,73.77,49.38,64.29,598
GoiEner households,test,696,696,iTransformer-X,iTransformer-X,"same information, trained",6,0.1435,0.0973,74.63,51.46,65.17,598
GoiEner households,test,696,696,iTransformer-X,iTransformer-X,"same information, trained",7,0.148,0.1013,76.34,53.17,66.81,598
GoiEner households,test,696,696,iTransformer-X,iTransformer-X,"same information, trained",8,0.1571,0.1084,79.67,54.74,68.77,598
GoiEner households,test,696,696,iTransformer-X,iTransformer-X,"same information, trained",9,0.1569,0.1087,75.78,53.09,68.01,598
GoiEner households,test,696,696,iTransformer-X,iTransformer-X,"same information, trained",10,0.1554,0.1083,75.04,53.61,66.33,598
GoiEner households,test,696,696,iTransformer-X,iTransformer-X,"same information, trained",11,0.1662,0.1121,81.64,55.93,70.37,598
GoiEner households,test,696,696,iTransformer-X,iTransformer-X,"same information, trained",12,0.1614,0.1105,76.7,52.59,69.64,598
GoiEner households,test,696,696,iTransformer-X,iTransformer-X,"same information, trained",13,0.1582,0.1081,73.85,51.25,67.98,598
GoiEner households,test,696,696,iTransformer-X,iTransformer-X,"same information, trained",14,0.1657,0.1127,81.83,55.09,71.1,598
GoiEner households,test,696,696,iTransformer-X,iTransformer-X,"same information, trained",15,0.1712,0.1171,79.62,56.13,70.73,598
GoiEner households,test,696,696,iTransformer-X,iTransformer-X,"same information, trained",16,0.1711,0.1172,81.25,56.21,71.26,598
GoiEner households,test,696,696,iTransformer-X,iTransformer-X,"same information, trained",17,0.1616,0.1121,76.22,52.99,68.06,598
GoiEner households,test,696,696,iTransformer-X,iTransformer-X,"same information, trained",18,0.1676,0.116,78.12,55.0,71.55,598
GoiEner households,test,696,696,iTransformer-X,iTransformer-X,"same information, trained",19,0.1687,0.1155,80.48,54.33,70.22,598
GoiEner households,test,696,696,iTransformer-X,iTransformer-X,"same information, trained",20,0.1721,0.1153,79.87,54.47,73.63,598
GoiEner households,test,696,696,iTransformer-X,iTransformer-X,"same information, trained",21,0.1708,0.1165,78.44,53.43,70.66,598
GoiEner households,test,696,696,iTransformer-X,iTransformer-X,"same information, trained",22,0.1735,0.1178,81.32,55.88,72.58,598
GoiEner households,test,696,696,iTransformer-X,iTransformer-X,"same information, trained",23,0.1677,0.1156,81.41,56.21,72.17,598
GoiEner households,test,696,696,iTransformer-X,iTransformer-X,"same information, trained",24,0.1698,0.1153,81.86,56.35,71.77,598
GoiEner households,test,696,696,iTransformer-X,iTransformer-X,"same information, trained",25,0.1613,0.1121,78.77,55.42,69.77,598
GoiEner households,test,696,696,iTransformer-X,iTransformer-X,"same information, trained",26,0.1598,0.1112,75.97,52.53,70.45,598
GoiEner households,test,696,696,iTransformer-X,iTransformer-X,"same information, trained",27,0.1614,0.1114,77.99,55.07,69.91,598
GoiEner households,test,696,696,iTransformer-X,iTransformer-X,"same information, trained",28,0.1686,0.1151,83.51,57.75,74.83,598
GoiEner households,test,696,696,iTransformer-X,iTransformer-X,"same information, trained",29,0.1618,0.1128,83.09,57.2,72.84,598
GoiEner households,test,696,696,iTransformer-X,iTransformer-X,"same information, trained",30,0.1599,0.1116,79.41,57.1,71.63,598
GoiEner households,test,696,696,iTransformer-X,iTransformer-X,"same information, trained",31,0.1638,0.1135,83.56,58.36,72.4,598
GoiEner households,test,696,696,iTransformer,iTransformer,"load only, trained",1,0.1377,0.093,66.09,47.62,60.36,598
GoiEner households,test,696,696,iTransformer,iTransformer,"load only, trained",2,0.1394,0.0949,68.95,48.83,61.84,598
GoiEner households,test,696,696,iTransformer,iTransformer,"load only, trained",3,0.1398,0.0961,70.58,50.03,61.67,598
GoiEner households,test,696,696,iTransformer,iTransformer,"load only, trained",4,0.1415,0.0964,71.32,50.52,64.33,598
GoiEner households,test,696,696,iTransformer,iTransformer,"load only, trained",5,0.1447,0.0992,71.89,51.42,63.9,598
GoiEner households,test,696,696,iTransformer,iTransformer,"load only, trained",6,0.1459,0.1003,73.98,53.57,64.93,598
GoiEner households,test,696,696,iTransformer,iTransformer,"load only, trained",7,0.1505,0.1028,75.58,52.52,66.88,598
GoiEner households,test,696,696,iTransformer,iTransformer,"load only, trained",8,0.1587,0.1086,76.51,53.37,67.9,598
GoiEner households,test,696,696,iTransformer,iTransformer,"load only, trained",9,0.1564,0.1074,72.42,50.72,66.07,598
GoiEner households,test,696,696,iTransformer,iTransformer,"load only, trained",10,0.1568,0.1091,72.69,53.04,66.1,598
GoiEner households,test,696,696,iTransformer,iTransformer,"load only, trained",11,0.1689,0.1143,77.65,55.53,70.17,598
GoiEner households,test,696,696,iTransformer,iTransformer,"load only, trained",12,0.1643,0.1136,74.82,53.63,68.96,598
GoiEner households,test,696,696,iTransformer,iTransformer,"load only, trained",13,0.1619,0.1117,75.41,52.71,68.36,598
GoiEner households,test,696,696,iTransformer,iTransformer,"load only, trained",14,0.1692,0.1147,81.49,55.77,71.4,598
GoiEner households,test,696,696,iTransformer,iTransformer,"load only, trained",15,0.1728,0.1182,78.31,55.31,70.99,598
GoiEner households,test,696,696,iTransformer,iTransformer,"load only, trained",16,0.1736,0.1185,80.03,54.7,70.93,598
GoiEner households,test,696,696,iTransformer,iTransformer,"load only, trained",17,0.1654,0.1151,74.98,52.96,68.84,598
GoiEner households,test,696,696,iTransformer,iTransformer,"load only, trained",18,0.1712,0.1173,77.93,55.61,71.19,598
GoiEner households,test,696,696,iTransformer,iTransformer,"load only, trained",19,0.1709,0.1168,78.0,55.39,70.05,598
GoiEner households,test,696,696,iTransformer,iTransformer,"load only, trained",20,0.1755,0.1187,79.48,56.0,74.35,598
GoiEner households,test,696,696,iTransformer,iTransformer,"load only, trained",21,0.1749,0.1194,79.89,55.36,71.98,598
GoiEner households,test,696,696,iTransformer,iTransformer,"load only, trained",22,0.1754,0.1184,80.32,56.79,71.95,598
GoiEner households,test,696,696,iTransformer,iTransformer,"load only, trained",23,0.1669,0.115,80.16,55.66,70.99,598
GoiEner households,test,696,696,iTransformer,iTransformer,"load only, trained",24,0.1702,0.1157,80.96,56.18,71.63,598
GoiEner households,test,696,696,iTransformer,iTransformer,"load only, trained",25,0.1619,0.1117,76.89,53.93,68.73,598
GoiEner households,test,696,696,iTransformer,iTransformer,"load only, trained",26,0.1605,0.1116,74.79,53.02,69.59,598
GoiEner households,test,696,696,iTransformer,iTransformer,"load only, trained",27,0.1635,0.1128,77.05,54.56,68.65,598
GoiEner households,test,696,696,iTransformer,iTransformer,"load only, trained",28,0.1699,0.1153,79.85,56.66,73.61,598
GoiEner households,test,696,696,iTransformer,iTransformer,"load only, trained",29,0.1609,0.1093,80.78,54.08,70.76,598
GoiEner households,test,696,696,iTransformer,iTransformer,"load only, trained",30,0.1594,0.1103,77.84,55.32,70.04,598
GoiEner households,test,696,696,iTransformer,iTransformer,"load only, trained",31,0.1616,0.111,78.99,55.87,70.32,598
GoiEner households,test,696,696,LSTM,LSTM,"load only, trained",1,0.134,0.0909,68.33,49.34,57.16,598
GoiEner households,test,696,696,LSTM,LSTM,"load only, trained",2,0.1399,0.0977,71.34,53.65,62.25,598
GoiEner households,test,696,696,LSTM,LSTM,"load only, trained",3,0.1442,0.1022,76.26,54.9,65.21,598
GoiEner households,test,696,696,LSTM,LSTM,"load only, trained",4,0.1413,0.0989,74.94,55.43,65.87,598
GoiEner households,test,696,696,LSTM,LSTM,"load only, trained",5,0.1448,0.1015,76.17,55.33,65.75,598
GoiEner households,test,696,696,LSTM,LSTM,"load only, trained",6,0.1466,0.1036,77.92,56.43,67.34,598
GoiEner households,test,696,696,LSTM,LSTM,"load only, trained",7,0.1483,0.1045,78.91,56.28,67.95,598
GoiEner households,test,696,696,LSTM,LSTM,"load only, trained",8,0.1574,0.1113,81.34,57.78,69.66,598
GoiEner households,test,696,696,LSTM,LSTM,"load only, trained",9,0.1588,0.1134,79.48,58.31,69.92,598
GoiEner households,test,696,696,LSTM,LSTM,"load only, trained",10,0.1607,0.1154,82.13,59.4,70.82,598
GoiEner households,test,696,696,LSTM,LSTM,"load only, trained",11,0.1695,0.1182,84.14,61.55,73.11,598
GoiEner households,test,696,696,LSTM,LSTM,"load only, trained",12,0.1653,0.1176,79.48,57.98,72.6,598
GoiEner households,test,696,696,LSTM,LSTM,"load only, trained",13,0.163,0.1159,81.32,58.88,71.82,598
GoiEner households,test,696,696,LSTM,LSTM,"load only, trained",14,0.1685,0.1176,85.41,60.28,74.64,598
GoiEner households,test,696,696,LSTM,LSTM,"load only, trained",15,0.1725,0.1213,83.74,61.42,74.5,598
GoiEner households,test,696,696,LSTM,LSTM,"load only, trained",16,0.1764,0.1246,87.25,61.93,75.32,598
GoiEner households,test,696,696,LSTM,LSTM,"load only, trained",17,0.1716,0.1216,81.14,60.84,74.5,598
GoiEner households,test,696,696,LSTM,LSTM,"load only, trained",18,0.1712,0.1206,84.59,60.18,74.25,598
GoiEner households,test,696,696,LSTM,LSTM,"load only, trained",19,0.172,0.1211,84.14,60.45,74.1,598
GoiEner households,test,696,696,LSTM,LSTM,"load only, trained",20,0.1766,0.1231,84.28,61.32,77.75,598
GoiEner households,test,696,696,LSTM,LSTM,"load only, trained",21,0.174,0.1222,84.58,61.68,74.98,598
GoiEner households,test,696,696,LSTM,LSTM,"load only, trained",22,0.1761,0.1236,86.66,61.87,75.78,598
GoiEner households,test,696,696,LSTM,LSTM,"load only, trained",23,0.1692,0.1206,85.33,61.74,75.25,598
GoiEner households,test,696,696,LSTM,LSTM,"load only, trained",24,0.1754,0.1235,84.81,62.1,76.75,598
GoiEner households,test,696,696,LSTM,LSTM,"load only, trained",25,0.1643,0.1168,82.02,60.33,72.06,598
GoiEner households,test,696,696,LSTM,LSTM,"load only, trained",26,0.1635,0.1169,81.59,58.64,73.39,598
GoiEner households,test,696,696,LSTM,LSTM,"load only, trained",27,0.1663,0.1187,81.92,59.67,73.92,598
GoiEner households,test,696,696,LSTM,LSTM,"load only, trained",28,0.1701,0.1192,85.77,60.52,76.71,598
GoiEner households,test,696,696,LSTM,LSTM,"load only, trained",29,0.162,0.1152,85.04,59.65,74.76,598
GoiEner households,test,696,696,LSTM,LSTM,"load only, trained",30,0.1635,0.1174,84.72,61.67,75.27,598
GoiEner households,test,696,696,LSTM,LSTM,"load only, trained",31,0.1672,0.1188,85.24,62.06,76.71,598
GoiEner households,test,696,696,PatchTST,PatchTST,"load only, trained",1,0.1331,0.0886,67.19,48.48,57.82,598
GoiEner households,test,696,696,PatchTST,PatchTST,"load only, trained",2,0.1351,0.0906,69.49,47.56,59.97,598
GoiEner households,test,696,696,PatchTST,PatchTST,"load only, trained",3,0.1342,0.0916,69.43,49.77,59.71,598
GoiEner households,test,696,696,PatchTST,PatchTST,"load only, trained",4,0.1341,0.0905,69.1,49.24,61.38,598
GoiEner households,test,696,696,PatchTST,PatchTST,"load only, trained",5,0.14,0.0946,73.57,50.25,62.22,598
GoiEner households,test,696,696,PatchTST,PatchTST,"load only, trained",6,0.1409,0.0954,74.45,51.46,63.41,598
GoiEner households,test,696,696,PatchTST,PatchTST,"load only, trained",7,0.1453,0.0984,75.46,51.65,65.01,598
GoiEner households,test,696,696,PatchTST,PatchTST,"load only, trained",8,0.1536,0.105,76.48,54.65,66.49,598
GoiEner households,test,696,696,PatchTST,PatchTST,"load only, trained",9,0.1542,0.1056,74.01,51.32,65.83,598
GoiEner households,test,696,696,PatchTST,PatchTST,"load only, trained",10,0.153,0.1062,72.94,52.43,65.2,598
GoiEner households,test,696,696,PatchTST,PatchTST,"load only, trained",11,0.1648,0.1108,79.55,55.37,69.94,598
GoiEner households,test,696,696,PatchTST,PatchTST,"load only, trained",12,0.1599,0.1095,76.0,53.03,67.81,598
GoiEner households,test,696,696,PatchTST,PatchTST,"load only, trained",13,0.1567,0.107,74.09,52.07,66.33,598
GoiEner households,test,696,696,PatchTST,PatchTST,"load only, trained",14,0.1643,0.1102,81.74,55.12,69.98,598
GoiEner households,test,696,696,PatchTST,PatchTST,"load only, trained",15,0.1694,0.1146,78.92,54.68,70.32,598
GoiEner households,test,696,696,PatchTST,PatchTST,"load only, trained",16,0.1698,0.1146,80.89,56.4,69.84,598
GoiEner households,test,696,696,PatchTST,PatchTST,"load only, trained",17,0.1599,0.1096,73.63,51.72,66.97,598
GoiEner households,test,696,696,PatchTST,PatchTST,"load only, trained",18,0.1664,0.1126,79.54,54.28,70.16,598
GoiEner households,test,696,696,PatchTST,PatchTST,"load only, trained",19,0.1664,0.1127,78.53,55.3,68.75,598
GoiEner households,test,696,696,PatchTST,PatchTST,"load only, trained",20,0.171,0.1142,81.27,54.27,72.75,598
GoiEner households,test,696,696,PatchTST,PatchTST,"load only, trained",21,0.1702,0.115,79.13,55.52,70.59,598
GoiEner households,test,696,696,PatchTST,PatchTST,"load only, trained",22,0.1713,0.1149,81.54,56.02,71.71,598
GoiEner households,test,696,696,PatchTST,PatchTST,"load only, trained",23,0.1645,0.1118,80.35,56.88,70.53,598
GoiEner households,test,696,696,PatchTST,PatchTST,"load only, trained",24,0.1662,0.1112,82.85,55.53,70.42,598
GoiEner households,test,696,696,PatchTST,PatchTST,"load only, trained",25,0.1583,0.1078,77.27,54.11,68.38,598
GoiEner households,test,696,696,PatchTST,PatchTST,"load only, trained",26,0.1578,0.109,76.24,52.98,69.33,598
GoiEner households,test,696,696,PatchTST,PatchTST,"load only, trained",27,0.1599,0.1098,77.0,55.01,67.99,598
GoiEner households,test,696,696,PatchTST,PatchTST,"load only, trained",28,0.1662,0.1121,82.63,56.35,73.01,598
GoiEner households,test,696,696,PatchTST,PatchTST,"load only, trained",29,0.1587,0.1083,81.65,54.74,70.98,598
GoiEner households,test,696,696,PatchTST,PatchTST,"load only, trained",30,0.1571,0.108,78.54,57.24,69.7,598
GoiEner households,test,696,696,PatchTST,PatchTST,"load only, trained",31,0.1598,0.1085,79.29,56.58,70.05,598
GoiEner households,test,696,696,TiDE,TiDE,"same information, trained",1,0.1368,0.0918,69.98,49.81,61.42,598
GoiEner households,test,696,696,TiDE,TiDE,"same information, trained",2,0.1392,0.095,71.98,51.61,64.17,598
GoiEner households,test,696,696,TiDE,TiDE,"same information, trained",3,0.1395,0.0965,71.53,50.96,65.03,598
GoiEner households,test,696,696,TiDE,TiDE,"same information, trained",4,0.1381,0.0956,72.22,50.97,66.19,598
GoiEner households,test,696,696,TiDE,TiDE,"same information, trained",5,0.144,0.0993,77.22,52.66,67.15,598
GoiEner households,test,696,696,TiDE,TiDE,"same information, trained",6,0.1457,0.1012,77.09,54.64,68.7,598
GoiEner households,test,696,696,TiDE,TiDE,"same information, trained",7,0.1467,0.1012,78.21,54.66,69.18,598
GoiEner households,test,696,696,TiDE,TiDE,"same information, trained",8,0.155,0.1075,79.57,55.76,71.01,598
GoiEner households,test,696,696,TiDE,TiDE,"same information, trained",9,0.157,0.1094,78.01,55.52,71.29,598
GoiEner households,test,696,696,TiDE,TiDE,"same information, trained",10,0.1569,0.1104,78.7,55.52,70.5,598
GoiEner households,test,696,696,TiDE,TiDE,"same information, trained",11,0.1674,0.1146,82.71,58.33,74.47,598
GoiEner households,test,696,696,TiDE,TiDE,"same information, trained",12,0.1637,0.1148,80.44,57.42,73.85,598
GoiEner households,test,696,696,TiDE,TiDE,"same information, trained",13,0.1609,0.1124,80.19,57.74,72.9,598
GoiEner households,test,696,696,TiDE,TiDE,"same information, trained",14,0.1668,0.1156,85.77,60.58,75.76,598
GoiEner households,test,696,696,TiDE,TiDE,"same information, trained",15,0.1718,0.1188,83.22,58.64,75.77,598
GoiEner households,test,696,696,TiDE,TiDE,"same information, trained",16,0.1727,0.1197,85.95,60.36,76.02,598
GoiEner households,test,696,696,TiDE,TiDE,"same information, trained",17,0.1646,0.1148,80.82,57.63,73.94,598
GoiEner households,test,696,696,TiDE,TiDE,"same information, trained",18,0.1675,0.1163,83.3,58.73,74.95,598
GoiEner households,test,696,696,TiDE,TiDE,"same information, trained",19,0.1684,0.1169,82.65,57.54,74.37,598
GoiEner households,test,696,696,TiDE,TiDE,"same information, trained",20,0.1746,0.1201,84.57,59.15,78.72,598
GoiEner households,test,696,696,TiDE,TiDE,"same information, trained",21,0.1723,0.1196,83.41,59.67,76.42,598
GoiEner households,test,696,696,TiDE,TiDE,"same information, trained",22,0.1734,0.1197,86.27,59.04,76.88,598
GoiEner households,test,696,696,TiDE,TiDE,"same information, trained",23,0.167,0.1166,85.53,59.81,76.62,598
GoiEner households,test,696,696,TiDE,TiDE,"same information, trained",24,0.17,0.1172,85.29,59.5,76.94,598
GoiEner households,test,696,696,TiDE,TiDE,"same information, trained",25,0.1615,0.113,82.0,58.73,73.82,598
GoiEner households,test,696,696,TiDE,TiDE,"same information, trained",26,0.1616,0.1153,81.82,57.75,75.34,598
GoiEner households,test,696,696,TiDE,TiDE,"same information, trained",27,0.1634,0.1157,80.82,57.99,74.89,598
GoiEner households,test,696,696,TiDE,TiDE,"same information, trained",28,0.1687,0.1178,85.63,59.41,79.04,598
GoiEner households,test,696,696,TiDE,TiDE,"same information, trained",29,0.162,0.1143,86.88,60.13,77.33,598
GoiEner households,test,696,696,TiDE,TiDE,"same information, trained",30,0.1614,0.1147,84.61,60.87,76.6,598
GoiEner households,test,696,696,TiDE,TiDE,"same information, trained",31,0.1664,0.1169,86.87,61.85,78.25,598
Suzhou park,preview,64,4,TimesFM,TimesFM,"load only, zero-shot foundation model",1,97.5923,50.5211,23.92,12.58,20.39,4
Suzhou park,preview,64,4,TimesFM,TimesFM,"load only, zero-shot foundation model",2,112.5973,60.3305,25.78,14.19,24.93,4
Suzhou park,preview,64,4,TimesFM,TimesFM,"load only, zero-shot foundation model",3,108.8126,62.2891,27.05,14.47,24.15,4
Suzhou park,preview,64,4,TimesFM,TimesFM,"load only, zero-shot foundation model",4,115.9447,66.7229,29.26,16.41,25.63,4
Suzhou park,preview,64,4,TimesFM,TimesFM,"load only, zero-shot foundation model",5,126.5542,75.1553,30.88,18.5,27.7,4
Suzhou park,preview,64,4,TimesFM,TimesFM,"load only, zero-shot foundation model",6,106.9343,64.24,24.96,15.19,23.44,4
Suzhou park,preview,64,4,TimesFM,TimesFM,"load only, zero-shot foundation model",7,124.3191,74.4168,30.32,18.09,26.81,4
Suzhou park,preview,64,4,TimesFM,TimesFM,"load only, zero-shot foundation model",8,118.9002,69.8281,28.33,15.12,27.03,4
Suzhou park,preview,64,4,TimesFM,TimesFM,"load only, zero-shot foundation model",9,105.8169,70.2248,23.27,16.42,24.22,4
Suzhou park,preview,64,4,TimesFM,TimesFM,"load only, zero-shot foundation model",10,107.6901,73.8492,23.44,17.05,24.73,4
Suzhou park,preview,64,4,TimesFM,TimesFM,"load only, zero-shot foundation model",11,100.8323,69.3308,22.99,16.74,23.32,4
Suzhou park,preview,64,4,TimesFM,TimesFM,"load only, zero-shot foundation model",12,107.5243,74.1205,24.03,16.72,25.17,4
Suzhou park,preview,64,4,TimesFM,TimesFM,"load only, zero-shot foundation model",13,110.1582,74.3396,25.74,17.03,25.26,4
Suzhou park,preview,64,4,TimesFM,TimesFM,"load only, zero-shot foundation model",14,95.4784,67.1328,21.48,15.78,21.53,4
Suzhou park,preview,64,4,TimesFM,TimesFM,"load only, zero-shot foundation model",15,96.009,69.7097,22.09,16.94,21.45,4
Suzhou park,preview,64,4,TimesFM,TimesFM,"load only, zero-shot foundation model",16,116.2973,81.5302,23.59,18.42,25.24,4
Suzhou park,preview,64,4,TimesFM,TimesFM,"load only, zero-shot foundation model",17,108.8954,77.2459,22.48,17.51,24.78,4
Suzhou park,preview,64,4,TimesFM,TimesFM,"load only, zero-shot foundation model",18,113.235,77.721,21.85,17.09,25.8,4
Suzhou park,preview,64,4,TimesFM,TimesFM,"load only, zero-shot foundation model",19,140.9611,89.1951,27.86,19.22,32.01,4
Suzhou park,preview,64,4,TimesFM,TimesFM,"load only, zero-shot foundation model",20,142.0845,92.62,28.88,20.36,31.92,4
Suzhou park,preview,64,4,TimesFM,TimesFM,"load only, zero-shot foundation model",21,145.8824,93.7804,29.65,20.29,33.46,4
Suzhou park,preview,64,4,TimesFM,TimesFM,"load only, zero-shot foundation model",22,151.5105,97.5188,28.83,20.13,34.64,4
Suzhou park,preview,64,4,TimesFM,TimesFM,"load only, zero-shot foundation model",23,162.0389,101.8336,28.15,20.45,36.74,4
Suzhou park,preview,64,4,TimesFM,TimesFM,"load only, zero-shot foundation model",24,159.6385,101.3791,27.47,20.31,36.34,4
Suzhou park,preview,64,4,TimesFM,TimesFM,"load only, zero-shot foundation model",25,170.8738,111.0057,31.16,22.81,38.12,4
Suzhou park,preview,64,4,TimesFM,TimesFM,"load only, zero-shot foundation model",26,155.7997,104.3135,30.28,22.54,36.67,4
Suzhou park,preview,64,4,TimesFM,TimesFM,"load only, zero-shot foundation model",27,169.9535,114.6175,33.11,24.82,39.58,4
Suzhou park,preview,64,4,TimesFM,TimesFM,"load only, zero-shot foundation model",28,178.598,118.6882,36.81,25.28,41.72,4
Suzhou park,preview,64,4,TimesFM,TimesFM,"load only, zero-shot foundation model",29,181.1341,121.1067,41.02,27.07,42.46,4
Suzhou park,preview,64,4,TimesFM,TimesFM,"load only, zero-shot foundation model",30,160.4133,110.8927,33.63,25.24,37.71,4
Suzhou park,preview,64,4,TimesFM,TimesFM,"load only, zero-shot foundation model",31,197.3962,126.5934,39.73,26.47,46.49,4
Suzhou park,preview,64,4,RIDGE-L,Ridge (per unit),per-unit regression,1,89.0452,59.8651,18.3,12.94,20.47,4
Suzhou park,preview,64,4,RIDGE-L,Ridge (per unit),per-unit regression,2,108.5915,64.5717,20.47,13.41,24.78,4
Suzhou park,preview,64,4,RIDGE-L,Ridge (per unit),per-unit regression,3,107.7523,67.217,21.79,14.86,24.61,4
Suzhou park,preview,64,4,RIDGE-L,Ridge (per unit),per-unit regression,4,107.571,71.1827,21.59,15.79,24.2,4
Suzhou park,preview,64,4,RIDGE-L,Ridge (per unit),per-unit regression,5,106.3583,69.3801,23.86,16.37,24.06,4
Suzhou park,preview,64,4,RIDGE-L,Ridge (per unit),per-unit regression,6,98.0593,66.6855,20.48,15.13,22.43,4
Suzhou park,preview,64,4,RIDGE-L,Ridge (per unit),per-unit regression,7,99.0671,69.2685,22.36,15.94,22.7,4
Suzhou park,preview,64,4,RIDGE-L,Ridge (per unit),per-unit regression,8,101.501,71.6591,21.86,15.37,23.82,4
Suzhou park,preview,64,4,RIDGE-L,Ridge (per unit),per-unit regression,9,119.4948,76.109,22.86,15.32,28.07,4
Suzhou park,preview,64,4,RIDGE-L,Ridge (per unit),per-unit regression,10,112.2507,78.0536,24.38,17.23,26.4,4
Suzhou park,preview,64,4,RIDGE-L,Ridge (per unit),per-unit regression,11,107.842,75.0802,23.03,16.34,25.77,4
Suzhou park,preview,64,4,RIDGE-L,Ridge (per unit),per-unit regression,12,113.4385,75.6714,24.99,16.6,26.84,4
Suzhou park,preview,64,4,RIDGE-L,Ridge (per unit),per-unit regression,13,103.3462,69.027,21.65,15.39,24.31,4
Suzhou park,preview,64,4,RIDGE-L,Ridge (per unit),per-unit regression,14,102.4551,70.411,20.47,14.66,24.09,4
Suzhou park,preview,64,4,RIDGE-L,Ridge (per unit),per-unit regression,15,102.7037,69.2758,20.66,14.79,24.11,4
Suzhou park,preview,64,4,RIDGE-L,Ridge (per unit),per-unit regression,16,125.8755,82.1825,23.15,16.57,28.54,4
Suzhou park,preview,64,4,RIDGE-L,Ridge (per unit),per-unit regression,17,116.1186,77.6971,23.01,16.44,27.33,4
Suzhou park,preview,64,4,RIDGE-L,Ridge (per unit),per-unit regression,18,122.4467,82.4582,23.65,17.3,28.37,4
Suzhou park,preview,64,4,RIDGE-L,Ridge (per unit),per-unit regression,19,139.1658,88.5037,26.31,18.5,31.6,4
Suzhou park,preview,64,4,RIDGE-L,Ridge (per unit),per-unit regression,20,136.8942,88.1914,25.94,18.46,31.08,4
Suzhou park,preview,64,4,RIDGE-L,Ridge (per unit),per-unit regression,21,136.8451,87.6581,26.39,18.18,31.69,4
Suzhou park,preview,64,4,RIDGE-L,Ridge (per unit),per-unit regression,22,144.5928,93.3885,26.33,18.24,32.93,4
Suzhou park,preview,64,4,RIDGE-L,Ridge (per unit),per-unit regression,23,156.8747,99.7992,26.45,18.65,35.24,4
Suzhou park,preview,64,4,RIDGE-L,Ridge (per unit),per-unit regression,24,156.9957,99.1237,27.2,19.6,35.34,4
Suzhou park,preview,64,4,RIDGE-L,Ridge (per unit),per-unit regression,25,175.1582,111.9189,30.13,20.78,39.49,4
Suzhou park,preview,64,4,RIDGE-L,Ridge (per unit),per-unit regression,26,150.503,98.7683,28.31,20.63,35.05,4
Suzhou park,preview,64,4,RIDGE-L,Ridge (per unit),per-unit regression,27,157.624,104.098,30.24,22.4,36.33,4
Suzhou park,preview,64,4,RIDGE-L,Ridge (per unit),per-unit regression,28,160.2338,101.2961,31.49,21.37,37.16,4
Suzhou park,preview,64,4,RIDGE-L,Ridge (per unit),per-unit regression,29,166.4075,108.3021,36.7,23.54,38.93,4
Suzhou park,preview,64,4,RIDGE-L,Ridge (per unit),per-unit regression,30,152.698,101.8321,30.6,21.98,35.8,4
Suzhou park,preview,64,4,RIDGE-L,Ridge (per unit),per-unit regression,31,167.0001,106.409,30.29,21.23,38.08,4
Suzhou park,preview,64,4,Chronos-2-X,Chronos-2-X,"same information, zero-shot foundation model",1,85.3517,42.8617,20.22,9.52,19.01,4
Suzhou park,preview,64,4,Chronos-2-X,Chronos-2-X,"same information, zero-shot foundation model",2,105.0342,54.6753,21.12,11.82,23.46,4
Suzhou park,preview,64,4,Chronos-2-X,Chronos-2-X,"same information, zero-shot foundation model",3,98.4489,54.0177,20.46,12.14,21.9,4
Suzhou park,preview,64,4,Chronos-2-X,Chronos-2-X,"same information, zero-shot foundation model",4,94.2217,55.8169,17.87,12.07,20.51,4
Suzhou park,preview,64,4,Chronos-2-X,Chronos-2-X,"same information, zero-shot foundation model",5,111.8066,64.6151,26.08,15.69,24.24,4
Suzhou park,preview,64,4,Chronos-2-X,Chronos-2-X,"same information, zero-shot foundation model",6,102.3378,59.5822,19.6,12.64,21.84,4
Suzhou park,preview,64,4,Chronos-2-X,Chronos-2-X,"same information, zero-shot foundation model",7,112.8588,68.6009,28.42,16.41,24.19,4
Suzhou park,preview,64,4,Chronos-2-X,Chronos-2-X,"same information, zero-shot foundation model",8,101.7889,66.3042,23.31,15.28,22.49,4
Suzhou park,preview,64,4,Chronos-2-X,Chronos-2-X,"same information, zero-shot foundation model",9,111.0239,72.464,23.8,16.6,24.52,4
Suzhou park,preview,64,4,Chronos-2-X,Chronos-2-X,"same information, zero-shot foundation model",10,104.3472,70.9735,24.37,17.11,23.53,4
Suzhou park,preview,64,4,Chronos-2-X,Chronos-2-X,"same information, zero-shot foundation model",11,103.0185,72.3231,24.83,17.72,23.01,4
Suzhou park,preview,64,4,Chronos-2-X,Chronos-2-X,"same information, zero-shot foundation model",12,119.1631,81.5725,26.92,18.18,27.36,4
Suzhou park,preview,64,4,Chronos-2-X,Chronos-2-X,"same information, zero-shot foundation model",13,118.2519,79.71,26.77,18.02,26.49,4
Suzhou park,preview,64,4,Chronos-2-X,Chronos-2-X,"same information, zero-shot foundation model",14,115.73,79.5257,24.63,18.45,25.12,4
Suzhou park,preview,64,4,Chronos-2-X,Chronos-2-X,"same information, zero-shot foundation model",15,117.7201,82.1357,26.58,18.46,25.03,4
Suzhou park,preview,64,4,Chronos-2-X,Chronos-2-X,"same information, zero-shot foundation model",16,143.4019,94.5919,29.87,21.48,28.74,4
Suzhou park,preview,64,4,Chronos-2-X,Chronos-2-X,"same information, zero-shot foundation model",17,127.9482,90.0265,29.26,21.69,27.5,4
Suzhou park,preview,64,4,Chronos-2-X,Chronos-2-X,"same information, zero-shot foundation model",18,157.4332,98.7063,32.83,21.63,35.22,4
Suzhou park,preview,64,4,Chronos-2-X,Chronos-2-X,"same information, zero-shot foundation model",19,171.7489,103.8102,35.93,23.14,37.49,4
Suzhou park,preview,64,4,Chronos-2-X,Chronos-2-X,"same information, zero-shot foundation model",20,168.6935,103.9917,35.84,23.21,36.05,4
Suzhou park,preview,64,4,Chronos-2-X,Chronos-2-X,"same information, zero-shot foundation model",21,168.1843,106.2615,34.65,24.67,36.7,4
Suzhou park,preview,64,4,Chronos-2-X,Chronos-2-X,"same information, zero-shot foundation model",22,176.3247,113.3383,34.25,25.16,38.18,4
Suzhou park,preview,64,4,Chronos-2-X,Chronos-2-X,"same information, zero-shot foundation model",23,192.637,119.8691,35.13,25.93,41.22,4
Suzhou park,preview,64,4,Chronos-2-X,Chronos-2-X,"same information, zero-shot foundation model",24,187.3049,117.9139,34.91,25.71,39.88,4
Suzhou park,preview,64,4,Chronos-2-X,Chronos-2-X,"same information, zero-shot foundation model",25,197.8989,126.7577,38.32,28.12,41.22,4
Suzhou park,preview,64,4,Chronos-2-X,Chronos-2-X,"same information, zero-shot foundation model",26,190.1432,124.858,37.84,28.11,42.87,4
Suzhou park,preview,64,4,Chronos-2-X,Chronos-2-X,"same information, zero-shot foundation model",27,192.2051,127.8934,40.57,30.52,42.68,4
Suzhou park,preview,64,4,Chronos-2-X,Chronos-2-X,"same information, zero-shot foundation model",28,197.1769,131.4992,41.47,30.46,44.39,4
Suzhou park,preview,64,4,Chronos-2-X,Chronos-2-X,"same information, zero-shot foundation model",29,191.4685,128.2764,46.63,28.33,42.23,4
Suzhou park,preview,64,4,Chronos-2-X,Chronos-2-X,"same information, zero-shot foundation model",30,179.6195,123.0369,40.3,29.4,39.8,4
Suzhou park,preview,64,4,Chronos-2-X,Chronos-2-X,"same information, zero-shot foundation model",31,216.7416,134.6384,44.28,28.79,49.57,4
Suzhou park,preview,64,4,Chronos-2,Chronos-2,"load only, zero-shot foundation model",1,93.8284,46.1148,23.3,11.58,19.37,4
Suzhou park,preview,64,4,Chronos-2,Chronos-2,"load only, zero-shot foundation model",2,104.8845,54.1885,23.31,12.42,22.64,4
Suzhou park,preview,64,4,Chronos-2,Chronos-2,"load only, zero-shot foundation model",3,99.5116,53.8752,23.49,12.96,21.74,4
Suzhou park,preview,64,4,Chronos-2,Chronos-2,"load only, zero-shot foundation model",4,122.6411,63.0974,28.09,14.48,27.25,4
Suzhou park,preview,64,4,Chronos-2,Chronos-2,"load only, zero-shot foundation model",5,136.5918,76.4746,33.28,18.42,29.98,4
Suzhou park,preview,64,4,Chronos-2,Chronos-2,"load only, zero-shot foundation model",6,118.5749,64.8431,26.75,14.81,26.79,4
Suzhou park,preview,64,4,Chronos-2,Chronos-2,"load only, zero-shot foundation model",7,139.5303,77.3151,31.6,19.08,30.07,4
Suzhou park,preview,64,4,Chronos-2,Chronos-2,"load only, zero-shot foundation model",8,125.0358,70.4683,28.93,15.16,29.65,4
Suzhou park,preview,64,4,Chronos-2,Chronos-2,"load only, zero-shot foundation model",9,116.4596,71.5393,26.33,16.82,27.36,4
Suzhou park,preview,64,4,Chronos-2,Chronos-2,"load only, zero-shot foundation model",10,114.5772,74.1691,27.47,18.29,27.36,4
Suzhou park,preview,64,4,Chronos-2,Chronos-2,"load only, zero-shot foundation model",11,112.3281,73.4443,28.28,19.28,26.56,4
Suzhou park,preview,64,4,Chronos-2,Chronos-2,"load only, zero-shot foundation model",12,136.469,84.1285,30.23,19.17,33.17,4
Suzhou park,preview,64,4,Chronos-2,Chronos-2,"load only, zero-shot foundation model",13,132.6199,82.198,28.43,19.11,32.13,4
Suzhou park,preview,64,4,Chronos-2,Chronos-2,"load only, zero-shot foundation model",14,118.8343,76.3298,27.27,18.66,27.97,4
Suzhou park,preview,64,4,Chronos-2,Chronos-2,"load only, zero-shot foundation model",15,117.0139,78.032,28.62,20.36,27.04,4
Suzhou park,preview,64,4,Chronos-2,Chronos-2,"load only, zero-shot foundation model",16,132.0442,87.587,29.12,21.02,29.71,4
Suzhou park,preview,64,4,Chronos-2,Chronos-2,"load only, zero-shot foundation model",17,128.6676,85.1828,28.9,20.57,30.27,4
Suzhou park,preview,64,4,Chronos-2,Chronos-2,"load only, zero-shot foundation model",18,129.0693,84.389,28.5,20.14,29.95,4
Suzhou park,preview,64,4,Chronos-2,Chronos-2,"load only, zero-shot foundation model",19,155.2901,94.9272,30.3,20.15,36.16,4
Suzhou park,preview,64,4,Chronos-2,Chronos-2,"load only, zero-shot foundation model",20,157.0227,98.1072,32.43,21.93,36.05,4
Suzhou park,preview,64,4,Chronos-2,Chronos-2,"load only, zero-shot foundation model",21,165.2611,103.4129,34.86,23.31,38.22,4
Suzhou park,preview,64,4,Chronos-2,Chronos-2,"load only, zero-shot foundation model",22,172.5662,108.3216,35.11,24.48,40.09,4
Suzhou park,preview,64,4,Chronos-2,Chronos-2,"load only, zero-shot foundation model",23,187.1295,115.7077,36.66,25.81,43.46,4
Suzhou park,preview,64,4,Chronos-2,Chronos-2,"load only, zero-shot foundation model",24,183.7988,114.5423,36.29,25.76,42.74,4
Suzhou park,preview,64,4,Chronos-2,Chronos-2,"load only, zero-shot foundation model",25,194.4283,126.9213,40.45,28.8,43.66,4
Suzhou park,preview,64,4,Chronos-2,Chronos-2,"load only, zero-shot foundation model",26,184.8754,122.4081,40.53,28.79,43.84,4
Suzhou park,preview,64,4,Chronos-2,Chronos-2,"load only, zero-shot foundation model",27,210.2566,137.7185,44.3,32.11,49.57,4
Suzhou park,preview,64,4,Chronos-2,Chronos-2,"load only, zero-shot foundation model",28,207.398,137.335,44.63,31.06,48.44,4
Suzhou park,preview,64,4,Chronos-2,Chronos-2,"load only, zero-shot foundation model",29,209.12,139.6145,50.2,33.24,48.17,4
Suzhou park,preview,64,4,Chronos-2,Chronos-2,"load only, zero-shot foundation model",30,191.1344,128.4837,44.77,30.63,44.57,4
Suzhou park,preview,64,4,Chronos-2,Chronos-2,"load only, zero-shot foundation model",31,224.0653,141.8792,46.36,30.49,53.54,4
Suzhou park,preview,64,4,ANKYRA,ANKYRA,,1,89.4397,51.6274,20.72,12.2,20.93,4
Suzhou park,preview,64,4,ANKYRA,ANKYRA,,2,104.2382,61.4336,21.68,13.48,24.82,4
Suzhou park,preview,64,4,ANKYRA,ANKYRA,,3,100.1765,61.6359,22.76,14.59,23.64,4
Suzhou park,preview,64,4,ANKYRA,ANKYRA,,4,100.3504,64.1811,22.82,14.83,23.18,4
Suzhou park,preview,64,4,ANKYRA,ANKYRA,,5,108.4288,71.1194,26.15,16.9,24.57,4
Suzhou park,preview,64,4,ANKYRA,ANKYRA,,6,91.9072,63.3116,22.21,14.53,20.79,4
Suzhou park,preview,64,4,ANKYRA,ANKYRA,,7,101.5475,69.7788,24.08,16.45,22.82,4
Suzhou park,preview,64,4,ANKYRA,ANKYRA,,8,107.6452,70.0634,25.02,15.6,24.35,4
Suzhou park,preview,64,4,ANKYRA,ANKYRA,,9,102.8462,69.436,22.24,15.74,23.62,4
Suzhou park,preview,64,4,ANKYRA,ANKYRA,,10,101.083,72.6088,22.53,16.48,22.68,4
Suzhou park,preview,64,4,ANKYRA,ANKYRA,,11,95.575,67.7404,20.89,15.37,21.68,4
Suzhou park,preview,64,4,ANKYRA,ANKYRA,,12,100.4544,69.9132,23.41,16.17,22.83,4
Suzhou park,preview,64,4,ANKYRA,ANKYRA,,13,98.6551,69.771,23.31,16.53,22.08,4
Suzhou park,preview,64,4,ANKYRA,ANKYRA,,14,88.9205,63.4372,19.77,14.53,19.84,4
Suzhou park,preview,64,4,ANKYRA,ANKYRA,,15,84.0159,60.6581,19.52,14.46,19.31,4
Suzhou park,preview,64,4,ANKYRA,ANKYRA,,16,106.611,71.9882,22.0,16.26,24.15,4
Suzhou park,preview,64,4,ANKYRA,ANKYRA,,17,97.1901,67.8358,19.77,14.75,22.85,4
Suzhou park,preview,64,4,ANKYRA,ANKYRA,,18,106.3617,70.9208,19.87,14.59,24.46,4
Suzhou park,preview,64,4,ANKYRA,ANKYRA,,19,133.0596,83.8611,26.03,17.74,30.58,4
Suzhou park,preview,64,4,ANKYRA,ANKYRA,,20,132.6565,86.6978,26.89,19.05,30.38,4
Suzhou park,preview,64,4,ANKYRA,ANKYRA,,21,135.069,85.9737,27.54,18.67,30.83,4
Suzhou park,preview,64,4,ANKYRA,ANKYRA,,22,142.2109,92.5116,27.42,18.67,32.08,4
Suzhou park,preview,64,4,ANKYRA,ANKYRA,,23,154.3364,96.6222,26.78,18.28,34.13,4
Suzhou park,preview,64,4,ANKYRA,ANKYRA,,24,148.4869,93.4664,24.78,18.29,32.4,4
Suzhou park,preview,64,4,ANKYRA,ANKYRA,,25,164.4501,106.4429,27.78,20.15,35.97,4
Suzhou park,preview,64,4,ANKYRA,ANKYRA,,26,147.5389,98.5422,28.12,19.76,34.13,4
Suzhou park,preview,64,4,ANKYRA,ANKYRA,,27,155.9237,105.992,30.34,21.9,35.76,4
Suzhou park,preview,64,4,ANKYRA,ANKYRA,,28,158.2987,104.2661,33.06,22.4,36.47,4
Suzhou park,preview,64,4,ANKYRA,ANKYRA,,29,157.1481,104.4025,36.48,23.4,36.33,4
Suzhou park,preview,64,4,ANKYRA,ANKYRA,,30,141.2149,97.989,28.42,21.14,33.06,4
Suzhou park,preview,64,4,ANKYRA,ANKYRA,,31,165.4321,109.3503,30.11,21.71,37.82,4
Suzhou park,preview,64,4,GBT,GBT (zero-shot),zero-shot gradient boosting,1,128.4755,89.558,29.21,21.14,30.74,4
Suzhou park,preview,64,4,GBT,GBT (zero-shot),zero-shot gradient boosting,2,148.6115,98.1567,31.44,22.48,35.2,4
Suzhou park,preview,64,4,GBT,GBT (zero-shot),zero-shot gradient boosting,3,156.3125,104.5069,33.66,24.54,36.92,4
Suzhou park,preview,64,4,GBT,GBT (zero-shot),zero-shot gradient boosting,4,160.9092,107.4046,34.5,24.96,38.14,4
Suzhou park,preview,64,4,GBT,GBT (zero-shot),zero-shot gradient boosting,5,153.7169,105.9546,35.18,25.65,36.47,4
Suzhou park,preview,64,4,GBT,GBT (zero-shot),zero-shot gradient boosting,6,154.9061,107.899,35.92,25.57,36.79,4
Suzhou park,preview,64,4,GBT,GBT (zero-shot),zero-shot gradient boosting,7,149.3945,106.3061,34.15,24.62,35.76,4
Suzhou park,preview,64,4,GBT,GBT (zero-shot),zero-shot gradient boosting,8,163.3155,116.2519,38.06,26.69,39.79,4
Suzhou park,preview,64,4,GBT,GBT (zero-shot),zero-shot gradient boosting,9,166.5651,113.9714,35.31,24.97,40.47,4
Suzhou park,preview,64,4,GBT,GBT (zero-shot),zero-shot gradient boosting,10,162.82,113.9553,35.77,26.15,39.55,4
Suzhou park,preview,64,4,GBT,GBT (zero-shot),zero-shot gradient boosting,11,154.0825,109.6389,34.04,25.14,37.0,4
Suzhou park,preview,64,4,GBT,GBT (zero-shot),zero-shot gradient boosting,12,150.9385,107.2597,33.56,24.73,36.02,4
Suzhou park,preview,64,4,GBT,GBT (zero-shot),zero-shot gradient boosting,13,145.8147,104.7677,34.78,25.11,34.14,4
Suzhou park,preview,64,4,GBT,GBT (zero-shot),zero-shot gradient boosting,14,139.944,102.2175,32.22,24.11,33.1,4
Suzhou park,preview,64,4,GBT,GBT (zero-shot),zero-shot gradient boosting,15,146.027,106.771,31.98,23.93,34.62,4
Suzhou park,preview,64,4,GBT,GBT (zero-shot),zero-shot gradient boosting,16,178.5479,123.0087,38.73,27.54,41.25,4
Suzhou park,preview,64,4,GBT,GBT (zero-shot),zero-shot gradient boosting,17,178.8191,122.3554,38.81,28.01,41.43,4
Suzhou park,preview,64,4,GBT,GBT (zero-shot),zero-shot gradient boosting,18,177.4793,120.6386,37.42,26.91,41.02,4
Suzhou park,preview,64,4,GBT,GBT (zero-shot),zero-shot gradient boosting,19,195.2278,130.4319,41.23,29.93,44.62,4
Suzhou park,preview,64,4,GBT,GBT (zero-shot),zero-shot gradient boosting,20,202.8415,138.0983,43.65,32.36,46.18,4
Suzhou park,preview,64,4,GBT,GBT (zero-shot),zero-shot gradient boosting,21,222.1803,144.8697,49.59,33.86,48.97,4
Suzhou park,preview,64,4,GBT,GBT (zero-shot),zero-shot gradient boosting,22,259.2196,157.5198,58.31,36.57,52.57,4
Suzhou park,preview,64,4,GBT,GBT (zero-shot),zero-shot gradient boosting,23,278.872,162.2091,62.46,36.83,56.29,4
Suzhou park,preview,64,4,GBT,GBT (zero-shot),zero-shot gradient boosting,24,294.3012,169.1953,63.54,38.16,58.99,4
Suzhou park,preview,64,4,GBT,GBT (zero-shot),zero-shot gradient boosting,25,303.1817,183.5786,65.18,39.32,61.32,4
Suzhou park,preview,64,4,GBT,GBT (zero-shot),zero-shot gradient boosting,26,293.0047,173.0277,60.18,37.47,57.77,4
Suzhou park,preview,64,4,GBT,GBT (zero-shot),zero-shot gradient boosting,27,317.9773,192.9167,65.15,41.68,62.29,4
Suzhou park,preview,64,4,GBT,GBT (zero-shot),zero-shot gradient boosting,28,311.8713,191.6073,60.96,39.93,60.59,4
Suzhou park,preview,64,4,GBT,GBT (zero-shot),zero-shot gradient boosting,29,402.6431,233.3831,87.81,50.25,81.13,4
Suzhou park,preview,64,4,GBT,GBT (zero-shot),zero-shot gradient boosting,30,365.8111,217.6848,82.31,46.86,77.29,4
Suzhou park,preview,64,4,GBT,GBT (zero-shot),zero-shot gradient boosting,31,365.6988,219.6814,80.52,50.32,77.69,4
Suzhou park,preview,64,4,Holt-Winters,Holt-Winters,"load only, statistical",1,159.3615,99.7656,33.67,20.98,37.22,4
Suzhou park,preview,64,4,Holt-Winters,Holt-Winters,"load only, statistical",2,168.5934,111.2498,36.38,24.56,38.32,4
Suzhou park,preview,64,4,Holt-Winters,Holt-Winters,"load only, statistical",3,163.0286,112.232,37.96,27.04,36.66,4
Suzhou park,preview,64,4,Holt-Winters,Holt-Winters,"load only, statistical",4,171.8352,117.7102,39.7,27.22,39.17,4
Suzhou park,preview,64,4,Holt-Winters,Holt-Winters,"load only, statistical",5,185.9013,125.8476,43.94,29.58,41.98,4
Suzhou park,preview,64,4,Holt-Winters,Holt-Winters,"load only, statistical",6,172.7633,112.0875,38.16,24.39,39.48,4
Suzhou park,preview,64,4,Holt-Winters,Holt-Winters,"load only, statistical",7,188.2676,124.2539,42.15,26.84,42.85,4
Suzhou park,preview,64,4,Holt-Winters,Holt-Winters,"load only, statistical",8,178.8786,119.6822,35.21,23.06,41.67,4
Suzhou park,preview,64,4,Holt-Winters,Holt-Winters,"load only, statistical",9,163.1124,118.1933,31.48,24.09,38.4,4
Suzhou park,preview,64,4,Holt-Winters,Holt-Winters,"load only, statistical",10,177.3522,127.5289,37.96,27.13,42.4,4
Suzhou park,preview,64,4,Holt-Winters,Holt-Winters,"load only, statistical",11,176.294,123.3903,36.39,25.93,42.63,4
Suzhou park,preview,64,4,Holt-Winters,Holt-Winters,"load only, statistical",12,178.2052,126.5247,37.21,27.03,43.26,4
Suzhou park,preview,64,4,Holt-Winters,Holt-Winters,"load only, statistical",13,181.1751,122.1233,38.02,25.71,43.82,4
Suzhou park,preview,64,4,Holt-Winters,Holt-Winters,"load only, statistical",14,172.0994,117.4435,32.57,24.68,41.16,4
Suzhou park,preview,64,4,Holt-Winters,Holt-Winters,"load only, statistical",15,150.6654,109.2751,30.79,24.64,35.88,4
Suzhou park,preview,64,4,Holt-Winters,Holt-Winters,"load only, statistical",16,171.1122,120.8797,31.77,25.12,39.86,4
Suzhou park,preview,64,4,Holt-Winters,Holt-Winters,"load only, statistical",17,174.9573,125.5899,36.41,26.58,41.94,4
Suzhou park,preview,64,4,Holt-Winters,Holt-Winters,"load only, statistical",18,188.7454,129.0356,36.64,26.59,44.62,4
Suzhou park,preview,64,4,Holt-Winters,Holt-Winters,"load only, statistical",19,202.6617,136.8893,40.95,29.44,47.38,4
Suzhou park,preview,64,4,Holt-Winters,Holt-Winters,"load only, statistical",20,194.3119,132.7853,39.94,28.55,45.31,4
Suzhou park,preview,64,4,Holt-Winters,Holt-Winters,"load only, statistical",21,203.9396,136.5572,42.12,28.87,47.42,4
Suzhou park,preview,64,4,Holt-Winters,Holt-Winters,"load only, statistical",22,206.7096,139.4048,38.97,28.16,47.64,4
Suzhou park,preview,64,4,Holt-Winters,Holt-Winters,"load only, statistical",23,223.4113,150.0012,40.43,30.46,51.23,4
Suzhou park,preview,64,4,Holt-Winters,Holt-Winters,"load only, statistical",24,233.7845,152.2782,46.05,32.51,54.09,4
Suzhou park,preview,64,4,Holt-Winters,Holt-Winters,"load only, statistical",25,240.4528,164.0984,42.99,31.82,55.51,4
Suzhou park,preview,64,4,Holt-Winters,Holt-Winters,"load only, statistical",26,222.4565,153.0634,43.22,31.93,52.97,4
Suzhou park,preview,64,4,Holt-Winters,Holt-Winters,"load only, statistical",27,228.3629,154.2332,44.21,32.16,54.09,4
Suzhou park,preview,64,4,Holt-Winters,Holt-Winters,"load only, statistical",28,222.9764,152.7973,45.65,32.09,52.49,4
Suzhou park,preview,64,4,Holt-Winters,Holt-Winters,"load only, statistical",29,209.5598,149.5593,46.98,32.67,50.01,4
Suzhou park,preview,64,4,Holt-Winters,Holt-Winters,"load only, statistical",30,205.2864,151.5229,42.24,33.89,49.15,4
Suzhou park,preview,64,4,Holt-Winters,Holt-Winters,"load only, statistical",31,254.7894,169.2723,52.85,36.04,60.06,4
Suzhou park,preview,64,4,LYR-profile,Last-year profile,profile,1,178.3103,120.2191,41.91,27.53,41.11,4
Suzhou park,preview,64,4,LYR-profile,Last-year profile,profile,2,169.0096,116.045,37.59,25.76,39.24,4
Suzhou park,preview,64,4,LYR-profile,Last-year profile,profile,3,162.7901,111.9386,37.38,25.24,37.11,4
Suzhou park,preview,64,4,LYR-profile,Last-year profile,profile,4,181.0314,122.8659,45.24,29.88,39.03,4
Suzhou park,preview,64,4,LYR-profile,Last-year profile,profile,5,177.6267,119.8706,45.61,30.35,36.92,4
Suzhou park,preview,64,4,LYR-profile,Last-year profile,profile,6,158.763,102.4172,40.39,25.52,33.46,4
Suzhou park,preview,64,4,LYR-profile,Last-year profile,profile,7,178.1111,112.7068,43.66,27.77,38.41,4
Suzhou park,preview,64,4,LYR-profile,Last-year profile,profile,8,172.6724,113.5654,40.47,27.32,38.65,4
Suzhou park,preview,64,4,LYR-profile,Last-year profile,profile,9,154.837,109.8965,37.57,26.52,34.56,4
Suzhou park,preview,64,4,LYR-profile,Last-year profile,profile,10,167.6854,117.3833,39.77,28.03,38.5,4
Suzhou park,preview,64,4,LYR-profile,Last-year profile,profile,11,160.8625,112.2019,37.22,25.89,37.42,4
Suzhou park,preview,64,4,LYR-profile,Last-year profile,profile,12,164.6444,114.3574,40.32,27.74,37.37,4
Suzhou park,preview,64,4,LYR-profile,Last-year profile,profile,13,150.7761,108.5427,34.96,24.56,34.55,4
Suzhou park,preview,64,4,LYR-profile,Last-year profile,profile,14,176.6932,120.7597,41.28,27.5,41.67,4
Suzhou park,preview,64,4,LYR-profile,Last-year profile,profile,15,166.9534,113.8301,39.66,26.05,39.3,4
Suzhou park,preview,64,4,LYR-profile,Last-year profile,profile,16,176.1389,121.1646,36.86,25.66,43.05,4
Suzhou park,preview,64,4,LYR-profile,Last-year profile,profile,17,161.2051,109.0031,38.42,25.04,38.09,4
Suzhou park,preview,64,4,LYR-profile,Last-year profile,profile,18,180.378,114.3901,42.28,26.31,42.4,4
Suzhou park,preview,64,4,LYR-profile,Last-year profile,profile,19,196.1987,125.4506,44.99,28.81,46.06,4
Suzhou park,preview,64,4,LYR-profile,Last-year profile,profile,20,183.7481,121.4921,41.74,27.4,43.29,4
Suzhou park,preview,64,4,LYR-profile,Last-year profile,profile,21,175.7286,116.6371,36.97,25.21,40.12,4
Suzhou park,preview,64,4,LYR-profile,Last-year profile,profile,22,175.0352,115.5728,37.71,25.85,38.83,4
Suzhou park,preview,64,4,LYR-profile,Last-year profile,profile,23,206.2355,126.5877,44.44,29.34,44.47,4
Suzhou park,preview,64,4,LYR-profile,Last-year profile,profile,24,198.6114,121.6014,41.64,27.13,43.14,4
Suzhou park,preview,64,4,LYR-profile,Last-year profile,profile,25,204.3222,130.0128,41.21,28.56,44.07,4
Suzhou park,preview,64,4,LYR-profile,Last-year profile,profile,26,180.5156,115.7675,40.18,26.88,39.73,4
Suzhou park,preview,64,4,LYR-profile,Last-year profile,profile,27,170.0481,111.5833,37.0,25.57,38.45,4
Suzhou park,preview,64,4,LYR-profile,Last-year profile,profile,28,174.281,115.0936,40.7,27.18,38.73,4
Suzhou park,preview,64,4,LYR-profile,Last-year profile,profile,29,167.7139,118.655,40.9,29.28,37.16,4
Suzhou park,preview,64,4,LYR-profile,Last-year profile,profile,30,182.1383,122.5303,42.98,28.43,41.39,4
Suzhou park,preview,64,4,LYR-profile,Last-year profile,profile,31,192.7284,123.0075,41.63,26.59,43.13,4
Suzhou park,preview,64,4,MSTL,MSTL,"load only, statistical",1,117.6557,66.2618,29.75,15.87,24.95,4
Suzhou park,preview,64,4,MSTL,MSTL,"load only, statistical",2,123.4662,73.5239,29.81,18.04,26.09,4
Suzhou park,preview,64,4,MSTL,MSTL,"load only, statistical",3,111.2182,67.2782,28.47,16.36,23.42,4
Suzhou park,preview,64,4,MSTL,MSTL,"load only, statistical",4,125.1586,72.839,31.43,17.51,26.82,4
Suzhou park,preview,64,4,MSTL,MSTL,"load only, statistical",5,130.7885,82.0815,32.69,20.03,27.65,4
Suzhou park,preview,64,4,MSTL,MSTL,"load only, statistical",6,121.1838,73.6156,29.46,17.35,26.65,4
Suzhou park,preview,64,4,MSTL,MSTL,"load only, statistical",7,139.4634,82.8682,33.43,20.44,29.17,4
Suzhou park,preview,64,4,MSTL,MSTL,"load only, statistical",8,135.3039,81.4268,31.85,17.71,30.75,4
Suzhou park,preview,64,4,MSTL,MSTL,"load only, statistical",9,127.6773,86.6709,27.03,18.85,29.93,4
Suzhou park,preview,64,4,MSTL,MSTL,"load only, statistical",10,114.6571,82.899,24.55,18.28,27.06,4
Suzhou park,preview,64,4,MSTL,MSTL,"load only, statistical",11,106.2847,73.473,24.08,17.24,24.75,4
Suzhou park,preview,64,4,MSTL,MSTL,"load only, statistical",12,119.7022,84.0096,25.31,18.31,28.09,4
Suzhou park,preview,64,4,MSTL,MSTL,"load only, statistical",13,129.2868,86.5296,28.91,19.04,30.29,4
Suzhou park,preview,64,4,MSTL,MSTL,"load only, statistical",14,113.1399,75.9154,24.35,15.99,26.44,4
Suzhou park,preview,64,4,MSTL,MSTL,"load only, statistical",15,120.2094,84.3838,24.79,18.71,27.6,4
Suzhou park,preview,64,4,MSTL,MSTL,"load only, statistical",16,139.0585,97.9581,27.33,20.28,31.89,4
Suzhou park,preview,64,4,MSTL,MSTL,"load only, statistical",17,121.0777,86.5486,23.81,18.03,28.45,4
Suzhou park,preview,64,4,MSTL,MSTL,"load only, statistical",18,118.1157,81.0716,22.79,17.28,26.88,4
Suzhou park,preview,64,4,MSTL,MSTL,"load only, statistical",19,144.8585,95.551,28.18,20.29,32.88,4
Suzhou park,preview,64,4,MSTL,MSTL,"load only, statistical",20,151.7033,98.3058,31.42,21.92,34.15,4
Suzhou park,preview,64,4,MSTL,MSTL,"load only, statistical",21,152.5477,97.0644,32.54,21.24,34.59,4
Suzhou park,preview,64,4,MSTL,MSTL,"load only, statistical",22,162.3039,105.8218,31.81,21.63,36.57,4
Suzhou park,preview,64,4,MSTL,MSTL,"load only, statistical",23,175.9923,117.1726,33.12,23.89,39.83,4
Suzhou park,preview,64,4,MSTL,MSTL,"load only, statistical",24,174.5179,113.2585,31.53,22.94,39.25,4
Suzhou park,preview,64,4,MSTL,MSTL,"load only, statistical",25,180.9168,118.9692,34.05,24.85,39.16,4
Suzhou park,preview,64,4,MSTL,MSTL,"load only, statistical",26,172.3383,117.4188,33.06,24.44,39.96,4
Suzhou park,preview,64,4,MSTL,MSTL,"load only, statistical",27,186.9471,126.7825,35.74,26.2,43.09,4
Suzhou park,preview,64,4,MSTL,MSTL,"load only, statistical",28,182.6679,124.4302,39.65,27.14,42.39,4
Suzhou park,preview,64,4,MSTL,MSTL,"load only, statistical",29,189.0744,127.5122,41.94,28.29,43.88,4
Suzhou park,preview,64,4,MSTL,MSTL,"load only, statistical",30,179.1353,125.0244,37.62,26.75,41.55,4
Suzhou park,preview,64,4,MSTL,MSTL,"load only, statistical",31,218.6803,140.0824,45.82,30.34,50.62,4
Suzhou park,preview,64,4,SN-day,Seasonal naive (day),naive,1,136.512,75.1073,34.84,18.17,26.89,4
Suzhou park,preview,64,4,SN-day,Seasonal naive (day),naive,2,180.2447,110.6843,46.45,22.3,35.3,4
Suzhou park,preview,64,4,SN-day,Seasonal naive (day),naive,3,182.9475,110.0395,46.82,21.91,35.46,4
Suzhou park,preview,64,4,SN-day,Seasonal naive (day),naive,4,191.2343,113.5283,49.36,25.4,37.4,4
Suzhou park,preview,64,4,SN-day,Seasonal naive (day),naive,5,163.1998,94.3245,39.21,23.13,34.6,4
Suzhou park,preview,64,4,SN-day,Seasonal naive (day),naive,6,152.7863,88.1579,36.16,21.45,32.83,4
Suzhou park,preview,64,4,SN-day,Seasonal naive (day),naive,7,151.4567,87.173,37.61,20.72,32.53,4
Suzhou park,preview,64,4,SN-day,Seasonal naive (day),naive,8,178.1461,106.5648,41.5,25.39,37.47,4
Suzhou park,preview,64,4,SN-day,Seasonal naive (day),naive,9,215.0591,133.2121,54.68,30.05,45.95,4
Suzhou park,preview,64,4,SN-day,Seasonal naive (day),naive,10,207.4969,130.3849,51.51,29.1,44.31,4
Suzhou park,preview,64,4,SN-day,Seasonal naive (day),naive,11,193.3972,116.0735,48.04,27.92,42.71,4
Suzhou park,preview,64,4,SN-day,Seasonal naive (day),naive,12,173.7225,104.4655,40.32,24.26,39.72,4
Suzhou park,preview,64,4,SN-day,Seasonal naive (day),naive,13,146.4642,88.3761,30.25,18.38,34.45,4
Suzhou park,preview,64,4,SN-day,Seasonal naive (day),naive,14,133.2345,80.2165,28.39,16.72,31.43,4
Suzhou park,preview,64,4,SN-day,Seasonal naive (day),naive,15,171.4953,103.8391,40.2,24.33,38.5,4
Suzhou park,preview,64,4,SN-day,Seasonal naive (day),naive,16,207.2862,134.5565,51.99,33.0,44.36,4
Suzhou park,preview,64,4,SN-day,Seasonal naive (day),naive,17,206.681,132.0542,51.57,32.42,43.8,4
Suzhou park,preview,64,4,SN-day,Seasonal naive (day),naive,18,189.8914,117.2162,46.36,29.2,41.15,4
Suzhou park,preview,64,4,SN-day,Seasonal naive (day),naive,19,187.894,115.0503,42.06,27.13,41.34,4
Suzhou park,preview,64,4,SN-day,Seasonal naive (day),naive,20,177.0247,107.4842,36.53,23.54,39.55,4
Suzhou park,preview,64,4,SN-day,Seasonal naive (day),naive,21,167.1803,99.4133,34.4,20.55,38.39,4
Suzhou park,preview,64,4,SN-day,Seasonal naive (day),naive,22,201.615,124.4564,45.47,28.53,44.82,4
Suzhou park,preview,64,4,SN-day,Seasonal naive (day),naive,23,232.1243,151.1916,54.48,37.55,50.35,4
Suzhou park,preview,64,4,SN-day,Seasonal naive (day),naive,24,234.6048,146.569,55.13,36.47,50.7,4
Suzhou park,preview,64,4,SN-day,Seasonal naive (day),naive,25,233.1777,143.733,51.41,32.52,52.51,4
Suzhou park,preview,64,4,SN-day,Seasonal naive (day),naive,26,202.6278,129.2789,46.22,29.85,46.7,4
Suzhou park,preview,64,4,SN-day,Seasonal naive (day),naive,27,192.9542,127.1592,40.98,27.74,45.35,4
Suzhou park,preview,64,4,SN-day,Seasonal naive (day),naive,28,199.7778,127.5999,41.62,26.79,46.74,4
Suzhou park,preview,64,4,SN-day,Seasonal naive (day),naive,29,217.8281,141.1433,48.16,31.38,50.74,4
Suzhou park,preview,64,4,SN-day,Seasonal naive (day),naive,30,239.6368,160.6405,57.31,39.09,54.75,4
Suzhou park,preview,64,4,SN-day,Seasonal naive (day),naive,31,253.9096,161.263,58.51,37.88,57.55,4
Suzhou park,preview,64,4,SN-week,Seasonal naive (week),naive,1,181.5726,95.4588,40.45,20.6,40.5,4
Suzhou park,preview,64,4,SN-week,Seasonal naive (week),naive,2,177.2421,95.0557,37.28,20.78,39.88,4
Suzhou park,preview,64,4,SN-week,Seasonal naive (week),naive,3,162.1684,82.9058,35.19,19.48,36.53,4
Suzhou park,preview,64,4,SN-week,Seasonal naive (week),naive,4,152.4064,80.6016,34.85,18.17,34.36,4
Suzhou park,preview,64,4,SN-week,Seasonal naive (week),naive,5,140.3085,81.435,35.27,20.15,30.09,4
Suzhou park,preview,64,4,SN-week,Seasonal naive (week),naive,6,130.3573,77.5741,31.21,18.44,28.3,4
Suzhou park,preview,64,4,SN-week,Seasonal naive (week),naive,7,151.4567,87.173,37.61,20.72,32.53,4
Suzhou park,preview,64,4,SN-week,Seasonal naive (week),naive,8,161.6539,93.6906,33.63,20.1,37.07,4
Suzhou park,preview,64,4,SN-week,Seasonal naive (week),naive,9,136.4416,82.4272,25.41,18.29,30.77,4
Suzhou park,preview,64,4,SN-week,Seasonal naive (week),naive,10,119.6285,73.7085,23.68,17.0,27.19,4
Suzhou park,preview,64,4,SN-week,Seasonal naive (week),naive,11,110.4674,70.2596,23.58,16.74,25.22,4
Suzhou park,preview,64,4,SN-week,Seasonal naive (week),naive,12,138.6029,85.799,33.51,19.54,31.93,4
Suzhou park,preview,64,4,SN-week,Seasonal naive (week),naive,13,140.6881,89.1672,31.74,19.63,32.9,4
Suzhou park,preview,64,4,SN-week,Seasonal naive (week),naive,14,133.2345,80.2165,28.39,16.72,31.43,4
Suzhou park,preview,64,4,SN-week,Seasonal naive (week),naive,15,147.4046,88.4887,27.74,19.67,32.62,4
Suzhou park,preview,64,4,SN-week,Seasonal naive (week),naive,16,144.231,88.8675,26.99,19.3,31.68,4
Suzhou park,preview,64,4,SN-week,Seasonal naive (week),naive,17,134.2626,81.5931,25.7,18.45,30.23,4
Suzhou park,preview,64,4,SN-week,Seasonal naive (week),naive,18,126.4733,81.0372,25.26,18.39,28.92,4
Suzhou park,preview,64,4,SN-week,Seasonal naive (week),naive,19,160.3083,95.0687,34.12,20.77,36.75,4
Suzhou park,preview,64,4,SN-week,Seasonal naive (week),naive,20,157.2662,98.4181,32.72,21.04,36.24,4
Suzhou park,preview,64,4,SN-week,Seasonal naive (week),naive,21,167.1803,99.4133,34.4,20.55,38.39,4
Suzhou park,preview,64,4,SN-week,Seasonal naive (week),naive,22,190.2064,114.7265,34.18,24.23,42.64,4
Suzhou park,preview,64,4,SN-week,Seasonal naive (week),naive,23,187.2706,113.3069,32.81,23.36,42.72,4
Suzhou park,preview,64,4,SN-week,Seasonal naive (week),naive,24,183.7802,111.0594,32.65,22.9,41.33,4
Suzhou park,preview,64,4,SN-week,Seasonal naive (week),naive,25,188.1516,118.2051,37.05,25.45,41.9,4
Suzhou park,preview,64,4,SN-week,Seasonal naive (week),naive,26,189.8243,115.8502,38.87,24.08,45.17,4
Suzhou park,preview,64,4,SN-week,Seasonal naive (week),naive,27,197.9088,125.6769,37.72,26.27,46.22,4
Suzhou park,preview,64,4,SN-week,Seasonal naive (week),naive,28,199.7778,127.5999,41.62,26.79,46.74,4
Suzhou park,preview,64,4,SN-week,Seasonal naive (week),naive,29,217.7893,138.2655,43.67,28.76,50.88,4
Suzhou park,preview,64,4,SN-week,Seasonal naive (week),naive,30,183.2646,118.0391,35.5,26.18,43.43,4
Suzhou park,preview,64,4,SN-week,Seasonal naive (week),naive,31,223.233,137.4066,44.79,28.19,52.37,4
Suzhou park,preview,64,4,SP-profile,Previous-month profile,profile,1,142.2636,107.9903,34.68,25.12,32.26,4
Suzhou park,preview,64,4,SP-profile,Previous-month profile,profile,2,156.8878,114.2466,35.54,28.08,36.35,4
Suzhou park,preview,64,4,SP-profile,Previous-month profile,profile,3,158.6055,115.8421,38.37,26.23,35.99,4
Suzhou park,preview,64,4,SP-profile,Previous-month profile,profile,4,161.2659,116.5691,39.32,27.07,36.09,4
Suzhou park,preview,64,4,SP-profile,Previous-month profile,profile,5,165.6746,123.1321,40.43,30.04,37.1,4
Suzhou park,preview,64,4,SP-profile,Previous-month profile,profile,6,163.5568,120.7033,39.43,29.64,36.92,4
Suzhou park,preview,64,4,SP-profile,Previous-month profile,profile,7,160.2695,117.6067,39.39,28.82,35.93,4
Suzhou park,preview,64,4,SP-profile,Previous-month profile,profile,8,160.79,120.4204,37.38,28.84,37.19,4
Suzhou park,preview,64,4,SP-profile,Previous-month profile,profile,9,161.0385,119.7243,36.34,27.91,37.48,4
Suzhou park,preview,64,4,SP-profile,Previous-month profile,profile,10,157.2128,117.3502,38.46,28.73,35.5,4
Suzhou park,preview,64,4,SP-profile,Previous-month profile,profile,11,148.4752,110.4466,35.78,27.42,33.79,4
Suzhou park,preview,64,4,SP-profile,Previous-month profile,profile,12,146.6352,109.683,34.56,26.82,33.53,4
Suzhou park,preview,64,4,SP-profile,Previous-month profile,profile,13,152.7659,116.3474,37.38,28.41,34.16,4
Suzhou park,preview,64,4,SP-profile,Previous-month profile,profile,14,145.006,107.9307,33.82,26.93,32.92,4
Suzhou park,preview,64,4,SP-profile,Previous-month profile,profile,15,131.9456,100.4652,30.4,24.22,30.67,4
Suzhou park,preview,64,4,SP-profile,Previous-month profile,profile,16,152.384,110.8828,31.6,25.11,35.38,4
Suzhou park,preview,64,4,SP-profile,Previous-month profile,profile,17,149.0462,112.7265,33.99,27.35,34.63,4
Suzhou park,preview,64,4,SP-profile,Previous-month profile,profile,18,155.7304,114.5882,33.06,26.71,36.2,4
Suzhou park,preview,64,4,SP-profile,Previous-month profile,profile,19,174.9393,124.9278,37.33,29.47,39.81,4
Suzhou park,preview,64,4,SP-profile,Previous-month profile,profile,20,174.7803,129.2873,38.89,31.7,39.77,4
Suzhou park,preview,64,4,SP-profile,Previous-month profile,profile,21,176.2949,125.1708,39.53,30.65,40.65,4
Suzhou park,preview,64,4,SP-profile,Previous-month profile,profile,22,185.223,131.9604,38.53,30.18,42.89,4
Suzhou park,preview,64,4,SP-profile,Previous-month profile,profile,23,195.8185,135.4692,37.85,29.77,45.44,4
Suzhou park,preview,64,4,SP-profile,Previous-month profile,profile,24,197.2809,136.4374,39.03,31.06,45.88,4
Suzhou park,preview,64,4,SP-profile,Previous-month profile,profile,25,211.2726,146.3041,39.23,30.2,49.21,4
Suzhou park,preview,64,4,SP-profile,Previous-month profile,profile,26,192.6855,139.549,39.52,31.15,45.74,4
Suzhou park,preview,64,4,SP-profile,Previous-month profile,profile,27,205.1824,151.2367,42.86,34.8,48.38,4
Suzhou park,preview,64,4,SP-profile,Previous-month profile,profile,28,194.2676,141.9582,41.21,31.77,46.24,4
Suzhou park,preview,64,4,SP-profile,Previous-month profile,profile,29,177.4266,130.2211,39.83,30.64,42.73,4
Suzhou park,preview,64,4,SP-profile,Previous-month profile,profile,30,171.4643,127.9381,36.07,28.13,41.74,4
Suzhou park,preview,64,4,SP-profile,Previous-month profile,profile,31,203.0447,145.699,40.45,32.72,48.43,4
Suzhou park,preview,64,4,TimesFM-X,TimesFM-X,"same information, zero-shot foundation model",1,103.1215,58.0249,26.29,13.89,21.91,4
Suzhou park,preview,64,4,TimesFM-X,TimesFM-X,"same information, zero-shot foundation model",2,110.7316,65.7898,25.28,14.83,24.45,4
Suzhou park,preview,64,4,TimesFM-X,TimesFM-X,"same information, zero-shot foundation model",3,96.647,59.782,23.61,13.99,21.51,4
Suzhou park,preview,64,4,TimesFM-X,TimesFM-X,"same information, zero-shot foundation model",4,107.3628,65.4892,26.57,15.58,23.72,4
Suzhou park,preview,64,4,TimesFM-X,TimesFM-X,"same information, zero-shot foundation model",5,103.4856,65.4181,25.69,15.73,23.28,4
Suzhou park,preview,64,4,TimesFM-X,TimesFM-X,"same information, zero-shot foundation model",6,92.322,59.5933,22.7,14.31,20.77,4
Suzhou park,preview,64,4,TimesFM-X,TimesFM-X,"same information, zero-shot foundation model",7,115.2301,76.0969,29.17,18.4,25.2,4
Suzhou park,preview,64,4,TimesFM-X,TimesFM-X,"same information, zero-shot foundation model",8,104.7328,67.3698,23.8,14.51,24.4,4
Suzhou park,preview,64,4,TimesFM-X,TimesFM-X,"same information, zero-shot foundation model",9,97.5809,68.9565,21.38,15.45,22.84,4
Suzhou park,preview,64,4,TimesFM-X,TimesFM-X,"same information, zero-shot foundation model",10,103.5252,73.324,23.04,16.98,24.24,4
Suzhou park,preview,64,4,TimesFM-X,TimesFM-X,"same information, zero-shot foundation model",11,92.8058,68.9911,22.74,16.85,21.37,4
Suzhou park,preview,64,4,TimesFM-X,TimesFM-X,"same information, zero-shot foundation model",12,106.2519,76.2459,24.03,17.19,24.87,4
Suzhou park,preview,64,4,TimesFM-X,TimesFM-X,"same information, zero-shot foundation model",13,104.8883,73.4998,24.51,16.83,24.23,4
Suzhou park,preview,64,4,TimesFM-X,TimesFM-X,"same information, zero-shot foundation model",14,107.5725,71.3965,25.78,16.26,24.63,4
Suzhou park,preview,64,4,TimesFM-X,TimesFM-X,"same information, zero-shot foundation model",15,109.4011,76.4891,26.16,17.65,25.24,4
Suzhou park,preview,64,4,TimesFM-X,TimesFM-X,"same information, zero-shot foundation model",16,114.8583,82.3933,22.19,16.85,26.58,4
Suzhou park,preview,64,4,TimesFM-X,TimesFM-X,"same information, zero-shot foundation model",17,107.105,73.9122,21.9,15.48,25.65,4
Suzhou park,preview,64,4,TimesFM-X,TimesFM-X,"same information, zero-shot foundation model",18,122.5257,75.4879,26.41,16.08,28.59,4
Suzhou park,preview,64,4,TimesFM-X,TimesFM-X,"same information, zero-shot foundation model",19,144.8515,88.6609,31.49,20.11,32.92,4
Suzhou park,preview,64,4,TimesFM-X,TimesFM-X,"same information, zero-shot foundation model",20,144.4644,89.2037,31.87,20.4,32.9,4
Suzhou park,preview,64,4,TimesFM-X,TimesFM-X,"same information, zero-shot foundation model",21,138.903,86.3291,29.01,19.32,31.92,4
Suzhou park,preview,64,4,TimesFM-X,TimesFM-X,"same information, zero-shot foundation model",22,143.9825,93.0324,28.71,19.52,32.67,4
Suzhou park,preview,64,4,TimesFM-X,TimesFM-X,"same information, zero-shot foundation model",23,162.8887,101.7749,30.34,20.18,36.98,4
Suzhou park,preview,64,4,TimesFM-X,TimesFM-X,"same information, zero-shot foundation model",24,149.5295,91.7502,26.48,18.65,32.97,4
Suzhou park,preview,64,4,TimesFM-X,TimesFM-X,"same information, zero-shot foundation model",25,166.6667,104.2101,30.96,21.42,36.52,4
Suzhou park,preview,64,4,TimesFM-X,TimesFM-X,"same information, zero-shot foundation model",26,148.6326,98.146,30.23,21.04,34.84,4
Suzhou park,preview,64,4,TimesFM-X,TimesFM-X,"same information, zero-shot foundation model",27,157.2762,100.0644,32.21,21.46,36.99,4
Suzhou park,preview,64,4,TimesFM-X,TimesFM-X,"same information, zero-shot foundation model",28,162.965,101.9046,35.3,22.04,38.25,4
Suzhou park,preview,64,4,TimesFM-X,TimesFM-X,"same information, zero-shot foundation model",29,155.3992,103.3407,35.67,22.84,36.64,4
Suzhou park,preview,64,4,TimesFM-X,TimesFM-X,"same information, zero-shot foundation model",30,154.4674,106.2831,33.07,23.29,36.73,4
Suzhou park,preview,64,4,TimesFM-X,TimesFM-X,"same information, zero-shot foundation model",31,175.8216,112.1038,33.9,23.0,41.37,4
Suzhou park,preview,64,4,WeekProf4,4-week profile,profile,1,149.3655,92.1896,35.84,22.56,33.65,4
Suzhou park,preview,64,4,WeekProf4,4-week profile,profile,2,162.6255,101.5942,37.63,23.84,37.56,4
Suzhou park,preview,64,4,WeekProf4,4-week profile,profile,3,156.7098,98.7506,37.58,24.17,35.68,4
Suzhou park,preview,64,4,WeekProf4,4-week profile,profile,4,162.6108,98.2234,39.72,24.03,36.42,4
Suzhou park,preview,64,4,WeekProf4,4-week profile,profile,5,169.4611,106.8617,41.93,26.77,37.11,4
Suzhou park,preview,64,4,WeekProf4,4-week profile,profile,6,150.5789,90.967,35.12,20.98,34.17,4
Suzhou park,preview,64,4,WeekProf4,4-week profile,profile,7,153.3018,93.9556,35.87,23.43,33.1,4
Suzhou park,preview,64,4,WeekProf4,4-week profile,profile,8,152.5317,99.0216,34.71,22.34,35.5,4
Suzhou park,preview,64,4,WeekProf4,4-week profile,profile,9,135.87,94.8526,29.79,22.18,31.28,4
Suzhou park,preview,64,4,WeekProf4,4-week profile,profile,10,133.0122,93.9167,29.71,21.65,30.56,4
Suzhou park,preview,64,4,WeekProf4,4-week profile,profile,11,125.307,88.3433,27.79,20.28,28.86,4
Suzhou park,preview,64,4,WeekProf4,4-week profile,profile,12,129.9952,90.3463,29.58,20.78,30.0,4
Suzhou park,preview,64,4,WeekProf4,4-week profile,profile,13,137.4172,89.7372,31.48,20.39,31.27,4
Suzhou park,preview,64,4,WeekProf4,4-week profile,profile,14,110.9687,77.4374,23.36,16.92,25.2,4
Suzhou park,preview,64,4,WeekProf4,4-week profile,profile,15,115.1704,83.06,26.07,19.68,26.44,4
Suzhou park,preview,64,4,WeekProf4,4-week profile,profile,16,133.0055,91.6096,26.55,20.08,30.21,4
Suzhou park,preview,64,4,WeekProf4,4-week profile,profile,17,129.4246,91.9232,26.26,19.64,30.6,4
Suzhou park,preview,64,4,WeekProf4,4-week profile,profile,18,133.2717,93.9002,25.01,19.0,31.33,4
Suzhou park,preview,64,4,WeekProf4,4-week profile,profile,19,155.0228,102.1719,30.53,21.86,35.65,4
Suzhou park,preview,64,4,WeekProf4,4-week profile,profile,20,153.4382,99.5018,30.51,21.27,35.11,4
Suzhou park,preview,64,4,WeekProf4,4-week profile,profile,21,149.5969,95.9368,31.32,20.88,34.85,4
Suzhou park,preview,64,4,WeekProf4,4-week profile,profile,22,168.6946,110.0734,32.55,22.39,39.31,4
Suzhou park,preview,64,4,WeekProf4,4-week profile,profile,23,179.4091,114.3967,32.19,22.71,41.56,4
Suzhou park,preview,64,4,WeekProf4,4-week profile,profile,24,186.9525,118.4825,34.86,24.39,43.41,4
Suzhou park,preview,64,4,WeekProf4,4-week profile,profile,25,197.3677,129.2722,35.15,25.41,45.32,4
Suzhou park,preview,64,4,WeekProf4,4-week profile,profile,26,180.2607,120.4549,34.83,24.59,42.84,4
Suzhou park,preview,64,4,WeekProf4,4-week profile,profile,27,188.9336,125.8608,35.66,26.48,44.34,4
Suzhou park,preview,64,4,WeekProf4,4-week profile,profile,28,177.3416,118.6312,37.14,25.35,42.28,4
Suzhou park,preview,64,4,WeekProf4,4-week profile,profile,29,180.8383,120.8091,40.76,26.75,43.41,4
Suzhou park,preview,64,4,WeekProf4,4-week profile,profile,30,161.3818,112.0688,32.67,24.54,39.16,4
Suzhou park,preview,64,4,WeekProf4,4-week profile,profile,31,209.4149,133.2512,43.05,27.75,49.71,4
Suzhou park,preview,64,4,DLinear,DLinear,"load only, trained",1,112.5435,69.1087,24.42,15.87,23.07,4
Suzhou park,preview,64,4,DLinear,DLinear,"load only, trained",2,132.0367,81.9206,32.48,20.35,28.53,4
Suzhou park,preview,64,4,DLinear,DLinear,"load only, trained",3,125.3405,80.9704,31.96,20.2,27.13,4
Suzhou park,preview,64,4,DLinear,DLinear,"load only, trained",4,131.3869,83.8013,31.67,20.3,28.94,4
Suzhou park,preview,64,4,DLinear,DLinear,"load only, trained",5,143.1451,92.6021,36.09,23.47,30.51,4
Suzhou park,preview,64,4,DLinear,DLinear,"load only, trained",6,119.8157,78.3841,29.06,18.95,26.6,4
Suzhou park,preview,64,4,DLinear,DLinear,"load only, trained",7,128.5713,84.9708,30.63,21.15,27.25,4
Suzhou park,preview,64,4,DLinear,DLinear,"load only, trained",8,116.7438,80.1264,27.74,17.83,26.75,4
Suzhou park,preview,64,4,DLinear,DLinear,"load only, trained",9,111.4779,78.3699,22.91,16.42,26.49,4
Suzhou park,preview,64,4,DLinear,DLinear,"load only, trained",10,106.95,79.9466,24.01,18.03,24.97,4
Suzhou park,preview,64,4,DLinear,DLinear,"load only, trained",11,104.9263,78.4637,23.09,17.18,24.83,4
Suzhou park,preview,64,4,DLinear,DLinear,"load only, trained",12,107.903,79.3537,24.2,17.42,25.38,4
Suzhou park,preview,64,4,DLinear,DLinear,"load only, trained",13,112.1204,80.9575,26.66,18.54,25.82,4
Suzhou park,preview,64,4,DLinear,DLinear,"load only, trained",14,98.17,74.6742,20.85,15.69,23.02,4
Suzhou park,preview,64,4,DLinear,DLinear,"load only, trained",15,103.1161,79.8859,21.9,17.06,24.4,4
Suzhou park,preview,64,4,DLinear,DLinear,"load only, trained",16,118.4951,87.2583,23.48,17.76,27.72,4
Suzhou park,preview,64,4,DLinear,DLinear,"load only, trained",17,106.3864,81.15,22.1,17.33,25.33,4
Suzhou park,preview,64,4,DLinear,DLinear,"load only, trained",18,120.7657,86.8939,24.26,17.94,27.98,4
Suzhou park,preview,64,4,DLinear,DLinear,"load only, trained",19,142.0845,97.9993,28.39,20.88,32.16,4
Suzhou park,preview,64,4,DLinear,DLinear,"load only, trained",20,138.9491,99.0219,28.03,21.11,31.49,4
Suzhou park,preview,64,4,DLinear,DLinear,"load only, trained",21,141.0915,100.2031,28.94,21.07,32.12,4
Suzhou park,preview,64,4,DLinear,DLinear,"load only, trained",22,151.7294,109.6661,30.45,22.8,34.47,4
Suzhou park,preview,64,4,DLinear,DLinear,"load only, trained",23,163.0516,113.8223,29.75,22.18,36.52,4
Suzhou park,preview,64,4,DLinear,DLinear,"load only, trained",24,166.4106,115.0183,32.28,23.76,37.54,4
Suzhou park,preview,64,4,DLinear,DLinear,"load only, trained",25,174.0899,124.105,31.44,23.72,39.02,4
Suzhou park,preview,64,4,DLinear,DLinear,"load only, trained",26,150.2934,112.0831,29.65,22.8,34.69,4
Suzhou park,preview,64,4,DLinear,DLinear,"load only, trained",27,156.2379,115.8665,31.12,23.95,35.54,4
Suzhou park,preview,64,4,DLinear,DLinear,"load only, trained",28,161.7067,116.4441,35.46,25.47,36.86,4
Suzhou park,preview,64,4,DLinear,DLinear,"load only, trained",29,159.0219,116.9932,38.33,27.19,35.6,4
Suzhou park,preview,64,4,DLinear,DLinear,"load only, trained",30,145.0214,110.8522,31.12,23.2,33.29,4
Suzhou park,preview,64,4,DLinear,DLinear,"load only, trained",31,189.8425,132.8304,41.57,29.32,42.49,4
Suzhou park,preview,64,4,GBT-T,GBT-T,"same information, trained",1,106.8368,74.613,21.41,15.56,25.2,4
Suzhou park,preview,64,4,GBT-T,GBT-T,"same information, trained",2,115.3132,79.0246,24.27,16.26,26.8,4
Suzhou park,preview,64,4,GBT-T,GBT-T,"same information, trained",3,113.7637,79.3022,24.6,16.63,26.24,4
Suzhou park,preview,64,4,GBT-T,GBT-T,"same information, trained",4,97.5054,70.1506,20.39,15.17,21.59,4
Suzhou park,preview,64,4,GBT-T,GBT-T,"same information, trained",5,110.2365,76.7235,27.1,18.47,23.51,4
Suzhou park,preview,64,4,GBT-T,GBT-T,"same information, trained",6,102.5402,72.6697,23.93,16.99,21.61,4
Suzhou park,preview,64,4,GBT-T,GBT-T,"same information, trained",7,108.0947,74.6234,23.76,16.6,23.18,4
Suzhou park,preview,64,4,GBT-T,GBT-T,"same information, trained",8,113.5541,77.7594,23.35,16.51,24.55,4
Suzhou park,preview,64,4,GBT-T,GBT-T,"same information, trained",9,121.9725,87.2415,26.7,19.01,27.17,4
Suzhou park,preview,64,4,GBT-T,GBT-T,"same information, trained",10,120.6957,88.6937,27.37,20.27,26.2,4
Suzhou park,preview,64,4,GBT-T,GBT-T,"same information, trained",11,107.3287,78.1959,23.7,17.44,23.86,4
Suzhou park,preview,64,4,GBT-T,GBT-T,"same information, trained",12,119.3502,84.3902,27.5,19.57,26.18,4
Suzhou park,preview,64,4,GBT-T,GBT-T,"same information, trained",13,118.6946,87.8912,26.3,20.03,26.04,4
Suzhou park,preview,64,4,GBT-T,GBT-T,"same information, trained",14,122.1384,86.5407,24.25,18.41,27.23,4
Suzhou park,preview,64,4,GBT-T,GBT-T,"same information, trained",15,110.3289,81.8249,24.3,18.73,25.34,4
Suzhou park,preview,64,4,GBT-T,GBT-T,"same information, trained",16,137.8398,98.3916,27.57,20.5,31.31,4
Suzhou park,preview,64,4,GBT-T,GBT-T,"same information, trained",17,120.7868,87.266,25.06,18.35,27.57,4
Suzhou park,preview,64,4,GBT-T,GBT-T,"same information, trained",18,125.8533,85.3324,26.1,18.89,28.1,4
Suzhou park,preview,64,4,GBT-T,GBT-T,"same information, trained",19,145.4436,94.3624,29.71,20.76,32.25,4
Suzhou park,preview,64,4,GBT-T,GBT-T,"same information, trained",20,144.431,97.5029,31.35,22.34,31.63,4
Suzhou park,preview,64,4,GBT-T,GBT-T,"same information, trained",21,150.9307,102.7615,32.06,22.76,31.37,4
Suzhou park,preview,64,4,GBT-T,GBT-T,"same information, trained",22,152.436,103.2673,31.3,22.69,30.09,4
Suzhou park,preview,64,4,GBT-T,GBT-T,"same information, trained",23,173.1548,112.1395,33.1,23.91,33.8,4
Suzhou park,preview,64,4,GBT-T,GBT-T,"same information, trained",24,169.1268,109.939,32.74,23.55,33.06,4
Suzhou park,preview,64,4,GBT-T,GBT-T,"same information, trained",25,171.0322,108.5406,31.76,22.22,33.77,4
Suzhou park,preview,64,4,GBT-T,GBT-T,"same information, trained",26,157.3474,100.9136,32.1,22.38,31.69,4
Suzhou park,preview,64,4,GBT-T,GBT-T,"same information, trained",27,154.8701,99.7764,31.25,21.98,31.26,4
Suzhou park,preview,64,4,GBT-T,GBT-T,"same information, trained",28,170.8277,105.269,33.82,22.97,36.65,4
Suzhou park,preview,64,4,GBT-T,GBT-T,"same information, trained",29,153.2086,98.0586,36.0,22.08,33.82,4
Suzhou park,preview,64,4,GBT-T,GBT-T,"same information, trained",30,151.7529,104.4592,28.17,20.68,32.51,4
Suzhou park,preview,64,4,GBT-T,GBT-T,"same information, trained",31,161.9981,108.6218,27.8,20.64,33.86,4
Suzhou park,preview,64,4,iTransformer-X,iTransformer-X,"same information, trained",1,131.1185,88.1481,29.71,21.76,26.95,4
Suzhou park,preview,64,4,iTransformer-X,iTransformer-X,"same information, trained",2,148.1729,98.2882,36.56,24.01,32.57,4
Suzhou park,preview,64,4,iTransformer-X,iTransformer-X,"same information, trained",3,139.3341,95.2942,34.66,23.74,30.36,4
Suzhou park,preview,64,4,iTransformer-X,iTransformer-X,"same information, trained",4,139.5934,95.6465,33.51,23.52,30.61,4
Suzhou park,preview,64,4,iTransformer-X,iTransformer-X,"same information, trained",5,146.4579,98.6087,36.39,24.92,31.09,4
Suzhou park,preview,64,4,iTransformer-X,iTransformer-X,"same information, trained",6,129.9184,88.93,32.76,22.08,28.16,4
Suzhou park,preview,64,4,iTransformer-X,iTransformer-X,"same information, trained",7,136.8648,93.0916,31.73,23.5,28.8,4
Suzhou park,preview,64,4,iTransformer-X,iTransformer-X,"same information, trained",8,123.8655,86.4035,29.26,19.55,28.5,4
Suzhou park,preview,64,4,iTransformer-X,iTransformer-X,"same information, trained",9,121.0834,88.5449,25.59,18.82,28.6,4
Suzhou park,preview,64,4,iTransformer-X,iTransformer-X,"same information, trained",10,116.5945,87.704,26.93,19.89,26.87,4
Suzhou park,preview,64,4,iTransformer-X,iTransformer-X,"same information, trained",11,115.9856,86.4243,27.67,20.28,26.66,4
Suzhou park,preview,64,4,iTransformer-X,iTransformer-X,"same information, trained",12,115.3139,84.0212,26.87,19.18,26.47,4
Suzhou park,preview,64,4,iTransformer-X,iTransformer-X,"same information, trained",13,116.4689,85.2517,28.01,19.88,26.43,4
Suzhou park,preview,64,4,iTransformer-X,iTransformer-X,"same information, trained",14,108.3985,80.0821,24.68,17.98,25.02,4
Suzhou park,preview,64,4,iTransformer-X,iTransformer-X,"same information, trained",15,104.4879,78.9729,22.69,17.08,24.45,4
Suzhou park,preview,64,4,iTransformer-X,iTransformer-X,"same information, trained",16,118.4488,86.7572,23.96,17.74,27.5,4
Suzhou park,preview,64,4,iTransformer-X,iTransformer-X,"same information, trained",17,109.4207,78.4691,23.43,16.7,25.84,4
Suzhou park,preview,64,4,iTransformer-X,iTransformer-X,"same information, trained",18,119.4681,83.6317,26.19,18.88,27.61,4
Suzhou park,preview,64,4,iTransformer-X,iTransformer-X,"same information, trained",19,136.5455,90.4703,28.98,20.27,30.94,4
Suzhou park,preview,64,4,iTransformer-X,iTransformer-X,"same information, trained",20,136.0852,94.1817,29.31,21.48,31.09,4
Suzhou park,preview,64,4,iTransformer-X,iTransformer-X,"same information, trained",21,142.7813,93.1482,31.89,21.37,32.9,4
Suzhou park,preview,64,4,iTransformer-X,iTransformer-X,"same information, trained",22,143.0495,99.6402,30.19,21.63,33.27,4
Suzhou park,preview,64,4,iTransformer-X,iTransformer-X,"same information, trained",23,155.1013,101.9561,29.54,20.39,35.86,4
Suzhou park,preview,64,4,iTransformer-X,iTransformer-X,"same information, trained",24,153.8626,101.6501,29.5,21.17,35.58,4
Suzhou park,preview,64,4,iTransformer-X,iTransformer-X,"same information, trained",25,174.2847,115.1854,33.4,23.79,40.06,4
Suzhou park,preview,64,4,iTransformer-X,iTransformer-X,"same information, trained",26,152.773,105.1301,32.87,23.21,35.68,4
Suzhou park,preview,64,4,iTransformer-X,iTransformer-X,"same information, trained",27,155.2804,109.7976,33.73,24.36,36.06,4
Suzhou park,preview,64,4,iTransformer-X,iTransformer-X,"same information, trained",28,162.2446,111.7132,37.32,25.64,37.75,4
Suzhou park,preview,64,4,iTransformer-X,iTransformer-X,"same information, trained",29,162.2757,113.7939,38.67,26.42,37.76,4
Suzhou park,preview,64,4,iTransformer-X,iTransformer-X,"same information, trained",30,144.4539,105.3498,31.51,23.82,34.15,4
Suzhou park,preview,64,4,iTransformer-X,iTransformer-X,"same information, trained",31,180.6081,123.1495,38.6,27.07,42.3,4
Suzhou park,preview,64,4,iTransformer,iTransformer,"load only, trained",1,128.6507,76.9174,31.92,19.29,27.15,4
Suzhou park,preview,64,4,iTransformer,iTransformer,"load only, trained",2,149.8669,90.2317,35.18,22.03,32.56,4
Suzhou park,preview,64,4,iTransformer,iTransformer,"load only, trained",3,142.5261,88.4709,34.47,22.22,31.05,4
Suzhou park,preview,64,4,iTransformer,iTransformer,"load only, trained",4,149.4133,90.385,33.54,21.72,32.43,4
Suzhou park,preview,64,4,iTransformer,iTransformer,"load only, trained",5,160.0846,97.27,38.5,24.33,34.08,4
Suzhou park,preview,64,4,iTransformer,iTransformer,"load only, trained",6,137.1359,82.9714,30.32,19.45,30.69,4
Suzhou park,preview,64,4,iTransformer,iTransformer,"load only, trained",7,140.684,89.723,35.44,22.12,29.92,4
Suzhou park,preview,64,4,iTransformer,iTransformer,"load only, trained",8,124.5956,81.6339,28.96,18.1,28.72,4
Suzhou park,preview,64,4,iTransformer,iTransformer,"load only, trained",9,128.3892,84.7109,23.61,16.99,30.09,4
Suzhou park,preview,64,4,iTransformer,iTransformer,"load only, trained",10,125.2967,87.2553,25.59,18.6,29.8,4
Suzhou park,preview,64,4,iTransformer,iTransformer,"load only, trained",11,128.8223,85.1277,25.45,18.22,30.52,4
Suzhou park,preview,64,4,iTransformer,iTransformer,"load only, trained",12,132.9704,85.7454,25.72,18.0,30.96,4
Suzhou park,preview,64,4,iTransformer,iTransformer,"load only, trained",13,138.0007,86.2393,28.17,18.65,31.92,4
Suzhou park,preview,64,4,iTransformer,iTransformer,"load only, trained",14,121.5333,80.9505,22.99,16.93,28.08,4
Suzhou park,preview,64,4,iTransformer,iTransformer,"load only, trained",15,123.5691,79.496,21.44,15.76,28.46,4
Suzhou park,preview,64,4,iTransformer,iTransformer,"load only, trained",16,134.3832,87.465,23.65,17.38,30.99,4
Suzhou park,preview,64,4,iTransformer,iTransformer,"load only, trained",17,129.7587,83.6777,23.69,16.8,30.45,4
Suzhou park,preview,64,4,iTransformer,iTransformer,"load only, trained",18,137.5069,87.428,25.06,18.44,31.34,4
Suzhou park,preview,64,4,iTransformer,iTransformer,"load only, trained",19,155.7197,95.2069,27.95,19.92,34.33,4
Suzhou park,preview,64,4,iTransformer,iTransformer,"load only, trained",20,157.0341,96.5639,28.25,20.27,35.03,4
Suzhou park,preview,64,4,iTransformer,iTransformer,"load only, trained",21,158.6583,99.9048,31.95,21.71,35.94,4
Suzhou park,preview,64,4,iTransformer,iTransformer,"load only, trained",22,161.0371,102.7436,29.49,21.07,35.73,4
Suzhou park,preview,64,4,iTransformer,iTransformer,"load only, trained",23,169.162,108.6595,29.71,21.02,37.31,4
Suzhou park,preview,64,4,iTransformer,iTransformer,"load only, trained",24,173.0813,108.5983,32.08,22.23,38.29,4
Suzhou park,preview,64,4,iTransformer,iTransformer,"load only, trained",25,189.0816,122.2836,33.18,23.61,41.32,4
Suzhou park,preview,64,4,iTransformer,iTransformer,"load only, trained",26,180.8085,117.2707,34.79,24.73,40.35,4
Suzhou park,preview,64,4,iTransformer,iTransformer,"load only, trained",27,182.5217,120.2752,34.97,25.18,41.03,4
Suzhou park,preview,64,4,iTransformer,iTransformer,"load only, trained",28,188.871,122.4684,38.1,26.4,43.15,4
Suzhou park,preview,64,4,iTransformer,iTransformer,"load only, trained",29,190.8128,124.9943,39.22,26.68,43.34,4
Suzhou park,preview,64,4,iTransformer,iTransformer,"load only, trained",30,172.468,120.7277,33.21,25.11,39.37,4
Suzhou park,preview,64,4,iTransformer,iTransformer,"load only, trained",31,203.8417,135.9002,42.83,29.53,45.77,4
Suzhou park,preview,64,4,LSTM,LSTM,"load only, trained",1,120.9235,83.2527,25.73,17.46,24.02,4
Suzhou park,preview,64,4,LSTM,LSTM,"load only, trained",2,134.6788,97.5812,32.49,22.59,28.16,4
Suzhou park,preview,64,4,LSTM,LSTM,"load only, trained",3,133.1052,96.609,30.22,22.03,27.6,4
Suzhou park,preview,64,4,LSTM,LSTM,"load only, trained",4,144.5987,105.1698,32.96,23.96,29.44,4
Suzhou park,preview,64,4,LSTM,LSTM,"load only, trained",5,138.2952,103.1523,31.63,24.03,28.6,4
Suzhou park,preview,64,4,LSTM,LSTM,"load only, trained",6,125.2082,93.8508,27.81,21.5,25.94,4
Suzhou park,preview,64,4,LSTM,LSTM,"load only, trained",7,138.0309,93.0894,32.66,23.44,29.04,4
Suzhou park,preview,64,4,LSTM,LSTM,"load only, trained",8,159.9715,111.9228,36.98,26.39,33.59,4
Suzhou park,preview,64,4,LSTM,LSTM,"load only, trained",9,158.8576,115.671,36.5,27.01,34.56,4
Suzhou park,preview,64,4,LSTM,LSTM,"load only, trained",10,151.965,112.3076,33.05,24.77,32.46,4
Suzhou park,preview,64,4,LSTM,LSTM,"load only, trained",11,146.3742,108.7242,29.82,22.94,30.92,4
Suzhou park,preview,64,4,LSTM,LSTM,"load only, trained",12,136.1105,101.4399,30.54,23.13,29.61,4
Suzhou park,preview,64,4,LSTM,LSTM,"load only, trained",13,127.8366,93.9821,29.65,22.14,28.15,4
Suzhou park,preview,64,4,LSTM,LSTM,"load only, trained",14,119.1808,82.9062,27.88,18.99,27.36,4
Suzhou park,preview,64,4,LSTM,LSTM,"load only, trained",15,131.2734,96.5838,27.82,21.72,28.04,4
Suzhou park,preview,64,4,LSTM,LSTM,"load only, trained",16,152.9731,110.4507,37.02,27.28,34.19,4
Suzhou park,preview,64,4,LSTM,LSTM,"load only, trained",17,141.914,104.6496,33.44,24.29,30.92,4
Suzhou park,preview,64,4,LSTM,LSTM,"load only, trained",18,153.5356,108.2919,37.8,26.72,33.46,4
Suzhou park,preview,64,4,LSTM,LSTM,"load only, trained",19,161.7062,109.5837,37.43,27.4,35.61,4
Suzhou park,preview,64,4,LSTM,LSTM,"load only, trained",20,148.8946,103.2944,34.82,25.47,33.37,4
Suzhou park,preview,64,4,LSTM,LSTM,"load only, trained",21,149.3007,95.8074,32.77,21.23,34.13,4
Suzhou park,preview,64,4,LSTM,LSTM,"load only, trained",22,174.7705,119.0571,40.65,28.79,38.5,4
Suzhou park,preview,64,4,LSTM,LSTM,"load only, trained",23,187.4293,127.3938,39.53,28.67,41.36,4
Suzhou park,preview,64,4,LSTM,LSTM,"load only, trained",24,189.0526,127.5677,41.36,30.17,41.45,4
Suzhou park,preview,64,4,LSTM,LSTM,"load only, trained",25,196.8326,134.6497,40.45,29.91,43.85,4
Suzhou park,preview,64,4,LSTM,LSTM,"load only, trained",26,173.3114,122.3112,38.45,28.71,39.38,4
Suzhou park,preview,64,4,LSTM,LSTM,"load only, trained",27,173.3472,122.2049,37.58,28.16,39.69,4
Suzhou park,preview,64,4,LSTM,LSTM,"load only, trained",28,165.9838,111.9018,35.82,24.01,38.35,4
Suzhou park,preview,64,4,LSTM,LSTM,"load only, trained",29,155.8989,114.8467,38.74,27.52,35.13,4
Suzhou park,preview,64,4,LSTM,LSTM,"load only, trained",30,163.9091,122.6248,38.1,28.01,37.86,4
Suzhou park,preview,64,4,LSTM,LSTM,"load only, trained",31,200.9396,142.9023,44.94,33.91,44.8,4
Suzhou park,preview,64,4,PatchTST,PatchTST,"load only, trained",1,131.0328,78.4428,28.15,16.98,28.04,4
Suzhou park,preview,64,4,PatchTST,PatchTST,"load only, trained",2,159.4581,96.5406,32.89,21.25,34.1,4
Suzhou park,preview,64,4,PatchTST,PatchTST,"load only, trained",3,153.9689,100.7498,33.16,22.48,33.12,4
Suzhou park,preview,64,4,PatchTST,PatchTST,"load only, trained",4,161.1131,104.5739,33.87,22.25,34.9,4
Suzhou park,preview,64,4,PatchTST,PatchTST,"load only, trained",5,161.0432,106.7068,38.89,25.09,34.87,4
Suzhou park,preview,64,4,PatchTST,PatchTST,"load only, trained",6,155.6971,102.2372,32.01,21.54,33.56,4
Suzhou park,preview,64,4,PatchTST,PatchTST,"load only, trained",7,156.8586,109.5374,36.37,24.42,33.91,4
Suzhou park,preview,64,4,PatchTST,PatchTST,"load only, trained",8,156.1358,110.8915,31.9,21.61,34.38,4
Suzhou park,preview,64,4,PatchTST,PatchTST,"load only, trained",9,155.0572,111.0734,25.97,20.31,33.19,4
Suzhou park,preview,64,4,PatchTST,PatchTST,"load only, trained",10,143.3496,107.4494,26.85,20.68,31.8,4
Suzhou park,preview,64,4,PatchTST,PatchTST,"load only, trained",11,146.6801,104.0468,27.22,20.98,32.6,4
Suzhou park,preview,64,4,PatchTST,PatchTST,"load only, trained",12,147.3174,106.2002,29.1,21.16,33.43,4
Suzhou park,preview,64,4,PatchTST,PatchTST,"load only, trained",13,164.6653,108.8895,31.12,21.23,36.33,4
Suzhou park,preview,64,4,PatchTST,PatchTST,"load only, trained",14,142.3042,99.5907,25.89,19.4,31.11,4
Suzhou park,preview,64,4,PatchTST,PatchTST,"load only, trained",15,154.6396,105.4039,25.39,19.75,33.04,4
Suzhou park,preview,64,4,PatchTST,PatchTST,"load only, trained",16,159.6618,108.5002,27.52,21.49,33.6,4
Suzhou park,preview,64,4,PatchTST,PatchTST,"load only, trained",17,136.9688,96.1365,25.73,19.36,30.8,4
Suzhou park,preview,64,4,PatchTST,PatchTST,"load only, trained",18,142.8461,94.6009,24.73,17.98,32.22,4
Suzhou park,preview,64,4,PatchTST,PatchTST,"load only, trained",19,158.3434,103.5377,29.02,20.51,36.06,4
Suzhou park,preview,64,4,PatchTST,PatchTST,"load only, trained",20,173.6981,109.2641,27.8,19.48,37.63,4
Suzhou park,preview,64,4,PatchTST,PatchTST,"load only, trained",21,165.746,106.9257,28.87,19.38,36.84,4
Suzhou park,preview,64,4,PatchTST,PatchTST,"load only, trained",22,172.603,109.2199,29.19,20.35,37.73,4
Suzhou park,preview,64,4,PatchTST,PatchTST,"load only, trained",23,177.2449,112.934,27.68,19.63,38.1,4
Suzhou park,preview,64,4,PatchTST,PatchTST,"load only, trained",24,172.5886,114.1207,27.75,19.82,37.67,4
Suzhou park,preview,64,4,PatchTST,PatchTST,"load only, trained",25,195.1212,129.9117,30.6,21.65,42.19,4
Suzhou park,preview,64,4,PatchTST,PatchTST,"load only, trained",26,186.1702,123.9017,32.07,22.69,41.48,4
Suzhou park,preview,64,4,PatchTST,PatchTST,"load only, trained",27,206.2507,132.7932,33.04,23.24,44.57,4
Suzhou park,preview,64,4,PatchTST,PatchTST,"load only, trained",28,206.6808,129.7339,35.05,23.44,45.32,4
Suzhou park,preview,64,4,PatchTST,PatchTST,"load only, trained",29,219.7132,138.7142,40.3,26.23,48.16,4
Suzhou park,preview,64,4,PatchTST,PatchTST,"load only, trained",30,201.7589,133.9558,30.91,22.97,43.44,4
Suzhou park,preview,64,4,PatchTST,PatchTST,"load only, trained",31,215.0215,146.0033,39.17,27.04,48.08,4
Suzhou park,preview,64,4,TiDE,TiDE,"same information, trained",1,116.0779,73.0879,26.33,17.17,24.34,4
Suzhou park,preview,64,4,TiDE,TiDE,"same information, trained",2,134.7147,85.2841,33.3,21.37,29.34,4
Suzhou park,preview,64,4,TiDE,TiDE,"same information, trained",3,126.2647,83.4778,32.07,20.85,27.45,4
Suzhou park,preview,64,4,TiDE,TiDE,"same information, trained",4,132.2224,85.3539,31.6,20.67,29.13,4
Suzhou park,preview,64,4,TiDE,TiDE,"same information, trained",5,142.46,93.3333,35.82,23.72,30.36,4
Suzhou park,preview,64,4,TiDE,TiDE,"same information, trained",6,118.9174,79.454,29.06,19.2,26.5,4
Suzhou park,preview,64,4,TiDE,TiDE,"same information, trained",7,126.2627,84.4494,30.04,20.91,26.92,4
Suzhou park,preview,64,4,TiDE,TiDE,"same information, trained",8,118.3899,80.4891,28.37,18.12,27.03,4
Suzhou park,preview,64,4,TiDE,TiDE,"same information, trained",9,112.1603,78.3719,23.55,16.65,26.57,4
Suzhou park,preview,64,4,TiDE,TiDE,"same information, trained",10,106.5087,80.0559,24.0,17.95,24.82,4
Suzhou park,preview,64,4,TiDE,TiDE,"same information, trained",11,106.1615,79.59,23.88,17.75,25.0,4
Suzhou park,preview,64,4,TiDE,TiDE,"same information, trained",12,108.6497,79.8351,24.92,17.77,25.41,4
Suzhou park,preview,64,4,TiDE,TiDE,"same information, trained",13,112.1946,80.7411,26.38,18.32,25.94,4
Suzhou park,preview,64,4,TiDE,TiDE,"same information, trained",14,97.5435,73.4971,20.52,15.22,22.96,4
Suzhou park,preview,64,4,TiDE,TiDE,"same information, trained",15,100.2888,77.3403,21.66,16.7,23.69,4
Suzhou park,preview,64,4,TiDE,TiDE,"same information, trained",16,117.9659,86.4538,23.23,17.43,27.57,4
Suzhou park,preview,64,4,TiDE,TiDE,"same information, trained",17,106.8718,81.2238,22.49,17.69,25.39,4
Suzhou park,preview,64,4,TiDE,TiDE,"same information, trained",18,121.5125,86.0997,24.79,18.16,28.05,4
Suzhou park,preview,64,4,TiDE,TiDE,"same information, trained",19,142.7303,96.8912,28.77,20.82,32.36,4
Suzhou park,preview,64,4,TiDE,TiDE,"same information, trained",20,139.8387,98.5633,28.18,21.22,31.78,4
Suzhou park,preview,64,4,TiDE,TiDE,"same information, trained",21,141.0055,98.2833,28.95,20.65,32.13,4
Suzhou park,preview,64,4,TiDE,TiDE,"same information, trained",22,151.5843,107.7392,30.28,22.31,34.44,4
Suzhou park,preview,64,4,TiDE,TiDE,"same information, trained",23,163.9654,112.9723,29.89,22.27,36.85,4
Suzhou park,preview,64,4,TiDE,TiDE,"same information, trained",24,166.4175,113.5947,31.88,23.48,37.56,4
Suzhou park,preview,64,4,TiDE,TiDE,"same information, trained",25,173.9463,121.257,31.07,23.25,39.04,4
Suzhou park,preview,64,4,TiDE,TiDE,"same information, trained",26,151.3248,110.9942,29.89,22.79,35.12,4
Suzhou park,preview,64,4,TiDE,TiDE,"same information, trained",27,157.0452,116.201,31.3,24.2,35.91,4
Suzhou park,preview,64,4,TiDE,TiDE,"same information, trained",28,161.786,114.9326,35.27,24.92,37.15,4
Suzhou park,preview,64,4,TiDE,TiDE,"same information, trained",29,158.2036,114.5548,38.14,26.48,35.75,4
Suzhou park,preview,64,4,TiDE,TiDE,"same information, trained",30,143.7598,109.2641,30.99,23.09,33.27,4
Suzhou park,preview,64,4,TiDE,TiDE,"same information, trained",31,188.8184,130.5542,40.98,28.86,42.61,4
