set,tier,windows,units_in_U,model,model_label,model_class,day,GM_CV_daily_energy_pct,GM_CV_cumulative_energy_pct
BDG2 2017,test,474,132,TimesFM,TimesFM,"load only, zero-shot foundation model",1,4.2436,4.2436
BDG2 2017,test,474,132,TimesFM,TimesFM,"load only, zero-shot foundation model",2,6.1216,4.3083
BDG2 2017,test,474,132,TimesFM,TimesFM,"load only, zero-shot foundation model",3,7.0361,5.1126
BDG2 2017,test,474,132,TimesFM,TimesFM,"load only, zero-shot foundation model",4,9.6749,5.4037
BDG2 2017,test,474,132,TimesFM,TimesFM,"load only, zero-shot foundation model",5,9.0769,5.3622
BDG2 2017,test,474,132,TimesFM,TimesFM,"load only, zero-shot foundation model",6,8.2506,5.7705
BDG2 2017,test,474,132,TimesFM,TimesFM,"load only, zero-shot foundation model",7,9.4388,5.4368
BDG2 2017,test,474,132,TimesFM,TimesFM,"load only, zero-shot foundation model",8,7.9596,5.7866
BDG2 2017,test,474,132,TimesFM,TimesFM,"load only, zero-shot foundation model",9,9.3959,5.7129
BDG2 2017,test,474,132,TimesFM,TimesFM,"load only, zero-shot foundation model",10,11.402,5.8867
BDG2 2017,test,474,132,TimesFM,TimesFM,"load only, zero-shot foundation model",11,10.6062,6.2803
BDG2 2017,test,474,132,TimesFM,TimesFM,"load only, zero-shot foundation model",12,11.8788,6.4107
BDG2 2017,test,474,132,TimesFM,TimesFM,"load only, zero-shot foundation model",13,9.8562,6.397
BDG2 2017,test,474,132,TimesFM,TimesFM,"load only, zero-shot foundation model",14,10.5739,6.4267
BDG2 2017,test,474,132,TimesFM,TimesFM,"load only, zero-shot foundation model",15,11.919,6.6137
BDG2 2017,test,474,132,TimesFM,TimesFM,"load only, zero-shot foundation model",16,10.2273,6.665
BDG2 2017,test,474,132,TimesFM,TimesFM,"load only, zero-shot foundation model",17,9.6395,6.9898
BDG2 2017,test,474,132,TimesFM,TimesFM,"load only, zero-shot foundation model",18,11.7297,6.927
BDG2 2017,test,474,132,TimesFM,TimesFM,"load only, zero-shot foundation model",19,12.9908,7.2285
BDG2 2017,test,474,132,TimesFM,TimesFM,"load only, zero-shot foundation model",20,12.7478,7.2596
BDG2 2017,test,474,132,TimesFM,TimesFM,"load only, zero-shot foundation model",21,13.3456,7.4165
BDG2 2017,test,474,132,TimesFM,TimesFM,"load only, zero-shot foundation model",22,15.7976,7.9057
BDG2 2017,test,474,132,TimesFM,TimesFM,"load only, zero-shot foundation model",23,14.7925,8.1015
BDG2 2017,test,474,132,TimesFM,TimesFM,"load only, zero-shot foundation model",24,13.6819,8.3202
BDG2 2017,test,474,132,TimesFM,TimesFM,"load only, zero-shot foundation model",25,13.5989,8.4978
BDG2 2017,test,474,132,TimesFM,TimesFM,"load only, zero-shot foundation model",26,15.5347,8.7361
BDG2 2017,test,474,132,TimesFM,TimesFM,"load only, zero-shot foundation model",27,15.2223,8.7838
BDG2 2017,test,474,132,TimesFM,TimesFM,"load only, zero-shot foundation model",28,16.0573,9.1191
BDG2 2017,test,474,132,TimesFM,TimesFM,"load only, zero-shot foundation model",29,15.725,9.2314
BDG2 2017,test,474,132,TimesFM,TimesFM,"load only, zero-shot foundation model",30,14.5563,9.303
BDG2 2017,test,474,132,TimesFM,TimesFM,"load only, zero-shot foundation model",31,18.7118,9.3726
BDG2 2017,test,474,132,RIDGE-L,Ridge (per unit),per-unit regression,1,7.9895,7.9895
BDG2 2017,test,474,132,RIDGE-L,Ridge (per unit),per-unit regression,2,8.8127,6.9827
BDG2 2017,test,474,132,RIDGE-L,Ridge (per unit),per-unit regression,3,9.9302,7.1612
BDG2 2017,test,474,132,RIDGE-L,Ridge (per unit),per-unit regression,4,11.2739,7.0112
BDG2 2017,test,474,132,RIDGE-L,Ridge (per unit),per-unit regression,5,10.9973,6.9865
BDG2 2017,test,474,132,RIDGE-L,Ridge (per unit),per-unit regression,6,11.4088,7.1847
BDG2 2017,test,474,132,RIDGE-L,Ridge (per unit),per-unit regression,7,11.9766,6.7945
BDG2 2017,test,474,132,RIDGE-L,Ridge (per unit),per-unit regression,8,9.6221,6.9165
BDG2 2017,test,474,132,RIDGE-L,Ridge (per unit),per-unit regression,9,11.2139,6.6761
BDG2 2017,test,474,132,RIDGE-L,Ridge (per unit),per-unit regression,10,13.3745,6.7947
BDG2 2017,test,474,132,RIDGE-L,Ridge (per unit),per-unit regression,11,11.1183,6.9621
BDG2 2017,test,474,132,RIDGE-L,Ridge (per unit),per-unit regression,12,12.596,6.87
BDG2 2017,test,474,132,RIDGE-L,Ridge (per unit),per-unit regression,13,12.4202,7.0844
BDG2 2017,test,474,132,RIDGE-L,Ridge (per unit),per-unit regression,14,12.1723,7.2852
BDG2 2017,test,474,132,RIDGE-L,Ridge (per unit),per-unit regression,15,11.7584,7.4101
BDG2 2017,test,474,132,RIDGE-L,Ridge (per unit),per-unit regression,16,10.1861,7.306
BDG2 2017,test,474,132,RIDGE-L,Ridge (per unit),per-unit regression,17,10.0118,7.0522
BDG2 2017,test,474,132,RIDGE-L,Ridge (per unit),per-unit regression,18,12.0032,7.2114
BDG2 2017,test,474,132,RIDGE-L,Ridge (per unit),per-unit regression,19,12.7032,7.239
BDG2 2017,test,474,132,RIDGE-L,Ridge (per unit),per-unit regression,20,13.6467,7.2005
BDG2 2017,test,474,132,RIDGE-L,Ridge (per unit),per-unit regression,21,12.8754,7.073
BDG2 2017,test,474,132,RIDGE-L,Ridge (per unit),per-unit regression,22,15.6094,7.2023
BDG2 2017,test,474,132,RIDGE-L,Ridge (per unit),per-unit regression,23,14.0979,7.0703
BDG2 2017,test,474,132,RIDGE-L,Ridge (per unit),per-unit regression,24,14.8885,7.3677
BDG2 2017,test,474,132,RIDGE-L,Ridge (per unit),per-unit regression,25,13.9875,7.5358
BDG2 2017,test,474,132,RIDGE-L,Ridge (per unit),per-unit regression,26,15.9502,7.9066
BDG2 2017,test,474,132,RIDGE-L,Ridge (per unit),per-unit regression,27,15.2591,8.1781
BDG2 2017,test,474,132,RIDGE-L,Ridge (per unit),per-unit regression,28,15.4007,8.357
BDG2 2017,test,474,132,RIDGE-L,Ridge (per unit),per-unit regression,29,14.6804,8.4687
BDG2 2017,test,474,132,RIDGE-L,Ridge (per unit),per-unit regression,30,14.7397,8.4831
BDG2 2017,test,474,132,RIDGE-L,Ridge (per unit),per-unit regression,31,17.0541,8.6369
BDG2 2017,test,474,132,Chronos-2-X,Chronos-2-X,"same information, zero-shot foundation model",1,3.9885,3.9885
BDG2 2017,test,474,132,Chronos-2-X,Chronos-2-X,"same information, zero-shot foundation model",2,5.9783,4.5782
BDG2 2017,test,474,132,Chronos-2-X,Chronos-2-X,"same information, zero-shot foundation model",3,7.0651,5.2512
BDG2 2017,test,474,132,Chronos-2-X,Chronos-2-X,"same information, zero-shot foundation model",4,9.8411,5.7907
BDG2 2017,test,474,132,Chronos-2-X,Chronos-2-X,"same information, zero-shot foundation model",5,8.8123,5.6576
BDG2 2017,test,474,132,Chronos-2-X,Chronos-2-X,"same information, zero-shot foundation model",6,8.2079,5.5145
BDG2 2017,test,474,132,Chronos-2-X,Chronos-2-X,"same information, zero-shot foundation model",7,9.45,5.4825
BDG2 2017,test,474,132,Chronos-2-X,Chronos-2-X,"same information, zero-shot foundation model",8,7.6243,5.5223
BDG2 2017,test,474,132,Chronos-2-X,Chronos-2-X,"same information, zero-shot foundation model",9,8.765,5.6478
BDG2 2017,test,474,132,Chronos-2-X,Chronos-2-X,"same information, zero-shot foundation model",10,10.9549,5.8827
BDG2 2017,test,474,132,Chronos-2-X,Chronos-2-X,"same information, zero-shot foundation model",11,10.5586,6.1605
BDG2 2017,test,474,132,Chronos-2-X,Chronos-2-X,"same information, zero-shot foundation model",12,11.2216,6.0309
BDG2 2017,test,474,132,Chronos-2-X,Chronos-2-X,"same information, zero-shot foundation model",13,9.5688,6.0515
BDG2 2017,test,474,132,Chronos-2-X,Chronos-2-X,"same information, zero-shot foundation model",14,9.8258,6.1983
BDG2 2017,test,474,132,Chronos-2-X,Chronos-2-X,"same information, zero-shot foundation model",15,10.1653,6.3702
BDG2 2017,test,474,132,Chronos-2-X,Chronos-2-X,"same information, zero-shot foundation model",16,9.741,6.6611
BDG2 2017,test,474,132,Chronos-2-X,Chronos-2-X,"same information, zero-shot foundation model",17,9.5009,6.8036
BDG2 2017,test,474,132,Chronos-2-X,Chronos-2-X,"same information, zero-shot foundation model",18,10.7797,6.8631
BDG2 2017,test,474,132,Chronos-2-X,Chronos-2-X,"same information, zero-shot foundation model",19,11.3722,6.7927
BDG2 2017,test,474,132,Chronos-2-X,Chronos-2-X,"same information, zero-shot foundation model",20,11.5407,6.8672
BDG2 2017,test,474,132,Chronos-2-X,Chronos-2-X,"same information, zero-shot foundation model",21,11.1424,6.9506
BDG2 2017,test,474,132,Chronos-2-X,Chronos-2-X,"same information, zero-shot foundation model",22,13.2303,6.8516
BDG2 2017,test,474,132,Chronos-2-X,Chronos-2-X,"same information, zero-shot foundation model",23,14.206,7.0935
BDG2 2017,test,474,132,Chronos-2-X,Chronos-2-X,"same information, zero-shot foundation model",24,13.5994,7.3667
BDG2 2017,test,474,132,Chronos-2-X,Chronos-2-X,"same information, zero-shot foundation model",25,15.1482,7.6292
BDG2 2017,test,474,132,Chronos-2-X,Chronos-2-X,"same information, zero-shot foundation model",26,14.8282,7.7693
BDG2 2017,test,474,132,Chronos-2-X,Chronos-2-X,"same information, zero-shot foundation model",27,13.928,7.8312
BDG2 2017,test,474,132,Chronos-2-X,Chronos-2-X,"same information, zero-shot foundation model",28,13.962,7.9425
BDG2 2017,test,474,132,Chronos-2-X,Chronos-2-X,"same information, zero-shot foundation model",29,13.7656,7.9846
BDG2 2017,test,474,132,Chronos-2-X,Chronos-2-X,"same information, zero-shot foundation model",30,14.1652,8.0388
BDG2 2017,test,474,132,Chronos-2-X,Chronos-2-X,"same information, zero-shot foundation model",31,16.0243,8.233
BDG2 2017,test,474,132,Chronos-2,Chronos-2,"load only, zero-shot foundation model",1,3.925,3.925
BDG2 2017,test,474,132,Chronos-2,Chronos-2,"load only, zero-shot foundation model",2,5.8234,4.4272
BDG2 2017,test,474,132,Chronos-2,Chronos-2,"load only, zero-shot foundation model",3,6.9047,5.005
BDG2 2017,test,474,132,Chronos-2,Chronos-2,"load only, zero-shot foundation model",4,10.5419,5.8662
BDG2 2017,test,474,132,Chronos-2,Chronos-2,"load only, zero-shot foundation model",5,9.3829,5.5708
BDG2 2017,test,474,132,Chronos-2,Chronos-2,"load only, zero-shot foundation model",6,9.171,6.0664
BDG2 2017,test,474,132,Chronos-2,Chronos-2,"load only, zero-shot foundation model",7,10.2248,5.8585
BDG2 2017,test,474,132,Chronos-2,Chronos-2,"load only, zero-shot foundation model",8,8.0819,6.0674
BDG2 2017,test,474,132,Chronos-2,Chronos-2,"load only, zero-shot foundation model",9,9.5574,5.9983
BDG2 2017,test,474,132,Chronos-2,Chronos-2,"load only, zero-shot foundation model",10,10.9762,6.45
BDG2 2017,test,474,132,Chronos-2,Chronos-2,"load only, zero-shot foundation model",11,10.6376,6.8345
BDG2 2017,test,474,132,Chronos-2,Chronos-2,"load only, zero-shot foundation model",12,11.6714,6.8345
BDG2 2017,test,474,132,Chronos-2,Chronos-2,"load only, zero-shot foundation model",13,10.5589,6.8543
BDG2 2017,test,474,132,Chronos-2,Chronos-2,"load only, zero-shot foundation model",14,11.8762,7.0812
BDG2 2017,test,474,132,Chronos-2,Chronos-2,"load only, zero-shot foundation model",15,11.7991,7.3996
BDG2 2017,test,474,132,Chronos-2,Chronos-2,"load only, zero-shot foundation model",16,10.5266,7.3186
BDG2 2017,test,474,132,Chronos-2,Chronos-2,"load only, zero-shot foundation model",17,9.3122,7.2102
BDG2 2017,test,474,132,Chronos-2,Chronos-2,"load only, zero-shot foundation model",18,12.1032,7.1686
BDG2 2017,test,474,132,Chronos-2,Chronos-2,"load only, zero-shot foundation model",19,12.1592,7.2873
BDG2 2017,test,474,132,Chronos-2,Chronos-2,"load only, zero-shot foundation model",20,12.3906,7.4862
BDG2 2017,test,474,132,Chronos-2,Chronos-2,"load only, zero-shot foundation model",21,13.47,7.7247
BDG2 2017,test,474,132,Chronos-2,Chronos-2,"load only, zero-shot foundation model",22,16.5231,8.0544
BDG2 2017,test,474,132,Chronos-2,Chronos-2,"load only, zero-shot foundation model",23,15.8536,8.2495
BDG2 2017,test,474,132,Chronos-2,Chronos-2,"load only, zero-shot foundation model",24,13.9851,8.4518
BDG2 2017,test,474,132,Chronos-2,Chronos-2,"load only, zero-shot foundation model",25,17.6781,8.5573
BDG2 2017,test,474,132,Chronos-2,Chronos-2,"load only, zero-shot foundation model",26,18.0052,8.5779
BDG2 2017,test,474,132,Chronos-2,Chronos-2,"load only, zero-shot foundation model",27,16.3279,8.9126
BDG2 2017,test,474,132,Chronos-2,Chronos-2,"load only, zero-shot foundation model",28,17.4032,9.1449
BDG2 2017,test,474,132,Chronos-2,Chronos-2,"load only, zero-shot foundation model",29,16.4366,9.2891
BDG2 2017,test,474,132,Chronos-2,Chronos-2,"load only, zero-shot foundation model",30,15.7136,9.2373
BDG2 2017,test,474,132,Chronos-2,Chronos-2,"load only, zero-shot foundation model",31,19.8694,9.3953
BDG2 2017,test,474,132,ANKYRA,ANKYRA,,1,6.0741,6.0741
BDG2 2017,test,474,132,ANKYRA,ANKYRA,,2,6.9786,5.5424
BDG2 2017,test,474,132,ANKYRA,ANKYRA,,3,7.4939,5.5785
BDG2 2017,test,474,132,ANKYRA,ANKYRA,,4,9.2905,5.4457
BDG2 2017,test,474,132,ANKYRA,ANKYRA,,5,9.2927,5.6411
BDG2 2017,test,474,132,ANKYRA,ANKYRA,,6,8.5105,5.5705
BDG2 2017,test,474,132,ANKYRA,ANKYRA,,7,9.728,5.0328
BDG2 2017,test,474,132,ANKYRA,ANKYRA,,8,8.7356,5.2694
BDG2 2017,test,474,132,ANKYRA,ANKYRA,,9,10.3092,5.2824
BDG2 2017,test,474,132,ANKYRA,ANKYRA,,10,11.0859,5.7122
BDG2 2017,test,474,132,ANKYRA,ANKYRA,,11,10.2557,5.9745
BDG2 2017,test,474,132,ANKYRA,ANKYRA,,12,10.6644,5.8019
BDG2 2017,test,474,132,ANKYRA,ANKYRA,,13,10.4945,5.8174
BDG2 2017,test,474,132,ANKYRA,ANKYRA,,14,10.0301,5.8054
BDG2 2017,test,474,132,ANKYRA,ANKYRA,,15,11.3878,6.3485
BDG2 2017,test,474,132,ANKYRA,ANKYRA,,16,9.3811,6.155
BDG2 2017,test,474,132,ANKYRA,ANKYRA,,17,8.3699,6.25
BDG2 2017,test,474,132,ANKYRA,ANKYRA,,18,10.6793,6.241
BDG2 2017,test,474,132,ANKYRA,ANKYRA,,19,11.8221,6.2619
BDG2 2017,test,474,132,ANKYRA,ANKYRA,,20,11.3921,6.2633
BDG2 2017,test,474,132,ANKYRA,ANKYRA,,21,12.3425,6.4147
BDG2 2017,test,474,132,ANKYRA,ANKYRA,,22,14.796,6.8231
BDG2 2017,test,474,132,ANKYRA,ANKYRA,,23,13.5809,6.9115
BDG2 2017,test,474,132,ANKYRA,ANKYRA,,24,12.7649,6.936
BDG2 2017,test,474,132,ANKYRA,ANKYRA,,25,12.9539,6.9538
BDG2 2017,test,474,132,ANKYRA,ANKYRA,,26,14.6828,7.169
BDG2 2017,test,474,132,ANKYRA,ANKYRA,,27,13.7346,7.384
BDG2 2017,test,474,132,ANKYRA,ANKYRA,,28,14.458,7.5423
BDG2 2017,test,474,132,ANKYRA,ANKYRA,,29,14.3544,7.599
BDG2 2017,test,474,132,ANKYRA,ANKYRA,,30,13.4453,7.5382
BDG2 2017,test,474,132,ANKYRA,ANKYRA,,31,17.1461,7.7854
BDG2 2017,test,474,132,GBT,GBT (zero-shot),zero-shot gradient boosting,1,11.529,11.529
BDG2 2017,test,474,132,GBT,GBT (zero-shot),zero-shot gradient boosting,2,10.9698,8.836
BDG2 2017,test,474,132,GBT,GBT (zero-shot),zero-shot gradient boosting,3,12.2348,8.0403
BDG2 2017,test,474,132,GBT,GBT (zero-shot),zero-shot gradient boosting,4,13.8732,7.9902
BDG2 2017,test,474,132,GBT,GBT (zero-shot),zero-shot gradient boosting,5,15.6622,8.7096
BDG2 2017,test,474,132,GBT,GBT (zero-shot),zero-shot gradient boosting,6,15.0021,9.1977
BDG2 2017,test,474,132,GBT,GBT (zero-shot),zero-shot gradient boosting,7,15.8619,8.9273
BDG2 2017,test,474,132,GBT,GBT (zero-shot),zero-shot gradient boosting,8,12.9347,9.3858
BDG2 2017,test,474,132,GBT,GBT (zero-shot),zero-shot gradient boosting,9,14.5059,9.1997
BDG2 2017,test,474,132,GBT,GBT (zero-shot),zero-shot gradient boosting,10,16.9616,9.5762
BDG2 2017,test,474,132,GBT,GBT (zero-shot),zero-shot gradient boosting,11,15.473,9.781
BDG2 2017,test,474,132,GBT,GBT (zero-shot),zero-shot gradient boosting,12,17.5731,9.8223
BDG2 2017,test,474,132,GBT,GBT (zero-shot),zero-shot gradient boosting,13,17.5723,9.9681
BDG2 2017,test,474,132,GBT,GBT (zero-shot),zero-shot gradient boosting,14,15.2283,10.1032
BDG2 2017,test,474,132,GBT,GBT (zero-shot),zero-shot gradient boosting,15,15.6241,10.2663
BDG2 2017,test,474,132,GBT,GBT (zero-shot),zero-shot gradient boosting,16,16.2529,10.0415
BDG2 2017,test,474,132,GBT,GBT (zero-shot),zero-shot gradient boosting,17,16.0793,9.5552
BDG2 2017,test,474,132,GBT,GBT (zero-shot),zero-shot gradient boosting,18,15.944,9.7975
BDG2 2017,test,474,132,GBT,GBT (zero-shot),zero-shot gradient boosting,19,19.4358,9.8863
BDG2 2017,test,474,132,GBT,GBT (zero-shot),zero-shot gradient boosting,20,19.0995,10.0391
BDG2 2017,test,474,132,GBT,GBT (zero-shot),zero-shot gradient boosting,21,18.1699,9.9438
BDG2 2017,test,474,132,GBT,GBT (zero-shot),zero-shot gradient boosting,22,20.3487,10.0401
BDG2 2017,test,474,132,GBT,GBT (zero-shot),zero-shot gradient boosting,23,18.6933,10.2888
BDG2 2017,test,474,132,GBT,GBT (zero-shot),zero-shot gradient boosting,24,19.0813,10.5029
BDG2 2017,test,474,132,GBT,GBT (zero-shot),zero-shot gradient boosting,25,18.185,10.8049
BDG2 2017,test,474,132,GBT,GBT (zero-shot),zero-shot gradient boosting,26,23.1378,11.0778
BDG2 2017,test,474,132,GBT,GBT (zero-shot),zero-shot gradient boosting,27,21.7887,11.3769
BDG2 2017,test,474,132,GBT,GBT (zero-shot),zero-shot gradient boosting,28,21.4322,11.6112
BDG2 2017,test,474,132,GBT,GBT (zero-shot),zero-shot gradient boosting,29,38.4312,12.3636
BDG2 2017,test,474,132,GBT,GBT (zero-shot),zero-shot gradient boosting,30,27.9085,12.6189
BDG2 2017,test,474,132,GBT,GBT (zero-shot),zero-shot gradient boosting,31,30.0636,13.052
BDG2 2017,test,474,132,Holt-Winters,Holt-Winters,"load only, statistical",1,7.442,7.442
BDG2 2017,test,474,132,Holt-Winters,Holt-Winters,"load only, statistical",2,11.3228,8.5784
BDG2 2017,test,474,132,Holt-Winters,Holt-Winters,"load only, statistical",3,12.6047,9.2239
BDG2 2017,test,474,132,Holt-Winters,Holt-Winters,"load only, statistical",4,15.0456,10.1701
BDG2 2017,test,474,132,Holt-Winters,Holt-Winters,"load only, statistical",5,14.4414,10.216
BDG2 2017,test,474,132,Holt-Winters,Holt-Winters,"load only, statistical",6,12.751,10.0888
BDG2 2017,test,474,132,Holt-Winters,Holt-Winters,"load only, statistical",7,14.5391,9.9863
BDG2 2017,test,474,132,Holt-Winters,Holt-Winters,"load only, statistical",8,11.9044,9.7315
BDG2 2017,test,474,132,Holt-Winters,Holt-Winters,"load only, statistical",9,13.03,9.4797
BDG2 2017,test,474,132,Holt-Winters,Holt-Winters,"load only, statistical",10,15.6362,9.8874
BDG2 2017,test,474,132,Holt-Winters,Holt-Winters,"load only, statistical",11,15.5024,9.9569
BDG2 2017,test,474,132,Holt-Winters,Holt-Winters,"load only, statistical",12,15.5903,9.7776
BDG2 2017,test,474,132,Holt-Winters,Holt-Winters,"load only, statistical",13,14.4997,10.1754
BDG2 2017,test,474,132,Holt-Winters,Holt-Winters,"load only, statistical",14,13.4413,10.08
BDG2 2017,test,474,132,Holt-Winters,Holt-Winters,"load only, statistical",15,13.8737,10.411
BDG2 2017,test,474,132,Holt-Winters,Holt-Winters,"load only, statistical",16,14.623,10.497
BDG2 2017,test,474,132,Holt-Winters,Holt-Winters,"load only, statistical",17,14.796,10.6932
BDG2 2017,test,474,132,Holt-Winters,Holt-Winters,"load only, statistical",18,16.185,11.0146
BDG2 2017,test,474,132,Holt-Winters,Holt-Winters,"load only, statistical",19,17.1312,11.225
BDG2 2017,test,474,132,Holt-Winters,Holt-Winters,"load only, statistical",20,17.6038,11.3406
BDG2 2017,test,474,132,Holt-Winters,Holt-Winters,"load only, statistical",21,15.3809,11.0104
BDG2 2017,test,474,132,Holt-Winters,Holt-Winters,"load only, statistical",22,18.976,11.4491
BDG2 2017,test,474,132,Holt-Winters,Holt-Winters,"load only, statistical",23,19.0833,11.7007
BDG2 2017,test,474,132,Holt-Winters,Holt-Winters,"load only, statistical",24,18.0465,11.8517
BDG2 2017,test,474,132,Holt-Winters,Holt-Winters,"load only, statistical",25,20.2664,11.8277
BDG2 2017,test,474,132,Holt-Winters,Holt-Winters,"load only, statistical",26,21.071,11.9191
BDG2 2017,test,474,132,Holt-Winters,Holt-Winters,"load only, statistical",27,21.1909,12.2926
BDG2 2017,test,474,132,Holt-Winters,Holt-Winters,"load only, statistical",28,18.4064,12.5027
BDG2 2017,test,474,132,Holt-Winters,Holt-Winters,"load only, statistical",29,19.3962,12.6393
BDG2 2017,test,474,132,Holt-Winters,Holt-Winters,"load only, statistical",30,17.5138,12.7681
BDG2 2017,test,474,132,Holt-Winters,Holt-Winters,"load only, statistical",31,20.7111,12.9613
BDG2 2017,test,474,132,LYR-profile,Last-year profile,profile,1,18.5692,18.5692
BDG2 2017,test,474,132,LYR-profile,Last-year profile,profile,2,13.8482,15.703
BDG2 2017,test,474,132,LYR-profile,Last-year profile,profile,3,17.2872,15.2052
BDG2 2017,test,474,132,LYR-profile,Last-year profile,profile,4,15.41,13.6701
BDG2 2017,test,474,132,LYR-profile,Last-year profile,profile,5,13.5516,12.7485
BDG2 2017,test,474,132,LYR-profile,Last-year profile,profile,6,14.6032,12.8091
BDG2 2017,test,474,132,LYR-profile,Last-year profile,profile,7,14.5547,12.4027
BDG2 2017,test,474,132,LYR-profile,Last-year profile,profile,8,14.716,12.7696
BDG2 2017,test,474,132,LYR-profile,Last-year profile,profile,9,15.582,12.1957
BDG2 2017,test,474,132,LYR-profile,Last-year profile,profile,10,16.4776,12.8438
BDG2 2017,test,474,132,LYR-profile,Last-year profile,profile,11,12.5464,12.4741
BDG2 2017,test,474,132,LYR-profile,Last-year profile,profile,12,15.2102,11.6117
BDG2 2017,test,474,132,LYR-profile,Last-year profile,profile,13,13.0739,11.4459
BDG2 2017,test,474,132,LYR-profile,Last-year profile,profile,14,14.031,11.4491
BDG2 2017,test,474,132,LYR-profile,Last-year profile,profile,15,15.932,11.1744
BDG2 2017,test,474,132,LYR-profile,Last-year profile,profile,16,13.7769,11.0146
BDG2 2017,test,474,132,LYR-profile,Last-year profile,profile,17,13.5554,10.7789
BDG2 2017,test,474,132,LYR-profile,Last-year profile,profile,18,13.6001,10.7044
BDG2 2017,test,474,132,LYR-profile,Last-year profile,profile,19,13.7444,10.5445
BDG2 2017,test,474,132,LYR-profile,Last-year profile,profile,20,11.9632,10.4755
BDG2 2017,test,474,132,LYR-profile,Last-year profile,profile,21,12.9766,10.2607
BDG2 2017,test,474,132,LYR-profile,Last-year profile,profile,22,15.3207,10.1232
BDG2 2017,test,474,132,LYR-profile,Last-year profile,profile,23,14.4988,9.9019
BDG2 2017,test,474,132,LYR-profile,Last-year profile,profile,24,14.0082,9.8958
BDG2 2017,test,474,132,LYR-profile,Last-year profile,profile,25,14.9886,10.0387
BDG2 2017,test,474,132,LYR-profile,Last-year profile,profile,26,15.4041,9.9553
BDG2 2017,test,474,132,LYR-profile,Last-year profile,profile,27,15.5271,9.9946
BDG2 2017,test,474,132,LYR-profile,Last-year profile,profile,28,15.0732,10.0177
BDG2 2017,test,474,132,LYR-profile,Last-year profile,profile,29,13.498,9.7153
BDG2 2017,test,474,132,LYR-profile,Last-year profile,profile,30,14.4117,9.6946
BDG2 2017,test,474,132,LYR-profile,Last-year profile,profile,31,17.6172,9.7506
BDG2 2017,test,474,132,MSTL,MSTL,"load only, statistical",1,5.9948,5.9948
BDG2 2017,test,474,132,MSTL,MSTL,"load only, statistical",2,9.1799,7.013
BDG2 2017,test,474,132,MSTL,MSTL,"load only, statistical",3,10.412,7.8217
BDG2 2017,test,474,132,MSTL,MSTL,"load only, statistical",4,14.3489,8.7725
BDG2 2017,test,474,132,MSTL,MSTL,"load only, statistical",5,13.3137,8.6404
BDG2 2017,test,474,132,MSTL,MSTL,"load only, statistical",6,10.6817,8.6243
BDG2 2017,test,474,132,MSTL,MSTL,"load only, statistical",7,11.3914,8.07
BDG2 2017,test,474,132,MSTL,MSTL,"load only, statistical",8,9.9942,7.9512
BDG2 2017,test,474,132,MSTL,MSTL,"load only, statistical",9,12.525,8.0156
BDG2 2017,test,474,132,MSTL,MSTL,"load only, statistical",10,14.3334,8.186
BDG2 2017,test,474,132,MSTL,MSTL,"load only, statistical",11,13.6752,8.576
BDG2 2017,test,474,132,MSTL,MSTL,"load only, statistical",12,15.7812,8.6986
BDG2 2017,test,474,132,MSTL,MSTL,"load only, statistical",13,11.177,8.6482
BDG2 2017,test,474,132,MSTL,MSTL,"load only, statistical",14,10.6157,8.4507
BDG2 2017,test,474,132,MSTL,MSTL,"load only, statistical",15,11.7839,8.3007
BDG2 2017,test,474,132,MSTL,MSTL,"load only, statistical",16,14.5792,8.5698
BDG2 2017,test,474,132,MSTL,MSTL,"load only, statistical",17,13.4235,8.6927
BDG2 2017,test,474,132,MSTL,MSTL,"load only, statistical",18,14.2161,8.9519
BDG2 2017,test,474,132,MSTL,MSTL,"load only, statistical",19,14.3083,9.171
BDG2 2017,test,474,132,MSTL,MSTL,"load only, statistical",20,14.3242,9.2783
BDG2 2017,test,474,132,MSTL,MSTL,"load only, statistical",21,13.9364,9.4193
BDG2 2017,test,474,132,MSTL,MSTL,"load only, statistical",22,15.8452,9.5247
BDG2 2017,test,474,132,MSTL,MSTL,"load only, statistical",23,20.1147,9.7753
BDG2 2017,test,474,132,MSTL,MSTL,"load only, statistical",24,17.7809,9.9466
BDG2 2017,test,474,132,MSTL,MSTL,"load only, statistical",25,20.4207,10.2948
BDG2 2017,test,474,132,MSTL,MSTL,"load only, statistical",26,21.5479,10.5455
BDG2 2017,test,474,132,MSTL,MSTL,"load only, statistical",27,19.0183,10.5592
BDG2 2017,test,474,132,MSTL,MSTL,"load only, statistical",28,18.3838,10.4186
BDG2 2017,test,474,132,MSTL,MSTL,"load only, statistical",29,16.927,10.6797
BDG2 2017,test,474,132,MSTL,MSTL,"load only, statistical",30,18.3027,10.8412
BDG2 2017,test,474,132,MSTL,MSTL,"load only, statistical",31,21.208,10.6748
BDG2 2017,test,474,132,SN-day,Seasonal naive (day),naive,1,4.8384,4.8384
BDG2 2017,test,474,132,SN-day,Seasonal naive (day),naive,2,14.7071,9.4509
BDG2 2017,test,474,132,SN-day,Seasonal naive (day),naive,3,17.5661,11.9356
BDG2 2017,test,474,132,SN-day,Seasonal naive (day),naive,4,12.6637,11.4781
BDG2 2017,test,474,132,SN-day,Seasonal naive (day),naive,5,13.4178,11.1602
BDG2 2017,test,474,132,SN-day,Seasonal naive (day),naive,6,12.8727,11.1962
BDG2 2017,test,474,132,SN-day,Seasonal naive (day),naive,7,10.5012,10.0746
BDG2 2017,test,474,132,SN-day,Seasonal naive (day),naive,8,8.8661,9.4025
BDG2 2017,test,474,132,SN-day,Seasonal naive (day),naive,9,18.3033,9.5821
BDG2 2017,test,474,132,SN-day,Seasonal naive (day),naive,10,19.7297,10.0102
BDG2 2017,test,474,132,SN-day,Seasonal naive (day),naive,11,14.2704,10.2694
BDG2 2017,test,474,132,SN-day,Seasonal naive (day),naive,12,17.5247,10.7053
BDG2 2017,test,474,132,SN-day,Seasonal naive (day),naive,13,17.6113,10.928
BDG2 2017,test,474,132,SN-day,Seasonal naive (day),naive,14,10.7944,10.5939
BDG2 2017,test,474,132,SN-day,Seasonal naive (day),naive,15,11.9982,10.2444
BDG2 2017,test,474,132,SN-day,Seasonal naive (day),naive,16,20.493,10.6664
BDG2 2017,test,474,132,SN-day,Seasonal naive (day),naive,17,22.6622,11.1512
BDG2 2017,test,474,132,SN-day,Seasonal naive (day),naive,18,17.0521,11.0792
BDG2 2017,test,474,132,SN-day,Seasonal naive (day),naive,19,22.0239,11.7946
BDG2 2017,test,474,132,SN-day,Seasonal naive (day),naive,20,22.2016,12.3039
BDG2 2017,test,474,132,SN-day,Seasonal naive (day),naive,21,13.2923,12.2666
BDG2 2017,test,474,132,SN-day,Seasonal naive (day),naive,22,17.2559,12.3402
BDG2 2017,test,474,132,SN-day,Seasonal naive (day),naive,23,25.573,12.7977
BDG2 2017,test,474,132,SN-day,Seasonal naive (day),naive,24,26.819,13.2734
BDG2 2017,test,474,132,SN-day,Seasonal naive (day),naive,25,23.1473,13.5867
BDG2 2017,test,474,132,SN-day,Seasonal naive (day),naive,26,28.4166,14.0243
BDG2 2017,test,474,132,SN-day,Seasonal naive (day),naive,27,25.7158,14.3316
BDG2 2017,test,474,132,SN-day,Seasonal naive (day),naive,28,17.9741,14.1361
BDG2 2017,test,474,132,SN-day,Seasonal naive (day),naive,29,17.9019,13.9247
BDG2 2017,test,474,132,SN-day,Seasonal naive (day),naive,30,24.2472,13.4076
BDG2 2017,test,474,132,SN-day,Seasonal naive (day),naive,31,23.1861,14.0232
BDG2 2017,test,474,132,SN-week,Seasonal naive (week),naive,1,13.6472,13.6472
BDG2 2017,test,474,132,SN-week,Seasonal naive (week),naive,2,9.5551,10.5648
BDG2 2017,test,474,132,SN-week,Seasonal naive (week),naive,3,9.2402,9.2238
BDG2 2017,test,474,132,SN-week,Seasonal naive (week),naive,4,12.828,9.3565
BDG2 2017,test,474,132,SN-week,Seasonal naive (week),naive,5,10.4192,9.0411
BDG2 2017,test,474,132,SN-week,Seasonal naive (week),naive,6,8.559,8.614
BDG2 2017,test,474,132,SN-week,Seasonal naive (week),naive,7,10.5012,7.914
BDG2 2017,test,474,132,SN-week,Seasonal naive (week),naive,8,15.3285,8.7238
BDG2 2017,test,474,132,SN-week,Seasonal naive (week),naive,9,12.0592,8.6939
BDG2 2017,test,474,132,SN-week,Seasonal naive (week),naive,10,12.8386,8.9166
BDG2 2017,test,474,132,SN-week,Seasonal naive (week),naive,11,11.6141,8.7585
BDG2 2017,test,474,132,SN-week,Seasonal naive (week),naive,12,10.997,8.6637
BDG2 2017,test,474,132,SN-week,Seasonal naive (week),naive,13,9.065,8.4907
BDG2 2017,test,474,132,SN-week,Seasonal naive (week),naive,14,10.7944,8.3161
BDG2 2017,test,474,132,SN-week,Seasonal naive (week),naive,15,18.0496,8.8475
BDG2 2017,test,474,132,SN-week,Seasonal naive (week),naive,16,12.5096,8.9547
BDG2 2017,test,474,132,SN-week,Seasonal naive (week),naive,17,11.329,8.7422
BDG2 2017,test,474,132,SN-week,Seasonal naive (week),naive,18,12.6123,8.6392
BDG2 2017,test,474,132,SN-week,Seasonal naive (week),naive,19,12.5356,8.348
BDG2 2017,test,474,132,SN-week,Seasonal naive (week),naive,20,12.1049,8.3552
BDG2 2017,test,474,132,SN-week,Seasonal naive (week),naive,21,13.2923,8.0422
BDG2 2017,test,474,132,SN-week,Seasonal naive (week),naive,22,17.6805,8.1557
BDG2 2017,test,474,132,SN-week,Seasonal naive (week),naive,23,15.9932,8.0987
BDG2 2017,test,474,132,SN-week,Seasonal naive (week),naive,24,15.6328,8.5471
BDG2 2017,test,474,132,SN-week,Seasonal naive (week),naive,25,18.7772,8.9962
BDG2 2017,test,474,132,SN-week,Seasonal naive (week),naive,26,18.4913,9.1008
BDG2 2017,test,474,132,SN-week,Seasonal naive (week),naive,27,16.9326,9.0734
BDG2 2017,test,474,132,SN-week,Seasonal naive (week),naive,28,17.9741,9.316
BDG2 2017,test,474,132,SN-week,Seasonal naive (week),naive,29,17.7195,9.2469
BDG2 2017,test,474,132,SN-week,Seasonal naive (week),naive,30,16.482,9.375
BDG2 2017,test,474,132,SN-week,Seasonal naive (week),naive,31,20.1616,9.6186
BDG2 2017,test,474,132,SP-profile,Previous-month profile,profile,1,15.1851,15.1851
BDG2 2017,test,474,132,SP-profile,Previous-month profile,profile,2,14.2835,10.787
BDG2 2017,test,474,132,SP-profile,Previous-month profile,profile,3,14.5286,10.6291
BDG2 2017,test,474,132,SP-profile,Previous-month profile,profile,4,15.7974,9.1333
BDG2 2017,test,474,132,SP-profile,Previous-month profile,profile,5,16.1921,8.6871
BDG2 2017,test,474,132,SP-profile,Previous-month profile,profile,6,14.9589,8.9748
BDG2 2017,test,474,132,SP-profile,Previous-month profile,profile,7,16.3376,8.6753
BDG2 2017,test,474,132,SP-profile,Previous-month profile,profile,8,14.0678,8.8636
BDG2 2017,test,474,132,SP-profile,Previous-month profile,profile,9,15.7566,8.1081
BDG2 2017,test,474,132,SP-profile,Previous-month profile,profile,10,18.1291,8.4276
BDG2 2017,test,474,132,SP-profile,Previous-month profile,profile,11,16.8296,8.5768
BDG2 2017,test,474,132,SP-profile,Previous-month profile,profile,12,18.8591,8.8725
BDG2 2017,test,474,132,SP-profile,Previous-month profile,profile,13,19.7433,9.2675
BDG2 2017,test,474,132,SP-profile,Previous-month profile,profile,14,17.6336,9.3428
BDG2 2017,test,474,132,SP-profile,Previous-month profile,profile,15,17.4427,9.4891
BDG2 2017,test,474,132,SP-profile,Previous-month profile,profile,16,17.258,9.2622
BDG2 2017,test,474,132,SP-profile,Previous-month profile,profile,17,18.8327,9.0319
BDG2 2017,test,474,132,SP-profile,Previous-month profile,profile,18,15.3968,8.7935
BDG2 2017,test,474,132,SP-profile,Previous-month profile,profile,19,20.0391,8.7612
BDG2 2017,test,474,132,SP-profile,Previous-month profile,profile,20,19.5327,8.8559
BDG2 2017,test,474,132,SP-profile,Previous-month profile,profile,21,18.3907,9.0351
BDG2 2017,test,474,132,SP-profile,Previous-month profile,profile,22,20.8811,9.002
BDG2 2017,test,474,132,SP-profile,Previous-month profile,profile,23,20.9946,8.9586
BDG2 2017,test,474,132,SP-profile,Previous-month profile,profile,24,20.545,9.3616
BDG2 2017,test,474,132,SP-profile,Previous-month profile,profile,25,19.5839,9.6106
BDG2 2017,test,474,132,SP-profile,Previous-month profile,profile,26,23.272,9.8532
BDG2 2017,test,474,132,SP-profile,Previous-month profile,profile,27,22.3312,10.2327
BDG2 2017,test,474,132,SP-profile,Previous-month profile,profile,28,21.5719,10.3878
BDG2 2017,test,474,132,SP-profile,Previous-month profile,profile,29,20.9935,10.4605
BDG2 2017,test,474,132,SP-profile,Previous-month profile,profile,30,21.6705,10.1552
BDG2 2017,test,474,132,SP-profile,Previous-month profile,profile,31,21.6517,10.3957
BDG2 2017,test,474,132,TimesFM-X,TimesFM-X,"same information, zero-shot foundation model",1,4.6545,4.6545
BDG2 2017,test,474,132,TimesFM-X,TimesFM-X,"same information, zero-shot foundation model",2,6.8566,4.8757
BDG2 2017,test,474,132,TimesFM-X,TimesFM-X,"same information, zero-shot foundation model",3,8.3671,5.9443
BDG2 2017,test,474,132,TimesFM-X,TimesFM-X,"same information, zero-shot foundation model",4,9.2348,5.8405
BDG2 2017,test,474,132,TimesFM-X,TimesFM-X,"same information, zero-shot foundation model",5,8.9064,6.192
BDG2 2017,test,474,132,TimesFM-X,TimesFM-X,"same information, zero-shot foundation model",6,9.4309,6.3361
BDG2 2017,test,474,132,TimesFM-X,TimesFM-X,"same information, zero-shot foundation model",7,10.8032,6.1831
BDG2 2017,test,474,132,TimesFM-X,TimesFM-X,"same information, zero-shot foundation model",8,9.0688,6.2207
BDG2 2017,test,474,132,TimesFM-X,TimesFM-X,"same information, zero-shot foundation model",9,9.6727,6.5279
BDG2 2017,test,474,132,TimesFM-X,TimesFM-X,"same information, zero-shot foundation model",10,13.3954,6.9407
BDG2 2017,test,474,132,TimesFM-X,TimesFM-X,"same information, zero-shot foundation model",11,11.1276,7.0179
BDG2 2017,test,474,132,TimesFM-X,TimesFM-X,"same information, zero-shot foundation model",12,11.6611,6.5811
BDG2 2017,test,474,132,TimesFM-X,TimesFM-X,"same information, zero-shot foundation model",13,9.5286,6.8907
BDG2 2017,test,474,132,TimesFM-X,TimesFM-X,"same information, zero-shot foundation model",14,11.444,7.021
BDG2 2017,test,474,132,TimesFM-X,TimesFM-X,"same information, zero-shot foundation model",15,11.483,7.1702
BDG2 2017,test,474,132,TimesFM-X,TimesFM-X,"same information, zero-shot foundation model",16,9.835,7.2011
BDG2 2017,test,474,132,TimesFM-X,TimesFM-X,"same information, zero-shot foundation model",17,9.4384,7.0859
BDG2 2017,test,474,132,TimesFM-X,TimesFM-X,"same information, zero-shot foundation model",18,12.0642,7.1704
BDG2 2017,test,474,132,TimesFM-X,TimesFM-X,"same information, zero-shot foundation model",19,12.6812,7.415
BDG2 2017,test,474,132,TimesFM-X,TimesFM-X,"same information, zero-shot foundation model",20,12.8041,7.7001
BDG2 2017,test,474,132,TimesFM-X,TimesFM-X,"same information, zero-shot foundation model",21,13.4418,7.8845
BDG2 2017,test,474,132,TimesFM-X,TimesFM-X,"same information, zero-shot foundation model",22,16.3768,8.1798
BDG2 2017,test,474,132,TimesFM-X,TimesFM-X,"same information, zero-shot foundation model",23,14.7654,8.353
BDG2 2017,test,474,132,TimesFM-X,TimesFM-X,"same information, zero-shot foundation model",24,14.1244,8.536
BDG2 2017,test,474,132,TimesFM-X,TimesFM-X,"same information, zero-shot foundation model",25,14.3516,8.7482
BDG2 2017,test,474,132,TimesFM-X,TimesFM-X,"same information, zero-shot foundation model",26,16.7366,8.984
BDG2 2017,test,474,132,TimesFM-X,TimesFM-X,"same information, zero-shot foundation model",27,16.2173,9.192
BDG2 2017,test,474,132,TimesFM-X,TimesFM-X,"same information, zero-shot foundation model",28,16.5109,9.2954
BDG2 2017,test,474,132,TimesFM-X,TimesFM-X,"same information, zero-shot foundation model",29,16.2819,9.4226
BDG2 2017,test,474,132,TimesFM-X,TimesFM-X,"same information, zero-shot foundation model",30,15.2893,9.5267
BDG2 2017,test,474,132,TimesFM-X,TimesFM-X,"same information, zero-shot foundation model",31,19.582,9.6939
BDG2 2017,test,474,132,WeekProf4,4-week profile,profile,1,12.4507,12.4507
BDG2 2017,test,474,132,WeekProf4,4-week profile,profile,2,10.0098,10.0287
BDG2 2017,test,474,132,WeekProf4,4-week profile,profile,3,10.6658,9.6277
BDG2 2017,test,474,132,WeekProf4,4-week profile,profile,4,12.5211,9.6745
BDG2 2017,test,474,132,WeekProf4,4-week profile,profile,5,11.7037,9.452
BDG2 2017,test,474,132,WeekProf4,4-week profile,profile,6,11.9335,9.132
BDG2 2017,test,474,132,WeekProf4,4-week profile,profile,7,12.9469,8.9789
BDG2 2017,test,474,132,WeekProf4,4-week profile,profile,8,13.9336,9.3316
BDG2 2017,test,474,132,WeekProf4,4-week profile,profile,9,13.7254,8.9127
BDG2 2017,test,474,132,WeekProf4,4-week profile,profile,10,13.4537,9.448
BDG2 2017,test,474,132,WeekProf4,4-week profile,profile,11,12.8408,9.3589
BDG2 2017,test,474,132,WeekProf4,4-week profile,profile,12,14.158,8.8975
BDG2 2017,test,474,132,WeekProf4,4-week profile,profile,13,12.9232,9.1655
BDG2 2017,test,474,132,WeekProf4,4-week profile,profile,14,14.1286,9.3807
BDG2 2017,test,474,132,WeekProf4,4-week profile,profile,15,15.2998,9.6669
BDG2 2017,test,474,132,WeekProf4,4-week profile,profile,16,13.08,9.509
BDG2 2017,test,474,132,WeekProf4,4-week profile,profile,17,11.8006,9.2882
BDG2 2017,test,474,132,WeekProf4,4-week profile,profile,18,13.958,8.9404
BDG2 2017,test,474,132,WeekProf4,4-week profile,profile,19,14.7723,8.936
BDG2 2017,test,474,132,WeekProf4,4-week profile,profile,20,14.401,8.9643
BDG2 2017,test,474,132,WeekProf4,4-week profile,profile,21,15.4609,8.955
BDG2 2017,test,474,132,WeekProf4,4-week profile,profile,22,17.4935,9.4665
BDG2 2017,test,474,132,WeekProf4,4-week profile,profile,23,18.7786,9.3587
BDG2 2017,test,474,132,WeekProf4,4-week profile,profile,24,16.7324,9.5357
BDG2 2017,test,474,132,WeekProf4,4-week profile,profile,25,19.861,9.9582
BDG2 2017,test,474,132,WeekProf4,4-week profile,profile,26,18.3736,10.3217
BDG2 2017,test,474,132,WeekProf4,4-week profile,profile,27,17.6158,10.559
BDG2 2017,test,474,132,WeekProf4,4-week profile,profile,28,18.9797,10.7349
BDG2 2017,test,474,132,WeekProf4,4-week profile,profile,29,17.8994,10.8576
BDG2 2017,test,474,132,WeekProf4,4-week profile,profile,30,17.623,10.789
BDG2 2017,test,474,132,WeekProf4,4-week profile,profile,31,19.3152,10.9983
BDG2 2017,test,474,132,DLinear,DLinear,"load only, trained",1,5.927,5.927
BDG2 2017,test,474,132,DLinear,DLinear,"load only, trained",2,8.2787,5.3051
BDG2 2017,test,474,132,DLinear,DLinear,"load only, trained",3,9.8034,6.4253
BDG2 2017,test,474,132,DLinear,DLinear,"load only, trained",4,10.3809,6.649
BDG2 2017,test,474,132,DLinear,DLinear,"load only, trained",5,10.5972,6.4154
BDG2 2017,test,474,132,DLinear,DLinear,"load only, trained",6,10.0337,6.668
BDG2 2017,test,474,132,DLinear,DLinear,"load only, trained",7,11.5948,6.1477
BDG2 2017,test,474,132,DLinear,DLinear,"load only, trained",8,9.8073,6.0857
BDG2 2017,test,474,132,DLinear,DLinear,"load only, trained",9,10.7344,6.2747
BDG2 2017,test,474,132,DLinear,DLinear,"load only, trained",10,11.5301,6.4283
BDG2 2017,test,474,132,DLinear,DLinear,"load only, trained",11,11.7899,6.6478
BDG2 2017,test,474,132,DLinear,DLinear,"load only, trained",12,12.6495,6.3878
BDG2 2017,test,474,132,DLinear,DLinear,"load only, trained",13,12.4897,6.3265
BDG2 2017,test,474,132,DLinear,DLinear,"load only, trained",14,11.7133,6.5836
BDG2 2017,test,474,132,DLinear,DLinear,"load only, trained",15,12.2533,6.789
BDG2 2017,test,474,132,DLinear,DLinear,"load only, trained",16,11.8785,6.6865
BDG2 2017,test,474,132,DLinear,DLinear,"load only, trained",17,11.2294,6.6855
BDG2 2017,test,474,132,DLinear,DLinear,"load only, trained",18,12.2173,6.9756
BDG2 2017,test,474,132,DLinear,DLinear,"load only, trained",19,13.2965,7.0939
BDG2 2017,test,474,132,DLinear,DLinear,"load only, trained",20,13.3986,7.2144
BDG2 2017,test,474,132,DLinear,DLinear,"load only, trained",21,12.4966,7.298
BDG2 2017,test,474,132,DLinear,DLinear,"load only, trained",22,15.6798,7.615
BDG2 2017,test,474,132,DLinear,DLinear,"load only, trained",23,17.0942,7.6036
BDG2 2017,test,474,132,DLinear,DLinear,"load only, trained",24,16.1009,7.8043
BDG2 2017,test,474,132,DLinear,DLinear,"load only, trained",25,17.3424,7.9997
BDG2 2017,test,474,132,DLinear,DLinear,"load only, trained",26,17.3562,8.303
BDG2 2017,test,474,132,DLinear,DLinear,"load only, trained",27,16.2695,8.4341
BDG2 2017,test,474,132,DLinear,DLinear,"load only, trained",28,14.5238,8.5154
BDG2 2017,test,474,132,DLinear,DLinear,"load only, trained",29,14.8136,8.5731
BDG2 2017,test,474,132,DLinear,DLinear,"load only, trained",30,15.4144,8.5409
BDG2 2017,test,474,132,DLinear,DLinear,"load only, trained",31,16.695,8.5857
BDG2 2017,test,474,132,GBT-T,GBT-T,"same information, trained",1,9.6929,9.6929
BDG2 2017,test,474,132,GBT-T,GBT-T,"same information, trained",2,9.2146,8.0323
BDG2 2017,test,474,132,GBT-T,GBT-T,"same information, trained",3,10.8982,8.5206
BDG2 2017,test,474,132,GBT-T,GBT-T,"same information, trained",4,11.4943,7.7682
BDG2 2017,test,474,132,GBT-T,GBT-T,"same information, trained",5,13.1418,8.1597
BDG2 2017,test,474,132,GBT-T,GBT-T,"same information, trained",6,11.5328,8.0062
BDG2 2017,test,474,132,GBT-T,GBT-T,"same information, trained",7,13.199,8.0874
BDG2 2017,test,474,132,GBT-T,GBT-T,"same information, trained",8,11.2976,8.3155
BDG2 2017,test,474,132,GBT-T,GBT-T,"same information, trained",9,11.9963,8.649
BDG2 2017,test,474,132,GBT-T,GBT-T,"same information, trained",10,13.8314,8.4177
BDG2 2017,test,474,132,GBT-T,GBT-T,"same information, trained",11,12.2155,8.514
BDG2 2017,test,474,132,GBT-T,GBT-T,"same information, trained",12,14.808,8.7724
BDG2 2017,test,474,132,GBT-T,GBT-T,"same information, trained",13,12.329,8.6439
BDG2 2017,test,474,132,GBT-T,GBT-T,"same information, trained",14,13.6736,8.7503
BDG2 2017,test,474,132,GBT-T,GBT-T,"same information, trained",15,12.7125,8.7051
BDG2 2017,test,474,132,GBT-T,GBT-T,"same information, trained",16,12.8687,8.9317
BDG2 2017,test,474,132,GBT-T,GBT-T,"same information, trained",17,11.6999,9.0574
BDG2 2017,test,474,132,GBT-T,GBT-T,"same information, trained",18,11.438,9.0316
BDG2 2017,test,474,132,GBT-T,GBT-T,"same information, trained",19,12.7646,8.8289
BDG2 2017,test,474,132,GBT-T,GBT-T,"same information, trained",20,12.9243,8.7796
BDG2 2017,test,474,132,GBT-T,GBT-T,"same information, trained",21,13.4131,9.0074
BDG2 2017,test,474,132,GBT-T,GBT-T,"same information, trained",22,14.7087,9.2623
BDG2 2017,test,474,132,GBT-T,GBT-T,"same information, trained",23,14.1995,9.3329
BDG2 2017,test,474,132,GBT-T,GBT-T,"same information, trained",24,13.8896,9.2876
BDG2 2017,test,474,132,GBT-T,GBT-T,"same information, trained",25,13.856,9.216
BDG2 2017,test,474,132,GBT-T,GBT-T,"same information, trained",26,15.1896,8.9247
BDG2 2017,test,474,132,GBT-T,GBT-T,"same information, trained",27,13.2161,8.984
BDG2 2017,test,474,132,GBT-T,GBT-T,"same information, trained",28,14.2277,8.9476
BDG2 2017,test,474,132,GBT-T,GBT-T,"same information, trained",29,14.3183,8.819
BDG2 2017,test,474,132,GBT-T,GBT-T,"same information, trained",30,14.6993,8.758
BDG2 2017,test,474,132,GBT-T,GBT-T,"same information, trained",31,16.91,8.6162
BDG2 2017,test,474,132,iTransformer-X,iTransformer-X,"same information, trained",1,6.7161,6.7161
BDG2 2017,test,474,132,iTransformer-X,iTransformer-X,"same information, trained",2,8.2937,6.2335
BDG2 2017,test,474,132,iTransformer-X,iTransformer-X,"same information, trained",3,9.4031,6.8809
BDG2 2017,test,474,132,iTransformer-X,iTransformer-X,"same information, trained",4,12.5296,7.459
BDG2 2017,test,474,132,iTransformer-X,iTransformer-X,"same information, trained",5,11.1603,7.4951
BDG2 2017,test,474,132,iTransformer-X,iTransformer-X,"same information, trained",6,10.7736,7.4479
BDG2 2017,test,474,132,iTransformer-X,iTransformer-X,"same information, trained",7,12.4996,7.5866
BDG2 2017,test,474,132,iTransformer-X,iTransformer-X,"same information, trained",8,10.6663,7.7741
BDG2 2017,test,474,132,iTransformer-X,iTransformer-X,"same information, trained",9,10.7535,7.8138
BDG2 2017,test,474,132,iTransformer-X,iTransformer-X,"same information, trained",10,14.0207,8.2558
BDG2 2017,test,474,132,iTransformer-X,iTransformer-X,"same information, trained",11,13.7494,8.6479
BDG2 2017,test,474,132,iTransformer-X,iTransformer-X,"same information, trained",12,13.6725,8.5469
BDG2 2017,test,474,132,iTransformer-X,iTransformer-X,"same information, trained",13,14.1444,8.5446
BDG2 2017,test,474,132,iTransformer-X,iTransformer-X,"same information, trained",14,12.4294,8.6195
BDG2 2017,test,474,132,iTransformer-X,iTransformer-X,"same information, trained",15,13.4999,8.7094
BDG2 2017,test,474,132,iTransformer-X,iTransformer-X,"same information, trained",16,10.6905,8.5188
BDG2 2017,test,474,132,iTransformer-X,iTransformer-X,"same information, trained",17,10.7965,8.2855
BDG2 2017,test,474,132,iTransformer-X,iTransformer-X,"same information, trained",18,13.1592,8.3226
BDG2 2017,test,474,132,iTransformer-X,iTransformer-X,"same information, trained",19,14.2274,8.1103
BDG2 2017,test,474,132,iTransformer-X,iTransformer-X,"same information, trained",20,14.8028,8.0695
BDG2 2017,test,474,132,iTransformer-X,iTransformer-X,"same information, trained",21,13.1144,8.1561
BDG2 2017,test,474,132,iTransformer-X,iTransformer-X,"same information, trained",22,16.8136,8.4643
BDG2 2017,test,474,132,iTransformer-X,iTransformer-X,"same information, trained",23,16.1611,8.5815
BDG2 2017,test,474,132,iTransformer-X,iTransformer-X,"same information, trained",24,15.2912,8.5589
BDG2 2017,test,474,132,iTransformer-X,iTransformer-X,"same information, trained",25,17.4925,8.3575
BDG2 2017,test,474,132,iTransformer-X,iTransformer-X,"same information, trained",26,17.7254,8.4903
BDG2 2017,test,474,132,iTransformer-X,iTransformer-X,"same information, trained",27,16.9977,9.203
BDG2 2017,test,474,132,iTransformer-X,iTransformer-X,"same information, trained",28,15.6859,9.4289
BDG2 2017,test,474,132,iTransformer-X,iTransformer-X,"same information, trained",29,15.6817,9.616
BDG2 2017,test,474,132,iTransformer-X,iTransformer-X,"same information, trained",30,14.9466,9.6379
BDG2 2017,test,474,132,iTransformer-X,iTransformer-X,"same information, trained",31,17.9655,9.8262
BDG2 2017,test,474,132,iTransformer,iTransformer,"load only, trained",1,6.7425,6.7425
BDG2 2017,test,474,132,iTransformer,iTransformer,"load only, trained",2,7.6353,6.5124
BDG2 2017,test,474,132,iTransformer,iTransformer,"load only, trained",3,8.997,7.0126
BDG2 2017,test,474,132,iTransformer,iTransformer,"load only, trained",4,12.2764,7.4296
BDG2 2017,test,474,132,iTransformer,iTransformer,"load only, trained",5,10.5585,7.4524
BDG2 2017,test,474,132,iTransformer,iTransformer,"load only, trained",6,10.1743,7.3102
BDG2 2017,test,474,132,iTransformer,iTransformer,"load only, trained",7,12.457,6.9665
BDG2 2017,test,474,132,iTransformer,iTransformer,"load only, trained",8,10.5495,7.2856
BDG2 2017,test,474,132,iTransformer,iTransformer,"load only, trained",9,11.8033,7.243
BDG2 2017,test,474,132,iTransformer,iTransformer,"load only, trained",10,13.5081,7.6163
BDG2 2017,test,474,132,iTransformer,iTransformer,"load only, trained",11,12.4107,8.0261
BDG2 2017,test,474,132,iTransformer,iTransformer,"load only, trained",12,12.1414,7.8176
BDG2 2017,test,474,132,iTransformer,iTransformer,"load only, trained",13,13.5758,7.8388
BDG2 2017,test,474,132,iTransformer,iTransformer,"load only, trained",14,12.6438,8.2329
BDG2 2017,test,474,132,iTransformer,iTransformer,"load only, trained",15,12.2566,8.3898
BDG2 2017,test,474,132,iTransformer,iTransformer,"load only, trained",16,10.5175,8.1253
BDG2 2017,test,474,132,iTransformer,iTransformer,"load only, trained",17,10.1776,7.9657
BDG2 2017,test,474,132,iTransformer,iTransformer,"load only, trained",18,12.7083,7.9372
BDG2 2017,test,474,132,iTransformer,iTransformer,"load only, trained",19,13.8585,7.8651
BDG2 2017,test,474,132,iTransformer,iTransformer,"load only, trained",20,14.7177,8.2096
BDG2 2017,test,474,132,iTransformer,iTransformer,"load only, trained",21,14.6016,8.4191
BDG2 2017,test,474,132,iTransformer,iTransformer,"load only, trained",22,17.4627,8.5639
BDG2 2017,test,474,132,iTransformer,iTransformer,"load only, trained",23,15.998,8.6088
BDG2 2017,test,474,132,iTransformer,iTransformer,"load only, trained",24,14.475,8.4323
BDG2 2017,test,474,132,iTransformer,iTransformer,"load only, trained",25,17.2935,8.8133
BDG2 2017,test,474,132,iTransformer,iTransformer,"load only, trained",26,16.6832,9.0925
BDG2 2017,test,474,132,iTransformer,iTransformer,"load only, trained",27,15.8914,9.3047
BDG2 2017,test,474,132,iTransformer,iTransformer,"load only, trained",28,16.6438,9.4556
BDG2 2017,test,474,132,iTransformer,iTransformer,"load only, trained",29,16.1202,9.5992
BDG2 2017,test,474,132,iTransformer,iTransformer,"load only, trained",30,15.8499,9.6483
BDG2 2017,test,474,132,iTransformer,iTransformer,"load only, trained",31,18.6937,9.8499
BDG2 2017,test,474,132,LSTM,LSTM,"load only, trained",1,7.6856,7.6856
BDG2 2017,test,474,132,LSTM,LSTM,"load only, trained",2,10.2765,7.6201
BDG2 2017,test,474,132,LSTM,LSTM,"load only, trained",3,12.0804,7.8742
BDG2 2017,test,474,132,LSTM,LSTM,"load only, trained",4,11.8862,7.8092
BDG2 2017,test,474,132,LSTM,LSTM,"load only, trained",5,12.0311,7.444
BDG2 2017,test,474,132,LSTM,LSTM,"load only, trained",6,11.6671,7.369
BDG2 2017,test,474,132,LSTM,LSTM,"load only, trained",7,11.217,7.1341
BDG2 2017,test,474,132,LSTM,LSTM,"load only, trained",8,10.9322,6.7345
BDG2 2017,test,474,132,LSTM,LSTM,"load only, trained",9,10.5914,6.6512
BDG2 2017,test,474,132,LSTM,LSTM,"load only, trained",10,14.0946,7.2939
BDG2 2017,test,474,132,LSTM,LSTM,"load only, trained",11,13.8344,7.701
BDG2 2017,test,474,132,LSTM,LSTM,"load only, trained",12,14.6962,7.5872
BDG2 2017,test,474,132,LSTM,LSTM,"load only, trained",13,12.4877,7.639
BDG2 2017,test,474,132,LSTM,LSTM,"load only, trained",14,11.8905,7.4453
BDG2 2017,test,474,132,LSTM,LSTM,"load only, trained",15,14.5084,7.2679
BDG2 2017,test,474,132,LSTM,LSTM,"load only, trained",16,14.048,7.5554
BDG2 2017,test,474,132,LSTM,LSTM,"load only, trained",17,13.967,7.5918
BDG2 2017,test,474,132,LSTM,LSTM,"load only, trained",18,14.9102,7.7671
BDG2 2017,test,474,132,LSTM,LSTM,"load only, trained",19,14.777,8.0836
BDG2 2017,test,474,132,LSTM,LSTM,"load only, trained",20,15.8123,8.3139
BDG2 2017,test,474,132,LSTM,LSTM,"load only, trained",21,13.6543,8.36
BDG2 2017,test,474,132,LSTM,LSTM,"load only, trained",22,16.0872,8.6131
BDG2 2017,test,474,132,LSTM,LSTM,"load only, trained",23,17.0862,8.7345
BDG2 2017,test,474,132,LSTM,LSTM,"load only, trained",24,16.771,8.7322
BDG2 2017,test,474,132,LSTM,LSTM,"load only, trained",25,19.0528,9.0745
BDG2 2017,test,474,132,LSTM,LSTM,"load only, trained",26,19.0485,9.342
BDG2 2017,test,474,132,LSTM,LSTM,"load only, trained",27,17.1995,9.5887
BDG2 2017,test,474,132,LSTM,LSTM,"load only, trained",28,16.3904,9.5659
BDG2 2017,test,474,132,LSTM,LSTM,"load only, trained",29,15.0231,9.5678
BDG2 2017,test,474,132,LSTM,LSTM,"load only, trained",30,16.3119,9.5514
BDG2 2017,test,474,132,LSTM,LSTM,"load only, trained",31,18.9193,9.583
BDG2 2017,test,474,132,PatchTST,PatchTST,"load only, trained",1,5.8364,5.8364
BDG2 2017,test,474,132,PatchTST,PatchTST,"load only, trained",2,8.5099,6.0606
BDG2 2017,test,474,132,PatchTST,PatchTST,"load only, trained",3,8.7029,6.5342
BDG2 2017,test,474,132,PatchTST,PatchTST,"load only, trained",4,12.0795,7.0125
BDG2 2017,test,474,132,PatchTST,PatchTST,"load only, trained",5,11.2686,7.1368
BDG2 2017,test,474,132,PatchTST,PatchTST,"load only, trained",6,11.448,6.7508
BDG2 2017,test,474,132,PatchTST,PatchTST,"load only, trained",7,13.4212,6.7736
BDG2 2017,test,474,132,PatchTST,PatchTST,"load only, trained",8,10.3537,6.9577
BDG2 2017,test,474,132,PatchTST,PatchTST,"load only, trained",9,11.7551,7.0038
BDG2 2017,test,474,132,PatchTST,PatchTST,"load only, trained",10,12.8581,7.2348
BDG2 2017,test,474,132,PatchTST,PatchTST,"load only, trained",11,12.9787,7.5931
BDG2 2017,test,474,132,PatchTST,PatchTST,"load only, trained",12,12.9536,7.7588
BDG2 2017,test,474,132,PatchTST,PatchTST,"load only, trained",13,13.0714,7.7365
BDG2 2017,test,474,132,PatchTST,PatchTST,"load only, trained",14,12.7174,7.8883
BDG2 2017,test,474,132,PatchTST,PatchTST,"load only, trained",15,12.6801,7.9931
BDG2 2017,test,474,132,PatchTST,PatchTST,"load only, trained",16,11.6917,7.757
BDG2 2017,test,474,132,PatchTST,PatchTST,"load only, trained",17,12.0635,7.5748
BDG2 2017,test,474,132,PatchTST,PatchTST,"load only, trained",18,12.6902,7.4186
BDG2 2017,test,474,132,PatchTST,PatchTST,"load only, trained",19,12.9222,7.0429
BDG2 2017,test,474,132,PatchTST,PatchTST,"load only, trained",20,13.7725,7.1659
BDG2 2017,test,474,132,PatchTST,PatchTST,"load only, trained",21,12.6395,7.4929
BDG2 2017,test,474,132,PatchTST,PatchTST,"load only, trained",22,16.8133,7.2927
BDG2 2017,test,474,132,PatchTST,PatchTST,"load only, trained",23,16.2673,7.4726
BDG2 2017,test,474,132,PatchTST,PatchTST,"load only, trained",24,15.5831,7.7608
BDG2 2017,test,474,132,PatchTST,PatchTST,"load only, trained",25,18.7736,8.155
BDG2 2017,test,474,132,PatchTST,PatchTST,"load only, trained",26,15.7711,8.3347
BDG2 2017,test,474,132,PatchTST,PatchTST,"load only, trained",27,16.0572,8.5607
BDG2 2017,test,474,132,PatchTST,PatchTST,"load only, trained",28,16.8678,8.7562
BDG2 2017,test,474,132,PatchTST,PatchTST,"load only, trained",29,16.4604,8.9125
BDG2 2017,test,474,132,PatchTST,PatchTST,"load only, trained",30,16.6968,9.0222
BDG2 2017,test,474,132,PatchTST,PatchTST,"load only, trained",31,18.345,8.9871
BDG2 2017,test,474,132,TiDE,TiDE,"same information, trained",1,5.8066,5.8066
BDG2 2017,test,474,132,TiDE,TiDE,"same information, trained",2,8.1535,5.3592
BDG2 2017,test,474,132,TiDE,TiDE,"same information, trained",3,9.7639,6.3688
BDG2 2017,test,474,132,TiDE,TiDE,"same information, trained",4,10.5583,6.7053
BDG2 2017,test,474,132,TiDE,TiDE,"same information, trained",5,10.6085,6.2366
BDG2 2017,test,474,132,TiDE,TiDE,"same information, trained",6,9.8174,6.7662
BDG2 2017,test,474,132,TiDE,TiDE,"same information, trained",7,11.278,6.4174
BDG2 2017,test,474,132,TiDE,TiDE,"same information, trained",8,9.7729,6.3241
BDG2 2017,test,474,132,TiDE,TiDE,"same information, trained",9,10.8621,6.1935
BDG2 2017,test,474,132,TiDE,TiDE,"same information, trained",10,12.1098,6.4757
BDG2 2017,test,474,132,TiDE,TiDE,"same information, trained",11,11.7239,6.592
BDG2 2017,test,474,132,TiDE,TiDE,"same information, trained",12,12.5898,6.3162
BDG2 2017,test,474,132,TiDE,TiDE,"same information, trained",13,12.3643,6.3182
BDG2 2017,test,474,132,TiDE,TiDE,"same information, trained",14,11.1806,6.4869
BDG2 2017,test,474,132,TiDE,TiDE,"same information, trained",15,11.6719,6.6707
BDG2 2017,test,474,132,TiDE,TiDE,"same information, trained",16,12.155,6.5343
BDG2 2017,test,474,132,TiDE,TiDE,"same information, trained",17,11.7471,6.5143
BDG2 2017,test,474,132,TiDE,TiDE,"same information, trained",18,12.0198,6.825
BDG2 2017,test,474,132,TiDE,TiDE,"same information, trained",19,13.3071,6.8121
BDG2 2017,test,474,132,TiDE,TiDE,"same information, trained",20,13.7457,7.128
BDG2 2017,test,474,132,TiDE,TiDE,"same information, trained",21,12.1678,7.095
BDG2 2017,test,474,132,TiDE,TiDE,"same information, trained",22,15.1299,7.4531
BDG2 2017,test,474,132,TiDE,TiDE,"same information, trained",23,16.9647,7.5345
BDG2 2017,test,474,132,TiDE,TiDE,"same information, trained",24,16.2509,7.7589
BDG2 2017,test,474,132,TiDE,TiDE,"same information, trained",25,16.5525,7.9754
BDG2 2017,test,474,132,TiDE,TiDE,"same information, trained",26,17.1226,8.2906
BDG2 2017,test,474,132,TiDE,TiDE,"same information, trained",27,16.3924,8.437
BDG2 2017,test,474,132,TiDE,TiDE,"same information, trained",28,14.7056,8.5024
BDG2 2017,test,474,132,TiDE,TiDE,"same information, trained",29,14.6821,8.5696
BDG2 2017,test,474,132,TiDE,TiDE,"same information, trained",30,15.3494,8.4483
BDG2 2017,test,474,132,TiDE,TiDE,"same information, trained",31,16.9791,8.5297
Cambridge,test,730,108,TimesFM,TimesFM,"load only, zero-shot foundation model",1,5.7149,5.7149
Cambridge,test,730,108,TimesFM,TimesFM,"load only, zero-shot foundation model",2,7.3559,5.9246
Cambridge,test,730,108,TimesFM,TimesFM,"load only, zero-shot foundation model",3,7.5812,5.9408
Cambridge,test,730,108,TimesFM,TimesFM,"load only, zero-shot foundation model",4,8.6804,5.9037
Cambridge,test,730,108,TimesFM,TimesFM,"load only, zero-shot foundation model",5,8.9306,6.0526
Cambridge,test,730,108,TimesFM,TimesFM,"load only, zero-shot foundation model",6,9.2478,6.1962
Cambridge,test,730,108,TimesFM,TimesFM,"load only, zero-shot foundation model",7,10.4351,6.3048
Cambridge,test,730,108,TimesFM,TimesFM,"load only, zero-shot foundation model",8,9.9647,6.5448
Cambridge,test,730,108,TimesFM,TimesFM,"load only, zero-shot foundation model",9,9.94,6.6653
Cambridge,test,730,108,TimesFM,TimesFM,"load only, zero-shot foundation model",10,10.6816,6.7059
Cambridge,test,730,108,TimesFM,TimesFM,"load only, zero-shot foundation model",11,11.2115,6.7377
Cambridge,test,730,108,TimesFM,TimesFM,"load only, zero-shot foundation model",12,11.551,6.8992
Cambridge,test,730,108,TimesFM,TimesFM,"load only, zero-shot foundation model",13,11.2976,6.9766
Cambridge,test,730,108,TimesFM,TimesFM,"load only, zero-shot foundation model",14,12.4522,7.1628
Cambridge,test,730,108,TimesFM,TimesFM,"load only, zero-shot foundation model",15,12.8906,7.3349
Cambridge,test,730,108,TimesFM,TimesFM,"load only, zero-shot foundation model",16,12.8564,7.5136
Cambridge,test,730,108,TimesFM,TimesFM,"load only, zero-shot foundation model",17,12.7078,7.6833
Cambridge,test,730,108,TimesFM,TimesFM,"load only, zero-shot foundation model",18,14.295,7.8844
Cambridge,test,730,108,TimesFM,TimesFM,"load only, zero-shot foundation model",19,14.2684,8.0
Cambridge,test,730,108,TimesFM,TimesFM,"load only, zero-shot foundation model",20,14.3749,8.1325
Cambridge,test,730,108,TimesFM,TimesFM,"load only, zero-shot foundation model",21,14.4698,8.0955
Cambridge,test,730,108,TimesFM,TimesFM,"load only, zero-shot foundation model",22,13.7417,8.2223
Cambridge,test,730,108,TimesFM,TimesFM,"load only, zero-shot foundation model",23,15.9891,8.4276
Cambridge,test,730,108,TimesFM,TimesFM,"load only, zero-shot foundation model",24,16.7137,8.6365
Cambridge,test,730,108,TimesFM,TimesFM,"load only, zero-shot foundation model",25,17.501,8.8286
Cambridge,test,730,108,TimesFM,TimesFM,"load only, zero-shot foundation model",26,17.4218,9.0849
Cambridge,test,730,108,TimesFM,TimesFM,"load only, zero-shot foundation model",27,17.1837,9.1135
Cambridge,test,730,108,TimesFM,TimesFM,"load only, zero-shot foundation model",28,16.2671,9.0497
Cambridge,test,730,108,TimesFM,TimesFM,"load only, zero-shot foundation model",29,16.4581,9.5616
Cambridge,test,730,108,TimesFM,TimesFM,"load only, zero-shot foundation model",30,16.5532,9.739
Cambridge,test,730,108,TimesFM,TimesFM,"load only, zero-shot foundation model",31,16.7105,9.9215
Cambridge,test,730,108,RIDGE-L,Ridge (per unit),per-unit regression,1,7.6049,7.6049
Cambridge,test,730,108,RIDGE-L,Ridge (per unit),per-unit regression,2,8.4199,7.1621
Cambridge,test,730,108,RIDGE-L,Ridge (per unit),per-unit regression,3,9.0,6.6307
Cambridge,test,730,108,RIDGE-L,Ridge (per unit),per-unit regression,4,9.1358,6.4699
Cambridge,test,730,108,RIDGE-L,Ridge (per unit),per-unit regression,5,8.9133,6.1743
Cambridge,test,730,108,RIDGE-L,Ridge (per unit),per-unit regression,6,10.0015,6.1443
Cambridge,test,730,108,RIDGE-L,Ridge (per unit),per-unit regression,7,11.0371,6.3342
Cambridge,test,730,108,RIDGE-L,Ridge (per unit),per-unit regression,8,10.7084,6.5421
Cambridge,test,730,108,RIDGE-L,Ridge (per unit),per-unit regression,9,10.7099,6.6614
Cambridge,test,730,108,RIDGE-L,Ridge (per unit),per-unit regression,10,10.6891,6.4797
Cambridge,test,730,108,RIDGE-L,Ridge (per unit),per-unit regression,11,11.9201,6.5316
Cambridge,test,730,108,RIDGE-L,Ridge (per unit),per-unit regression,12,11.7715,6.8135
Cambridge,test,730,108,RIDGE-L,Ridge (per unit),per-unit regression,13,12.067,6.8821
Cambridge,test,730,108,RIDGE-L,Ridge (per unit),per-unit regression,14,12.8116,7.0308
Cambridge,test,730,108,RIDGE-L,Ridge (per unit),per-unit regression,15,13.3017,7.3562
Cambridge,test,730,108,RIDGE-L,Ridge (per unit),per-unit regression,16,13.5183,7.5816
Cambridge,test,730,108,RIDGE-L,Ridge (per unit),per-unit regression,17,13.3834,7.7775
Cambridge,test,730,108,RIDGE-L,Ridge (per unit),per-unit regression,18,13.7121,7.9529
Cambridge,test,730,108,RIDGE-L,Ridge (per unit),per-unit regression,19,12.9873,8.055
Cambridge,test,730,108,RIDGE-L,Ridge (per unit),per-unit regression,20,14.673,8.2338
Cambridge,test,730,108,RIDGE-L,Ridge (per unit),per-unit regression,21,14.2815,8.3693
Cambridge,test,730,108,RIDGE-L,Ridge (per unit),per-unit regression,22,13.6498,8.4842
Cambridge,test,730,108,RIDGE-L,Ridge (per unit),per-unit regression,23,15.6114,8.6626
Cambridge,test,730,108,RIDGE-L,Ridge (per unit),per-unit regression,24,17.3419,8.8751
Cambridge,test,730,108,RIDGE-L,Ridge (per unit),per-unit regression,25,15.0856,9.0143
Cambridge,test,730,108,RIDGE-L,Ridge (per unit),per-unit regression,26,14.4977,9.1167
Cambridge,test,730,108,RIDGE-L,Ridge (per unit),per-unit regression,27,15.752,9.2657
Cambridge,test,730,108,RIDGE-L,Ridge (per unit),per-unit regression,28,15.8114,9.3738
Cambridge,test,730,108,RIDGE-L,Ridge (per unit),per-unit regression,29,16.1786,9.4955
Cambridge,test,730,108,RIDGE-L,Ridge (per unit),per-unit regression,30,16.1502,9.6193
Cambridge,test,730,108,RIDGE-L,Ridge (per unit),per-unit regression,31,16.6126,9.7378
Cambridge,test,730,108,Chronos-2-X,Chronos-2-X,"same information, zero-shot foundation model",1,6.2637,6.2637
Cambridge,test,730,108,Chronos-2-X,Chronos-2-X,"same information, zero-shot foundation model",2,7.6851,6.4689
Cambridge,test,730,108,Chronos-2-X,Chronos-2-X,"same information, zero-shot foundation model",3,7.7732,6.4025
Cambridge,test,730,108,Chronos-2-X,Chronos-2-X,"same information, zero-shot foundation model",4,8.0602,6.3395
Cambridge,test,730,108,Chronos-2-X,Chronos-2-X,"same information, zero-shot foundation model",5,8.4008,6.2431
Cambridge,test,730,108,Chronos-2-X,Chronos-2-X,"same information, zero-shot foundation model",6,8.0094,6.1961
Cambridge,test,730,108,Chronos-2-X,Chronos-2-X,"same information, zero-shot foundation model",7,9.5648,6.25
Cambridge,test,730,108,Chronos-2-X,Chronos-2-X,"same information, zero-shot foundation model",8,9.7022,6.4637
Cambridge,test,730,108,Chronos-2-X,Chronos-2-X,"same information, zero-shot foundation model",9,9.7742,6.5506
Cambridge,test,730,108,Chronos-2-X,Chronos-2-X,"same information, zero-shot foundation model",10,10.3544,6.6252
Cambridge,test,730,108,Chronos-2-X,Chronos-2-X,"same information, zero-shot foundation model",11,11.2596,6.713
Cambridge,test,730,108,Chronos-2-X,Chronos-2-X,"same information, zero-shot foundation model",12,11.0886,6.8563
Cambridge,test,730,108,Chronos-2-X,Chronos-2-X,"same information, zero-shot foundation model",13,11.0204,6.9868
Cambridge,test,730,108,Chronos-2-X,Chronos-2-X,"same information, zero-shot foundation model",14,12.1906,7.1523
Cambridge,test,730,108,Chronos-2-X,Chronos-2-X,"same information, zero-shot foundation model",15,12.7487,7.2973
Cambridge,test,730,108,Chronos-2-X,Chronos-2-X,"same information, zero-shot foundation model",16,12.6218,7.4644
Cambridge,test,730,108,Chronos-2-X,Chronos-2-X,"same information, zero-shot foundation model",17,12.3203,7.6165
Cambridge,test,730,108,Chronos-2-X,Chronos-2-X,"same information, zero-shot foundation model",18,13.3285,7.7547
Cambridge,test,730,108,Chronos-2-X,Chronos-2-X,"same information, zero-shot foundation model",19,13.0301,7.8547
Cambridge,test,730,108,Chronos-2-X,Chronos-2-X,"same information, zero-shot foundation model",20,12.6516,7.8833
Cambridge,test,730,108,Chronos-2-X,Chronos-2-X,"same information, zero-shot foundation model",21,12.754,7.933
Cambridge,test,730,108,Chronos-2-X,Chronos-2-X,"same information, zero-shot foundation model",22,12.3275,7.9362
Cambridge,test,730,108,Chronos-2-X,Chronos-2-X,"same information, zero-shot foundation model",23,15.0264,8.1319
Cambridge,test,730,108,Chronos-2-X,Chronos-2-X,"same information, zero-shot foundation model",24,15.3314,8.131
Cambridge,test,730,108,Chronos-2-X,Chronos-2-X,"same information, zero-shot foundation model",25,15.4074,8.3601
Cambridge,test,730,108,Chronos-2-X,Chronos-2-X,"same information, zero-shot foundation model",26,15.5394,8.592
Cambridge,test,730,108,Chronos-2-X,Chronos-2-X,"same information, zero-shot foundation model",27,15.0616,8.7839
Cambridge,test,730,108,Chronos-2-X,Chronos-2-X,"same information, zero-shot foundation model",28,15.3625,8.9463
Cambridge,test,730,108,Chronos-2-X,Chronos-2-X,"same information, zero-shot foundation model",29,15.2304,9.0755
Cambridge,test,730,108,Chronos-2-X,Chronos-2-X,"same information, zero-shot foundation model",30,15.519,9.2156
Cambridge,test,730,108,Chronos-2-X,Chronos-2-X,"same information, zero-shot foundation model",31,15.5981,9.3203
Cambridge,test,730,108,Chronos-2,Chronos-2,"load only, zero-shot foundation model",1,5.4711,5.4711
Cambridge,test,730,108,Chronos-2,Chronos-2,"load only, zero-shot foundation model",2,7.6497,5.9682
Cambridge,test,730,108,Chronos-2,Chronos-2,"load only, zero-shot foundation model",3,8.3229,6.2411
Cambridge,test,730,108,Chronos-2,Chronos-2,"load only, zero-shot foundation model",4,8.8986,6.3451
Cambridge,test,730,108,Chronos-2,Chronos-2,"load only, zero-shot foundation model",5,8.6142,6.3432
Cambridge,test,730,108,Chronos-2,Chronos-2,"load only, zero-shot foundation model",6,8.7924,6.4024
Cambridge,test,730,108,Chronos-2,Chronos-2,"load only, zero-shot foundation model",7,10.4219,6.647
Cambridge,test,730,108,Chronos-2,Chronos-2,"load only, zero-shot foundation model",8,10.2163,6.917
Cambridge,test,730,108,Chronos-2,Chronos-2,"load only, zero-shot foundation model",9,10.4878,7.0489
Cambridge,test,730,108,Chronos-2,Chronos-2,"load only, zero-shot foundation model",10,11.7701,7.2888
Cambridge,test,730,108,Chronos-2,Chronos-2,"load only, zero-shot foundation model",11,11.6621,7.4162
Cambridge,test,730,108,Chronos-2,Chronos-2,"load only, zero-shot foundation model",12,11.956,7.5617
Cambridge,test,730,108,Chronos-2,Chronos-2,"load only, zero-shot foundation model",13,12.0929,7.7259
Cambridge,test,730,108,Chronos-2,Chronos-2,"load only, zero-shot foundation model",14,12.9929,7.8946
Cambridge,test,730,108,Chronos-2,Chronos-2,"load only, zero-shot foundation model",15,14.1197,8.0324
Cambridge,test,730,108,Chronos-2,Chronos-2,"load only, zero-shot foundation model",16,13.9299,8.2114
Cambridge,test,730,108,Chronos-2,Chronos-2,"load only, zero-shot foundation model",17,13.6116,8.2659
Cambridge,test,730,108,Chronos-2,Chronos-2,"load only, zero-shot foundation model",18,14.5251,8.5389
Cambridge,test,730,108,Chronos-2,Chronos-2,"load only, zero-shot foundation model",19,14.7377,8.7575
Cambridge,test,730,108,Chronos-2,Chronos-2,"load only, zero-shot foundation model",20,14.7394,8.9609
Cambridge,test,730,108,Chronos-2,Chronos-2,"load only, zero-shot foundation model",21,14.9107,9.1336
Cambridge,test,730,108,Chronos-2,Chronos-2,"load only, zero-shot foundation model",22,14.3424,9.2479
Cambridge,test,730,108,Chronos-2,Chronos-2,"load only, zero-shot foundation model",23,16.3062,9.408
Cambridge,test,730,108,Chronos-2,Chronos-2,"load only, zero-shot foundation model",24,17.3942,9.5936
Cambridge,test,730,108,Chronos-2,Chronos-2,"load only, zero-shot foundation model",25,17.8795,9.7834
Cambridge,test,730,108,Chronos-2,Chronos-2,"load only, zero-shot foundation model",26,17.9194,10.0007
Cambridge,test,730,108,Chronos-2,Chronos-2,"load only, zero-shot foundation model",27,17.5927,10.19
Cambridge,test,730,108,Chronos-2,Chronos-2,"load only, zero-shot foundation model",28,17.2692,10.3633
Cambridge,test,730,108,Chronos-2,Chronos-2,"load only, zero-shot foundation model",29,17.1682,10.5194
Cambridge,test,730,108,Chronos-2,Chronos-2,"load only, zero-shot foundation model",30,17.3718,10.6699
Cambridge,test,730,108,Chronos-2,Chronos-2,"load only, zero-shot foundation model",31,17.0996,10.7979
Cambridge,test,730,108,ANKYRA,ANKYRA,,1,6.1763,6.1763
Cambridge,test,730,108,ANKYRA,ANKYRA,,2,7.3663,6.1428
Cambridge,test,730,108,ANKYRA,ANKYRA,,3,7.4831,5.9876
Cambridge,test,730,108,ANKYRA,ANKYRA,,4,8.2275,5.8519
Cambridge,test,730,108,ANKYRA,ANKYRA,,5,8.3053,5.8466
Cambridge,test,730,108,ANKYRA,ANKYRA,,6,8.9715,5.9756
Cambridge,test,730,108,ANKYRA,ANKYRA,,7,10.1083,6.0353
Cambridge,test,730,108,ANKYRA,ANKYRA,,8,9.4807,6.1692
Cambridge,test,730,108,ANKYRA,ANKYRA,,9,9.0895,6.2304
Cambridge,test,730,108,ANKYRA,ANKYRA,,10,9.8367,6.1696
Cambridge,test,730,108,ANKYRA,ANKYRA,,11,10.6446,6.2503
Cambridge,test,730,108,ANKYRA,ANKYRA,,12,10.8047,6.3288
Cambridge,test,730,108,ANKYRA,ANKYRA,,13,10.6355,6.4275
Cambridge,test,730,108,ANKYRA,ANKYRA,,14,12.1078,6.5655
Cambridge,test,730,108,ANKYRA,ANKYRA,,15,11.7092,6.8132
Cambridge,test,730,108,ANKYRA,ANKYRA,,16,11.9022,6.9525
Cambridge,test,730,108,ANKYRA,ANKYRA,,17,11.7492,7.0986
Cambridge,test,730,108,ANKYRA,ANKYRA,,18,13.1229,7.2471
Cambridge,test,730,108,ANKYRA,ANKYRA,,19,13.0123,7.3513
Cambridge,test,730,108,ANKYRA,ANKYRA,,20,13.3764,7.477
Cambridge,test,730,108,ANKYRA,ANKYRA,,21,13.4898,7.4634
Cambridge,test,730,108,ANKYRA,ANKYRA,,22,12.2594,7.561
Cambridge,test,730,108,ANKYRA,ANKYRA,,23,14.1474,7.6988
Cambridge,test,730,108,ANKYRA,ANKYRA,,24,15.5386,7.8079
Cambridge,test,730,108,ANKYRA,ANKYRA,,25,13.9376,7.8713
Cambridge,test,730,108,ANKYRA,ANKYRA,,26,13.6031,7.9687
Cambridge,test,730,108,ANKYRA,ANKYRA,,27,14.7126,8.0264
Cambridge,test,730,108,ANKYRA,ANKYRA,,28,14.4784,8.117
Cambridge,test,730,108,ANKYRA,ANKYRA,,29,14.8372,8.2669
Cambridge,test,730,108,ANKYRA,ANKYRA,,30,14.4891,8.3782
Cambridge,test,730,108,ANKYRA,ANKYRA,,31,14.9487,8.5
Cambridge,test,730,108,GBT,GBT (zero-shot),zero-shot gradient boosting,1,9.9549,9.9549
Cambridge,test,730,108,GBT,GBT (zero-shot),zero-shot gradient boosting,2,10.9173,9.0039
Cambridge,test,730,108,GBT,GBT (zero-shot),zero-shot gradient boosting,3,11.6012,8.3778
Cambridge,test,730,108,GBT,GBT (zero-shot),zero-shot gradient boosting,4,11.3123,7.7281
Cambridge,test,730,108,GBT,GBT (zero-shot),zero-shot gradient boosting,5,10.9213,6.9697
Cambridge,test,730,108,GBT,GBT (zero-shot),zero-shot gradient boosting,6,12.1874,6.7494
Cambridge,test,730,108,GBT,GBT (zero-shot),zero-shot gradient boosting,7,13.7215,6.7426
Cambridge,test,730,108,GBT,GBT (zero-shot),zero-shot gradient boosting,8,13.3273,7.2406
Cambridge,test,730,108,GBT,GBT (zero-shot),zero-shot gradient boosting,9,12.5981,7.5395
Cambridge,test,730,108,GBT,GBT (zero-shot),zero-shot gradient boosting,10,14.0364,7.4064
Cambridge,test,730,108,GBT,GBT (zero-shot),zero-shot gradient boosting,11,14.0492,7.4802
Cambridge,test,730,108,GBT,GBT (zero-shot),zero-shot gradient boosting,12,13.7986,7.5678
Cambridge,test,730,108,GBT,GBT (zero-shot),zero-shot gradient boosting,13,14.161,7.5144
Cambridge,test,730,108,GBT,GBT (zero-shot),zero-shot gradient boosting,14,15.5668,7.7039
Cambridge,test,730,108,GBT,GBT (zero-shot),zero-shot gradient boosting,15,16.0217,8.17
Cambridge,test,730,108,GBT,GBT (zero-shot),zero-shot gradient boosting,16,15.9016,8.4614
Cambridge,test,730,108,GBT,GBT (zero-shot),zero-shot gradient boosting,17,15.9614,8.6956
Cambridge,test,730,108,GBT,GBT (zero-shot),zero-shot gradient boosting,18,16.5677,8.9135
Cambridge,test,730,108,GBT,GBT (zero-shot),zero-shot gradient boosting,19,15.5595,8.968
Cambridge,test,730,108,GBT,GBT (zero-shot),zero-shot gradient boosting,20,16.1302,9.0364
Cambridge,test,730,108,GBT,GBT (zero-shot),zero-shot gradient boosting,21,16.6002,9.1134
Cambridge,test,730,108,GBT,GBT (zero-shot),zero-shot gradient boosting,22,15.1131,9.2349
Cambridge,test,730,108,GBT,GBT (zero-shot),zero-shot gradient boosting,23,16.9955,9.3813
Cambridge,test,730,108,GBT,GBT (zero-shot),zero-shot gradient boosting,24,18.0461,9.5539
Cambridge,test,730,108,GBT,GBT (zero-shot),zero-shot gradient boosting,25,16.8486,9.7014
Cambridge,test,730,108,GBT,GBT (zero-shot),zero-shot gradient boosting,26,17.0608,9.8246
Cambridge,test,730,108,GBT,GBT (zero-shot),zero-shot gradient boosting,27,17.9992,9.9602
Cambridge,test,730,108,GBT,GBT (zero-shot),zero-shot gradient boosting,28,18.3305,10.1371
Cambridge,test,730,108,GBT,GBT (zero-shot),zero-shot gradient boosting,29,18.2341,10.2929
Cambridge,test,730,108,GBT,GBT (zero-shot),zero-shot gradient boosting,30,18.7817,10.447
Cambridge,test,730,108,GBT,GBT (zero-shot),zero-shot gradient boosting,31,19.5951,10.5908
Cambridge,test,730,108,Holt-Winters,Holt-Winters,"load only, statistical",1,9.8308,9.8308
Cambridge,test,730,108,Holt-Winters,Holt-Winters,"load only, statistical",2,11.1161,9.9051
Cambridge,test,730,108,Holt-Winters,Holt-Winters,"load only, statistical",3,11.2608,9.6491
Cambridge,test,730,108,Holt-Winters,Holt-Winters,"load only, statistical",4,11.2081,9.6421
Cambridge,test,730,108,Holt-Winters,Holt-Winters,"load only, statistical",5,11.5202,9.3653
Cambridge,test,730,108,Holt-Winters,Holt-Winters,"load only, statistical",6,11.4657,9.3241
Cambridge,test,730,108,Holt-Winters,Holt-Winters,"load only, statistical",7,12.3354,9.3171
Cambridge,test,730,108,Holt-Winters,Holt-Winters,"load only, statistical",8,12.8701,9.4963
Cambridge,test,730,108,Holt-Winters,Holt-Winters,"load only, statistical",9,12.9464,9.6694
Cambridge,test,730,108,Holt-Winters,Holt-Winters,"load only, statistical",10,12.4547,9.6036
Cambridge,test,730,108,Holt-Winters,Holt-Winters,"load only, statistical",11,13.2063,9.6181
Cambridge,test,730,108,Holt-Winters,Holt-Winters,"load only, statistical",12,13.2772,9.6874
Cambridge,test,730,108,Holt-Winters,Holt-Winters,"load only, statistical",13,13.8701,9.73
Cambridge,test,730,108,Holt-Winters,Holt-Winters,"load only, statistical",14,14.9924,9.8975
Cambridge,test,730,108,Holt-Winters,Holt-Winters,"load only, statistical",15,15.3706,10.0679
Cambridge,test,730,108,Holt-Winters,Holt-Winters,"load only, statistical",16,15.0714,10.2321
Cambridge,test,730,108,Holt-Winters,Holt-Winters,"load only, statistical",17,15.4411,10.3878
Cambridge,test,730,108,Holt-Winters,Holt-Winters,"load only, statistical",18,16.6199,10.4834
Cambridge,test,730,108,Holt-Winters,Holt-Winters,"load only, statistical",19,16.2876,10.3637
Cambridge,test,730,108,Holt-Winters,Holt-Winters,"load only, statistical",20,16.1565,10.6386
Cambridge,test,730,108,Holt-Winters,Holt-Winters,"load only, statistical",21,16.3652,10.8746
Cambridge,test,730,108,Holt-Winters,Holt-Winters,"load only, statistical",22,15.5578,10.9516
Cambridge,test,730,108,Holt-Winters,Holt-Winters,"load only, statistical",23,18.0408,11.0807
Cambridge,test,730,108,Holt-Winters,Holt-Winters,"load only, statistical",24,18.687,11.2448
Cambridge,test,730,108,Holt-Winters,Holt-Winters,"load only, statistical",25,18.6349,11.4385
Cambridge,test,730,108,Holt-Winters,Holt-Winters,"load only, statistical",26,18.7521,11.639
Cambridge,test,730,108,Holt-Winters,Holt-Winters,"load only, statistical",27,18.4042,11.817
Cambridge,test,730,108,Holt-Winters,Holt-Winters,"load only, statistical",28,17.8064,11.9344
Cambridge,test,730,108,Holt-Winters,Holt-Winters,"load only, statistical",29,18.8231,12.0099
Cambridge,test,730,108,Holt-Winters,Holt-Winters,"load only, statistical",30,18.3471,12.1163
Cambridge,test,730,108,Holt-Winters,Holt-Winters,"load only, statistical",31,19.0576,12.1891
Cambridge,test,730,108,LYR-profile,Last-year profile,profile,1,20.1419,20.1419
Cambridge,test,730,108,LYR-profile,Last-year profile,profile,2,20.0283,19.6455
Cambridge,test,730,108,LYR-profile,Last-year profile,profile,3,20.2631,19.1756
Cambridge,test,730,108,LYR-profile,Last-year profile,profile,4,20.0417,18.8081
Cambridge,test,730,108,LYR-profile,Last-year profile,profile,5,18.8631,18.1991
Cambridge,test,730,108,LYR-profile,Last-year profile,profile,6,18.883,17.8336
Cambridge,test,730,108,LYR-profile,Last-year profile,profile,7,19.8072,17.5783
Cambridge,test,730,108,LYR-profile,Last-year profile,profile,8,20.143,17.7798
Cambridge,test,730,108,LYR-profile,Last-year profile,profile,9,20.0339,17.7753
Cambridge,test,730,108,LYR-profile,Last-year profile,profile,10,19.6547,17.078
Cambridge,test,730,108,LYR-profile,Last-year profile,profile,11,19.6716,17.4444
Cambridge,test,730,108,LYR-profile,Last-year profile,profile,12,19.5201,17.2523
Cambridge,test,730,108,LYR-profile,Last-year profile,profile,13,19.3599,16.9497
Cambridge,test,730,108,LYR-profile,Last-year profile,profile,14,19.942,17.1988
Cambridge,test,730,108,LYR-profile,Last-year profile,profile,15,20.2696,17.2808
Cambridge,test,730,108,LYR-profile,Last-year profile,profile,16,20.5265,17.3157
Cambridge,test,730,108,LYR-profile,Last-year profile,profile,17,19.7222,17.2946
Cambridge,test,730,108,LYR-profile,Last-year profile,profile,18,21.5491,17.2693
Cambridge,test,730,108,LYR-profile,Last-year profile,profile,19,21.5864,17.2672
Cambridge,test,730,108,LYR-profile,Last-year profile,profile,20,20.3229,17.2057
Cambridge,test,730,108,LYR-profile,Last-year profile,profile,21,20.2412,17.0779
Cambridge,test,730,108,LYR-profile,Last-year profile,profile,22,20.3483,17.0677
Cambridge,test,730,108,LYR-profile,Last-year profile,profile,23,21.1909,17.0795
Cambridge,test,730,108,LYR-profile,Last-year profile,profile,24,20.2712,17.0336
Cambridge,test,730,108,LYR-profile,Last-year profile,profile,25,19.8193,16.9463
Cambridge,test,730,108,LYR-profile,Last-year profile,profile,26,19.7435,16.8958
Cambridge,test,730,108,LYR-profile,Last-year profile,profile,27,20.0041,16.8799
Cambridge,test,730,108,LYR-profile,Last-year profile,profile,28,19.8208,16.8473
Cambridge,test,730,108,LYR-profile,Last-year profile,profile,29,20.0891,16.8531
Cambridge,test,730,108,LYR-profile,Last-year profile,profile,30,20.0274,16.8232
Cambridge,test,730,108,LYR-profile,Last-year profile,profile,31,19.318,16.7778
Cambridge,test,730,108,MSTL,MSTL,"load only, statistical",1,7.0924,7.0924
Cambridge,test,730,108,MSTL,MSTL,"load only, statistical",2,9.5647,7.29
Cambridge,test,730,108,MSTL,MSTL,"load only, statistical",3,10.3722,7.5421
Cambridge,test,730,108,MSTL,MSTL,"load only, statistical",4,10.9747,7.5198
Cambridge,test,730,108,MSTL,MSTL,"load only, statistical",5,10.3174,7.6686
Cambridge,test,730,108,MSTL,MSTL,"load only, statistical",6,10.4906,8.0542
Cambridge,test,730,108,MSTL,MSTL,"load only, statistical",7,12.0206,8.2751
Cambridge,test,730,108,MSTL,MSTL,"load only, statistical",8,13.086,8.6393
Cambridge,test,730,108,MSTL,MSTL,"load only, statistical",9,12.6606,8.8437
Cambridge,test,730,108,MSTL,MSTL,"load only, statistical",10,14.0781,8.9514
Cambridge,test,730,108,MSTL,MSTL,"load only, statistical",11,13.7159,8.9388
Cambridge,test,730,108,MSTL,MSTL,"load only, statistical",12,13.1686,9.1116
Cambridge,test,730,108,MSTL,MSTL,"load only, statistical",13,13.7511,9.2889
Cambridge,test,730,108,MSTL,MSTL,"load only, statistical",14,14.6905,9.5026
Cambridge,test,730,108,MSTL,MSTL,"load only, statistical",15,16.4332,9.8008
Cambridge,test,730,108,MSTL,MSTL,"load only, statistical",16,16.0418,10.0577
Cambridge,test,730,108,MSTL,MSTL,"load only, statistical",17,15.4487,10.2797
Cambridge,test,730,108,MSTL,MSTL,"load only, statistical",18,16.1151,10.4136
Cambridge,test,730,108,MSTL,MSTL,"load only, statistical",19,16.2538,10.4776
Cambridge,test,730,108,MSTL,MSTL,"load only, statistical",20,16.2261,10.5679
Cambridge,test,730,108,MSTL,MSTL,"load only, statistical",21,17.157,10.7007
Cambridge,test,730,108,MSTL,MSTL,"load only, statistical",22,17.1036,10.8231
Cambridge,test,730,108,MSTL,MSTL,"load only, statistical",23,19.009,10.8536
Cambridge,test,730,108,MSTL,MSTL,"load only, statistical",24,19.4337,11.1101
Cambridge,test,730,108,MSTL,MSTL,"load only, statistical",25,19.7527,11.1892
Cambridge,test,730,108,MSTL,MSTL,"load only, statistical",26,18.9053,11.5143
Cambridge,test,730,108,MSTL,MSTL,"load only, statistical",27,19.1608,11.7238
Cambridge,test,730,108,MSTL,MSTL,"load only, statistical",28,18.6933,11.9137
Cambridge,test,730,108,MSTL,MSTL,"load only, statistical",29,19.516,11.6185
Cambridge,test,730,108,MSTL,MSTL,"load only, statistical",30,19.8591,12.1152
Cambridge,test,730,108,MSTL,MSTL,"load only, statistical",31,19.4995,12.37
Cambridge,test,730,108,SN-day,Seasonal naive (day),naive,1,10.1282,10.1282
Cambridge,test,730,108,SN-day,Seasonal naive (day),naive,2,16.7034,12.4064
Cambridge,test,730,108,SN-day,Seasonal naive (day),naive,3,18.6831,13.092
Cambridge,test,730,108,SN-day,Seasonal naive (day),naive,4,19.1117,13.3424
Cambridge,test,730,108,SN-day,Seasonal naive (day),naive,5,18.6732,13.7396
Cambridge,test,730,108,SN-day,Seasonal naive (day),naive,6,15.9545,13.3455
Cambridge,test,730,108,SN-day,Seasonal naive (day),naive,7,11.5816,12.5307
Cambridge,test,730,108,SN-day,Seasonal naive (day),naive,8,15.8756,12.4174
Cambridge,test,730,108,SN-day,Seasonal naive (day),naive,9,19.8069,12.7394
Cambridge,test,730,108,SN-day,Seasonal naive (day),naive,10,22.1427,13.5572
Cambridge,test,730,108,SN-day,Seasonal naive (day),naive,11,20.8183,13.9289
Cambridge,test,730,108,SN-day,Seasonal naive (day),naive,12,20.3931,14.0555
Cambridge,test,730,108,SN-day,Seasonal naive (day),naive,13,18.0425,13.9269
Cambridge,test,730,108,SN-day,Seasonal naive (day),naive,14,14.4598,13.5892
Cambridge,test,730,108,SN-day,Seasonal naive (day),naive,15,18.9765,13.5296
Cambridge,test,730,108,SN-day,Seasonal naive (day),naive,16,22.5797,14.0956
Cambridge,test,730,108,SN-day,Seasonal naive (day),naive,17,21.4445,14.4479
Cambridge,test,730,108,SN-day,Seasonal naive (day),naive,18,22.7354,14.6266
Cambridge,test,730,108,SN-day,Seasonal naive (day),naive,19,22.5788,14.8194
Cambridge,test,730,108,SN-day,Seasonal naive (day),naive,20,20.0233,14.7872
Cambridge,test,730,108,SN-day,Seasonal naive (day),naive,21,16.7431,14.4319
Cambridge,test,730,108,SN-day,Seasonal naive (day),naive,22,19.416,14.448
Cambridge,test,730,108,SN-day,Seasonal naive (day),naive,23,23.9141,14.8354
Cambridge,test,730,108,SN-day,Seasonal naive (day),naive,24,25.8397,15.083
Cambridge,test,730,108,SN-day,Seasonal naive (day),naive,25,23.9389,15.216
Cambridge,test,730,108,SN-day,Seasonal naive (day),naive,26,23.0413,15.3703
Cambridge,test,730,108,SN-day,Seasonal naive (day),naive,27,20.5434,15.2939
Cambridge,test,730,108,SN-day,Seasonal naive (day),naive,28,18.1369,15.2129
Cambridge,test,730,108,SN-day,Seasonal naive (day),naive,29,21.1008,15.3429
Cambridge,test,730,108,SN-day,Seasonal naive (day),naive,30,23.7441,15.4998
Cambridge,test,730,108,SN-day,Seasonal naive (day),naive,31,24.8625,15.7207
Cambridge,test,730,108,SN-week,Seasonal naive (week),naive,1,9.3576,9.3576
Cambridge,test,730,108,SN-week,Seasonal naive (week),naive,2,9.5577,8.4638
Cambridge,test,730,108,SN-week,Seasonal naive (week),naive,3,9.7548,7.7637
Cambridge,test,730,108,SN-week,Seasonal naive (week),naive,4,9.9132,7.1946
Cambridge,test,730,108,SN-week,Seasonal naive (week),naive,5,9.0606,6.7928
Cambridge,test,730,108,SN-week,Seasonal naive (week),naive,6,9.9667,6.7914
Cambridge,test,730,108,SN-week,Seasonal naive (week),naive,7,11.5816,6.6591
Cambridge,test,730,108,SN-week,Seasonal naive (week),naive,8,13.3436,7.1865
Cambridge,test,730,108,SN-week,Seasonal naive (week),naive,9,12.4913,7.4476
Cambridge,test,730,108,SN-week,Seasonal naive (week),naive,10,13.2923,7.3704
Cambridge,test,730,108,SN-week,Seasonal naive (week),naive,11,13.28,7.7627
Cambridge,test,730,108,SN-week,Seasonal naive (week),naive,12,12.4432,7.7874
Cambridge,test,730,108,SN-week,Seasonal naive (week),naive,13,12.9049,7.6535
Cambridge,test,730,108,SN-week,Seasonal naive (week),naive,14,14.4598,7.8817
Cambridge,test,730,108,SN-week,Seasonal naive (week),naive,15,15.8996,8.3261
Cambridge,test,730,108,SN-week,Seasonal naive (week),naive,16,15.3313,8.5895
Cambridge,test,730,108,SN-week,Seasonal naive (week),naive,17,14.4336,8.8011
Cambridge,test,730,108,SN-week,Seasonal naive (week),naive,18,15.9378,8.9746
Cambridge,test,730,108,SN-week,Seasonal naive (week),naive,19,15.0258,9.0541
Cambridge,test,730,108,SN-week,Seasonal naive (week),naive,20,16.0592,9.1206
Cambridge,test,730,108,SN-week,Seasonal naive (week),naive,21,16.7431,9.1889
Cambridge,test,730,108,SN-week,Seasonal naive (week),naive,22,16.2461,9.3783
Cambridge,test,730,108,SN-week,Seasonal naive (week),naive,23,17.5207,9.5859
Cambridge,test,730,108,SN-week,Seasonal naive (week),naive,24,18.2183,9.8038
Cambridge,test,730,108,SN-week,Seasonal naive (week),naive,25,18.3733,10.0221
Cambridge,test,730,108,SN-week,Seasonal naive (week),naive,26,18.313,10.2317
Cambridge,test,730,108,SN-week,Seasonal naive (week),naive,27,18.164,10.3804
Cambridge,test,730,108,SN-week,Seasonal naive (week),naive,28,18.1369,10.5095
Cambridge,test,730,108,SN-week,Seasonal naive (week),naive,29,18.8042,10.6888
Cambridge,test,730,108,SN-week,Seasonal naive (week),naive,30,18.6183,10.8524
Cambridge,test,730,108,SN-week,Seasonal naive (week),naive,31,17.7299,10.982
Cambridge,test,730,108,SP-profile,Previous-month profile,profile,1,14.9961,14.9961
Cambridge,test,730,108,SP-profile,Previous-month profile,profile,2,14.5559,12.6081
Cambridge,test,730,108,SP-profile,Previous-month profile,profile,3,14.4285,11.1343
Cambridge,test,730,108,SP-profile,Previous-month profile,profile,4,14.0728,10.2212
Cambridge,test,730,108,SP-profile,Previous-month profile,profile,5,13.3709,9.0115
Cambridge,test,730,108,SP-profile,Previous-month profile,profile,6,13.7483,7.7949
Cambridge,test,730,108,SP-profile,Previous-month profile,profile,7,15.5375,7.5377
Cambridge,test,730,108,SP-profile,Previous-month profile,profile,8,15.4415,7.9494
Cambridge,test,730,108,SP-profile,Previous-month profile,profile,9,14.5924,8.2705
Cambridge,test,730,108,SP-profile,Previous-month profile,profile,10,16.0704,8.101
Cambridge,test,730,108,SP-profile,Previous-month profile,profile,11,15.9887,8.0394
Cambridge,test,730,108,SP-profile,Previous-month profile,profile,12,15.317,7.7244
Cambridge,test,730,108,SP-profile,Previous-month profile,profile,13,15.5456,7.9026
Cambridge,test,730,108,SP-profile,Previous-month profile,profile,14,17.099,8.0964
Cambridge,test,730,108,SP-profile,Previous-month profile,profile,15,18.006,8.3754
Cambridge,test,730,108,SP-profile,Previous-month profile,profile,16,17.6396,8.5416
Cambridge,test,730,108,SP-profile,Previous-month profile,profile,17,17.2962,8.5802
Cambridge,test,730,108,SP-profile,Previous-month profile,profile,18,17.4993,8.7552
Cambridge,test,730,108,SP-profile,Previous-month profile,profile,19,16.6414,8.9117
Cambridge,test,730,108,SP-profile,Previous-month profile,profile,20,17.4476,8.8949
Cambridge,test,730,108,SP-profile,Previous-month profile,profile,21,18.3063,8.9802
Cambridge,test,730,108,SP-profile,Previous-month profile,profile,22,17.3831,9.1427
Cambridge,test,730,108,SP-profile,Previous-month profile,profile,23,17.8858,9.2922
Cambridge,test,730,108,SP-profile,Previous-month profile,profile,24,20.0403,9.4659
Cambridge,test,730,108,SP-profile,Previous-month profile,profile,25,18.866,9.6098
Cambridge,test,730,108,SP-profile,Previous-month profile,profile,26,18.2378,9.7049
Cambridge,test,730,108,SP-profile,Previous-month profile,profile,27,18.1908,9.7764
Cambridge,test,730,108,SP-profile,Previous-month profile,profile,28,17.9718,9.8664
Cambridge,test,730,108,SP-profile,Previous-month profile,profile,29,19.4278,9.9966
Cambridge,test,730,108,SP-profile,Previous-month profile,profile,30,19.483,10.1396
Cambridge,test,730,108,SP-profile,Previous-month profile,profile,31,20.0869,10.2665
Cambridge,test,730,108,TimesFM-X,TimesFM-X,"same information, zero-shot foundation model",1,6.8075,6.8075
Cambridge,test,730,108,TimesFM-X,TimesFM-X,"same information, zero-shot foundation model",2,7.996,6.5014
Cambridge,test,730,108,TimesFM-X,TimesFM-X,"same information, zero-shot foundation model",3,8.7828,6.6816
Cambridge,test,730,108,TimesFM-X,TimesFM-X,"same information, zero-shot foundation model",4,9.1291,6.4424
Cambridge,test,730,108,TimesFM-X,TimesFM-X,"same information, zero-shot foundation model",5,8.6078,6.5774
Cambridge,test,730,108,TimesFM-X,TimesFM-X,"same information, zero-shot foundation model",6,9.3051,6.5747
Cambridge,test,730,108,TimesFM-X,TimesFM-X,"same information, zero-shot foundation model",7,10.6176,6.6205
Cambridge,test,730,108,TimesFM-X,TimesFM-X,"same information, zero-shot foundation model",8,10.2818,6.893
Cambridge,test,730,108,TimesFM-X,TimesFM-X,"same information, zero-shot foundation model",9,10.3425,7.1013
Cambridge,test,730,108,TimesFM-X,TimesFM-X,"same information, zero-shot foundation model",10,11.4023,7.1476
Cambridge,test,730,108,TimesFM-X,TimesFM-X,"same information, zero-shot foundation model",11,11.8499,7.2849
Cambridge,test,730,108,TimesFM-X,TimesFM-X,"same information, zero-shot foundation model",12,11.4771,7.4354
Cambridge,test,730,108,TimesFM-X,TimesFM-X,"same information, zero-shot foundation model",13,12.355,7.5297
Cambridge,test,730,108,TimesFM-X,TimesFM-X,"same information, zero-shot foundation model",14,13.1304,7.7438
Cambridge,test,730,108,TimesFM-X,TimesFM-X,"same information, zero-shot foundation model",15,13.4301,7.9532
Cambridge,test,730,108,TimesFM-X,TimesFM-X,"same information, zero-shot foundation model",16,13.5968,8.1597
Cambridge,test,730,108,TimesFM-X,TimesFM-X,"same information, zero-shot foundation model",17,13.4564,8.3072
Cambridge,test,730,108,TimesFM-X,TimesFM-X,"same information, zero-shot foundation model",18,14.5773,8.3617
Cambridge,test,730,108,TimesFM-X,TimesFM-X,"same information, zero-shot foundation model",19,14.5695,8.4083
Cambridge,test,730,108,TimesFM-X,TimesFM-X,"same information, zero-shot foundation model",20,14.5578,8.5793
Cambridge,test,730,108,TimesFM-X,TimesFM-X,"same information, zero-shot foundation model",21,14.9969,8.7791
Cambridge,test,730,108,TimesFM-X,TimesFM-X,"same information, zero-shot foundation model",22,14.2273,8.8766
Cambridge,test,730,108,TimesFM-X,TimesFM-X,"same information, zero-shot foundation model",23,16.0059,8.9811
Cambridge,test,730,108,TimesFM-X,TimesFM-X,"same information, zero-shot foundation model",24,16.9083,9.0911
Cambridge,test,730,108,TimesFM-X,TimesFM-X,"same information, zero-shot foundation model",25,15.9239,9.3132
Cambridge,test,730,108,TimesFM-X,TimesFM-X,"same information, zero-shot foundation model",26,16.0895,9.4787
Cambridge,test,730,108,TimesFM-X,TimesFM-X,"same information, zero-shot foundation model",27,16.8764,9.647
Cambridge,test,730,108,TimesFM-X,TimesFM-X,"same information, zero-shot foundation model",28,16.9555,9.8137
Cambridge,test,730,108,TimesFM-X,TimesFM-X,"same information, zero-shot foundation model",29,17.5174,9.9342
Cambridge,test,730,108,TimesFM-X,TimesFM-X,"same information, zero-shot foundation model",30,17.1686,10.0417
Cambridge,test,730,108,TimesFM-X,TimesFM-X,"same information, zero-shot foundation model",31,17.3531,10.1799
Cambridge,test,730,108,WeekProf4,4-week profile,profile,1,11.0693,11.0693
Cambridge,test,730,108,WeekProf4,4-week profile,profile,2,10.0116,9.6863
Cambridge,test,730,108,WeekProf4,4-week profile,profile,3,9.1193,8.3207
Cambridge,test,730,108,WeekProf4,4-week profile,profile,4,8.8196,7.8632
Cambridge,test,730,108,WeekProf4,4-week profile,profile,5,8.7633,7.4656
Cambridge,test,730,108,WeekProf4,4-week profile,profile,6,8.9881,7.282
Cambridge,test,730,108,WeekProf4,4-week profile,profile,7,10.4746,7.1582
Cambridge,test,730,108,WeekProf4,4-week profile,profile,8,11.3467,7.4137
Cambridge,test,730,108,WeekProf4,4-week profile,profile,9,10.9559,7.6276
Cambridge,test,730,108,WeekProf4,4-week profile,profile,10,11.1366,7.5293
Cambridge,test,730,108,WeekProf4,4-week profile,profile,11,11.4377,7.2779
Cambridge,test,730,108,WeekProf4,4-week profile,profile,12,11.1212,7.4817
Cambridge,test,730,108,WeekProf4,4-week profile,profile,13,11.768,7.6072
Cambridge,test,730,108,WeekProf4,4-week profile,profile,14,12.9704,7.8077
Cambridge,test,730,108,WeekProf4,4-week profile,profile,15,14.1031,8.0179
Cambridge,test,730,108,WeekProf4,4-week profile,profile,16,13.8434,8.1744
Cambridge,test,730,108,WeekProf4,4-week profile,profile,17,12.8443,8.2736
Cambridge,test,730,108,WeekProf4,4-week profile,profile,18,14.4787,8.3139
Cambridge,test,730,108,WeekProf4,4-week profile,profile,19,14.3319,8.3425
Cambridge,test,730,108,WeekProf4,4-week profile,profile,20,14.1666,8.5037
Cambridge,test,730,108,WeekProf4,4-week profile,profile,21,14.6333,8.6376
Cambridge,test,730,108,WeekProf4,4-week profile,profile,22,14.4234,8.778
Cambridge,test,730,108,WeekProf4,4-week profile,profile,23,15.8754,8.9323
Cambridge,test,730,108,WeekProf4,4-week profile,profile,24,16.3375,9.0756
Cambridge,test,730,108,WeekProf4,4-week profile,profile,25,16.2943,9.2023
Cambridge,test,730,108,WeekProf4,4-week profile,profile,26,16.1996,9.3554
Cambridge,test,730,108,WeekProf4,4-week profile,profile,27,15.8319,9.5061
Cambridge,test,730,108,WeekProf4,4-week profile,profile,28,16.4049,9.6333
Cambridge,test,730,108,WeekProf4,4-week profile,profile,29,17.0975,9.7771
Cambridge,test,730,108,WeekProf4,4-week profile,profile,30,16.7645,9.9161
Cambridge,test,730,108,WeekProf4,4-week profile,profile,31,16.7505,10.0095
Cambridge,test,730,108,DLinear,DLinear,"load only, trained",1,6.5104,6.5104
Cambridge,test,730,108,DLinear,DLinear,"load only, trained",2,8.5014,6.5055
Cambridge,test,730,108,DLinear,DLinear,"load only, trained",3,9.55,6.7993
Cambridge,test,730,108,DLinear,DLinear,"load only, trained",4,9.6277,6.8401
Cambridge,test,730,108,DLinear,DLinear,"load only, trained",5,9.8581,6.9262
Cambridge,test,730,108,DLinear,DLinear,"load only, trained",6,9.6923,7.0202
Cambridge,test,730,108,DLinear,DLinear,"load only, trained",7,11.4494,7.1553
Cambridge,test,730,108,DLinear,DLinear,"load only, trained",8,11.6563,7.3221
Cambridge,test,730,108,DLinear,DLinear,"load only, trained",9,11.3503,7.4823
Cambridge,test,730,108,DLinear,DLinear,"load only, trained",10,12.5961,7.6008
Cambridge,test,730,108,DLinear,DLinear,"load only, trained",11,13.5788,7.803
Cambridge,test,730,108,DLinear,DLinear,"load only, trained",12,13.7338,8.0948
Cambridge,test,730,108,DLinear,DLinear,"load only, trained",13,13.3798,8.3361
Cambridge,test,730,108,DLinear,DLinear,"load only, trained",14,14.6534,8.6162
Cambridge,test,730,108,DLinear,DLinear,"load only, trained",15,16.0812,8.8504
Cambridge,test,730,108,DLinear,DLinear,"load only, trained",16,16.6474,9.1028
Cambridge,test,730,108,DLinear,DLinear,"load only, trained",17,15.5533,9.3295
Cambridge,test,730,108,DLinear,DLinear,"load only, trained",18,17.0022,9.6078
Cambridge,test,730,108,DLinear,DLinear,"load only, trained",19,16.4424,9.838
Cambridge,test,730,108,DLinear,DLinear,"load only, trained",20,16.4363,10.0843
Cambridge,test,730,108,DLinear,DLinear,"load only, trained",21,17.9248,10.3175
Cambridge,test,730,108,DLinear,DLinear,"load only, trained",22,17.191,10.5055
Cambridge,test,730,108,DLinear,DLinear,"load only, trained",23,18.4323,10.7272
Cambridge,test,730,108,DLinear,DLinear,"load only, trained",24,19.6024,10.9623
Cambridge,test,730,108,DLinear,DLinear,"load only, trained",25,20.0766,11.2067
Cambridge,test,730,108,DLinear,DLinear,"load only, trained",26,20.4729,11.4409
Cambridge,test,730,108,DLinear,DLinear,"load only, trained",27,19.1532,11.629
Cambridge,test,730,108,DLinear,DLinear,"load only, trained",28,20.0407,11.8169
Cambridge,test,730,108,DLinear,DLinear,"load only, trained",29,20.6478,11.9696
Cambridge,test,730,108,DLinear,DLinear,"load only, trained",30,19.5734,12.0877
Cambridge,test,730,108,DLinear,DLinear,"load only, trained",31,20.4864,12.2138
Cambridge,test,730,108,GBT-T,GBT-T,"same information, trained",1,8.7083,8.7083
Cambridge,test,730,108,GBT-T,GBT-T,"same information, trained",2,9.5347,8.2496
Cambridge,test,730,108,GBT-T,GBT-T,"same information, trained",3,9.5459,8.0585
Cambridge,test,730,108,GBT-T,GBT-T,"same information, trained",4,9.1377,7.5781
Cambridge,test,730,108,GBT-T,GBT-T,"same information, trained",5,8.8363,7.2098
Cambridge,test,730,108,GBT-T,GBT-T,"same information, trained",6,9.4074,7.1155
Cambridge,test,730,108,GBT-T,GBT-T,"same information, trained",7,10.3802,7.0514
Cambridge,test,730,108,GBT-T,GBT-T,"same information, trained",8,10.3735,7.0839
Cambridge,test,730,108,GBT-T,GBT-T,"same information, trained",9,11.1992,7.374
Cambridge,test,730,108,GBT-T,GBT-T,"same information, trained",10,10.8129,7.5318
Cambridge,test,730,108,GBT-T,GBT-T,"same information, trained",11,11.8303,7.6232
Cambridge,test,730,108,GBT-T,GBT-T,"same information, trained",12,11.2701,7.6405
Cambridge,test,730,108,GBT-T,GBT-T,"same information, trained",13,12.9249,7.5838
Cambridge,test,730,108,GBT-T,GBT-T,"same information, trained",14,14.0125,7.8692
Cambridge,test,730,108,GBT-T,GBT-T,"same information, trained",15,14.2693,8.2987
Cambridge,test,730,108,GBT-T,GBT-T,"same information, trained",16,14.5868,8.5767
Cambridge,test,730,108,GBT-T,GBT-T,"same information, trained",17,14.4056,8.789
Cambridge,test,730,108,GBT-T,GBT-T,"same information, trained",18,15.6574,9.0139
Cambridge,test,730,108,GBT-T,GBT-T,"same information, trained",19,14.694,9.1915
Cambridge,test,730,108,GBT-T,GBT-T,"same information, trained",20,14.5936,9.3211
Cambridge,test,730,108,GBT-T,GBT-T,"same information, trained",21,14.0802,9.4126
Cambridge,test,730,108,GBT-T,GBT-T,"same information, trained",22,13.9375,9.4638
Cambridge,test,730,108,GBT-T,GBT-T,"same information, trained",23,14.7191,9.5013
Cambridge,test,730,108,GBT-T,GBT-T,"same information, trained",24,14.2636,9.5249
Cambridge,test,730,108,GBT-T,GBT-T,"same information, trained",25,14.3233,9.5745
Cambridge,test,730,108,GBT-T,GBT-T,"same information, trained",26,13.0907,9.5914
Cambridge,test,730,108,GBT-T,GBT-T,"same information, trained",27,13.8172,9.6317
Cambridge,test,730,108,GBT-T,GBT-T,"same information, trained",28,13.7419,9.6497
Cambridge,test,730,108,GBT-T,GBT-T,"same information, trained",29,14.3452,9.6679
Cambridge,test,730,108,GBT-T,GBT-T,"same information, trained",30,13.5266,9.6914
Cambridge,test,730,108,GBT-T,GBT-T,"same information, trained",31,13.2858,9.6858
Cambridge,test,730,108,iTransformer-X,iTransformer-X,"same information, trained",1,7.0279,7.0279
Cambridge,test,730,108,iTransformer-X,iTransformer-X,"same information, trained",2,8.17,6.4192
Cambridge,test,730,108,iTransformer-X,iTransformer-X,"same information, trained",3,8.6796,6.4274
Cambridge,test,730,108,iTransformer-X,iTransformer-X,"same information, trained",4,9.1519,6.4641
Cambridge,test,730,108,iTransformer-X,iTransformer-X,"same information, trained",5,8.8914,6.4818
Cambridge,test,730,108,iTransformer-X,iTransformer-X,"same information, trained",6,9.0508,6.4608
Cambridge,test,730,108,iTransformer-X,iTransformer-X,"same information, trained",7,9.9341,6.4129
Cambridge,test,730,108,iTransformer-X,iTransformer-X,"same information, trained",8,9.6971,6.557
Cambridge,test,730,108,iTransformer-X,iTransformer-X,"same information, trained",9,9.6895,6.6214
Cambridge,test,730,108,iTransformer-X,iTransformer-X,"same information, trained",10,10.727,6.6557
Cambridge,test,730,108,iTransformer-X,iTransformer-X,"same information, trained",11,10.5448,6.7235
Cambridge,test,730,108,iTransformer-X,iTransformer-X,"same information, trained",12,10.6331,6.8293
Cambridge,test,730,108,iTransformer-X,iTransformer-X,"same information, trained",13,10.9398,6.9291
Cambridge,test,730,108,iTransformer-X,iTransformer-X,"same information, trained",14,11.3614,7.0597
Cambridge,test,730,108,iTransformer-X,iTransformer-X,"same information, trained",15,12.1749,7.1433
Cambridge,test,730,108,iTransformer-X,iTransformer-X,"same information, trained",16,11.9453,7.2641
Cambridge,test,730,108,iTransformer-X,iTransformer-X,"same information, trained",17,11.7962,7.3805
Cambridge,test,730,108,iTransformer-X,iTransformer-X,"same information, trained",18,12.7622,7.5086
Cambridge,test,730,108,iTransformer-X,iTransformer-X,"same information, trained",19,13.0122,7.6038
Cambridge,test,730,108,iTransformer-X,iTransformer-X,"same information, trained",20,12.5278,7.6748
Cambridge,test,730,108,iTransformer-X,iTransformer-X,"same information, trained",21,12.3176,7.7497
Cambridge,test,730,108,iTransformer-X,iTransformer-X,"same information, trained",22,11.6323,7.7843
Cambridge,test,730,108,iTransformer-X,iTransformer-X,"same information, trained",23,12.1314,7.8005
Cambridge,test,730,108,iTransformer-X,iTransformer-X,"same information, trained",24,13.6863,7.8057
Cambridge,test,730,108,iTransformer-X,iTransformer-X,"same information, trained",25,14.5923,7.799
Cambridge,test,730,108,iTransformer-X,iTransformer-X,"same information, trained",26,13.8893,7.8185
Cambridge,test,730,108,iTransformer-X,iTransformer-X,"same information, trained",27,14.3482,7.9019
Cambridge,test,730,108,iTransformer-X,iTransformer-X,"same information, trained",28,13.9435,7.9781
Cambridge,test,730,108,iTransformer-X,iTransformer-X,"same information, trained",29,14.0197,8.0196
Cambridge,test,730,108,iTransformer-X,iTransformer-X,"same information, trained",30,13.8798,8.0738
Cambridge,test,730,108,iTransformer-X,iTransformer-X,"same information, trained",31,13.88,8.1336
Cambridge,test,730,108,iTransformer,iTransformer,"load only, trained",1,6.7029,6.7029
Cambridge,test,730,108,iTransformer,iTransformer,"load only, trained",2,8.0177,6.4929
Cambridge,test,730,108,iTransformer,iTransformer,"load only, trained",3,8.7247,6.5082
Cambridge,test,730,108,iTransformer,iTransformer,"load only, trained",4,8.677,6.4686
Cambridge,test,730,108,iTransformer,iTransformer,"load only, trained",5,8.9078,6.3179
Cambridge,test,730,108,iTransformer,iTransformer,"load only, trained",6,9.1634,6.3549
Cambridge,test,730,108,iTransformer,iTransformer,"load only, trained",7,10.5335,6.4411
Cambridge,test,730,108,iTransformer,iTransformer,"load only, trained",8,9.919,6.5682
Cambridge,test,730,108,iTransformer,iTransformer,"load only, trained",9,9.9148,6.6981
Cambridge,test,730,108,iTransformer,iTransformer,"load only, trained",10,10.9101,6.6925
Cambridge,test,730,108,iTransformer,iTransformer,"load only, trained",11,11.1337,6.7631
Cambridge,test,730,108,iTransformer,iTransformer,"load only, trained",12,11.2939,6.934
Cambridge,test,730,108,iTransformer,iTransformer,"load only, trained",13,11.8768,7.0448
Cambridge,test,730,108,iTransformer,iTransformer,"load only, trained",14,12.673,7.2525
Cambridge,test,730,108,iTransformer,iTransformer,"load only, trained",15,12.9348,7.4081
Cambridge,test,730,108,iTransformer,iTransformer,"load only, trained",16,12.2429,7.5052
Cambridge,test,730,108,iTransformer,iTransformer,"load only, trained",17,12.3997,7.6027
Cambridge,test,730,108,iTransformer,iTransformer,"load only, trained",18,13.9495,7.8957
Cambridge,test,730,108,iTransformer,iTransformer,"load only, trained",19,13.7343,8.0257
Cambridge,test,730,108,iTransformer,iTransformer,"load only, trained",20,13.86,8.1747
Cambridge,test,730,108,iTransformer,iTransformer,"load only, trained",21,14.1147,8.3443
Cambridge,test,730,108,iTransformer,iTransformer,"load only, trained",22,13.1805,8.4023
Cambridge,test,730,108,iTransformer,iTransformer,"load only, trained",23,13.8936,8.463
Cambridge,test,730,108,iTransformer,iTransformer,"load only, trained",24,15.5408,8.539
Cambridge,test,730,108,iTransformer,iTransformer,"load only, trained",25,16.3491,8.6105
Cambridge,test,730,108,iTransformer,iTransformer,"load only, trained",26,15.9521,8.7228
Cambridge,test,730,108,iTransformer,iTransformer,"load only, trained",27,16.2732,8.8697
Cambridge,test,730,108,iTransformer,iTransformer,"load only, trained",28,16.0634,9.0136
Cambridge,test,730,108,iTransformer,iTransformer,"load only, trained",29,15.2167,9.1105
Cambridge,test,730,108,iTransformer,iTransformer,"load only, trained",30,15.5639,9.2226
Cambridge,test,730,108,iTransformer,iTransformer,"load only, trained",31,16.0335,9.3281
Cambridge,test,730,108,LSTM,LSTM,"load only, trained",1,10.4605,10.4605
Cambridge,test,730,108,LSTM,LSTM,"load only, trained",2,11.9129,9.8221
Cambridge,test,730,108,LSTM,LSTM,"load only, trained",3,12.6468,9.7626
Cambridge,test,730,108,LSTM,LSTM,"load only, trained",4,12.7025,9.6998
Cambridge,test,730,108,LSTM,LSTM,"load only, trained",5,12.2456,9.4942
Cambridge,test,730,108,LSTM,LSTM,"load only, trained",6,12.9211,9.5029
Cambridge,test,730,108,LSTM,LSTM,"load only, trained",7,13.8449,9.5328
Cambridge,test,730,108,LSTM,LSTM,"load only, trained",8,14.9048,9.8038
Cambridge,test,730,108,LSTM,LSTM,"load only, trained",9,14.6071,9.9941
Cambridge,test,730,108,LSTM,LSTM,"load only, trained",10,15.2796,10.1112
Cambridge,test,730,108,LSTM,LSTM,"load only, trained",11,16.2285,10.1229
Cambridge,test,730,108,LSTM,LSTM,"load only, trained",12,15.2445,10.1954
Cambridge,test,730,108,LSTM,LSTM,"load only, trained",13,15.4764,10.4506
Cambridge,test,730,108,LSTM,LSTM,"load only, trained",14,16.7939,10.6549
Cambridge,test,730,108,LSTM,LSTM,"load only, trained",15,18.3522,10.8796
Cambridge,test,730,108,LSTM,LSTM,"load only, trained",16,18.8167,11.1634
Cambridge,test,730,108,LSTM,LSTM,"load only, trained",17,18.43,11.3921
Cambridge,test,730,108,LSTM,LSTM,"load only, trained",18,19.2718,11.6343
Cambridge,test,730,108,LSTM,LSTM,"load only, trained",19,18.0527,11.8323
Cambridge,test,730,108,LSTM,LSTM,"load only, trained",20,18.3639,12.0157
Cambridge,test,730,108,LSTM,LSTM,"load only, trained",21,19.5511,12.198
Cambridge,test,730,108,LSTM,LSTM,"load only, trained",22,18.8383,12.3552
Cambridge,test,730,108,LSTM,LSTM,"load only, trained",23,20.909,12.5326
Cambridge,test,730,108,LSTM,LSTM,"load only, trained",24,22.1882,12.7128
Cambridge,test,730,108,LSTM,LSTM,"load only, trained",25,22.1143,13.0573
Cambridge,test,730,108,LSTM,LSTM,"load only, trained",26,21.7197,13.2708
Cambridge,test,730,108,LSTM,LSTM,"load only, trained",27,21.2622,13.4553
Cambridge,test,730,108,LSTM,LSTM,"load only, trained",28,21.4279,13.6274
Cambridge,test,730,108,LSTM,LSTM,"load only, trained",29,22.459,13.7994
Cambridge,test,730,108,LSTM,LSTM,"load only, trained",30,21.9935,13.9773
Cambridge,test,730,108,LSTM,LSTM,"load only, trained",31,23.2968,14.1389
Cambridge,test,730,108,PatchTST,PatchTST,"load only, trained",1,6.6,6.6
Cambridge,test,730,108,PatchTST,PatchTST,"load only, trained",2,8.2659,6.3118
Cambridge,test,730,108,PatchTST,PatchTST,"load only, trained",3,8.3634,6.2729
Cambridge,test,730,108,PatchTST,PatchTST,"load only, trained",4,8.7585,6.1162
Cambridge,test,730,108,PatchTST,PatchTST,"load only, trained",5,8.9884,5.8855
Cambridge,test,730,108,PatchTST,PatchTST,"load only, trained",6,9.2072,5.941
Cambridge,test,730,108,PatchTST,PatchTST,"load only, trained",7,10.4676,5.9977
Cambridge,test,730,108,PatchTST,PatchTST,"load only, trained",8,10.2249,6.3245
Cambridge,test,730,108,PatchTST,PatchTST,"load only, trained",9,9.8916,6.4788
Cambridge,test,730,108,PatchTST,PatchTST,"load only, trained",10,11.0931,6.5423
Cambridge,test,730,108,PatchTST,PatchTST,"load only, trained",11,11.0521,6.6554
Cambridge,test,730,108,PatchTST,PatchTST,"load only, trained",12,11.2215,6.776
Cambridge,test,730,108,PatchTST,PatchTST,"load only, trained",13,11.6245,6.8708
Cambridge,test,730,108,PatchTST,PatchTST,"load only, trained",14,12.5793,7.0411
Cambridge,test,730,108,PatchTST,PatchTST,"load only, trained",15,13.2704,7.2226
Cambridge,test,730,108,PatchTST,PatchTST,"load only, trained",16,12.8822,7.4178
Cambridge,test,730,108,PatchTST,PatchTST,"load only, trained",17,12.2755,7.5478
Cambridge,test,730,108,PatchTST,PatchTST,"load only, trained",18,13.8809,7.6272
Cambridge,test,730,108,PatchTST,PatchTST,"load only, trained",19,13.733,7.7779
Cambridge,test,730,108,PatchTST,PatchTST,"load only, trained",20,13.8496,7.8518
Cambridge,test,730,108,PatchTST,PatchTST,"load only, trained",21,14.5007,7.9037
Cambridge,test,730,108,PatchTST,PatchTST,"load only, trained",22,13.4153,8.0111
Cambridge,test,730,108,PatchTST,PatchTST,"load only, trained",23,14.8676,8.2704
Cambridge,test,730,108,PatchTST,PatchTST,"load only, trained",24,15.9217,8.4533
Cambridge,test,730,108,PatchTST,PatchTST,"load only, trained",25,16.6061,8.5818
Cambridge,test,730,108,PatchTST,PatchTST,"load only, trained",26,15.2866,8.7567
Cambridge,test,730,108,PatchTST,PatchTST,"load only, trained",27,16.1341,8.575
Cambridge,test,730,108,PatchTST,PatchTST,"load only, trained",28,15.775,8.9512
Cambridge,test,730,108,PatchTST,PatchTST,"load only, trained",29,15.8295,9.1307
Cambridge,test,730,108,PatchTST,PatchTST,"load only, trained",30,15.5583,9.269
Cambridge,test,730,108,PatchTST,PatchTST,"load only, trained",31,16.1127,9.3949
Cambridge,test,730,108,TiDE,TiDE,"same information, trained",1,6.3527,6.3527
Cambridge,test,730,108,TiDE,TiDE,"same information, trained",2,8.4787,6.3606
Cambridge,test,730,108,TiDE,TiDE,"same information, trained",3,9.2622,6.5543
Cambridge,test,730,108,TiDE,TiDE,"same information, trained",4,9.1569,6.522
Cambridge,test,730,108,TiDE,TiDE,"same information, trained",5,10.0771,6.6098
Cambridge,test,730,108,TiDE,TiDE,"same information, trained",6,9.2671,6.6563
Cambridge,test,730,108,TiDE,TiDE,"same information, trained",7,12.288,6.8881
Cambridge,test,730,108,TiDE,TiDE,"same information, trained",8,12.6443,7.2019
Cambridge,test,730,108,TiDE,TiDE,"same information, trained",9,12.4475,7.4892
Cambridge,test,730,108,TiDE,TiDE,"same information, trained",10,13.5012,7.7219
Cambridge,test,730,108,TiDE,TiDE,"same information, trained",11,14.1894,7.9817
Cambridge,test,730,108,TiDE,TiDE,"same information, trained",12,14.1381,8.2855
Cambridge,test,730,108,TiDE,TiDE,"same information, trained",13,14.0299,8.5586
Cambridge,test,730,108,TiDE,TiDE,"same information, trained",14,15.317,8.8507
Cambridge,test,730,108,TiDE,TiDE,"same information, trained",15,16.8208,9.0888
Cambridge,test,730,108,TiDE,TiDE,"same information, trained",16,17.4613,9.322
Cambridge,test,730,108,TiDE,TiDE,"same information, trained",17,15.5702,9.5596
Cambridge,test,730,108,TiDE,TiDE,"same information, trained",18,16.974,9.7951
Cambridge,test,730,108,TiDE,TiDE,"same information, trained",19,17.2364,10.0505
Cambridge,test,730,108,TiDE,TiDE,"same information, trained",20,17.3725,10.3405
Cambridge,test,730,108,TiDE,TiDE,"same information, trained",21,18.5196,10.5723
Cambridge,test,730,108,TiDE,TiDE,"same information, trained",22,17.2775,10.7372
Cambridge,test,730,108,TiDE,TiDE,"same information, trained",23,18.7366,10.9522
Cambridge,test,730,108,TiDE,TiDE,"same information, trained",24,20.0328,11.2004
Cambridge,test,730,108,TiDE,TiDE,"same information, trained",25,20.5701,11.4477
Cambridge,test,730,108,TiDE,TiDE,"same information, trained",26,21.8018,11.7115
Cambridge,test,730,108,TiDE,TiDE,"same information, trained",27,20.5032,11.9335
Cambridge,test,730,108,TiDE,TiDE,"same information, trained",28,21.5501,12.1457
Cambridge,test,730,108,TiDE,TiDE,"same information, trained",29,22.6495,12.3257
Cambridge,test,730,108,TiDE,TiDE,"same information, trained",30,21.064,12.4749
Cambridge,test,730,108,TiDE,TiDE,"same information, trained",31,21.9109,12.5908
HEEW Arizona,test,658,133,TimesFM,TimesFM,"load only, zero-shot foundation model",1,3.8786,3.8786
HEEW Arizona,test,658,133,TimesFM,TimesFM,"load only, zero-shot foundation model",2,5.5311,3.9708
HEEW Arizona,test,658,133,TimesFM,TimesFM,"load only, zero-shot foundation model",3,6.21,4.1746
HEEW Arizona,test,658,133,TimesFM,TimesFM,"load only, zero-shot foundation model",4,7.2923,4.3422
HEEW Arizona,test,658,133,TimesFM,TimesFM,"load only, zero-shot foundation model",5,7.6665,4.6133
HEEW Arizona,test,658,133,TimesFM,TimesFM,"load only, zero-shot foundation model",6,7.6753,4.9086
HEEW Arizona,test,658,133,TimesFM,TimesFM,"load only, zero-shot foundation model",7,7.7439,5.0837
HEEW Arizona,test,658,133,TimesFM,TimesFM,"load only, zero-shot foundation model",8,8.6755,5.3894
HEEW Arizona,test,658,133,TimesFM,TimesFM,"load only, zero-shot foundation model",9,9.2232,5.5182
HEEW Arizona,test,658,133,TimesFM,TimesFM,"load only, zero-shot foundation model",10,9.1409,5.6149
HEEW Arizona,test,658,133,TimesFM,TimesFM,"load only, zero-shot foundation model",11,9.5725,5.8451
HEEW Arizona,test,658,133,TimesFM,TimesFM,"load only, zero-shot foundation model",12,9.2794,5.9555
HEEW Arizona,test,658,133,TimesFM,TimesFM,"load only, zero-shot foundation model",13,10.1141,6.0843
HEEW Arizona,test,658,133,TimesFM,TimesFM,"load only, zero-shot foundation model",14,10.0465,6.0888
HEEW Arizona,test,658,133,TimesFM,TimesFM,"load only, zero-shot foundation model",15,9.874,6.0735
HEEW Arizona,test,658,133,TimesFM,TimesFM,"load only, zero-shot foundation model",16,10.2454,6.249
HEEW Arizona,test,658,133,TimesFM,TimesFM,"load only, zero-shot foundation model",17,9.9119,6.2976
HEEW Arizona,test,658,133,TimesFM,TimesFM,"load only, zero-shot foundation model",18,9.7899,6.3161
HEEW Arizona,test,658,133,TimesFM,TimesFM,"load only, zero-shot foundation model",19,10.0376,6.3627
HEEW Arizona,test,658,133,TimesFM,TimesFM,"load only, zero-shot foundation model",20,10.0121,6.473
HEEW Arizona,test,658,133,TimesFM,TimesFM,"load only, zero-shot foundation model",21,11.1596,6.5787
HEEW Arizona,test,658,133,TimesFM,TimesFM,"load only, zero-shot foundation model",22,11.4053,6.697
HEEW Arizona,test,658,133,TimesFM,TimesFM,"load only, zero-shot foundation model",23,11.6573,6.8054
HEEW Arizona,test,658,133,TimesFM,TimesFM,"load only, zero-shot foundation model",24,12.6668,6.9193
HEEW Arizona,test,658,133,TimesFM,TimesFM,"load only, zero-shot foundation model",25,13.6663,7.0583
HEEW Arizona,test,658,133,TimesFM,TimesFM,"load only, zero-shot foundation model",26,13.9641,7.301
HEEW Arizona,test,658,133,TimesFM,TimesFM,"load only, zero-shot foundation model",27,13.8873,7.4912
HEEW Arizona,test,658,133,TimesFM,TimesFM,"load only, zero-shot foundation model",28,13.5344,7.6494
HEEW Arizona,test,658,133,TimesFM,TimesFM,"load only, zero-shot foundation model",29,13.7131,7.8181
HEEW Arizona,test,658,133,TimesFM,TimesFM,"load only, zero-shot foundation model",30,14.1604,7.9865
HEEW Arizona,test,658,133,TimesFM,TimesFM,"load only, zero-shot foundation model",31,14.1378,8.0896
HEEW Arizona,test,658,133,RIDGE-L,Ridge (per unit),per-unit regression,1,7.0618,7.0618
HEEW Arizona,test,658,133,RIDGE-L,Ridge (per unit),per-unit regression,2,6.9469,6.2111
HEEW Arizona,test,658,133,RIDGE-L,Ridge (per unit),per-unit regression,3,7.6617,5.9367
HEEW Arizona,test,658,133,RIDGE-L,Ridge (per unit),per-unit regression,4,8.1836,6.0532
HEEW Arizona,test,658,133,RIDGE-L,Ridge (per unit),per-unit regression,5,8.1321,6.0554
HEEW Arizona,test,658,133,RIDGE-L,Ridge (per unit),per-unit regression,6,7.9633,6.1295
HEEW Arizona,test,658,133,RIDGE-L,Ridge (per unit),per-unit regression,7,8.2982,6.078
HEEW Arizona,test,658,133,RIDGE-L,Ridge (per unit),per-unit regression,8,8.9238,6.2169
HEEW Arizona,test,658,133,RIDGE-L,Ridge (per unit),per-unit regression,9,10.2707,6.3033
HEEW Arizona,test,658,133,RIDGE-L,Ridge (per unit),per-unit regression,10,10.2006,6.1488
HEEW Arizona,test,658,133,RIDGE-L,Ridge (per unit),per-unit regression,11,9.7749,6.2926
HEEW Arizona,test,658,133,RIDGE-L,Ridge (per unit),per-unit regression,12,9.9598,6.4842
HEEW Arizona,test,658,133,RIDGE-L,Ridge (per unit),per-unit regression,13,10.1001,6.6638
HEEW Arizona,test,658,133,RIDGE-L,Ridge (per unit),per-unit regression,14,10.1051,6.6849
HEEW Arizona,test,658,133,RIDGE-L,Ridge (per unit),per-unit regression,15,10.2637,6.6265
HEEW Arizona,test,658,133,RIDGE-L,Ridge (per unit),per-unit regression,16,10.964,6.8384
HEEW Arizona,test,658,133,RIDGE-L,Ridge (per unit),per-unit regression,17,10.8648,6.9488
HEEW Arizona,test,658,133,RIDGE-L,Ridge (per unit),per-unit regression,18,10.3857,7.0262
HEEW Arizona,test,658,133,RIDGE-L,Ridge (per unit),per-unit regression,19,9.8712,7.0754
HEEW Arizona,test,658,133,RIDGE-L,Ridge (per unit),per-unit regression,20,10.7498,7.1358
HEEW Arizona,test,658,133,RIDGE-L,Ridge (per unit),per-unit regression,21,11.3032,7.2114
HEEW Arizona,test,658,133,RIDGE-L,Ridge (per unit),per-unit regression,22,11.8163,7.2817
HEEW Arizona,test,658,133,RIDGE-L,Ridge (per unit),per-unit regression,23,12.243,7.3706
HEEW Arizona,test,658,133,RIDGE-L,Ridge (per unit),per-unit regression,24,12.2098,7.4773
HEEW Arizona,test,658,133,RIDGE-L,Ridge (per unit),per-unit regression,25,12.3795,7.576
HEEW Arizona,test,658,133,RIDGE-L,Ridge (per unit),per-unit regression,26,12.7207,7.685
HEEW Arizona,test,658,133,RIDGE-L,Ridge (per unit),per-unit regression,27,13.0492,7.7788
HEEW Arizona,test,658,133,RIDGE-L,Ridge (per unit),per-unit regression,28,13.134,7.8551
HEEW Arizona,test,658,133,RIDGE-L,Ridge (per unit),per-unit regression,29,13.5134,7.9476
HEEW Arizona,test,658,133,RIDGE-L,Ridge (per unit),per-unit regression,30,13.7156,8.0613
HEEW Arizona,test,658,133,RIDGE-L,Ridge (per unit),per-unit regression,31,13.5039,8.1192
HEEW Arizona,test,658,133,Chronos-2-X,Chronos-2-X,"same information, zero-shot foundation model",1,4.0661,4.0661
HEEW Arizona,test,658,133,Chronos-2-X,Chronos-2-X,"same information, zero-shot foundation model",2,5.5779,4.5453
HEEW Arizona,test,658,133,Chronos-2-X,Chronos-2-X,"same information, zero-shot foundation model",3,6.9402,4.754
HEEW Arizona,test,658,133,Chronos-2-X,Chronos-2-X,"same information, zero-shot foundation model",4,7.7797,4.8334
HEEW Arizona,test,658,133,Chronos-2-X,Chronos-2-X,"same information, zero-shot foundation model",5,7.2197,5.0621
HEEW Arizona,test,658,133,Chronos-2-X,Chronos-2-X,"same information, zero-shot foundation model",6,7.3193,5.1412
HEEW Arizona,test,658,133,Chronos-2-X,Chronos-2-X,"same information, zero-shot foundation model",7,7.2715,5.3739
HEEW Arizona,test,658,133,Chronos-2-X,Chronos-2-X,"same information, zero-shot foundation model",8,8.2023,5.4747
HEEW Arizona,test,658,133,Chronos-2-X,Chronos-2-X,"same information, zero-shot foundation model",9,8.9915,5.5837
HEEW Arizona,test,658,133,Chronos-2-X,Chronos-2-X,"same information, zero-shot foundation model",10,8.5975,5.549
HEEW Arizona,test,658,133,Chronos-2-X,Chronos-2-X,"same information, zero-shot foundation model",11,8.8277,5.388
HEEW Arizona,test,658,133,Chronos-2-X,Chronos-2-X,"same information, zero-shot foundation model",12,8.576,5.6105
HEEW Arizona,test,658,133,Chronos-2-X,Chronos-2-X,"same information, zero-shot foundation model",13,9.5571,5.7678
HEEW Arizona,test,658,133,Chronos-2-X,Chronos-2-X,"same information, zero-shot foundation model",14,9.3233,5.8997
HEEW Arizona,test,658,133,Chronos-2-X,Chronos-2-X,"same information, zero-shot foundation model",15,9.4689,5.9791
HEEW Arizona,test,658,133,Chronos-2-X,Chronos-2-X,"same information, zero-shot foundation model",16,10.0373,6.1564
HEEW Arizona,test,658,133,Chronos-2-X,Chronos-2-X,"same information, zero-shot foundation model",17,9.6179,6.2679
HEEW Arizona,test,658,133,Chronos-2-X,Chronos-2-X,"same information, zero-shot foundation model",18,9.7556,6.361
HEEW Arizona,test,658,133,Chronos-2-X,Chronos-2-X,"same information, zero-shot foundation model",19,10.201,6.4238
HEEW Arizona,test,658,133,Chronos-2-X,Chronos-2-X,"same information, zero-shot foundation model",20,9.5759,6.4961
HEEW Arizona,test,658,133,Chronos-2-X,Chronos-2-X,"same information, zero-shot foundation model",21,10.5725,6.5665
HEEW Arizona,test,658,133,Chronos-2-X,Chronos-2-X,"same information, zero-shot foundation model",22,10.9752,6.6574
HEEW Arizona,test,658,133,Chronos-2-X,Chronos-2-X,"same information, zero-shot foundation model",23,11.0897,6.7523
HEEW Arizona,test,658,133,Chronos-2-X,Chronos-2-X,"same information, zero-shot foundation model",24,11.4805,6.8763
HEEW Arizona,test,658,133,Chronos-2-X,Chronos-2-X,"same information, zero-shot foundation model",25,12.0469,7.0192
HEEW Arizona,test,658,133,Chronos-2-X,Chronos-2-X,"same information, zero-shot foundation model",26,12.632,7.152
HEEW Arizona,test,658,133,Chronos-2-X,Chronos-2-X,"same information, zero-shot foundation model",27,12.3472,7.2722
HEEW Arizona,test,658,133,Chronos-2-X,Chronos-2-X,"same information, zero-shot foundation model",28,12.5435,7.3705
HEEW Arizona,test,658,133,Chronos-2-X,Chronos-2-X,"same information, zero-shot foundation model",29,12.8853,7.4873
HEEW Arizona,test,658,133,Chronos-2-X,Chronos-2-X,"same information, zero-shot foundation model",30,12.5877,7.6068
HEEW Arizona,test,658,133,Chronos-2-X,Chronos-2-X,"same information, zero-shot foundation model",31,12.8189,7.6714
HEEW Arizona,test,658,133,Chronos-2,Chronos-2,"load only, zero-shot foundation model",1,3.7126,3.7126
HEEW Arizona,test,658,133,Chronos-2,Chronos-2,"load only, zero-shot foundation model",2,5.6438,4.0742
HEEW Arizona,test,658,133,Chronos-2,Chronos-2,"load only, zero-shot foundation model",3,6.6088,4.3487
HEEW Arizona,test,658,133,Chronos-2,Chronos-2,"load only, zero-shot foundation model",4,8.051,4.8581
HEEW Arizona,test,658,133,Chronos-2,Chronos-2,"load only, zero-shot foundation model",5,7.7613,5.0438
HEEW Arizona,test,658,133,Chronos-2,Chronos-2,"load only, zero-shot foundation model",6,7.9859,5.5163
HEEW Arizona,test,658,133,Chronos-2,Chronos-2,"load only, zero-shot foundation model",7,7.9393,5.6563
HEEW Arizona,test,658,133,Chronos-2,Chronos-2,"load only, zero-shot foundation model",8,9.1656,5.9199
HEEW Arizona,test,658,133,Chronos-2,Chronos-2,"load only, zero-shot foundation model",9,9.8639,5.873
HEEW Arizona,test,658,133,Chronos-2,Chronos-2,"load only, zero-shot foundation model",10,9.3738,6.0848
HEEW Arizona,test,658,133,Chronos-2,Chronos-2,"load only, zero-shot foundation model",11,9.4407,6.3064
HEEW Arizona,test,658,133,Chronos-2,Chronos-2,"load only, zero-shot foundation model",12,9.5366,6.3897
HEEW Arizona,test,658,133,Chronos-2,Chronos-2,"load only, zero-shot foundation model",13,10.5983,6.4532
HEEW Arizona,test,658,133,Chronos-2,Chronos-2,"load only, zero-shot foundation model",14,10.4476,6.4913
HEEW Arizona,test,658,133,Chronos-2,Chronos-2,"load only, zero-shot foundation model",15,10.426,6.4844
HEEW Arizona,test,658,133,Chronos-2,Chronos-2,"load only, zero-shot foundation model",16,10.4332,6.6103
HEEW Arizona,test,658,133,Chronos-2,Chronos-2,"load only, zero-shot foundation model",17,10.4981,6.7152
HEEW Arizona,test,658,133,Chronos-2,Chronos-2,"load only, zero-shot foundation model",18,10.3655,6.8313
HEEW Arizona,test,658,133,Chronos-2,Chronos-2,"load only, zero-shot foundation model",19,10.8744,6.9185
HEEW Arizona,test,658,133,Chronos-2,Chronos-2,"load only, zero-shot foundation model",20,10.5329,6.9437
HEEW Arizona,test,658,133,Chronos-2,Chronos-2,"load only, zero-shot foundation model",21,11.4276,7.0468
HEEW Arizona,test,658,133,Chronos-2,Chronos-2,"load only, zero-shot foundation model",22,11.8654,7.1313
HEEW Arizona,test,658,133,Chronos-2,Chronos-2,"load only, zero-shot foundation model",23,11.9445,7.3347
HEEW Arizona,test,658,133,Chronos-2,Chronos-2,"load only, zero-shot foundation model",24,13.455,7.5106
HEEW Arizona,test,658,133,Chronos-2,Chronos-2,"load only, zero-shot foundation model",25,14.0835,7.5434
HEEW Arizona,test,658,133,Chronos-2,Chronos-2,"load only, zero-shot foundation model",26,14.1592,7.8906
HEEW Arizona,test,658,133,Chronos-2,Chronos-2,"load only, zero-shot foundation model",27,14.5024,8.0684
HEEW Arizona,test,658,133,Chronos-2,Chronos-2,"load only, zero-shot foundation model",28,14.5187,8.2126
HEEW Arizona,test,658,133,Chronos-2,Chronos-2,"load only, zero-shot foundation model",29,14.0328,8.3461
HEEW Arizona,test,658,133,Chronos-2,Chronos-2,"load only, zero-shot foundation model",30,14.4285,8.472
HEEW Arizona,test,658,133,Chronos-2,Chronos-2,"load only, zero-shot foundation model",31,14.3694,8.4676
HEEW Arizona,test,658,133,ANKYRA,ANKYRA,,1,5.19,5.19
HEEW Arizona,test,658,133,ANKYRA,ANKYRA,,2,6.2678,5.2096
HEEW Arizona,test,658,133,ANKYRA,ANKYRA,,3,6.6251,5.107
HEEW Arizona,test,658,133,ANKYRA,ANKYRA,,4,6.9461,5.0906
HEEW Arizona,test,658,133,ANKYRA,ANKYRA,,5,7.1782,5.2527
HEEW Arizona,test,658,133,ANKYRA,ANKYRA,,6,7.6195,5.14
HEEW Arizona,test,658,133,ANKYRA,ANKYRA,,7,7.489,5.2885
HEEW Arizona,test,658,133,ANKYRA,ANKYRA,,8,8.006,5.2996
HEEW Arizona,test,658,133,ANKYRA,ANKYRA,,9,8.6266,5.4949
HEEW Arizona,test,658,133,ANKYRA,ANKYRA,,10,9.0621,5.6876
HEEW Arizona,test,658,133,ANKYRA,ANKYRA,,11,9.5623,5.8164
HEEW Arizona,test,658,133,ANKYRA,ANKYRA,,12,8.8797,5.8497
HEEW Arizona,test,658,133,ANKYRA,ANKYRA,,13,9.8926,5.9392
HEEW Arizona,test,658,133,ANKYRA,ANKYRA,,14,9.784,5.9436
HEEW Arizona,test,658,133,ANKYRA,ANKYRA,,15,9.7673,5.9276
HEEW Arizona,test,658,133,ANKYRA,ANKYRA,,16,10.3765,6.1336
HEEW Arizona,test,658,133,ANKYRA,ANKYRA,,17,9.8908,6.1852
HEEW Arizona,test,658,133,ANKYRA,ANKYRA,,18,9.9647,6.2285
HEEW Arizona,test,658,133,ANKYRA,ANKYRA,,19,9.6115,6.256
HEEW Arizona,test,658,133,ANKYRA,ANKYRA,,20,9.865,6.2786
HEEW Arizona,test,658,133,ANKYRA,ANKYRA,,21,10.7727,6.3667
HEEW Arizona,test,658,133,ANKYRA,ANKYRA,,22,11.5661,6.5422
HEEW Arizona,test,658,133,ANKYRA,ANKYRA,,23,11.3866,6.677
HEEW Arizona,test,658,133,ANKYRA,ANKYRA,,24,11.7669,6.8104
HEEW Arizona,test,658,133,ANKYRA,ANKYRA,,25,12.2532,6.9576
HEEW Arizona,test,658,133,ANKYRA,ANKYRA,,26,12.2139,7.1056
HEEW Arizona,test,658,133,ANKYRA,ANKYRA,,27,12.4327,7.2054
HEEW Arizona,test,658,133,ANKYRA,ANKYRA,,28,12.8063,7.2563
HEEW Arizona,test,658,133,ANKYRA,ANKYRA,,29,13.0813,7.3293
HEEW Arizona,test,658,133,ANKYRA,ANKYRA,,30,13.3604,7.5349
HEEW Arizona,test,658,133,ANKYRA,ANKYRA,,31,13.3359,7.6588
HEEW Arizona,test,658,133,GBT,GBT (zero-shot),zero-shot gradient boosting,1,9.0867,9.0867
HEEW Arizona,test,658,133,GBT,GBT (zero-shot),zero-shot gradient boosting,2,9.6065,8.6946
HEEW Arizona,test,658,133,GBT,GBT (zero-shot),zero-shot gradient boosting,3,9.4617,8.2939
HEEW Arizona,test,658,133,GBT,GBT (zero-shot),zero-shot gradient boosting,4,10.0617,8.1606
HEEW Arizona,test,658,133,GBT,GBT (zero-shot),zero-shot gradient boosting,5,9.9193,7.7673
HEEW Arizona,test,658,133,GBT,GBT (zero-shot),zero-shot gradient boosting,6,10.1149,7.8304
HEEW Arizona,test,658,133,GBT,GBT (zero-shot),zero-shot gradient boosting,7,10.1973,7.6654
HEEW Arizona,test,658,133,GBT,GBT (zero-shot),zero-shot gradient boosting,8,10.5151,7.2735
HEEW Arizona,test,658,133,GBT,GBT (zero-shot),zero-shot gradient boosting,9,11.2692,7.4092
HEEW Arizona,test,658,133,GBT,GBT (zero-shot),zero-shot gradient boosting,10,11.5298,7.6619
HEEW Arizona,test,658,133,GBT,GBT (zero-shot),zero-shot gradient boosting,11,12.0661,8.0271
HEEW Arizona,test,658,133,GBT,GBT (zero-shot),zero-shot gradient boosting,12,11.6198,8.0966
HEEW Arizona,test,658,133,GBT,GBT (zero-shot),zero-shot gradient boosting,13,13.2063,8.248
HEEW Arizona,test,658,133,GBT,GBT (zero-shot),zero-shot gradient boosting,14,13.1957,8.41
HEEW Arizona,test,658,133,GBT,GBT (zero-shot),zero-shot gradient boosting,15,13.0177,8.5105
HEEW Arizona,test,658,133,GBT,GBT (zero-shot),zero-shot gradient boosting,16,12.8538,8.6421
HEEW Arizona,test,658,133,GBT,GBT (zero-shot),zero-shot gradient boosting,17,12.9682,8.7564
HEEW Arizona,test,658,133,GBT,GBT (zero-shot),zero-shot gradient boosting,18,13.2764,8.8682
HEEW Arizona,test,658,133,GBT,GBT (zero-shot),zero-shot gradient boosting,19,13.3611,8.9543
HEEW Arizona,test,658,133,GBT,GBT (zero-shot),zero-shot gradient boosting,20,13.9336,8.9793
HEEW Arizona,test,658,133,GBT,GBT (zero-shot),zero-shot gradient boosting,21,13.9163,8.9338
HEEW Arizona,test,658,133,GBT,GBT (zero-shot),zero-shot gradient boosting,22,14.0824,8.9157
HEEW Arizona,test,658,133,GBT,GBT (zero-shot),zero-shot gradient boosting,23,13.8886,9.0225
HEEW Arizona,test,658,133,GBT,GBT (zero-shot),zero-shot gradient boosting,24,14.9851,9.0562
HEEW Arizona,test,658,133,GBT,GBT (zero-shot),zero-shot gradient boosting,25,14.8447,9.1652
HEEW Arizona,test,658,133,GBT,GBT (zero-shot),zero-shot gradient boosting,26,15.725,9.3831
HEEW Arizona,test,658,133,GBT,GBT (zero-shot),zero-shot gradient boosting,27,16.2358,9.5234
HEEW Arizona,test,658,133,GBT,GBT (zero-shot),zero-shot gradient boosting,28,14.7445,9.5674
HEEW Arizona,test,658,133,GBT,GBT (zero-shot),zero-shot gradient boosting,29,18.3324,9.5836
HEEW Arizona,test,658,133,GBT,GBT (zero-shot),zero-shot gradient boosting,30,20.0478,9.7157
HEEW Arizona,test,658,133,GBT,GBT (zero-shot),zero-shot gradient boosting,31,23.4229,10.0552
HEEW Arizona,test,658,133,Holt-Winters,Holt-Winters,"load only, statistical",1,6.7476,6.7476
HEEW Arizona,test,658,133,Holt-Winters,Holt-Winters,"load only, statistical",2,7.9115,6.8336
HEEW Arizona,test,658,133,Holt-Winters,Holt-Winters,"load only, statistical",3,8.9109,6.8834
HEEW Arizona,test,658,133,Holt-Winters,Holt-Winters,"load only, statistical",4,10.9187,7.2314
HEEW Arizona,test,658,133,Holt-Winters,Holt-Winters,"load only, statistical",5,11.3707,7.8508
HEEW Arizona,test,658,133,Holt-Winters,Holt-Winters,"load only, statistical",6,11.0077,8.1425
HEEW Arizona,test,658,133,Holt-Winters,Holt-Winters,"load only, statistical",7,10.2616,8.3034
HEEW Arizona,test,658,133,Holt-Winters,Holt-Winters,"load only, statistical",8,10.7989,8.2686
HEEW Arizona,test,658,133,Holt-Winters,Holt-Winters,"load only, statistical",9,11.5137,8.2696
HEEW Arizona,test,658,133,Holt-Winters,Holt-Winters,"load only, statistical",10,11.6598,8.4084
HEEW Arizona,test,658,133,Holt-Winters,Holt-Winters,"load only, statistical",11,12.6474,8.6224
HEEW Arizona,test,658,133,Holt-Winters,Holt-Winters,"load only, statistical",12,12.4355,8.6927
HEEW Arizona,test,658,133,Holt-Winters,Holt-Winters,"load only, statistical",13,12.5101,9.0193
HEEW Arizona,test,658,133,Holt-Winters,Holt-Winters,"load only, statistical",14,11.5063,9.0985
HEEW Arizona,test,658,133,Holt-Winters,Holt-Winters,"load only, statistical",15,11.9934,9.1016
HEEW Arizona,test,658,133,Holt-Winters,Holt-Winters,"load only, statistical",16,12.5115,9.1882
HEEW Arizona,test,658,133,Holt-Winters,Holt-Winters,"load only, statistical",17,12.6947,9.2897
HEEW Arizona,test,658,133,Holt-Winters,Holt-Winters,"load only, statistical",18,12.895,9.3999
HEEW Arizona,test,658,133,Holt-Winters,Holt-Winters,"load only, statistical",19,13.2337,9.5048
HEEW Arizona,test,658,133,Holt-Winters,Holt-Winters,"load only, statistical",20,12.9309,9.5773
HEEW Arizona,test,658,133,Holt-Winters,Holt-Winters,"load only, statistical",21,12.5279,9.6085
HEEW Arizona,test,658,133,Holt-Winters,Holt-Winters,"load only, statistical",22,13.2447,9.6212
HEEW Arizona,test,658,133,Holt-Winters,Holt-Winters,"load only, statistical",23,14.2514,9.697
HEEW Arizona,test,658,133,Holt-Winters,Holt-Winters,"load only, statistical",24,15.0195,9.8503
HEEW Arizona,test,658,133,Holt-Winters,Holt-Winters,"load only, statistical",25,15.5356,10.0276
HEEW Arizona,test,658,133,Holt-Winters,Holt-Winters,"load only, statistical",26,16.121,10.1734
HEEW Arizona,test,658,133,Holt-Winters,Holt-Winters,"load only, statistical",27,15.4391,10.2937
HEEW Arizona,test,658,133,Holt-Winters,Holt-Winters,"load only, statistical",28,14.7922,10.3803
HEEW Arizona,test,658,133,Holt-Winters,Holt-Winters,"load only, statistical",29,15.3894,10.4331
HEEW Arizona,test,658,133,Holt-Winters,Holt-Winters,"load only, statistical",30,15.4031,10.5599
HEEW Arizona,test,658,133,Holt-Winters,Holt-Winters,"load only, statistical",31,16.2852,10.6888
HEEW Arizona,test,658,133,LYR-profile,Last-year profile,profile,1,18.9465,18.9465
HEEW Arizona,test,658,133,LYR-profile,Last-year profile,profile,2,18.5197,18.7045
HEEW Arizona,test,658,133,LYR-profile,Last-year profile,profile,3,18.7445,18.0995
HEEW Arizona,test,658,133,LYR-profile,Last-year profile,profile,4,19.5153,17.6856
HEEW Arizona,test,658,133,LYR-profile,Last-year profile,profile,5,18.8343,17.2457
HEEW Arizona,test,658,133,LYR-profile,Last-year profile,profile,6,18.2507,16.5804
HEEW Arizona,test,658,133,LYR-profile,Last-year profile,profile,7,18.2295,16.195
HEEW Arizona,test,658,133,LYR-profile,Last-year profile,profile,8,18.3768,16.112
HEEW Arizona,test,658,133,LYR-profile,Last-year profile,profile,9,18.4358,15.7808
HEEW Arizona,test,658,133,LYR-profile,Last-year profile,profile,10,19.2659,15.8482
HEEW Arizona,test,658,133,LYR-profile,Last-year profile,profile,11,18.8246,16.1097
HEEW Arizona,test,658,133,LYR-profile,Last-year profile,profile,12,18.4909,15.9173
HEEW Arizona,test,658,133,LYR-profile,Last-year profile,profile,13,18.9639,15.7598
HEEW Arizona,test,658,133,LYR-profile,Last-year profile,profile,14,18.1618,15.8166
HEEW Arizona,test,658,133,LYR-profile,Last-year profile,profile,15,18.6938,15.1499
HEEW Arizona,test,658,133,LYR-profile,Last-year profile,profile,16,17.9343,15.4521
HEEW Arizona,test,658,133,LYR-profile,Last-year profile,profile,17,18.1268,15.3198
HEEW Arizona,test,658,133,LYR-profile,Last-year profile,profile,18,17.4748,15.4651
HEEW Arizona,test,658,133,LYR-profile,Last-year profile,profile,19,17.991,15.1745
HEEW Arizona,test,658,133,LYR-profile,Last-year profile,profile,20,16.7242,15.4191
HEEW Arizona,test,658,133,LYR-profile,Last-year profile,profile,21,17.649,15.3015
HEEW Arizona,test,658,133,LYR-profile,Last-year profile,profile,22,19.067,15.2992
HEEW Arizona,test,658,133,LYR-profile,Last-year profile,profile,23,19.2209,15.1273
HEEW Arizona,test,658,133,LYR-profile,Last-year profile,profile,24,18.8029,15.1016
HEEW Arizona,test,658,133,LYR-profile,Last-year profile,profile,25,17.2327,15.1418
HEEW Arizona,test,658,133,LYR-profile,Last-year profile,profile,26,16.6731,15.1134
HEEW Arizona,test,658,133,LYR-profile,Last-year profile,profile,27,17.7351,15.0239
HEEW Arizona,test,658,133,LYR-profile,Last-year profile,profile,28,17.15,14.8682
HEEW Arizona,test,658,133,LYR-profile,Last-year profile,profile,29,18.5851,14.7303
HEEW Arizona,test,658,133,LYR-profile,Last-year profile,profile,30,17.779,14.7876
HEEW Arizona,test,658,133,LYR-profile,Last-year profile,profile,31,18.9511,14.5509
HEEW Arizona,test,658,133,MSTL,MSTL,"load only, statistical",1,5.1139,5.1139
HEEW Arizona,test,658,133,MSTL,MSTL,"load only, statistical",2,6.8996,5.527
HEEW Arizona,test,658,133,MSTL,MSTL,"load only, statistical",3,7.8618,5.6094
HEEW Arizona,test,658,133,MSTL,MSTL,"load only, statistical",4,9.0223,5.6621
HEEW Arizona,test,658,133,MSTL,MSTL,"load only, statistical",5,9.2331,6.0454
HEEW Arizona,test,658,133,MSTL,MSTL,"load only, statistical",6,9.0969,6.2936
HEEW Arizona,test,658,133,MSTL,MSTL,"load only, statistical",7,8.9929,6.4478
HEEW Arizona,test,658,133,MSTL,MSTL,"load only, statistical",8,9.5265,6.481
HEEW Arizona,test,658,133,MSTL,MSTL,"load only, statistical",9,10.916,6.7784
HEEW Arizona,test,658,133,MSTL,MSTL,"load only, statistical",10,10.6878,6.9278
HEEW Arizona,test,658,133,MSTL,MSTL,"load only, statistical",11,10.8391,7.0445
HEEW Arizona,test,658,133,MSTL,MSTL,"load only, statistical",12,10.2716,7.2423
HEEW Arizona,test,658,133,MSTL,MSTL,"load only, statistical",13,10.0968,7.0582
HEEW Arizona,test,658,133,MSTL,MSTL,"load only, statistical",14,10.3044,6.9775
HEEW Arizona,test,658,133,MSTL,MSTL,"load only, statistical",15,10.7203,6.9644
HEEW Arizona,test,658,133,MSTL,MSTL,"load only, statistical",16,10.9769,7.0365
HEEW Arizona,test,658,133,MSTL,MSTL,"load only, statistical",17,11.3046,7.1149
HEEW Arizona,test,658,133,MSTL,MSTL,"load only, statistical",18,11.3063,7.1035
HEEW Arizona,test,658,133,MSTL,MSTL,"load only, statistical",19,11.5165,7.3201
HEEW Arizona,test,658,133,MSTL,MSTL,"load only, statistical",20,10.7395,7.4204
HEEW Arizona,test,658,133,MSTL,MSTL,"load only, statistical",21,11.1386,7.4513
HEEW Arizona,test,658,133,MSTL,MSTL,"load only, statistical",22,12.6034,7.4657
HEEW Arizona,test,658,133,MSTL,MSTL,"load only, statistical",23,12.8022,7.5831
HEEW Arizona,test,658,133,MSTL,MSTL,"load only, statistical",24,14.0338,7.7939
HEEW Arizona,test,658,133,MSTL,MSTL,"load only, statistical",25,14.2665,7.9327
HEEW Arizona,test,658,133,MSTL,MSTL,"load only, statistical",26,14.3871,7.9957
HEEW Arizona,test,658,133,MSTL,MSTL,"load only, statistical",27,14.2151,8.1755
HEEW Arizona,test,658,133,MSTL,MSTL,"load only, statistical",28,13.5909,8.3057
HEEW Arizona,test,658,133,MSTL,MSTL,"load only, statistical",29,14.1402,8.4006
HEEW Arizona,test,658,133,MSTL,MSTL,"load only, statistical",30,13.7853,8.6061
HEEW Arizona,test,658,133,MSTL,MSTL,"load only, statistical",31,14.7426,8.7636
HEEW Arizona,test,658,133,SN-day,Seasonal naive (day),naive,1,6.31,6.31
HEEW Arizona,test,658,133,SN-day,Seasonal naive (day),naive,2,10.1275,7.6544
HEEW Arizona,test,658,133,SN-day,Seasonal naive (day),naive,3,11.4209,8.22
HEEW Arizona,test,658,133,SN-day,Seasonal naive (day),naive,4,11.016,8.0883
HEEW Arizona,test,658,133,SN-day,Seasonal naive (day),naive,5,11.5996,8.0601
HEEW Arizona,test,658,133,SN-day,Seasonal naive (day),naive,6,10.9097,8.1874
HEEW Arizona,test,658,133,SN-day,Seasonal naive (day),naive,7,8.1287,7.9086
HEEW Arizona,test,658,133,SN-day,Seasonal naive (day),naive,8,11.4119,7.9621
HEEW Arizona,test,658,133,SN-day,Seasonal naive (day),naive,9,13.8385,8.2504
HEEW Arizona,test,658,133,SN-day,Seasonal naive (day),naive,10,13.732,8.7342
HEEW Arizona,test,658,133,SN-day,Seasonal naive (day),naive,11,13.1715,8.9182
HEEW Arizona,test,658,133,SN-day,Seasonal naive (day),naive,12,13.3855,8.8965
HEEW Arizona,test,658,133,SN-day,Seasonal naive (day),naive,13,12.9863,9.0844
HEEW Arizona,test,658,133,SN-day,Seasonal naive (day),naive,14,9.9334,9.032
HEEW Arizona,test,658,133,SN-day,Seasonal naive (day),naive,15,12.3534,9.072
HEEW Arizona,test,658,133,SN-day,Seasonal naive (day),naive,16,14.9202,9.2948
HEEW Arizona,test,658,133,SN-day,Seasonal naive (day),naive,17,14.2778,9.4677
HEEW Arizona,test,658,133,SN-day,Seasonal naive (day),naive,18,13.7798,9.6027
HEEW Arizona,test,658,133,SN-day,Seasonal naive (day),naive,19,14.5181,9.7116
HEEW Arizona,test,658,133,SN-day,Seasonal naive (day),naive,20,12.8385,9.6802
HEEW Arizona,test,658,133,SN-day,Seasonal naive (day),naive,21,11.1876,9.6431
HEEW Arizona,test,658,133,SN-day,Seasonal naive (day),naive,22,14.1471,9.647
HEEW Arizona,test,658,133,SN-day,Seasonal naive (day),naive,23,15.8947,9.7717
HEEW Arizona,test,658,133,SN-day,Seasonal naive (day),naive,24,16.1092,9.9502
HEEW Arizona,test,658,133,SN-day,Seasonal naive (day),naive,25,16.2829,10.0725
HEEW Arizona,test,658,133,SN-day,Seasonal naive (day),naive,26,16.6191,10.1538
HEEW Arizona,test,658,133,SN-day,Seasonal naive (day),naive,27,14.7653,9.9458
HEEW Arizona,test,658,133,SN-day,Seasonal naive (day),naive,28,13.0945,10.2452
HEEW Arizona,test,658,133,SN-day,Seasonal naive (day),naive,29,15.9277,10.3792
HEEW Arizona,test,658,133,SN-day,Seasonal naive (day),naive,30,17.6913,10.5636
HEEW Arizona,test,658,133,SN-day,Seasonal naive (day),naive,31,18.3129,10.7155
HEEW Arizona,test,658,133,SN-week,Seasonal naive (week),naive,1,8.2789,8.2789
HEEW Arizona,test,658,133,SN-week,Seasonal naive (week),naive,2,8.6362,7.7137
HEEW Arizona,test,658,133,SN-week,Seasonal naive (week),naive,3,8.0945,7.0888
HEEW Arizona,test,658,133,SN-week,Seasonal naive (week),naive,4,8.6139,7.0429
HEEW Arizona,test,658,133,SN-week,Seasonal naive (week),naive,5,8.8915,6.6387
HEEW Arizona,test,658,133,SN-week,Seasonal naive (week),naive,6,9.3388,6.2386
HEEW Arizona,test,658,133,SN-week,Seasonal naive (week),naive,7,8.1287,5.8984
HEEW Arizona,test,658,133,SN-week,Seasonal naive (week),naive,8,9.6692,6.1266
HEEW Arizona,test,658,133,SN-week,Seasonal naive (week),naive,9,10.726,6.3107
HEEW Arizona,test,658,133,SN-week,Seasonal naive (week),naive,10,10.8631,6.5299
HEEW Arizona,test,658,133,SN-week,Seasonal naive (week),naive,11,11.1424,6.7747
HEEW Arizona,test,658,133,SN-week,Seasonal naive (week),naive,12,10.8378,6.9108
HEEW Arizona,test,658,133,SN-week,Seasonal naive (week),naive,13,9.9937,6.8706
HEEW Arizona,test,658,133,SN-week,Seasonal naive (week),naive,14,9.9334,6.7736
HEEW Arizona,test,658,133,SN-week,Seasonal naive (week),naive,15,12.1826,6.8149
HEEW Arizona,test,658,133,SN-week,Seasonal naive (week),naive,16,12.2419,7.0571
HEEW Arizona,test,658,133,SN-week,Seasonal naive (week),naive,17,11.7952,7.234
HEEW Arizona,test,658,133,SN-week,Seasonal naive (week),naive,18,10.8494,7.3286
HEEW Arizona,test,658,133,SN-week,Seasonal naive (week),naive,19,11.2543,7.0451
HEEW Arizona,test,658,133,SN-week,Seasonal naive (week),naive,20,10.6574,7.2612
HEEW Arizona,test,658,133,SN-week,Seasonal naive (week),naive,21,11.1876,7.2574
HEEW Arizona,test,658,133,SN-week,Seasonal naive (week),naive,22,13.5865,7.484
HEEW Arizona,test,658,133,SN-week,Seasonal naive (week),naive,23,13.1698,7.6757
HEEW Arizona,test,658,133,SN-week,Seasonal naive (week),naive,24,14.1754,7.8736
HEEW Arizona,test,658,133,SN-week,Seasonal naive (week),naive,25,14.2691,7.9993
HEEW Arizona,test,658,133,SN-week,Seasonal naive (week),naive,26,14.1926,8.0971
HEEW Arizona,test,658,133,SN-week,Seasonal naive (week),naive,27,13.7158,8.2084
HEEW Arizona,test,658,133,SN-week,Seasonal naive (week),naive,28,13.0945,8.2732
HEEW Arizona,test,658,133,SN-week,Seasonal naive (week),naive,29,16.6959,8.4402
HEEW Arizona,test,658,133,SN-week,Seasonal naive (week),naive,30,15.6463,8.6502
HEEW Arizona,test,658,133,SN-week,Seasonal naive (week),naive,31,15.582,8.7847
HEEW Arizona,test,658,133,SP-profile,Previous-month profile,profile,1,10.8994,10.8994
HEEW Arizona,test,658,133,SP-profile,Previous-month profile,profile,2,11.3033,10.2887
HEEW Arizona,test,658,133,SP-profile,Previous-month profile,profile,3,11.1941,9.529
HEEW Arizona,test,658,133,SP-profile,Previous-month profile,profile,4,11.5678,8.8879
HEEW Arizona,test,658,133,SP-profile,Previous-month profile,profile,5,10.702,8.4692
HEEW Arizona,test,658,133,SP-profile,Previous-month profile,profile,6,11.0302,8.2245
HEEW Arizona,test,658,133,SP-profile,Previous-month profile,profile,7,11.4365,8.1569
HEEW Arizona,test,658,133,SP-profile,Previous-month profile,profile,8,12.3533,8.2909
HEEW Arizona,test,658,133,SP-profile,Previous-month profile,profile,9,12.4408,8.2757
HEEW Arizona,test,658,133,SP-profile,Previous-month profile,profile,10,13.4219,8.221
HEEW Arizona,test,658,133,SP-profile,Previous-month profile,profile,11,13.8681,8.6417
HEEW Arizona,test,658,133,SP-profile,Previous-month profile,profile,12,13.0556,8.4116
HEEW Arizona,test,658,133,SP-profile,Previous-month profile,profile,13,14.4499,8.9051
HEEW Arizona,test,658,133,SP-profile,Previous-month profile,profile,14,14.7743,8.9953
HEEW Arizona,test,658,133,SP-profile,Previous-month profile,profile,15,14.886,9.1487
HEEW Arizona,test,658,133,SP-profile,Previous-month profile,profile,16,14.5897,9.3526
HEEW Arizona,test,658,133,SP-profile,Previous-month profile,profile,17,13.9388,9.4794
HEEW Arizona,test,658,133,SP-profile,Previous-month profile,profile,18,13.8054,9.5653
HEEW Arizona,test,658,133,SP-profile,Previous-month profile,profile,19,13.2616,9.569
HEEW Arizona,test,658,133,SP-profile,Previous-month profile,profile,20,13.9475,9.4945
HEEW Arizona,test,658,133,SP-profile,Previous-month profile,profile,21,14.7271,9.4781
HEEW Arizona,test,658,133,SP-profile,Previous-month profile,profile,22,15.1963,9.5547
HEEW Arizona,test,658,133,SP-profile,Previous-month profile,profile,23,15.5402,9.6878
HEEW Arizona,test,658,133,SP-profile,Previous-month profile,profile,24,16.2002,9.8124
HEEW Arizona,test,658,133,SP-profile,Previous-month profile,profile,25,16.6567,9.966
HEEW Arizona,test,658,133,SP-profile,Previous-month profile,profile,26,17.1469,10.0796
HEEW Arizona,test,658,133,SP-profile,Previous-month profile,profile,27,16.8776,10.1579
HEEW Arizona,test,658,133,SP-profile,Previous-month profile,profile,28,16.8988,10.2411
HEEW Arizona,test,658,133,SP-profile,Previous-month profile,profile,29,17.6835,10.3814
HEEW Arizona,test,658,133,SP-profile,Previous-month profile,profile,30,17.768,10.5356
HEEW Arizona,test,658,133,SP-profile,Previous-month profile,profile,31,17.352,10.6321
HEEW Arizona,test,658,133,TimesFM-X,TimesFM-X,"same information, zero-shot foundation model",1,4.5726,4.5726
HEEW Arizona,test,658,133,TimesFM-X,TimesFM-X,"same information, zero-shot foundation model",2,5.9519,4.5113
HEEW Arizona,test,658,133,TimesFM-X,TimesFM-X,"same information, zero-shot foundation model",3,6.7033,4.7327
HEEW Arizona,test,658,133,TimesFM-X,TimesFM-X,"same information, zero-shot foundation model",4,7.6303,4.9199
HEEW Arizona,test,658,133,TimesFM-X,TimesFM-X,"same information, zero-shot foundation model",5,7.9326,4.932
HEEW Arizona,test,658,133,TimesFM-X,TimesFM-X,"same information, zero-shot foundation model",6,8.2573,5.1631
HEEW Arizona,test,658,133,TimesFM-X,TimesFM-X,"same information, zero-shot foundation model",7,8.3118,5.2114
HEEW Arizona,test,658,133,TimesFM-X,TimesFM-X,"same information, zero-shot foundation model",8,9.0208,5.5296
HEEW Arizona,test,658,133,TimesFM-X,TimesFM-X,"same information, zero-shot foundation model",9,9.9998,5.6954
HEEW Arizona,test,658,133,TimesFM-X,TimesFM-X,"same information, zero-shot foundation model",10,10.2533,5.6509
HEEW Arizona,test,658,133,TimesFM-X,TimesFM-X,"same information, zero-shot foundation model",11,9.9864,5.9956
HEEW Arizona,test,658,133,TimesFM-X,TimesFM-X,"same information, zero-shot foundation model",12,10.0653,6.106
HEEW Arizona,test,658,133,TimesFM-X,TimesFM-X,"same information, zero-shot foundation model",13,10.6101,6.3707
HEEW Arizona,test,658,133,TimesFM-X,TimesFM-X,"same information, zero-shot foundation model",14,10.1564,6.4637
HEEW Arizona,test,658,133,TimesFM-X,TimesFM-X,"same information, zero-shot foundation model",15,10.3248,6.5238
HEEW Arizona,test,658,133,TimesFM-X,TimesFM-X,"same information, zero-shot foundation model",16,10.7958,6.6617
HEEW Arizona,test,658,133,TimesFM-X,TimesFM-X,"same information, zero-shot foundation model",17,10.7088,6.7483
HEEW Arizona,test,658,133,TimesFM-X,TimesFM-X,"same information, zero-shot foundation model",18,10.7571,6.7997
HEEW Arizona,test,658,133,TimesFM-X,TimesFM-X,"same information, zero-shot foundation model",19,10.3394,6.8762
HEEW Arizona,test,658,133,TimesFM-X,TimesFM-X,"same information, zero-shot foundation model",20,10.1846,6.8864
HEEW Arizona,test,658,133,TimesFM-X,TimesFM-X,"same information, zero-shot foundation model",21,11.3081,7.0202
HEEW Arizona,test,658,133,TimesFM-X,TimesFM-X,"same information, zero-shot foundation model",22,11.6498,7.1371
HEEW Arizona,test,658,133,TimesFM-X,TimesFM-X,"same information, zero-shot foundation model",23,11.94,7.3048
HEEW Arizona,test,658,133,TimesFM-X,TimesFM-X,"same information, zero-shot foundation model",24,13.2201,7.4611
HEEW Arizona,test,658,133,TimesFM-X,TimesFM-X,"same information, zero-shot foundation model",25,13.3216,7.5363
HEEW Arizona,test,658,133,TimesFM-X,TimesFM-X,"same information, zero-shot foundation model",26,13.5251,7.7788
HEEW Arizona,test,658,133,TimesFM-X,TimesFM-X,"same information, zero-shot foundation model",27,13.9601,7.9146
HEEW Arizona,test,658,133,TimesFM-X,TimesFM-X,"same information, zero-shot foundation model",28,13.5869,8.0365
HEEW Arizona,test,658,133,TimesFM-X,TimesFM-X,"same information, zero-shot foundation model",29,13.8573,8.1766
HEEW Arizona,test,658,133,TimesFM-X,TimesFM-X,"same information, zero-shot foundation model",30,13.8409,8.3375
HEEW Arizona,test,658,133,TimesFM-X,TimesFM-X,"same information, zero-shot foundation model",31,14.6339,8.4553
HEEW Arizona,test,658,133,WeekProf4,4-week profile,profile,1,9.0631,9.0631
HEEW Arizona,test,658,133,WeekProf4,4-week profile,profile,2,8.8928,8.8043
HEEW Arizona,test,658,133,WeekProf4,4-week profile,profile,3,8.5765,8.4096
HEEW Arizona,test,658,133,WeekProf4,4-week profile,profile,4,9.9075,8.3445
HEEW Arizona,test,658,133,WeekProf4,4-week profile,profile,5,9.091,8.1529
HEEW Arizona,test,658,133,WeekProf4,4-week profile,profile,6,8.9363,7.9719
HEEW Arizona,test,658,133,WeekProf4,4-week profile,profile,7,9.0061,7.8979
HEEW Arizona,test,658,133,WeekProf4,4-week profile,profile,8,10.4128,7.9114
HEEW Arizona,test,658,133,WeekProf4,4-week profile,profile,9,11.1736,7.8271
HEEW Arizona,test,658,133,WeekProf4,4-week profile,profile,10,11.991,7.9564
HEEW Arizona,test,658,133,WeekProf4,4-week profile,profile,11,12.1459,8.3802
HEEW Arizona,test,658,133,WeekProf4,4-week profile,profile,12,11.5051,8.533
HEEW Arizona,test,658,133,WeekProf4,4-week profile,profile,13,11.7606,8.6597
HEEW Arizona,test,658,133,WeekProf4,4-week profile,profile,14,11.9654,8.704
HEEW Arizona,test,658,133,WeekProf4,4-week profile,profile,15,12.9078,8.8348
HEEW Arizona,test,658,133,WeekProf4,4-week profile,profile,16,13.4139,8.9759
HEEW Arizona,test,658,133,WeekProf4,4-week profile,profile,17,12.6995,8.9854
HEEW Arizona,test,658,133,WeekProf4,4-week profile,profile,18,11.8115,9.0966
HEEW Arizona,test,658,133,WeekProf4,4-week profile,profile,19,11.9297,9.1754
HEEW Arizona,test,658,133,WeekProf4,4-week profile,profile,20,11.9204,9.1637
HEEW Arizona,test,658,133,WeekProf4,4-week profile,profile,21,11.9028,9.1344
HEEW Arizona,test,658,133,WeekProf4,4-week profile,profile,22,13.6914,9.2177
HEEW Arizona,test,658,133,WeekProf4,4-week profile,profile,23,14.1765,9.3293
HEEW Arizona,test,658,133,WeekProf4,4-week profile,profile,24,14.3376,9.45
HEEW Arizona,test,658,133,WeekProf4,4-week profile,profile,25,15.7055,9.6189
HEEW Arizona,test,658,133,WeekProf4,4-week profile,profile,26,15.8205,9.7723
HEEW Arizona,test,658,133,WeekProf4,4-week profile,profile,27,15.6729,9.8922
HEEW Arizona,test,658,133,WeekProf4,4-week profile,profile,28,15.3537,9.9754
HEEW Arizona,test,658,133,WeekProf4,4-week profile,profile,29,16.2833,10.1108
HEEW Arizona,test,658,133,WeekProf4,4-week profile,profile,30,15.3925,10.2485
HEEW Arizona,test,658,133,WeekProf4,4-week profile,profile,31,15.7176,10.3475
HEEW Arizona,test,658,133,DLinear,DLinear,"load only, trained",1,4.8972,4.8972
HEEW Arizona,test,658,133,DLinear,DLinear,"load only, trained",2,6.6827,5.2931
HEEW Arizona,test,658,133,DLinear,DLinear,"load only, trained",3,7.6772,5.4959
HEEW Arizona,test,658,133,DLinear,DLinear,"load only, trained",4,8.8183,5.7336
HEEW Arizona,test,658,133,DLinear,DLinear,"load only, trained",5,8.4856,5.9859
HEEW Arizona,test,658,133,DLinear,DLinear,"load only, trained",6,8.5424,6.0176
HEEW Arizona,test,658,133,DLinear,DLinear,"load only, trained",7,8.8934,6.1681
HEEW Arizona,test,658,133,DLinear,DLinear,"load only, trained",8,9.7161,6.4757
HEEW Arizona,test,658,133,DLinear,DLinear,"load only, trained",9,10.6978,6.6041
HEEW Arizona,test,658,133,DLinear,DLinear,"load only, trained",10,10.9034,6.6078
HEEW Arizona,test,658,133,DLinear,DLinear,"load only, trained",11,10.6727,6.8196
HEEW Arizona,test,658,133,DLinear,DLinear,"load only, trained",12,11.3097,6.9626
HEEW Arizona,test,658,133,DLinear,DLinear,"load only, trained",13,12.9884,7.0323
HEEW Arizona,test,658,133,DLinear,DLinear,"load only, trained",14,12.6401,7.1221
HEEW Arizona,test,658,133,DLinear,DLinear,"load only, trained",15,12.3986,7.3986
HEEW Arizona,test,658,133,DLinear,DLinear,"load only, trained",16,12.3298,7.6913
HEEW Arizona,test,658,133,DLinear,DLinear,"load only, trained",17,12.6621,7.8531
HEEW Arizona,test,658,133,DLinear,DLinear,"load only, trained",18,12.5854,8.0009
HEEW Arizona,test,658,133,DLinear,DLinear,"load only, trained",19,13.6237,8.1934
HEEW Arizona,test,658,133,DLinear,DLinear,"load only, trained",20,14.1459,8.3242
HEEW Arizona,test,658,133,DLinear,DLinear,"load only, trained",21,14.6347,8.4441
HEEW Arizona,test,658,133,DLinear,DLinear,"load only, trained",22,15.1528,8.448
HEEW Arizona,test,658,133,DLinear,DLinear,"load only, trained",23,16.02,8.8116
HEEW Arizona,test,658,133,DLinear,DLinear,"load only, trained",24,17.2274,9.0759
HEEW Arizona,test,658,133,DLinear,DLinear,"load only, trained",25,17.471,9.3179
HEEW Arizona,test,658,133,DLinear,DLinear,"load only, trained",26,18.1551,9.5245
HEEW Arizona,test,658,133,DLinear,DLinear,"load only, trained",27,18.3486,9.6995
HEEW Arizona,test,658,133,DLinear,DLinear,"load only, trained",28,16.9289,9.7996
HEEW Arizona,test,658,133,DLinear,DLinear,"load only, trained",29,17.2555,9.9335
HEEW Arizona,test,658,133,DLinear,DLinear,"load only, trained",30,18.3539,10.1508
HEEW Arizona,test,658,133,DLinear,DLinear,"load only, trained",31,18.571,10.3512
HEEW Arizona,test,658,133,GBT-T,GBT-T,"same information, trained",1,8.534,8.534
HEEW Arizona,test,658,133,GBT-T,GBT-T,"same information, trained",2,8.657,8.0803
HEEW Arizona,test,658,133,GBT-T,GBT-T,"same information, trained",3,9.0424,7.7605
HEEW Arizona,test,658,133,GBT-T,GBT-T,"same information, trained",4,8.9199,7.6458
HEEW Arizona,test,658,133,GBT-T,GBT-T,"same information, trained",5,9.1943,7.4739
HEEW Arizona,test,658,133,GBT-T,GBT-T,"same information, trained",6,9.0423,7.4614
HEEW Arizona,test,658,133,GBT-T,GBT-T,"same information, trained",7,8.8202,7.4281
HEEW Arizona,test,658,133,GBT-T,GBT-T,"same information, trained",8,9.7534,7.3889
HEEW Arizona,test,658,133,GBT-T,GBT-T,"same information, trained",9,10.5868,7.413
HEEW Arizona,test,658,133,GBT-T,GBT-T,"same information, trained",10,10.4073,7.3434
HEEW Arizona,test,658,133,GBT-T,GBT-T,"same information, trained",11,10.2185,7.0953
HEEW Arizona,test,658,133,GBT-T,GBT-T,"same information, trained",12,10.4269,7.264
HEEW Arizona,test,658,133,GBT-T,GBT-T,"same information, trained",13,10.9319,7.3818
HEEW Arizona,test,658,133,GBT-T,GBT-T,"same information, trained",14,10.5893,7.4114
HEEW Arizona,test,658,133,GBT-T,GBT-T,"same information, trained",15,10.475,7.427
HEEW Arizona,test,658,133,GBT-T,GBT-T,"same information, trained",16,10.7976,7.4658
HEEW Arizona,test,658,133,GBT-T,GBT-T,"same information, trained",17,10.7282,7.4388
HEEW Arizona,test,658,133,GBT-T,GBT-T,"same information, trained",18,10.3677,7.2339
HEEW Arizona,test,658,133,GBT-T,GBT-T,"same information, trained",19,10.2266,7.214
HEEW Arizona,test,658,133,GBT-T,GBT-T,"same information, trained",20,10.1163,7.2078
HEEW Arizona,test,658,133,GBT-T,GBT-T,"same information, trained",21,11.2412,7.2812
HEEW Arizona,test,658,133,GBT-T,GBT-T,"same information, trained",22,11.4611,7.3509
HEEW Arizona,test,658,133,GBT-T,GBT-T,"same information, trained",23,11.5438,7.4377
HEEW Arizona,test,658,133,GBT-T,GBT-T,"same information, trained",24,11.8305,7.453
HEEW Arizona,test,658,133,GBT-T,GBT-T,"same information, trained",25,11.6113,7.1978
HEEW Arizona,test,658,133,GBT-T,GBT-T,"same information, trained",26,12.3179,7.511
HEEW Arizona,test,658,133,GBT-T,GBT-T,"same information, trained",27,12.687,7.5173
HEEW Arizona,test,658,133,GBT-T,GBT-T,"same information, trained",28,12.3121,7.5118
HEEW Arizona,test,658,133,GBT-T,GBT-T,"same information, trained",29,13.0168,7.6478
HEEW Arizona,test,658,133,GBT-T,GBT-T,"same information, trained",30,12.6779,7.6891
HEEW Arizona,test,658,133,GBT-T,GBT-T,"same information, trained",31,13.2941,7.7887
HEEW Arizona,test,658,133,iTransformer-X,iTransformer-X,"same information, trained",1,6.0135,6.0135
HEEW Arizona,test,658,133,iTransformer-X,iTransformer-X,"same information, trained",2,6.8394,5.8255
HEEW Arizona,test,658,133,iTransformer-X,iTransformer-X,"same information, trained",3,7.5425,5.5979
HEEW Arizona,test,658,133,iTransformer-X,iTransformer-X,"same information, trained",4,8.7522,5.915
HEEW Arizona,test,658,133,iTransformer-X,iTransformer-X,"same information, trained",5,8.3891,6.0085
HEEW Arizona,test,658,133,iTransformer-X,iTransformer-X,"same information, trained",6,8.4225,6.0137
HEEW Arizona,test,658,133,iTransformer-X,iTransformer-X,"same information, trained",7,8.7605,6.2452
HEEW Arizona,test,658,133,iTransformer-X,iTransformer-X,"same information, trained",8,8.713,6.4426
HEEW Arizona,test,658,133,iTransformer-X,iTransformer-X,"same information, trained",9,9.8476,6.4834
HEEW Arizona,test,658,133,iTransformer-X,iTransformer-X,"same information, trained",10,9.4494,6.4425
HEEW Arizona,test,658,133,iTransformer-X,iTransformer-X,"same information, trained",11,9.5787,6.6197
HEEW Arizona,test,658,133,iTransformer-X,iTransformer-X,"same information, trained",12,9.4952,6.5665
HEEW Arizona,test,658,133,iTransformer-X,iTransformer-X,"same information, trained",13,9.7939,6.4187
HEEW Arizona,test,658,133,iTransformer-X,iTransformer-X,"same information, trained",14,10.45,6.4414
HEEW Arizona,test,658,133,iTransformer-X,iTransformer-X,"same information, trained",15,10.4474,6.5718
HEEW Arizona,test,658,133,iTransformer-X,iTransformer-X,"same information, trained",16,10.2468,6.6236
HEEW Arizona,test,658,133,iTransformer-X,iTransformer-X,"same information, trained",17,10.4183,6.6936
HEEW Arizona,test,658,133,iTransformer-X,iTransformer-X,"same information, trained",18,10.343,6.768
HEEW Arizona,test,658,133,iTransformer-X,iTransformer-X,"same information, trained",19,9.9434,6.8087
HEEW Arizona,test,658,133,iTransformer-X,iTransformer-X,"same information, trained",20,10.0006,6.846
HEEW Arizona,test,658,133,iTransformer-X,iTransformer-X,"same information, trained",21,10.971,6.8851
HEEW Arizona,test,658,133,iTransformer-X,iTransformer-X,"same information, trained",22,11.5862,6.9903
HEEW Arizona,test,658,133,iTransformer-X,iTransformer-X,"same information, trained",23,11.3809,7.0772
HEEW Arizona,test,658,133,iTransformer-X,iTransformer-X,"same information, trained",24,12.1559,7.1725
HEEW Arizona,test,658,133,iTransformer-X,iTransformer-X,"same information, trained",25,12.7767,7.2462
HEEW Arizona,test,658,133,iTransformer-X,iTransformer-X,"same information, trained",26,13.3765,7.3374
HEEW Arizona,test,658,133,iTransformer-X,iTransformer-X,"same information, trained",27,12.8347,7.389
HEEW Arizona,test,658,133,iTransformer-X,iTransformer-X,"same information, trained",28,12.721,7.4132
HEEW Arizona,test,658,133,iTransformer-X,iTransformer-X,"same information, trained",29,12.5201,7.592
HEEW Arizona,test,658,133,iTransformer-X,iTransformer-X,"same information, trained",30,12.6431,7.7412
HEEW Arizona,test,658,133,iTransformer-X,iTransformer-X,"same information, trained",31,12.8431,7.8468
HEEW Arizona,test,658,133,iTransformer,iTransformer,"load only, trained",1,5.7078,5.7078
HEEW Arizona,test,658,133,iTransformer,iTransformer,"load only, trained",2,6.664,5.649
HEEW Arizona,test,658,133,iTransformer,iTransformer,"load only, trained",3,7.4422,5.791
HEEW Arizona,test,658,133,iTransformer,iTransformer,"load only, trained",4,8.7372,5.8226
HEEW Arizona,test,658,133,iTransformer,iTransformer,"load only, trained",5,8.1818,5.9552
HEEW Arizona,test,658,133,iTransformer,iTransformer,"load only, trained",6,8.1115,5.7848
HEEW Arizona,test,658,133,iTransformer,iTransformer,"load only, trained",7,8.4495,6.035
HEEW Arizona,test,658,133,iTransformer,iTransformer,"load only, trained",8,8.5484,6.1168
HEEW Arizona,test,658,133,iTransformer,iTransformer,"load only, trained",9,9.8141,6.1486
HEEW Arizona,test,658,133,iTransformer,iTransformer,"load only, trained",10,9.4687,6.3289
HEEW Arizona,test,658,133,iTransformer,iTransformer,"load only, trained",11,9.8366,6.4714
HEEW Arizona,test,658,133,iTransformer,iTransformer,"load only, trained",12,10.1665,6.4375
HEEW Arizona,test,658,133,iTransformer,iTransformer,"load only, trained",13,10.5661,6.3323
HEEW Arizona,test,658,133,iTransformer,iTransformer,"load only, trained",14,10.9104,6.224
HEEW Arizona,test,658,133,iTransformer,iTransformer,"load only, trained",15,10.8037,6.3548
HEEW Arizona,test,658,133,iTransformer,iTransformer,"load only, trained",16,10.4166,6.5161
HEEW Arizona,test,658,133,iTransformer,iTransformer,"load only, trained",17,10.4435,6.6846
HEEW Arizona,test,658,133,iTransformer,iTransformer,"load only, trained",18,9.8428,6.794
HEEW Arizona,test,658,133,iTransformer,iTransformer,"load only, trained",19,10.7982,6.9349
HEEW Arizona,test,658,133,iTransformer,iTransformer,"load only, trained",20,10.704,7.0076
HEEW Arizona,test,658,133,iTransformer,iTransformer,"load only, trained",21,10.9996,7.0898
HEEW Arizona,test,658,133,iTransformer,iTransformer,"load only, trained",22,12.2462,7.2365
HEEW Arizona,test,658,133,iTransformer,iTransformer,"load only, trained",23,12.2864,7.3458
HEEW Arizona,test,658,133,iTransformer,iTransformer,"load only, trained",24,12.8636,7.4751
HEEW Arizona,test,658,133,iTransformer,iTransformer,"load only, trained",25,14.0581,7.6357
HEEW Arizona,test,658,133,iTransformer,iTransformer,"load only, trained",26,14.9006,7.8027
HEEW Arizona,test,658,133,iTransformer,iTransformer,"load only, trained",27,14.6566,7.944
HEEW Arizona,test,658,133,iTransformer,iTransformer,"load only, trained",28,13.8812,8.0519
HEEW Arizona,test,658,133,iTransformer,iTransformer,"load only, trained",29,14.1384,8.1503
HEEW Arizona,test,658,133,iTransformer,iTransformer,"load only, trained",30,13.9603,8.2486
HEEW Arizona,test,658,133,iTransformer,iTransformer,"load only, trained",31,13.355,8.3282
HEEW Arizona,test,658,133,LSTM,LSTM,"load only, trained",1,8.4524,8.4524
HEEW Arizona,test,658,133,LSTM,LSTM,"load only, trained",2,11.4503,9.1002
HEEW Arizona,test,658,133,LSTM,LSTM,"load only, trained",3,12.0091,9.1167
HEEW Arizona,test,658,133,LSTM,LSTM,"load only, trained",4,11.9062,8.927
HEEW Arizona,test,658,133,LSTM,LSTM,"load only, trained",5,11.5749,8.4429
HEEW Arizona,test,658,133,LSTM,LSTM,"load only, trained",6,11.9063,7.9293
HEEW Arizona,test,658,133,LSTM,LSTM,"load only, trained",7,10.7376,7.5529
HEEW Arizona,test,658,133,LSTM,LSTM,"load only, trained",8,12.7255,7.8636
HEEW Arizona,test,658,133,LSTM,LSTM,"load only, trained",9,13.5222,8.0595
HEEW Arizona,test,658,133,LSTM,LSTM,"load only, trained",10,13.6136,8.3655
HEEW Arizona,test,658,133,LSTM,LSTM,"load only, trained",11,14.1349,8.2319
HEEW Arizona,test,658,133,LSTM,LSTM,"load only, trained",12,15.0738,8.3285
HEEW Arizona,test,658,133,LSTM,LSTM,"load only, trained",13,15.6309,8.3787
HEEW Arizona,test,658,133,LSTM,LSTM,"load only, trained",14,13.9113,8.7092
HEEW Arizona,test,658,133,LSTM,LSTM,"load only, trained",15,14.9111,8.8288
HEEW Arizona,test,658,133,LSTM,LSTM,"load only, trained",16,17.0088,9.37
HEEW Arizona,test,658,133,LSTM,LSTM,"load only, trained",17,14.9202,9.6207
HEEW Arizona,test,658,133,LSTM,LSTM,"load only, trained",18,15.4808,9.7781
HEEW Arizona,test,658,133,LSTM,LSTM,"load only, trained",19,16.9299,9.9032
HEEW Arizona,test,658,133,LSTM,LSTM,"load only, trained",20,16.2908,9.876
HEEW Arizona,test,658,133,LSTM,LSTM,"load only, trained",21,15.4115,9.9322
HEEW Arizona,test,658,133,LSTM,LSTM,"load only, trained",22,17.0103,10.0263
HEEW Arizona,test,658,133,LSTM,LSTM,"load only, trained",23,17.8941,10.1719
HEEW Arizona,test,658,133,LSTM,LSTM,"load only, trained",24,18.8237,10.1725
HEEW Arizona,test,658,133,LSTM,LSTM,"load only, trained",25,19.3116,10.4335
HEEW Arizona,test,658,133,LSTM,LSTM,"load only, trained",26,20.4311,10.6014
HEEW Arizona,test,658,133,LSTM,LSTM,"load only, trained",27,19.1415,10.6551
HEEW Arizona,test,658,133,LSTM,LSTM,"load only, trained",28,17.3729,10.8413
HEEW Arizona,test,658,133,LSTM,LSTM,"load only, trained",29,19.697,11.048
HEEW Arizona,test,658,133,LSTM,LSTM,"load only, trained",30,21.1168,11.3294
HEEW Arizona,test,658,133,LSTM,LSTM,"load only, trained",31,19.9045,11.4914
HEEW Arizona,test,658,133,PatchTST,PatchTST,"load only, trained",1,4.7773,4.7773
HEEW Arizona,test,658,133,PatchTST,PatchTST,"load only, trained",2,6.1509,4.9822
HEEW Arizona,test,658,133,PatchTST,PatchTST,"load only, trained",3,7.1026,5.0637
HEEW Arizona,test,658,133,PatchTST,PatchTST,"load only, trained",4,8.4051,5.4925
HEEW Arizona,test,658,133,PatchTST,PatchTST,"load only, trained",5,8.5237,5.6398
HEEW Arizona,test,658,133,PatchTST,PatchTST,"load only, trained",6,8.502,5.9063
HEEW Arizona,test,658,133,PatchTST,PatchTST,"load only, trained",7,8.4092,5.9804
HEEW Arizona,test,658,133,PatchTST,PatchTST,"load only, trained",8,8.9675,6.0825
HEEW Arizona,test,658,133,PatchTST,PatchTST,"load only, trained",9,9.6375,6.053
HEEW Arizona,test,658,133,PatchTST,PatchTST,"load only, trained",10,9.591,6.1841
HEEW Arizona,test,658,133,PatchTST,PatchTST,"load only, trained",11,10.2443,6.4659
HEEW Arizona,test,658,133,PatchTST,PatchTST,"load only, trained",12,10.3006,6.5152
HEEW Arizona,test,658,133,PatchTST,PatchTST,"load only, trained",13,10.4314,6.6243
HEEW Arizona,test,658,133,PatchTST,PatchTST,"load only, trained",14,10.4396,6.7294
HEEW Arizona,test,658,133,PatchTST,PatchTST,"load only, trained",15,10.5152,6.8376
HEEW Arizona,test,658,133,PatchTST,PatchTST,"load only, trained",16,10.3384,6.9098
HEEW Arizona,test,658,133,PatchTST,PatchTST,"load only, trained",17,10.2319,6.9785
HEEW Arizona,test,658,133,PatchTST,PatchTST,"load only, trained",18,10.5926,7.0297
HEEW Arizona,test,658,133,PatchTST,PatchTST,"load only, trained",19,11.0023,7.0915
HEEW Arizona,test,658,133,PatchTST,PatchTST,"load only, trained",20,10.8333,7.1173
HEEW Arizona,test,658,133,PatchTST,PatchTST,"load only, trained",21,10.9737,7.0948
HEEW Arizona,test,658,133,PatchTST,PatchTST,"load only, trained",22,12.1703,7.2159
HEEW Arizona,test,658,133,PatchTST,PatchTST,"load only, trained",23,12.5337,7.3732
HEEW Arizona,test,658,133,PatchTST,PatchTST,"load only, trained",24,12.292,7.4441
HEEW Arizona,test,658,133,PatchTST,PatchTST,"load only, trained",25,14.4009,7.6415
HEEW Arizona,test,658,133,PatchTST,PatchTST,"load only, trained",26,14.8652,7.8456
HEEW Arizona,test,658,133,PatchTST,PatchTST,"load only, trained",27,14.7814,8.0247
HEEW Arizona,test,658,133,PatchTST,PatchTST,"load only, trained",28,14.3179,8.1584
HEEW Arizona,test,658,133,PatchTST,PatchTST,"load only, trained",29,14.5633,8.2791
HEEW Arizona,test,658,133,PatchTST,PatchTST,"load only, trained",30,14.0668,8.4144
HEEW Arizona,test,658,133,PatchTST,PatchTST,"load only, trained",31,14.6458,8.52
HEEW Arizona,test,658,133,TiDE,TiDE,"same information, trained",1,5.1568,5.1568
HEEW Arizona,test,658,133,TiDE,TiDE,"same information, trained",2,6.5596,5.3358
HEEW Arizona,test,658,133,TiDE,TiDE,"same information, trained",3,7.608,5.4283
HEEW Arizona,test,658,133,TiDE,TiDE,"same information, trained",4,8.8589,5.7222
HEEW Arizona,test,658,133,TiDE,TiDE,"same information, trained",5,8.485,5.9422
HEEW Arizona,test,658,133,TiDE,TiDE,"same information, trained",6,8.5561,6.0281
HEEW Arizona,test,658,133,TiDE,TiDE,"same information, trained",7,8.5863,6.1353
HEEW Arizona,test,658,133,TiDE,TiDE,"same information, trained",8,9.5498,6.4191
HEEW Arizona,test,658,133,TiDE,TiDE,"same information, trained",9,10.4757,6.5355
HEEW Arizona,test,658,133,TiDE,TiDE,"same information, trained",10,11.0467,6.603
HEEW Arizona,test,658,133,TiDE,TiDE,"same information, trained",11,10.5843,6.8383
HEEW Arizona,test,658,133,TiDE,TiDE,"same information, trained",12,11.6356,6.8584
HEEW Arizona,test,658,133,TiDE,TiDE,"same information, trained",13,12.7615,6.9367
HEEW Arizona,test,658,133,TiDE,TiDE,"same information, trained",14,12.5703,7.2468
HEEW Arizona,test,658,133,TiDE,TiDE,"same information, trained",15,12.1805,7.397
HEEW Arizona,test,658,133,TiDE,TiDE,"same information, trained",16,12.3123,7.6568
HEEW Arizona,test,658,133,TiDE,TiDE,"same information, trained",17,12.3912,7.8088
HEEW Arizona,test,658,133,TiDE,TiDE,"same information, trained",18,12.8054,7.9458
HEEW Arizona,test,658,133,TiDE,TiDE,"same information, trained",19,13.5156,8.1218
HEEW Arizona,test,658,133,TiDE,TiDE,"same information, trained",20,14.0183,8.2585
HEEW Arizona,test,658,133,TiDE,TiDE,"same information, trained",21,14.5236,8.3955
HEEW Arizona,test,658,133,TiDE,TiDE,"same information, trained",22,15.0867,8.5285
HEEW Arizona,test,658,133,TiDE,TiDE,"same information, trained",23,15.7696,8.5669
HEEW Arizona,test,658,133,TiDE,TiDE,"same information, trained",24,16.8716,8.9138
HEEW Arizona,test,658,133,TiDE,TiDE,"same information, trained",25,17.3478,9.1651
HEEW Arizona,test,658,133,TiDE,TiDE,"same information, trained",26,17.892,9.3713
HEEW Arizona,test,658,133,TiDE,TiDE,"same information, trained",27,18.0591,9.5506
HEEW Arizona,test,658,133,TiDE,TiDE,"same information, trained",28,16.8492,9.6724
HEEW Arizona,test,658,133,TiDE,TiDE,"same information, trained",29,17.2377,9.8312
HEEW Arizona,test,658,133,TiDE,TiDE,"same information, trained",30,18.7437,10.0634
HEEW Arizona,test,658,133,TiDE,TiDE,"same information, trained",31,18.8444,10.2732
EWELD,test,523,138,TimesFM,TimesFM,"load only, zero-shot foundation model",1,14.2148,14.2148
EWELD,test,523,138,TimesFM,TimesFM,"load only, zero-shot foundation model",2,15.651,14.4358
EWELD,test,523,138,TimesFM,TimesFM,"load only, zero-shot foundation model",3,15.7723,15.1075
EWELD,test,523,138,TimesFM,TimesFM,"load only, zero-shot foundation model",4,17.9978,14.8279
EWELD,test,523,138,TimesFM,TimesFM,"load only, zero-shot foundation model",5,16.3844,14.336
EWELD,test,523,138,TimesFM,TimesFM,"load only, zero-shot foundation model",6,16.5289,14.5097
EWELD,test,523,138,TimesFM,TimesFM,"load only, zero-shot foundation model",7,18.4185,13.5172
EWELD,test,523,138,TimesFM,TimesFM,"load only, zero-shot foundation model",8,18.9508,13.17
EWELD,test,523,138,TimesFM,TimesFM,"load only, zero-shot foundation model",9,16.8893,13.5458
EWELD,test,523,138,TimesFM,TimesFM,"load only, zero-shot foundation model",10,18.8815,14.0557
EWELD,test,523,138,TimesFM,TimesFM,"load only, zero-shot foundation model",11,19.1449,14.396
EWELD,test,523,138,TimesFM,TimesFM,"load only, zero-shot foundation model",12,20.9416,14.7176
EWELD,test,523,138,TimesFM,TimesFM,"load only, zero-shot foundation model",13,21.1826,14.3778
EWELD,test,523,138,TimesFM,TimesFM,"load only, zero-shot foundation model",14,22.2589,14.5164
EWELD,test,523,138,TimesFM,TimesFM,"load only, zero-shot foundation model",15,24.7241,14.3386
EWELD,test,523,138,TimesFM,TimesFM,"load only, zero-shot foundation model",16,23.1687,15.0899
EWELD,test,523,138,TimesFM,TimesFM,"load only, zero-shot foundation model",17,23.9193,15.6084
EWELD,test,523,138,TimesFM,TimesFM,"load only, zero-shot foundation model",18,25.2425,15.2871
EWELD,test,523,138,TimesFM,TimesFM,"load only, zero-shot foundation model",19,24.4598,15.3658
EWELD,test,523,138,TimesFM,TimesFM,"load only, zero-shot foundation model",20,25.5304,15.2061
EWELD,test,523,138,TimesFM,TimesFM,"load only, zero-shot foundation model",21,25.3252,15.4343
EWELD,test,523,138,TimesFM,TimesFM,"load only, zero-shot foundation model",22,24.718,15.2813
EWELD,test,523,138,TimesFM,TimesFM,"load only, zero-shot foundation model",23,24.9455,15.4207
EWELD,test,523,138,TimesFM,TimesFM,"load only, zero-shot foundation model",24,26.1567,16.2894
EWELD,test,523,138,TimesFM,TimesFM,"load only, zero-shot foundation model",25,27.5791,16.9866
EWELD,test,523,138,TimesFM,TimesFM,"load only, zero-shot foundation model",26,27.1857,17.0361
EWELD,test,523,138,TimesFM,TimesFM,"load only, zero-shot foundation model",27,27.0063,17.515
EWELD,test,523,138,TimesFM,TimesFM,"load only, zero-shot foundation model",28,28.4361,17.4341
EWELD,test,523,138,TimesFM,TimesFM,"load only, zero-shot foundation model",29,31.4083,17.7074
EWELD,test,523,138,TimesFM,TimesFM,"load only, zero-shot foundation model",30,30.8606,17.8278
EWELD,test,523,138,TimesFM,TimesFM,"load only, zero-shot foundation model",31,34.5046,18.3309
EWELD,test,523,138,RIDGE-L,Ridge (per unit),per-unit regression,1,22.6304,22.6304
EWELD,test,523,138,RIDGE-L,Ridge (per unit),per-unit regression,2,20.3397,22.4748
EWELD,test,523,138,RIDGE-L,Ridge (per unit),per-unit regression,3,18.8685,20.0855
EWELD,test,523,138,RIDGE-L,Ridge (per unit),per-unit regression,4,21.4318,20.0863
EWELD,test,523,138,RIDGE-L,Ridge (per unit),per-unit regression,5,19.1921,18.9638
EWELD,test,523,138,RIDGE-L,Ridge (per unit),per-unit regression,6,18.728,16.6379
EWELD,test,523,138,RIDGE-L,Ridge (per unit),per-unit regression,7,20.4754,15.3631
EWELD,test,523,138,RIDGE-L,Ridge (per unit),per-unit regression,8,21.4111,15.5694
EWELD,test,523,138,RIDGE-L,Ridge (per unit),per-unit regression,9,22.8161,15.9817
EWELD,test,523,138,RIDGE-L,Ridge (per unit),per-unit regression,10,21.0836,15.5996
EWELD,test,523,138,RIDGE-L,Ridge (per unit),per-unit regression,11,22.035,15.9508
EWELD,test,523,138,RIDGE-L,Ridge (per unit),per-unit regression,12,22.1384,15.1661
EWELD,test,523,138,RIDGE-L,Ridge (per unit),per-unit regression,13,20.6324,15.2738
EWELD,test,523,138,RIDGE-L,Ridge (per unit),per-unit regression,14,23.6068,15.4756
EWELD,test,523,138,RIDGE-L,Ridge (per unit),per-unit regression,15,26.5826,15.5314
EWELD,test,523,138,RIDGE-L,Ridge (per unit),per-unit regression,16,25.021,16.1508
EWELD,test,523,138,RIDGE-L,Ridge (per unit),per-unit regression,17,26.3544,15.2209
EWELD,test,523,138,RIDGE-L,Ridge (per unit),per-unit regression,18,26.8221,15.5743
EWELD,test,523,138,RIDGE-L,Ridge (per unit),per-unit regression,19,27.3677,16.1562
EWELD,test,523,138,RIDGE-L,Ridge (per unit),per-unit regression,20,25.5878,16.163
EWELD,test,523,138,RIDGE-L,Ridge (per unit),per-unit regression,21,25.2403,15.9357
EWELD,test,523,138,RIDGE-L,Ridge (per unit),per-unit regression,22,25.9007,16.1684
EWELD,test,523,138,RIDGE-L,Ridge (per unit),per-unit regression,23,27.9404,16.7892
EWELD,test,523,138,RIDGE-L,Ridge (per unit),per-unit regression,24,25.2094,17.2742
EWELD,test,523,138,RIDGE-L,Ridge (per unit),per-unit regression,25,27.8573,17.4551
EWELD,test,523,138,RIDGE-L,Ridge (per unit),per-unit regression,26,27.6644,17.8982
EWELD,test,523,138,RIDGE-L,Ridge (per unit),per-unit regression,27,25.5727,17.9696
EWELD,test,523,138,RIDGE-L,Ridge (per unit),per-unit regression,28,26.679,17.4905
EWELD,test,523,138,RIDGE-L,Ridge (per unit),per-unit regression,29,31.3292,18.1979
EWELD,test,523,138,RIDGE-L,Ridge (per unit),per-unit regression,30,33.0527,17.6637
EWELD,test,523,138,RIDGE-L,Ridge (per unit),per-unit regression,31,35.6012,18.9841
EWELD,test,523,138,Chronos-2-X,Chronos-2-X,"same information, zero-shot foundation model",1,12.4156,12.4156
EWELD,test,523,138,Chronos-2-X,Chronos-2-X,"same information, zero-shot foundation model",2,15.2779,13.6488
EWELD,test,523,138,Chronos-2-X,Chronos-2-X,"same information, zero-shot foundation model",3,15.5072,13.7876
EWELD,test,523,138,Chronos-2-X,Chronos-2-X,"same information, zero-shot foundation model",4,18.6669,14.7301
EWELD,test,523,138,Chronos-2-X,Chronos-2-X,"same information, zero-shot foundation model",5,17.5343,14.6622
EWELD,test,523,138,Chronos-2-X,Chronos-2-X,"same information, zero-shot foundation model",6,16.9164,13.9927
EWELD,test,523,138,Chronos-2-X,Chronos-2-X,"same information, zero-shot foundation model",7,19.2939,13.8434
EWELD,test,523,138,Chronos-2-X,Chronos-2-X,"same information, zero-shot foundation model",8,20.5043,14.051
EWELD,test,523,138,Chronos-2-X,Chronos-2-X,"same information, zero-shot foundation model",9,20.1736,13.5028
EWELD,test,523,138,Chronos-2-X,Chronos-2-X,"same information, zero-shot foundation model",10,19.8656,12.9496
EWELD,test,523,138,Chronos-2-X,Chronos-2-X,"same information, zero-shot foundation model",11,21.7252,14.4828
EWELD,test,523,138,Chronos-2-X,Chronos-2-X,"same information, zero-shot foundation model",12,21.4101,15.5733
EWELD,test,523,138,Chronos-2-X,Chronos-2-X,"same information, zero-shot foundation model",13,22.0352,16.2322
EWELD,test,523,138,Chronos-2-X,Chronos-2-X,"same information, zero-shot foundation model",14,25.6363,16.8819
EWELD,test,523,138,Chronos-2-X,Chronos-2-X,"same information, zero-shot foundation model",15,25.8084,17.6439
EWELD,test,523,138,Chronos-2-X,Chronos-2-X,"same information, zero-shot foundation model",16,26.6176,17.8222
EWELD,test,523,138,Chronos-2-X,Chronos-2-X,"same information, zero-shot foundation model",17,27.0741,18.2129
EWELD,test,523,138,Chronos-2-X,Chronos-2-X,"same information, zero-shot foundation model",18,27.9978,19.1453
EWELD,test,523,138,Chronos-2-X,Chronos-2-X,"same information, zero-shot foundation model",19,27.602,19.5017
EWELD,test,523,138,Chronos-2-X,Chronos-2-X,"same information, zero-shot foundation model",20,25.6984,19.4314
EWELD,test,523,138,Chronos-2-X,Chronos-2-X,"same information, zero-shot foundation model",21,25.7906,19.8239
EWELD,test,523,138,Chronos-2-X,Chronos-2-X,"same information, zero-shot foundation model",22,24.7537,20.0271
EWELD,test,523,138,Chronos-2-X,Chronos-2-X,"same information, zero-shot foundation model",23,23.6322,19.7604
EWELD,test,523,138,Chronos-2-X,Chronos-2-X,"same information, zero-shot foundation model",24,27.6808,20.3592
EWELD,test,523,138,Chronos-2-X,Chronos-2-X,"same information, zero-shot foundation model",25,26.7867,20.7339
EWELD,test,523,138,Chronos-2-X,Chronos-2-X,"same information, zero-shot foundation model",26,27.505,21.0119
EWELD,test,523,138,Chronos-2-X,Chronos-2-X,"same information, zero-shot foundation model",27,26.986,21.2979
EWELD,test,523,138,Chronos-2-X,Chronos-2-X,"same information, zero-shot foundation model",28,27.8872,21.3781
EWELD,test,523,138,Chronos-2-X,Chronos-2-X,"same information, zero-shot foundation model",29,29.7761,21.4567
EWELD,test,523,138,Chronos-2-X,Chronos-2-X,"same information, zero-shot foundation model",30,30.3512,22.1793
EWELD,test,523,138,Chronos-2-X,Chronos-2-X,"same information, zero-shot foundation model",31,31.6611,22.4373
EWELD,test,523,138,Chronos-2,Chronos-2,"load only, zero-shot foundation model",1,12.9329,12.9329
EWELD,test,523,138,Chronos-2,Chronos-2,"load only, zero-shot foundation model",2,13.9982,12.5633
EWELD,test,523,138,Chronos-2,Chronos-2,"load only, zero-shot foundation model",3,13.1498,12.9974
EWELD,test,523,138,Chronos-2,Chronos-2,"load only, zero-shot foundation model",4,17.2683,13.9167
EWELD,test,523,138,Chronos-2,Chronos-2,"load only, zero-shot foundation model",5,15.5827,13.4705
EWELD,test,523,138,Chronos-2,Chronos-2,"load only, zero-shot foundation model",6,14.6451,13.4694
EWELD,test,523,138,Chronos-2,Chronos-2,"load only, zero-shot foundation model",7,17.4677,12.2325
EWELD,test,523,138,Chronos-2,Chronos-2,"load only, zero-shot foundation model",8,18.9426,12.9137
EWELD,test,523,138,Chronos-2,Chronos-2,"load only, zero-shot foundation model",9,19.3563,12.4854
EWELD,test,523,138,Chronos-2,Chronos-2,"load only, zero-shot foundation model",10,20.1344,12.4272
EWELD,test,523,138,Chronos-2,Chronos-2,"load only, zero-shot foundation model",11,20.4244,13.0947
EWELD,test,523,138,Chronos-2,Chronos-2,"load only, zero-shot foundation model",12,19.2512,13.6269
EWELD,test,523,138,Chronos-2,Chronos-2,"load only, zero-shot foundation model",13,22.8786,13.4544
EWELD,test,523,138,Chronos-2,Chronos-2,"load only, zero-shot foundation model",14,24.4788,13.828
EWELD,test,523,138,Chronos-2,Chronos-2,"load only, zero-shot foundation model",15,25.3951,13.8255
EWELD,test,523,138,Chronos-2,Chronos-2,"load only, zero-shot foundation model",16,23.5411,14.4498
EWELD,test,523,138,Chronos-2,Chronos-2,"load only, zero-shot foundation model",17,25.8555,15.8653
EWELD,test,523,138,Chronos-2,Chronos-2,"load only, zero-shot foundation model",18,27.4937,16.7587
EWELD,test,523,138,Chronos-2,Chronos-2,"load only, zero-shot foundation model",19,25.9171,17.0995
EWELD,test,523,138,Chronos-2,Chronos-2,"load only, zero-shot foundation model",20,24.2955,16.9943
EWELD,test,523,138,Chronos-2,Chronos-2,"load only, zero-shot foundation model",21,23.4409,16.6064
EWELD,test,523,138,Chronos-2,Chronos-2,"load only, zero-shot foundation model",22,24.3065,16.9641
EWELD,test,523,138,Chronos-2,Chronos-2,"load only, zero-shot foundation model",23,24.3115,17.0231
EWELD,test,523,138,Chronos-2,Chronos-2,"load only, zero-shot foundation model",24,25.089,17.519
EWELD,test,523,138,Chronos-2,Chronos-2,"load only, zero-shot foundation model",25,29.2696,17.6573
EWELD,test,523,138,Chronos-2,Chronos-2,"load only, zero-shot foundation model",26,26.9694,17.7479
EWELD,test,523,138,Chronos-2,Chronos-2,"load only, zero-shot foundation model",27,29.2735,17.936
EWELD,test,523,138,Chronos-2,Chronos-2,"load only, zero-shot foundation model",28,26.6645,17.9537
EWELD,test,523,138,Chronos-2,Chronos-2,"load only, zero-shot foundation model",29,28.8279,18.1955
EWELD,test,523,138,Chronos-2,Chronos-2,"load only, zero-shot foundation model",30,28.8646,18.5519
EWELD,test,523,138,Chronos-2,Chronos-2,"load only, zero-shot foundation model",31,29.3237,18.1543
EWELD,test,523,138,ANKYRA,ANKYRA,,1,15.8829,15.8829
EWELD,test,523,138,ANKYRA,ANKYRA,,2,17.8614,14.4955
EWELD,test,523,138,ANKYRA,ANKYRA,,3,17.559,13.8916
EWELD,test,523,138,ANKYRA,ANKYRA,,4,17.6448,13.9819
EWELD,test,523,138,ANKYRA,ANKYRA,,5,17.4885,12.4691
EWELD,test,523,138,ANKYRA,ANKYRA,,6,18.181,13.4324
EWELD,test,523,138,ANKYRA,ANKYRA,,7,20.1687,13.2039
EWELD,test,523,138,ANKYRA,ANKYRA,,8,20.0383,13.2696
EWELD,test,523,138,ANKYRA,ANKYRA,,9,20.2388,12.9328
EWELD,test,523,138,ANKYRA,ANKYRA,,10,20.7067,13.5105
EWELD,test,523,138,ANKYRA,ANKYRA,,11,20.3007,13.6271
EWELD,test,523,138,ANKYRA,ANKYRA,,12,20.984,13.4007
EWELD,test,523,138,ANKYRA,ANKYRA,,13,23.5669,13.1905
EWELD,test,523,138,ANKYRA,ANKYRA,,14,24.8217,13.6103
EWELD,test,523,138,ANKYRA,ANKYRA,,15,25.0903,13.6875
EWELD,test,523,138,ANKYRA,ANKYRA,,16,24.4059,14.2165
EWELD,test,523,138,ANKYRA,ANKYRA,,17,25.5047,14.8229
EWELD,test,523,138,ANKYRA,ANKYRA,,18,27.0309,15.0387
EWELD,test,523,138,ANKYRA,ANKYRA,,19,26.9795,14.5715
EWELD,test,523,138,ANKYRA,ANKYRA,,20,25.2419,15.1593
EWELD,test,523,138,ANKYRA,ANKYRA,,21,26.5476,15.7462
EWELD,test,523,138,ANKYRA,ANKYRA,,22,26.6043,15.6289
EWELD,test,523,138,ANKYRA,ANKYRA,,23,27.3266,15.3691
EWELD,test,523,138,ANKYRA,ANKYRA,,24,26.0401,15.6255
EWELD,test,523,138,ANKYRA,ANKYRA,,25,28.1009,15.8172
EWELD,test,523,138,ANKYRA,ANKYRA,,26,27.5174,16.3064
EWELD,test,523,138,ANKYRA,ANKYRA,,27,27.4333,16.2945
EWELD,test,523,138,ANKYRA,ANKYRA,,28,26.2445,16.4862
EWELD,test,523,138,ANKYRA,ANKYRA,,29,28.9082,16.557
EWELD,test,523,138,ANKYRA,ANKYRA,,30,30.9186,16.7658
EWELD,test,523,138,ANKYRA,ANKYRA,,31,32.7905,16.9264
EWELD,test,523,138,GBT,GBT (zero-shot),zero-shot gradient boosting,1,23.8081,23.8081
EWELD,test,523,138,GBT,GBT (zero-shot),zero-shot gradient boosting,2,23.2825,20.8948
EWELD,test,523,138,GBT,GBT (zero-shot),zero-shot gradient boosting,3,21.7213,20.4655
EWELD,test,523,138,GBT,GBT (zero-shot),zero-shot gradient boosting,4,22.8296,19.636
EWELD,test,523,138,GBT,GBT (zero-shot),zero-shot gradient boosting,5,22.4271,17.5297
EWELD,test,523,138,GBT,GBT (zero-shot),zero-shot gradient boosting,6,22.1645,18.0278
EWELD,test,523,138,GBT,GBT (zero-shot),zero-shot gradient boosting,7,20.9726,16.5573
EWELD,test,523,138,GBT,GBT (zero-shot),zero-shot gradient boosting,8,20.5431,16.1162
EWELD,test,523,138,GBT,GBT (zero-shot),zero-shot gradient boosting,9,24.7282,15.7214
EWELD,test,523,138,GBT,GBT (zero-shot),zero-shot gradient boosting,10,24.1754,16.8411
EWELD,test,523,138,GBT,GBT (zero-shot),zero-shot gradient boosting,11,24.9953,16.641
EWELD,test,523,138,GBT,GBT (zero-shot),zero-shot gradient boosting,12,24.1815,16.5565
EWELD,test,523,138,GBT,GBT (zero-shot),zero-shot gradient boosting,13,22.9183,16.1718
EWELD,test,523,138,GBT,GBT (zero-shot),zero-shot gradient boosting,14,23.582,15.7808
EWELD,test,523,138,GBT,GBT (zero-shot),zero-shot gradient boosting,15,28.0879,16.592
EWELD,test,523,138,GBT,GBT (zero-shot),zero-shot gradient boosting,16,29.3604,16.8525
EWELD,test,523,138,GBT,GBT (zero-shot),zero-shot gradient boosting,17,27.4307,17.3334
EWELD,test,523,138,GBT,GBT (zero-shot),zero-shot gradient boosting,18,29.6913,17.4916
EWELD,test,523,138,GBT,GBT (zero-shot),zero-shot gradient boosting,19,26.9745,18.1098
EWELD,test,523,138,GBT,GBT (zero-shot),zero-shot gradient boosting,20,28.3814,17.5551
EWELD,test,523,138,GBT,GBT (zero-shot),zero-shot gradient boosting,21,25.8496,17.742
EWELD,test,523,138,GBT,GBT (zero-shot),zero-shot gradient boosting,22,26.6554,18.2316
EWELD,test,523,138,GBT,GBT (zero-shot),zero-shot gradient boosting,23,28.9909,18.1853
EWELD,test,523,138,GBT,GBT (zero-shot),zero-shot gradient boosting,24,27.8914,17.7375
EWELD,test,523,138,GBT,GBT (zero-shot),zero-shot gradient boosting,25,34.8457,17.769
EWELD,test,523,138,GBT,GBT (zero-shot),zero-shot gradient boosting,26,29.7398,17.964
EWELD,test,523,138,GBT,GBT (zero-shot),zero-shot gradient boosting,27,36.7485,17.687
EWELD,test,523,138,GBT,GBT (zero-shot),zero-shot gradient boosting,28,35.7238,17.8576
EWELD,test,523,138,GBT,GBT (zero-shot),zero-shot gradient boosting,29,46.0892,19.3172
EWELD,test,523,138,GBT,GBT (zero-shot),zero-shot gradient boosting,30,53.1384,20.415
EWELD,test,523,138,GBT,GBT (zero-shot),zero-shot gradient boosting,31,52.1633,21.5022
EWELD,test,523,138,Holt-Winters,Holt-Winters,"load only, statistical",1,19.5815,19.5815
EWELD,test,523,138,Holt-Winters,Holt-Winters,"load only, statistical",2,21.1261,19.1977
EWELD,test,523,138,Holt-Winters,Holt-Winters,"load only, statistical",3,23.8511,20.7521
EWELD,test,523,138,Holt-Winters,Holt-Winters,"load only, statistical",4,27.2171,21.2363
EWELD,test,523,138,Holt-Winters,Holt-Winters,"load only, statistical",5,26.0602,21.6812
EWELD,test,523,138,Holt-Winters,Holt-Winters,"load only, statistical",6,26.4985,21.5191
EWELD,test,523,138,Holt-Winters,Holt-Winters,"load only, statistical",7,26.5129,21.3746
EWELD,test,523,138,Holt-Winters,Holt-Winters,"load only, statistical",8,26.0897,22.0129
EWELD,test,523,138,Holt-Winters,Holt-Winters,"load only, statistical",9,29.3087,20.9175
EWELD,test,523,138,Holt-Winters,Holt-Winters,"load only, statistical",10,30.7364,23.2343
EWELD,test,523,138,Holt-Winters,Holt-Winters,"load only, statistical",11,29.0387,23.8323
EWELD,test,523,138,Holt-Winters,Holt-Winters,"load only, statistical",12,33.6495,24.0441
EWELD,test,523,138,Holt-Winters,Holt-Winters,"load only, statistical",13,32.9162,24.7036
EWELD,test,523,138,Holt-Winters,Holt-Winters,"load only, statistical",14,32.0045,24.8071
EWELD,test,523,138,Holt-Winters,Holt-Winters,"load only, statistical",15,29.7894,24.808
EWELD,test,523,138,Holt-Winters,Holt-Winters,"load only, statistical",16,33.2619,24.2668
EWELD,test,523,138,Holt-Winters,Holt-Winters,"load only, statistical",17,36.6146,24.5191
EWELD,test,523,138,Holt-Winters,Holt-Winters,"load only, statistical",18,36.7899,24.637
EWELD,test,523,138,Holt-Winters,Holt-Winters,"load only, statistical",19,38.9976,25.8555
EWELD,test,523,138,Holt-Winters,Holt-Winters,"load only, statistical",20,32.4355,26.3479
EWELD,test,523,138,Holt-Winters,Holt-Winters,"load only, statistical",21,36.1265,26.518
EWELD,test,523,138,Holt-Winters,Holt-Winters,"load only, statistical",22,34.7823,26.8122
EWELD,test,523,138,Holt-Winters,Holt-Winters,"load only, statistical",23,38.1111,28.1657
EWELD,test,523,138,Holt-Winters,Holt-Winters,"load only, statistical",24,38.2313,28.6713
EWELD,test,523,138,Holt-Winters,Holt-Winters,"load only, statistical",25,37.526,28.6734
EWELD,test,523,138,Holt-Winters,Holt-Winters,"load only, statistical",26,45.0117,29.4532
EWELD,test,523,138,Holt-Winters,Holt-Winters,"load only, statistical",27,39.0338,29.7562
EWELD,test,523,138,Holt-Winters,Holt-Winters,"load only, statistical",28,40.7118,29.8625
EWELD,test,523,138,Holt-Winters,Holt-Winters,"load only, statistical",29,38.9601,30.1203
EWELD,test,523,138,Holt-Winters,Holt-Winters,"load only, statistical",30,45.3286,30.5262
EWELD,test,523,138,Holt-Winters,Holt-Winters,"load only, statistical",31,42.811,30.531
EWELD,test,523,138,LYR-profile,Last-year profile,profile,1,48.0818,48.0818
EWELD,test,523,138,LYR-profile,Last-year profile,profile,2,48.7952,47.014
EWELD,test,523,138,LYR-profile,Last-year profile,profile,3,48.5169,46.0836
EWELD,test,523,138,LYR-profile,Last-year profile,profile,4,51.1962,44.373
EWELD,test,523,138,LYR-profile,Last-year profile,profile,5,49.4667,42.9886
EWELD,test,523,138,LYR-profile,Last-year profile,profile,6,54.6999,41.174
EWELD,test,523,138,LYR-profile,Last-year profile,profile,7,55.7009,42.1002
EWELD,test,523,138,LYR-profile,Last-year profile,profile,8,54.461,42.8124
EWELD,test,523,138,LYR-profile,Last-year profile,profile,9,55.1378,42.2444
EWELD,test,523,138,LYR-profile,Last-year profile,profile,10,55.5887,44.4392
EWELD,test,523,138,LYR-profile,Last-year profile,profile,11,55.0787,44.9554
EWELD,test,523,138,LYR-profile,Last-year profile,profile,12,51.9708,45.527
EWELD,test,523,138,LYR-profile,Last-year profile,profile,13,57.3487,47.2102
EWELD,test,523,138,LYR-profile,Last-year profile,profile,14,55.2029,47.9468
EWELD,test,523,138,LYR-profile,Last-year profile,profile,15,54.094,47.7771
EWELD,test,523,138,LYR-profile,Last-year profile,profile,16,49.5051,46.7918
EWELD,test,523,138,LYR-profile,Last-year profile,profile,17,54.627,46.164
EWELD,test,523,138,LYR-profile,Last-year profile,profile,18,53.8842,45.2676
EWELD,test,523,138,LYR-profile,Last-year profile,profile,19,61.9216,46.8206
EWELD,test,523,138,LYR-profile,Last-year profile,profile,20,60.1598,48.179
EWELD,test,523,138,LYR-profile,Last-year profile,profile,21,58.9013,47.6962
EWELD,test,523,138,LYR-profile,Last-year profile,profile,22,58.9635,49.3116
EWELD,test,523,138,LYR-profile,Last-year profile,profile,23,55.7796,49.2127
EWELD,test,523,138,LYR-profile,Last-year profile,profile,24,52.9141,48.3546
EWELD,test,523,138,LYR-profile,Last-year profile,profile,25,55.2444,48.202
EWELD,test,523,138,LYR-profile,Last-year profile,profile,26,52.4259,46.8356
EWELD,test,523,138,LYR-profile,Last-year profile,profile,27,51.7985,48.36
EWELD,test,523,138,LYR-profile,Last-year profile,profile,28,60.3636,49.0045
EWELD,test,523,138,LYR-profile,Last-year profile,profile,29,59.6195,49.5607
EWELD,test,523,138,LYR-profile,Last-year profile,profile,30,56.958,49.7201
EWELD,test,523,138,LYR-profile,Last-year profile,profile,31,60.6676,47.739
EWELD,test,523,138,MSTL,MSTL,"load only, statistical",1,20.9198,20.9198
EWELD,test,523,138,MSTL,MSTL,"load only, statistical",2,20.8475,20.7829
EWELD,test,523,138,MSTL,MSTL,"load only, statistical",3,20.3552,19.41
EWELD,test,523,138,MSTL,MSTL,"load only, statistical",4,20.5379,16.8015
EWELD,test,523,138,MSTL,MSTL,"load only, statistical",5,18.8009,17.6044
EWELD,test,523,138,MSTL,MSTL,"load only, statistical",6,20.8787,16.9435
EWELD,test,523,138,MSTL,MSTL,"load only, statistical",7,21.6367,15.9551
EWELD,test,523,138,MSTL,MSTL,"load only, statistical",8,22.9511,16.6355
EWELD,test,523,138,MSTL,MSTL,"load only, statistical",9,25.0973,16.4723
EWELD,test,523,138,MSTL,MSTL,"load only, statistical",10,27.3968,17.1093
EWELD,test,523,138,MSTL,MSTL,"load only, statistical",11,23.8622,17.5425
EWELD,test,523,138,MSTL,MSTL,"load only, statistical",12,25.3192,18.4144
EWELD,test,523,138,MSTL,MSTL,"load only, statistical",13,26.7173,18.7834
EWELD,test,523,138,MSTL,MSTL,"load only, statistical",14,24.8173,18.7304
EWELD,test,523,138,MSTL,MSTL,"load only, statistical",15,31.0859,18.8472
EWELD,test,523,138,MSTL,MSTL,"load only, statistical",16,33.1667,18.1574
EWELD,test,523,138,MSTL,MSTL,"load only, statistical",17,29.2851,19.1361
EWELD,test,523,138,MSTL,MSTL,"load only, statistical",18,27.3428,19.5763
EWELD,test,523,138,MSTL,MSTL,"load only, statistical",19,31.3946,19.4276
EWELD,test,523,138,MSTL,MSTL,"load only, statistical",20,31.8839,19.7146
EWELD,test,523,138,MSTL,MSTL,"load only, statistical",21,25.8977,19.834
EWELD,test,523,138,MSTL,MSTL,"load only, statistical",22,29.0774,20.3038
EWELD,test,523,138,MSTL,MSTL,"load only, statistical",23,30.7082,21.2271
EWELD,test,523,138,MSTL,MSTL,"load only, statistical",24,32.0687,21.8531
EWELD,test,523,138,MSTL,MSTL,"load only, statistical",25,31.8275,22.4234
EWELD,test,523,138,MSTL,MSTL,"load only, statistical",26,33.6176,22.2783
EWELD,test,523,138,MSTL,MSTL,"load only, statistical",27,30.3053,22.2758
EWELD,test,523,138,MSTL,MSTL,"load only, statistical",28,32.0285,22.0498
EWELD,test,523,138,MSTL,MSTL,"load only, statistical",29,37.1666,22.2055
EWELD,test,523,138,MSTL,MSTL,"load only, statistical",30,37.1633,22.7526
EWELD,test,523,138,MSTL,MSTL,"load only, statistical",31,37.4891,23.5932
EWELD,test,523,138,SN-day,Seasonal naive (day),naive,1,14.4511,14.4511
EWELD,test,523,138,SN-day,Seasonal naive (day),naive,2,15.5682,14.8727
EWELD,test,523,138,SN-day,Seasonal naive (day),naive,3,16.9622,14.4754
EWELD,test,523,138,SN-day,Seasonal naive (day),naive,4,17.2536,16.0431
EWELD,test,523,138,SN-day,Seasonal naive (day),naive,5,17.6981,15.6523
EWELD,test,523,138,SN-day,Seasonal naive (day),naive,6,18.855,15.8727
EWELD,test,523,138,SN-day,Seasonal naive (day),naive,7,19.6918,15.5737
EWELD,test,523,138,SN-day,Seasonal naive (day),naive,8,21.697,16.4569
EWELD,test,523,138,SN-day,Seasonal naive (day),naive,9,21.426,16.9197
EWELD,test,523,138,SN-day,Seasonal naive (day),naive,10,20.9747,17.0829
EWELD,test,523,138,SN-day,Seasonal naive (day),naive,11,23.6784,18.0988
EWELD,test,523,138,SN-day,Seasonal naive (day),naive,12,24.6425,17.7534
EWELD,test,523,138,SN-day,Seasonal naive (day),naive,13,23.4308,17.7688
EWELD,test,523,138,SN-day,Seasonal naive (day),naive,14,21.4577,18.3714
EWELD,test,523,138,SN-day,Seasonal naive (day),naive,15,25.7936,18.0855
EWELD,test,523,138,SN-day,Seasonal naive (day),naive,16,27.0472,18.7297
EWELD,test,523,138,SN-day,Seasonal naive (day),naive,17,26.8408,19.8334
EWELD,test,523,138,SN-day,Seasonal naive (day),naive,18,28.6654,20.6537
EWELD,test,523,138,SN-day,Seasonal naive (day),naive,19,28.4156,21.4861
EWELD,test,523,138,SN-day,Seasonal naive (day),naive,20,27.5354,21.8213
EWELD,test,523,138,SN-day,Seasonal naive (day),naive,21,24.6118,21.9739
EWELD,test,523,138,SN-day,Seasonal naive (day),naive,22,27.2081,22.4097
EWELD,test,523,138,SN-day,Seasonal naive (day),naive,23,28.2715,22.6134
EWELD,test,523,138,SN-day,Seasonal naive (day),naive,24,29.9773,22.8896
EWELD,test,523,138,SN-day,Seasonal naive (day),naive,25,30.5681,23.1415
EWELD,test,523,138,SN-day,Seasonal naive (day),naive,26,28.5279,23.0322
EWELD,test,523,138,SN-day,Seasonal naive (day),naive,27,31.6684,23.5699
EWELD,test,523,138,SN-day,Seasonal naive (day),naive,28,30.4568,23.7984
EWELD,test,523,138,SN-day,Seasonal naive (day),naive,29,32.4272,24.0549
EWELD,test,523,138,SN-day,Seasonal naive (day),naive,30,31.212,24.1176
EWELD,test,523,138,SN-day,Seasonal naive (day),naive,31,37.3358,23.7075
EWELD,test,523,138,SN-week,Seasonal naive (week),naive,1,23.003,23.003
EWELD,test,523,138,SN-week,Seasonal naive (week),naive,2,21.9772,22.3471
EWELD,test,523,138,SN-week,Seasonal naive (week),naive,3,19.7381,19.7144
EWELD,test,523,138,SN-week,Seasonal naive (week),naive,4,21.1479,21.0604
EWELD,test,523,138,SN-week,Seasonal naive (week),naive,5,18.2188,19.4976
EWELD,test,523,138,SN-week,Seasonal naive (week),naive,6,18.8996,17.8271
EWELD,test,523,138,SN-week,Seasonal naive (week),naive,7,19.6918,15.9462
EWELD,test,523,138,SN-week,Seasonal naive (week),naive,8,20.0242,15.8558
EWELD,test,523,138,SN-week,Seasonal naive (week),naive,9,19.9225,14.9901
EWELD,test,523,138,SN-week,Seasonal naive (week),naive,10,23.1469,15.212
EWELD,test,523,138,SN-week,Seasonal naive (week),naive,11,21.2861,15.1869
EWELD,test,523,138,SN-week,Seasonal naive (week),naive,12,22.307,15.8451
EWELD,test,523,138,SN-week,Seasonal naive (week),naive,13,21.8265,15.9408
EWELD,test,523,138,SN-week,Seasonal naive (week),naive,14,21.4577,16.6335
EWELD,test,523,138,SN-week,Seasonal naive (week),naive,15,26.6327,16.2204
EWELD,test,523,138,SN-week,Seasonal naive (week),naive,16,27.5617,17.3096
EWELD,test,523,138,SN-week,Seasonal naive (week),naive,17,27.2604,17.7642
EWELD,test,523,138,SN-week,Seasonal naive (week),naive,18,24.5535,17.7347
EWELD,test,523,138,SN-week,Seasonal naive (week),naive,19,29.3488,17.3412
EWELD,test,523,138,SN-week,Seasonal naive (week),naive,20,28.3666,17.6671
EWELD,test,523,138,SN-week,Seasonal naive (week),naive,21,24.6118,17.4899
EWELD,test,523,138,SN-week,Seasonal naive (week),naive,22,28.5977,17.5503
EWELD,test,523,138,SN-week,Seasonal naive (week),naive,23,26.0806,17.2586
EWELD,test,523,138,SN-week,Seasonal naive (week),naive,24,26.4232,17.7636
EWELD,test,523,138,SN-week,Seasonal naive (week),naive,25,27.3125,18.3523
EWELD,test,523,138,SN-week,Seasonal naive (week),naive,26,30.979,18.3629
EWELD,test,523,138,SN-week,Seasonal naive (week),naive,27,27.9959,18.5354
EWELD,test,523,138,SN-week,Seasonal naive (week),naive,28,30.4568,18.4273
EWELD,test,523,138,SN-week,Seasonal naive (week),naive,29,32.3565,18.5014
EWELD,test,523,138,SN-week,Seasonal naive (week),naive,30,33.2573,18.4466
EWELD,test,523,138,SN-week,Seasonal naive (week),naive,31,39.6698,18.6832
EWELD,test,523,138,SP-profile,Previous-month profile,profile,1,27.7881,27.7881
EWELD,test,523,138,SP-profile,Previous-month profile,profile,2,22.4137,26.3219
EWELD,test,523,138,SP-profile,Previous-month profile,profile,3,22.3306,23.658
EWELD,test,523,138,SP-profile,Previous-month profile,profile,4,24.3411,21.5465
EWELD,test,523,138,SP-profile,Previous-month profile,profile,5,22.0083,19.7157
EWELD,test,523,138,SP-profile,Previous-month profile,profile,6,20.2657,18.8407
EWELD,test,523,138,SP-profile,Previous-month profile,profile,7,21.0896,19.2333
EWELD,test,523,138,SP-profile,Previous-month profile,profile,8,24.0159,19.1332
EWELD,test,523,138,SP-profile,Previous-month profile,profile,9,22.379,17.771
EWELD,test,523,138,SP-profile,Previous-month profile,profile,10,25.139,17.7148
EWELD,test,523,138,SP-profile,Previous-month profile,profile,11,22.5409,17.5734
EWELD,test,523,138,SP-profile,Previous-month profile,profile,12,21.6956,17.3492
EWELD,test,523,138,SP-profile,Previous-month profile,profile,13,25.0301,17.6004
EWELD,test,523,138,SP-profile,Previous-month profile,profile,14,27.0215,17.8536
EWELD,test,523,138,SP-profile,Previous-month profile,profile,15,27.8435,17.9743
EWELD,test,523,138,SP-profile,Previous-month profile,profile,16,27.3679,18.0752
EWELD,test,523,138,SP-profile,Previous-month profile,profile,17,27.8561,17.7918
EWELD,test,523,138,SP-profile,Previous-month profile,profile,18,27.8917,17.8409
EWELD,test,523,138,SP-profile,Previous-month profile,profile,19,28.1439,17.3276
EWELD,test,523,138,SP-profile,Previous-month profile,profile,20,25.0598,17.988
EWELD,test,523,138,SP-profile,Previous-month profile,profile,21,28.308,18.0584
EWELD,test,523,138,SP-profile,Previous-month profile,profile,22,26.9101,18.0761
EWELD,test,523,138,SP-profile,Previous-month profile,profile,23,26.2547,18.1771
EWELD,test,523,138,SP-profile,Previous-month profile,profile,24,26.1866,18.3394
EWELD,test,523,138,SP-profile,Previous-month profile,profile,25,28.983,18.0322
EWELD,test,523,138,SP-profile,Previous-month profile,profile,26,26.0312,17.4802
EWELD,test,523,138,SP-profile,Previous-month profile,profile,27,24.7221,17.0022
EWELD,test,523,138,SP-profile,Previous-month profile,profile,28,25.8648,17.7828
EWELD,test,523,138,SP-profile,Previous-month profile,profile,29,32.3935,17.9888
EWELD,test,523,138,SP-profile,Previous-month profile,profile,30,30.1851,18.6344
EWELD,test,523,138,SP-profile,Previous-month profile,profile,31,37.4344,19.3671
EWELD,test,523,138,TimesFM-X,TimesFM-X,"same information, zero-shot foundation model",1,14.8081,14.8081
EWELD,test,523,138,TimesFM-X,TimesFM-X,"same information, zero-shot foundation model",2,15.7171,14.9445
EWELD,test,523,138,TimesFM-X,TimesFM-X,"same information, zero-shot foundation model",3,17.049,14.8403
EWELD,test,523,138,TimesFM-X,TimesFM-X,"same information, zero-shot foundation model",4,18.5532,14.4358
EWELD,test,523,138,TimesFM-X,TimesFM-X,"same information, zero-shot foundation model",5,17.7219,13.9183
EWELD,test,523,138,TimesFM-X,TimesFM-X,"same information, zero-shot foundation model",6,17.6463,13.8476
EWELD,test,523,138,TimesFM-X,TimesFM-X,"same information, zero-shot foundation model",7,18.3965,13.88
EWELD,test,523,138,TimesFM-X,TimesFM-X,"same information, zero-shot foundation model",8,18.4764,13.9185
EWELD,test,523,138,TimesFM-X,TimesFM-X,"same information, zero-shot foundation model",9,18.1221,14.1901
EWELD,test,523,138,TimesFM-X,TimesFM-X,"same information, zero-shot foundation model",10,19.0643,14.292
EWELD,test,523,138,TimesFM-X,TimesFM-X,"same information, zero-shot foundation model",11,20.485,14.8929
EWELD,test,523,138,TimesFM-X,TimesFM-X,"same information, zero-shot foundation model",12,19.7208,15.0059
EWELD,test,523,138,TimesFM-X,TimesFM-X,"same information, zero-shot foundation model",13,20.7279,14.9563
EWELD,test,523,138,TimesFM-X,TimesFM-X,"same information, zero-shot foundation model",14,21.5827,14.9068
EWELD,test,523,138,TimesFM-X,TimesFM-X,"same information, zero-shot foundation model",15,23.7439,14.7457
EWELD,test,523,138,TimesFM-X,TimesFM-X,"same information, zero-shot foundation model",16,22.9777,15.5134
EWELD,test,523,138,TimesFM-X,TimesFM-X,"same information, zero-shot foundation model",17,24.9808,15.8633
EWELD,test,523,138,TimesFM-X,TimesFM-X,"same information, zero-shot foundation model",18,26.1368,16.6861
EWELD,test,523,138,TimesFM-X,TimesFM-X,"same information, zero-shot foundation model",19,26.6712,16.631
EWELD,test,523,138,TimesFM-X,TimesFM-X,"same information, zero-shot foundation model",20,24.0536,16.5892
EWELD,test,523,138,TimesFM-X,TimesFM-X,"same information, zero-shot foundation model",21,24.5302,16.4351
EWELD,test,523,138,TimesFM-X,TimesFM-X,"same information, zero-shot foundation model",22,24.6204,16.0536
EWELD,test,523,138,TimesFM-X,TimesFM-X,"same information, zero-shot foundation model",23,26.3539,15.8703
EWELD,test,523,138,TimesFM-X,TimesFM-X,"same information, zero-shot foundation model",24,28.0909,15.8374
EWELD,test,523,138,TimesFM-X,TimesFM-X,"same information, zero-shot foundation model",25,27.9345,16.2744
EWELD,test,523,138,TimesFM-X,TimesFM-X,"same information, zero-shot foundation model",26,24.9606,15.799
EWELD,test,523,138,TimesFM-X,TimesFM-X,"same information, zero-shot foundation model",27,25.5647,15.9468
EWELD,test,523,138,TimesFM-X,TimesFM-X,"same information, zero-shot foundation model",28,27.7988,16.6568
EWELD,test,523,138,TimesFM-X,TimesFM-X,"same information, zero-shot foundation model",29,29.1325,17.0622
EWELD,test,523,138,TimesFM-X,TimesFM-X,"same information, zero-shot foundation model",30,33.6031,17.7912
EWELD,test,523,138,TimesFM-X,TimesFM-X,"same information, zero-shot foundation model",31,35.9346,17.8592
EWELD,test,523,138,WeekProf4,4-week profile,profile,1,27.5972,27.5972
EWELD,test,523,138,WeekProf4,4-week profile,profile,2,25.4535,26.6163
EWELD,test,523,138,WeekProf4,4-week profile,profile,3,23.2745,25.5403
EWELD,test,523,138,WeekProf4,4-week profile,profile,4,24.1845,24.4138
EWELD,test,523,138,WeekProf4,4-week profile,profile,5,22.3401,21.6802
EWELD,test,523,138,WeekProf4,4-week profile,profile,6,21.3201,19.0345
EWELD,test,523,138,WeekProf4,4-week profile,profile,7,19.8481,18.3363
EWELD,test,523,138,WeekProf4,4-week profile,profile,8,22.0495,16.929
EWELD,test,523,138,WeekProf4,4-week profile,profile,9,24.7509,18.2554
EWELD,test,523,138,WeekProf4,4-week profile,profile,10,22.6875,17.7762
EWELD,test,523,138,WeekProf4,4-week profile,profile,11,22.6439,16.0995
EWELD,test,523,138,WeekProf4,4-week profile,profile,12,23.9302,15.9831
EWELD,test,523,138,WeekProf4,4-week profile,profile,13,25.5096,15.9659
EWELD,test,523,138,WeekProf4,4-week profile,profile,14,24.7956,16.7763
EWELD,test,523,138,WeekProf4,4-week profile,profile,15,27.2788,16.6893
EWELD,test,523,138,WeekProf4,4-week profile,profile,16,29.1568,16.6395
EWELD,test,523,138,WeekProf4,4-week profile,profile,17,25.7678,16.9839
EWELD,test,523,138,WeekProf4,4-week profile,profile,18,25.3774,17.8338
EWELD,test,523,138,WeekProf4,4-week profile,profile,19,28.7972,18.0769
EWELD,test,523,138,WeekProf4,4-week profile,profile,20,27.534,17.9383
EWELD,test,523,138,WeekProf4,4-week profile,profile,21,26.8138,18.0859
EWELD,test,523,138,WeekProf4,4-week profile,profile,22,26.5542,17.9294
EWELD,test,523,138,WeekProf4,4-week profile,profile,23,27.5486,17.6075
EWELD,test,523,138,WeekProf4,4-week profile,profile,24,25.4149,17.05
EWELD,test,523,138,WeekProf4,4-week profile,profile,25,27.6016,17.785
EWELD,test,523,138,WeekProf4,4-week profile,profile,26,29.9187,18.3166
EWELD,test,523,138,WeekProf4,4-week profile,profile,27,28.0651,18.6959
EWELD,test,523,138,WeekProf4,4-week profile,profile,28,29.6459,19.0725
EWELD,test,523,138,WeekProf4,4-week profile,profile,29,32.052,19.1211
EWELD,test,523,138,WeekProf4,4-week profile,profile,30,34.5803,18.5529
EWELD,test,523,138,WeekProf4,4-week profile,profile,31,36.7004,19.4624
EWELD,test,523,138,DLinear,DLinear,"load only, trained",1,16.818,16.818
EWELD,test,523,138,DLinear,DLinear,"load only, trained",2,19.9541,16.5334
EWELD,test,523,138,DLinear,DLinear,"load only, trained",3,21.3488,17.9643
EWELD,test,523,138,DLinear,DLinear,"load only, trained",4,21.9274,17.5916
EWELD,test,523,138,DLinear,DLinear,"load only, trained",5,22.5376,17.0809
EWELD,test,523,138,DLinear,DLinear,"load only, trained",6,21.3525,16.2065
EWELD,test,523,138,DLinear,DLinear,"load only, trained",7,21.6877,15.6515
EWELD,test,523,138,DLinear,DLinear,"load only, trained",8,26.2622,15.1079
EWELD,test,523,138,DLinear,DLinear,"load only, trained",9,26.7773,16.0414
EWELD,test,523,138,DLinear,DLinear,"load only, trained",10,28.1279,17.4598
EWELD,test,523,138,DLinear,DLinear,"load only, trained",11,27.1757,17.6378
EWELD,test,523,138,DLinear,DLinear,"load only, trained",12,28.2802,17.5853
EWELD,test,523,138,DLinear,DLinear,"load only, trained",13,30.0576,17.3497
EWELD,test,523,138,DLinear,DLinear,"load only, trained",14,33.0935,18.5314
EWELD,test,523,138,DLinear,DLinear,"load only, trained",15,34.9489,18.7545
EWELD,test,523,138,DLinear,DLinear,"load only, trained",16,31.899,18.9745
EWELD,test,523,138,DLinear,DLinear,"load only, trained",17,36.3047,19.6847
EWELD,test,523,138,DLinear,DLinear,"load only, trained",18,37.5033,19.6034
EWELD,test,523,138,DLinear,DLinear,"load only, trained",19,35.2179,20.0376
EWELD,test,523,138,DLinear,DLinear,"load only, trained",20,32.6497,21.216
EWELD,test,523,138,DLinear,DLinear,"load only, trained",21,31.0153,21.3592
EWELD,test,523,138,DLinear,DLinear,"load only, trained",22,35.3917,21.2935
EWELD,test,523,138,DLinear,DLinear,"load only, trained",23,35.2348,21.2681
EWELD,test,523,138,DLinear,DLinear,"load only, trained",24,35.6432,20.8687
EWELD,test,523,138,DLinear,DLinear,"load only, trained",25,35.4802,21.2194
EWELD,test,523,138,DLinear,DLinear,"load only, trained",26,37.8452,21.6404
EWELD,test,523,138,DLinear,DLinear,"load only, trained",27,38.1991,21.8885
EWELD,test,523,138,DLinear,DLinear,"load only, trained",28,37.5627,22.698
EWELD,test,523,138,DLinear,DLinear,"load only, trained",29,39.7385,23.2912
EWELD,test,523,138,DLinear,DLinear,"load only, trained",30,39.5721,23.9631
EWELD,test,523,138,DLinear,DLinear,"load only, trained",31,40.5309,23.9152
EWELD,test,523,138,GBT-T,GBT-T,"same information, trained",1,25.2417,25.2417
EWELD,test,523,138,GBT-T,GBT-T,"same information, trained",2,24.4712,25.7862
EWELD,test,523,138,GBT-T,GBT-T,"same information, trained",3,26.1678,22.9316
EWELD,test,523,138,GBT-T,GBT-T,"same information, trained",4,28.8158,23.137
EWELD,test,523,138,GBT-T,GBT-T,"same information, trained",5,23.9209,21.9909
EWELD,test,523,138,GBT-T,GBT-T,"same information, trained",6,24.1564,20.7844
EWELD,test,523,138,GBT-T,GBT-T,"same information, trained",7,25.1941,19.9555
EWELD,test,523,138,GBT-T,GBT-T,"same information, trained",8,25.2887,19.1044
EWELD,test,523,138,GBT-T,GBT-T,"same information, trained",9,25.9774,18.6252
EWELD,test,523,138,GBT-T,GBT-T,"same information, trained",10,28.0274,18.717
EWELD,test,523,138,GBT-T,GBT-T,"same information, trained",11,25.8694,18.4287
EWELD,test,523,138,GBT-T,GBT-T,"same information, trained",12,26.651,19.165
EWELD,test,523,138,GBT-T,GBT-T,"same information, trained",13,28.141,19.3133
EWELD,test,523,138,GBT-T,GBT-T,"same information, trained",14,29.9292,19.3572
EWELD,test,523,138,GBT-T,GBT-T,"same information, trained",15,31.163,19.5717
EWELD,test,523,138,GBT-T,GBT-T,"same information, trained",16,30.0441,20.6483
EWELD,test,523,138,GBT-T,GBT-T,"same information, trained",17,31.2974,21.2372
EWELD,test,523,138,GBT-T,GBT-T,"same information, trained",18,34.9775,20.9112
EWELD,test,523,138,GBT-T,GBT-T,"same information, trained",19,33.9712,21.7601
EWELD,test,523,138,GBT-T,GBT-T,"same information, trained",20,34.1362,21.9049
EWELD,test,523,138,GBT-T,GBT-T,"same information, trained",21,33.0919,22.5111
EWELD,test,523,138,GBT-T,GBT-T,"same information, trained",22,30.5788,22.9696
EWELD,test,523,138,GBT-T,GBT-T,"same information, trained",23,37.7253,23.076
EWELD,test,523,138,GBT-T,GBT-T,"same information, trained",24,35.1651,22.8481
EWELD,test,523,138,GBT-T,GBT-T,"same information, trained",25,34.6622,23.0503
EWELD,test,523,138,GBT-T,GBT-T,"same information, trained",26,30.6401,23.1758
EWELD,test,523,138,GBT-T,GBT-T,"same information, trained",27,32.0731,23.0285
EWELD,test,523,138,GBT-T,GBT-T,"same information, trained",28,31.6115,22.9272
EWELD,test,523,138,GBT-T,GBT-T,"same information, trained",29,35.2067,23.0738
EWELD,test,523,138,GBT-T,GBT-T,"same information, trained",30,53.3668,23.2367
EWELD,test,523,138,GBT-T,GBT-T,"same information, trained",31,45.7241,23.5945
EWELD,test,523,138,iTransformer-X,iTransformer-X,"same information, trained",1,17.2353,17.2353
EWELD,test,523,138,iTransformer-X,iTransformer-X,"same information, trained",2,18.8052,17.8443
EWELD,test,523,138,iTransformer-X,iTransformer-X,"same information, trained",3,18.9006,18.0507
EWELD,test,523,138,iTransformer-X,iTransformer-X,"same information, trained",4,19.827,17.7161
EWELD,test,523,138,iTransformer-X,iTransformer-X,"same information, trained",5,17.5356,16.2041
EWELD,test,523,138,iTransformer-X,iTransformer-X,"same information, trained",6,17.4112,15.8741
EWELD,test,523,138,iTransformer-X,iTransformer-X,"same information, trained",7,18.0736,15.4025
EWELD,test,523,138,iTransformer-X,iTransformer-X,"same information, trained",8,18.8194,14.964
EWELD,test,523,138,iTransformer-X,iTransformer-X,"same information, trained",9,21.5822,15.0399
EWELD,test,523,138,iTransformer-X,iTransformer-X,"same information, trained",10,22.1899,14.3659
EWELD,test,523,138,iTransformer-X,iTransformer-X,"same information, trained",11,23.87,15.1787
EWELD,test,523,138,iTransformer-X,iTransformer-X,"same information, trained",12,24.6745,15.1724
EWELD,test,523,138,iTransformer-X,iTransformer-X,"same information, trained",13,23.2476,14.4977
EWELD,test,523,138,iTransformer-X,iTransformer-X,"same information, trained",14,24.4178,14.2954
EWELD,test,523,138,iTransformer-X,iTransformer-X,"same information, trained",15,28.4977,14.4643
EWELD,test,523,138,iTransformer-X,iTransformer-X,"same information, trained",16,26.1938,15.0422
EWELD,test,523,138,iTransformer-X,iTransformer-X,"same information, trained",17,26.6283,15.7766
EWELD,test,523,138,iTransformer-X,iTransformer-X,"same information, trained",18,26.3571,16.2904
EWELD,test,523,138,iTransformer-X,iTransformer-X,"same information, trained",19,28.3481,16.654
EWELD,test,523,138,iTransformer-X,iTransformer-X,"same information, trained",20,24.2456,16.4912
EWELD,test,523,138,iTransformer-X,iTransformer-X,"same information, trained",21,24.5299,17.3856
EWELD,test,523,138,iTransformer-X,iTransformer-X,"same information, trained",22,24.2589,17.4766
EWELD,test,523,138,iTransformer-X,iTransformer-X,"same information, trained",23,28.8194,17.73
EWELD,test,523,138,iTransformer-X,iTransformer-X,"same information, trained",24,28.9073,18.6056
EWELD,test,523,138,iTransformer-X,iTransformer-X,"same information, trained",25,25.8988,18.824
EWELD,test,523,138,iTransformer-X,iTransformer-X,"same information, trained",26,29.4061,19.1937
EWELD,test,523,138,iTransformer-X,iTransformer-X,"same information, trained",27,27.2034,19.3571
EWELD,test,523,138,iTransformer-X,iTransformer-X,"same information, trained",28,26.7319,19.5852
EWELD,test,523,138,iTransformer-X,iTransformer-X,"same information, trained",29,28.1647,19.5362
EWELD,test,523,138,iTransformer-X,iTransformer-X,"same information, trained",30,31.38,19.1983
EWELD,test,523,138,iTransformer-X,iTransformer-X,"same information, trained",31,33.3365,19.4319
EWELD,test,523,138,iTransformer,iTransformer,"load only, trained",1,18.0835,18.0835
EWELD,test,523,138,iTransformer,iTransformer,"load only, trained",2,19.5747,18.1289
EWELD,test,523,138,iTransformer,iTransformer,"load only, trained",3,19.3705,16.6396
EWELD,test,523,138,iTransformer,iTransformer,"load only, trained",4,20.0943,17.8758
EWELD,test,523,138,iTransformer,iTransformer,"load only, trained",5,19.587,17.1899
EWELD,test,523,138,iTransformer,iTransformer,"load only, trained",6,19.1298,16.2099
EWELD,test,523,138,iTransformer,iTransformer,"load only, trained",7,20.1638,15.4183
EWELD,test,523,138,iTransformer,iTransformer,"load only, trained",8,24.6344,16.301
EWELD,test,523,138,iTransformer,iTransformer,"load only, trained",9,24.4746,16.2469
EWELD,test,523,138,iTransformer,iTransformer,"load only, trained",10,24.0896,15.8401
EWELD,test,523,138,iTransformer,iTransformer,"load only, trained",11,24.7514,16.3876
EWELD,test,523,138,iTransformer,iTransformer,"load only, trained",12,24.6271,15.9977
EWELD,test,523,138,iTransformer,iTransformer,"load only, trained",13,25.4064,15.1695
EWELD,test,523,138,iTransformer,iTransformer,"load only, trained",14,26.0399,15.6713
EWELD,test,523,138,iTransformer,iTransformer,"load only, trained",15,28.889,16.1312
EWELD,test,523,138,iTransformer,iTransformer,"load only, trained",16,25.9825,17.193
EWELD,test,523,138,iTransformer,iTransformer,"load only, trained",17,29.5641,17.6617
EWELD,test,523,138,iTransformer,iTransformer,"load only, trained",18,28.0153,18.3067
EWELD,test,523,138,iTransformer,iTransformer,"load only, trained",19,27.3273,18.4351
EWELD,test,523,138,iTransformer,iTransformer,"load only, trained",20,24.3586,18.1475
EWELD,test,523,138,iTransformer,iTransformer,"load only, trained",21,25.6706,17.5438
EWELD,test,523,138,iTransformer,iTransformer,"load only, trained",22,26.3671,17.6602
EWELD,test,523,138,iTransformer,iTransformer,"load only, trained",23,27.0538,17.5637
EWELD,test,523,138,iTransformer,iTransformer,"load only, trained",24,26.7273,17.1272
EWELD,test,523,138,iTransformer,iTransformer,"load only, trained",25,29.8309,17.4808
EWELD,test,523,138,iTransformer,iTransformer,"load only, trained",26,29.7933,17.1434
EWELD,test,523,138,iTransformer,iTransformer,"load only, trained",27,27.9349,17.7514
EWELD,test,523,138,iTransformer,iTransformer,"load only, trained",28,29.6655,18.0317
EWELD,test,523,138,iTransformer,iTransformer,"load only, trained",29,32.3566,18.0879
EWELD,test,523,138,iTransformer,iTransformer,"load only, trained",30,30.4893,18.3216
EWELD,test,523,138,iTransformer,iTransformer,"load only, trained",31,33.2497,18.8702
EWELD,test,523,138,LSTM,LSTM,"load only, trained",1,18.4754,18.4754
EWELD,test,523,138,LSTM,LSTM,"load only, trained",2,23.7905,20.0935
EWELD,test,523,138,LSTM,LSTM,"load only, trained",3,23.6361,20.304
EWELD,test,523,138,LSTM,LSTM,"load only, trained",4,26.0774,19.8993
EWELD,test,523,138,LSTM,LSTM,"load only, trained",5,26.7914,18.8378
EWELD,test,523,138,LSTM,LSTM,"load only, trained",6,26.9173,19.5095
EWELD,test,523,138,LSTM,LSTM,"load only, trained",7,28.4096,19.8049
EWELD,test,523,138,LSTM,LSTM,"load only, trained",8,29.5469,20.1094
EWELD,test,523,138,LSTM,LSTM,"load only, trained",9,29.6802,20.8648
EWELD,test,523,138,LSTM,LSTM,"load only, trained",10,29.0624,21.6357
EWELD,test,523,138,LSTM,LSTM,"load only, trained",11,31.3303,21.9329
EWELD,test,523,138,LSTM,LSTM,"load only, trained",12,31.5127,22.1659
EWELD,test,523,138,LSTM,LSTM,"load only, trained",13,30.665,22.3662
EWELD,test,523,138,LSTM,LSTM,"load only, trained",14,34.6503,22.3321
EWELD,test,523,138,LSTM,LSTM,"load only, trained",15,36.7258,22.5219
EWELD,test,523,138,LSTM,LSTM,"load only, trained",16,33.0207,22.8801
EWELD,test,523,138,LSTM,LSTM,"load only, trained",17,39.3501,23.6816
EWELD,test,523,138,LSTM,LSTM,"load only, trained",18,37.7133,23.8237
EWELD,test,523,138,LSTM,LSTM,"load only, trained",19,37.8247,24.0537
EWELD,test,523,138,LSTM,LSTM,"load only, trained",20,39.4578,24.5546
EWELD,test,523,138,LSTM,LSTM,"load only, trained",21,38.0016,25.388
EWELD,test,523,138,LSTM,LSTM,"load only, trained",22,40.5069,26.0277
EWELD,test,523,138,LSTM,LSTM,"load only, trained",23,39.4836,26.1346
EWELD,test,523,138,LSTM,LSTM,"load only, trained",24,40.4127,25.706
EWELD,test,523,138,LSTM,LSTM,"load only, trained",25,38.807,24.6326
EWELD,test,523,138,LSTM,LSTM,"load only, trained",26,41.2926,26.0875
EWELD,test,523,138,LSTM,LSTM,"load only, trained",27,39.6577,26.7549
EWELD,test,523,138,LSTM,LSTM,"load only, trained",28,40.4988,26.7184
EWELD,test,523,138,LSTM,LSTM,"load only, trained",29,43.8035,26.647
EWELD,test,523,138,LSTM,LSTM,"load only, trained",30,42.6564,27.8996
EWELD,test,523,138,LSTM,LSTM,"load only, trained",31,43.3166,27.975
EWELD,test,523,138,PatchTST,PatchTST,"load only, trained",1,14.683,14.683
EWELD,test,523,138,PatchTST,PatchTST,"load only, trained",2,17.831,15.217
EWELD,test,523,138,PatchTST,PatchTST,"load only, trained",3,17.6143,16.3748
EWELD,test,523,138,PatchTST,PatchTST,"load only, trained",4,20.539,16.5378
EWELD,test,523,138,PatchTST,PatchTST,"load only, trained",5,17.7631,15.1988
EWELD,test,523,138,PatchTST,PatchTST,"load only, trained",6,19.3316,14.5832
EWELD,test,523,138,PatchTST,PatchTST,"load only, trained",7,19.6438,14.1178
EWELD,test,523,138,PatchTST,PatchTST,"load only, trained",8,22.7776,14.1863
EWELD,test,523,138,PatchTST,PatchTST,"load only, trained",9,24.7363,14.2047
EWELD,test,523,138,PatchTST,PatchTST,"load only, trained",10,22.341,14.3903
EWELD,test,523,138,PatchTST,PatchTST,"load only, trained",11,25.0472,13.0893
EWELD,test,523,138,PatchTST,PatchTST,"load only, trained",12,26.286,14.1547
EWELD,test,523,138,PatchTST,PatchTST,"load only, trained",13,23.6404,14.6633
EWELD,test,523,138,PatchTST,PatchTST,"load only, trained",14,24.044,14.3265
EWELD,test,523,138,PatchTST,PatchTST,"load only, trained",15,28.9871,14.3927
EWELD,test,523,138,PatchTST,PatchTST,"load only, trained",16,27.1384,15.6277
EWELD,test,523,138,PatchTST,PatchTST,"load only, trained",17,28.3798,16.1081
EWELD,test,523,138,PatchTST,PatchTST,"load only, trained",18,29.6213,16.2438
EWELD,test,523,138,PatchTST,PatchTST,"load only, trained",19,29.5223,15.6879
EWELD,test,523,138,PatchTST,PatchTST,"load only, trained",20,24.2827,16.3402
EWELD,test,523,138,PatchTST,PatchTST,"load only, trained",21,26.9918,16.763
EWELD,test,523,138,PatchTST,PatchTST,"load only, trained",22,27.4474,17.4673
EWELD,test,523,138,PatchTST,PatchTST,"load only, trained",23,31.24,17.2848
EWELD,test,523,138,PatchTST,PatchTST,"load only, trained",24,27.1192,16.772
EWELD,test,523,138,PatchTST,PatchTST,"load only, trained",25,29.7356,16.8417
EWELD,test,523,138,PatchTST,PatchTST,"load only, trained",26,30.7033,17.5108
EWELD,test,523,138,PatchTST,PatchTST,"load only, trained",27,27.9539,17.3613
EWELD,test,523,138,PatchTST,PatchTST,"load only, trained",28,29.0004,18.2493
EWELD,test,523,138,PatchTST,PatchTST,"load only, trained",29,31.036,18.2688
EWELD,test,523,138,PatchTST,PatchTST,"load only, trained",30,33.573,17.9219
EWELD,test,523,138,PatchTST,PatchTST,"load only, trained",31,35.4116,17.522
EWELD,test,523,138,TiDE,TiDE,"same information, trained",1,16.5853,16.5853
EWELD,test,523,138,TiDE,TiDE,"same information, trained",2,19.381,17.9065
EWELD,test,523,138,TiDE,TiDE,"same information, trained",3,21.3271,17.5851
EWELD,test,523,138,TiDE,TiDE,"same information, trained",4,21.7516,17.7375
EWELD,test,523,138,TiDE,TiDE,"same information, trained",5,22.9457,17.1123
EWELD,test,523,138,TiDE,TiDE,"same information, trained",6,22.6367,16.1146
EWELD,test,523,138,TiDE,TiDE,"same information, trained",7,21.6897,15.2893
EWELD,test,523,138,TiDE,TiDE,"same information, trained",8,26.9821,15.2591
EWELD,test,523,138,TiDE,TiDE,"same information, trained",9,26.2968,16.8902
EWELD,test,523,138,TiDE,TiDE,"same information, trained",10,29.8243,17.4311
EWELD,test,523,138,TiDE,TiDE,"same information, trained",11,28.8192,17.7034
EWELD,test,523,138,TiDE,TiDE,"same information, trained",12,29.4076,18.0943
EWELD,test,523,138,TiDE,TiDE,"same information, trained",13,29.8865,18.4892
EWELD,test,523,138,TiDE,TiDE,"same information, trained",14,32.4094,18.8975
EWELD,test,523,138,TiDE,TiDE,"same information, trained",15,34.4927,18.9811
EWELD,test,523,138,TiDE,TiDE,"same information, trained",16,33.1217,19.935
EWELD,test,523,138,TiDE,TiDE,"same information, trained",17,36.6428,20.288
EWELD,test,523,138,TiDE,TiDE,"same information, trained",18,37.9764,20.1316
EWELD,test,523,138,TiDE,TiDE,"same information, trained",19,35.2683,20.7059
EWELD,test,523,138,TiDE,TiDE,"same information, trained",20,31.7909,21.2934
EWELD,test,523,138,TiDE,TiDE,"same information, trained",21,32.3351,21.3663
EWELD,test,523,138,TiDE,TiDE,"same information, trained",22,34.227,21.0134
EWELD,test,523,138,TiDE,TiDE,"same information, trained",23,34.537,21.2816
EWELD,test,523,138,TiDE,TiDE,"same information, trained",24,34.1561,21.3327
EWELD,test,523,138,TiDE,TiDE,"same information, trained",25,35.4612,21.4777
EWELD,test,523,138,TiDE,TiDE,"same information, trained",26,36.0433,22.1006
EWELD,test,523,138,TiDE,TiDE,"same information, trained",27,37.4696,22.5463
EWELD,test,523,138,TiDE,TiDE,"same information, trained",28,35.8378,22.7044
EWELD,test,523,138,TiDE,TiDE,"same information, trained",29,39.3125,23.8945
EWELD,test,523,138,TiDE,TiDE,"same information, trained",30,39.5888,23.8801
EWELD,test,523,138,TiDE,TiDE,"same information, trained",31,39.8323,23.4564
GoiEner non-household,test,890,435,TimesFM,TimesFM,"load only, zero-shot foundation model",1,10.8582,10.8582
GoiEner non-household,test,890,435,TimesFM,TimesFM,"load only, zero-shot foundation model",2,13.5131,10.8378
GoiEner non-household,test,890,435,TimesFM,TimesFM,"load only, zero-shot foundation model",3,12.9178,11.2843
GoiEner non-household,test,890,435,TimesFM,TimesFM,"load only, zero-shot foundation model",4,12.6679,11.4099
GoiEner non-household,test,890,435,TimesFM,TimesFM,"load only, zero-shot foundation model",5,12.5063,10.8594
GoiEner non-household,test,890,435,TimesFM,TimesFM,"load only, zero-shot foundation model",6,13.9099,10.7198
GoiEner non-household,test,890,435,TimesFM,TimesFM,"load only, zero-shot foundation model",7,12.8953,10.6964
GoiEner non-household,test,890,435,TimesFM,TimesFM,"load only, zero-shot foundation model",8,13.7798,10.8438
GoiEner non-household,test,890,435,TimesFM,TimesFM,"load only, zero-shot foundation model",9,16.2764,10.9596
GoiEner non-household,test,890,435,TimesFM,TimesFM,"load only, zero-shot foundation model",10,18.3801,11.5071
GoiEner non-household,test,890,435,TimesFM,TimesFM,"load only, zero-shot foundation model",11,17.2151,12.2008
GoiEner non-household,test,890,435,TimesFM,TimesFM,"load only, zero-shot foundation model",12,15.8165,12.2587
GoiEner non-household,test,890,435,TimesFM,TimesFM,"load only, zero-shot foundation model",13,16.5515,12.3923
GoiEner non-household,test,890,435,TimesFM,TimesFM,"load only, zero-shot foundation model",14,15.1689,12.4827
GoiEner non-household,test,890,435,TimesFM,TimesFM,"load only, zero-shot foundation model",15,15.3753,12.6024
GoiEner non-household,test,890,435,TimesFM,TimesFM,"load only, zero-shot foundation model",16,18.1624,12.8055
GoiEner non-household,test,890,435,TimesFM,TimesFM,"load only, zero-shot foundation model",17,19.9399,12.9011
GoiEner non-household,test,890,435,TimesFM,TimesFM,"load only, zero-shot foundation model",18,18.171,13.3075
GoiEner non-household,test,890,435,TimesFM,TimesFM,"load only, zero-shot foundation model",19,18.0077,13.4664
GoiEner non-household,test,890,435,TimesFM,TimesFM,"load only, zero-shot foundation model",20,19.8454,13.8408
GoiEner non-household,test,890,435,TimesFM,TimesFM,"load only, zero-shot foundation model",21,17.8859,13.9555
GoiEner non-household,test,890,435,TimesFM,TimesFM,"load only, zero-shot foundation model",22,18.3318,14.2571
GoiEner non-household,test,890,435,TimesFM,TimesFM,"load only, zero-shot foundation model",23,21.0317,14.4221
GoiEner non-household,test,890,435,TimesFM,TimesFM,"load only, zero-shot foundation model",24,23.8833,14.6643
GoiEner non-household,test,890,435,TimesFM,TimesFM,"load only, zero-shot foundation model",25,22.0374,14.9775
GoiEner non-household,test,890,435,TimesFM,TimesFM,"load only, zero-shot foundation model",26,21.0018,15.2586
GoiEner non-household,test,890,435,TimesFM,TimesFM,"load only, zero-shot foundation model",27,21.9418,15.4094
GoiEner non-household,test,890,435,TimesFM,TimesFM,"load only, zero-shot foundation model",28,21.3976,15.5405
GoiEner non-household,test,890,435,TimesFM,TimesFM,"load only, zero-shot foundation model",29,18.2823,15.4527
GoiEner non-household,test,890,435,TimesFM,TimesFM,"load only, zero-shot foundation model",30,23.2105,15.7231
GoiEner non-household,test,890,435,TimesFM,TimesFM,"load only, zero-shot foundation model",31,24.9232,15.9119
GoiEner non-household,test,890,435,Chronos-2-X,Chronos-2-X,"same information, zero-shot foundation model",1,10.4083,10.4083
GoiEner non-household,test,890,435,Chronos-2-X,Chronos-2-X,"same information, zero-shot foundation model",2,13.2779,11.3254
GoiEner non-household,test,890,435,Chronos-2-X,Chronos-2-X,"same information, zero-shot foundation model",3,13.4576,11.5076
GoiEner non-household,test,890,435,Chronos-2-X,Chronos-2-X,"same information, zero-shot foundation model",4,13.1984,11.6714
GoiEner non-household,test,890,435,Chronos-2-X,Chronos-2-X,"same information, zero-shot foundation model",5,12.1947,11.6586
GoiEner non-household,test,890,435,Chronos-2-X,Chronos-2-X,"same information, zero-shot foundation model",6,14.1024,11.5917
GoiEner non-household,test,890,435,Chronos-2-X,Chronos-2-X,"same information, zero-shot foundation model",7,13.493,11.6601
GoiEner non-household,test,890,435,Chronos-2-X,Chronos-2-X,"same information, zero-shot foundation model",8,13.1852,11.5965
GoiEner non-household,test,890,435,Chronos-2-X,Chronos-2-X,"same information, zero-shot foundation model",9,15.2604,11.7554
GoiEner non-household,test,890,435,Chronos-2-X,Chronos-2-X,"same information, zero-shot foundation model",10,16.7509,12.1281
GoiEner non-household,test,890,435,Chronos-2-X,Chronos-2-X,"same information, zero-shot foundation model",11,15.0733,12.4642
GoiEner non-household,test,890,435,Chronos-2-X,Chronos-2-X,"same information, zero-shot foundation model",12,14.2043,12.4809
GoiEner non-household,test,890,435,Chronos-2-X,Chronos-2-X,"same information, zero-shot foundation model",13,15.8402,12.7079
GoiEner non-household,test,890,435,Chronos-2-X,Chronos-2-X,"same information, zero-shot foundation model",14,14.132,12.7152
GoiEner non-household,test,890,435,Chronos-2-X,Chronos-2-X,"same information, zero-shot foundation model",15,13.0795,12.5393
GoiEner non-household,test,890,435,Chronos-2-X,Chronos-2-X,"same information, zero-shot foundation model",16,15.6639,12.7704
GoiEner non-household,test,890,435,Chronos-2-X,Chronos-2-X,"same information, zero-shot foundation model",17,19.4554,12.985
GoiEner non-household,test,890,435,Chronos-2-X,Chronos-2-X,"same information, zero-shot foundation model",18,16.8467,13.2276
GoiEner non-household,test,890,435,Chronos-2-X,Chronos-2-X,"same information, zero-shot foundation model",19,17.5025,13.4773
GoiEner non-household,test,890,435,Chronos-2-X,Chronos-2-X,"same information, zero-shot foundation model",20,17.0628,13.5988
GoiEner non-household,test,890,435,Chronos-2-X,Chronos-2-X,"same information, zero-shot foundation model",21,16.6725,13.62
GoiEner non-household,test,890,435,Chronos-2-X,Chronos-2-X,"same information, zero-shot foundation model",22,15.306,13.6539
GoiEner non-household,test,890,435,Chronos-2-X,Chronos-2-X,"same information, zero-shot foundation model",23,19.2952,13.7841
GoiEner non-household,test,890,435,Chronos-2-X,Chronos-2-X,"same information, zero-shot foundation model",24,20.7173,13.8463
GoiEner non-household,test,890,435,Chronos-2-X,Chronos-2-X,"same information, zero-shot foundation model",25,19.6929,13.9176
GoiEner non-household,test,890,435,Chronos-2-X,Chronos-2-X,"same information, zero-shot foundation model",26,18.251,14.0638
GoiEner non-household,test,890,435,Chronos-2-X,Chronos-2-X,"same information, zero-shot foundation model",27,20.2805,14.1537
GoiEner non-household,test,890,435,Chronos-2-X,Chronos-2-X,"same information, zero-shot foundation model",28,19.6228,14.166
GoiEner non-household,test,890,435,Chronos-2-X,Chronos-2-X,"same information, zero-shot foundation model",29,16.5589,14.0976
GoiEner non-household,test,890,435,Chronos-2-X,Chronos-2-X,"same information, zero-shot foundation model",30,20.1907,14.2082
GoiEner non-household,test,890,435,Chronos-2-X,Chronos-2-X,"same information, zero-shot foundation model",31,22.1125,14.4325
GoiEner non-household,test,890,435,Chronos-2,Chronos-2,"load only, zero-shot foundation model",1,10.9959,10.9959
GoiEner non-household,test,890,435,Chronos-2,Chronos-2,"load only, zero-shot foundation model",2,13.1744,11.6464
GoiEner non-household,test,890,435,Chronos-2,Chronos-2,"load only, zero-shot foundation model",3,13.2515,12.0704
GoiEner non-household,test,890,435,Chronos-2,Chronos-2,"load only, zero-shot foundation model",4,12.8504,11.9751
GoiEner non-household,test,890,435,Chronos-2,Chronos-2,"load only, zero-shot foundation model",5,11.6695,11.5804
GoiEner non-household,test,890,435,Chronos-2,Chronos-2,"load only, zero-shot foundation model",6,13.1593,11.6766
GoiEner non-household,test,890,435,Chronos-2,Chronos-2,"load only, zero-shot foundation model",7,12.7219,11.6762
GoiEner non-household,test,890,435,Chronos-2,Chronos-2,"load only, zero-shot foundation model",8,12.9927,11.783
GoiEner non-household,test,890,435,Chronos-2,Chronos-2,"load only, zero-shot foundation model",9,16.4006,12.1341
GoiEner non-household,test,890,435,Chronos-2,Chronos-2,"load only, zero-shot foundation model",10,16.8225,12.6865
GoiEner non-household,test,890,435,Chronos-2,Chronos-2,"load only, zero-shot foundation model",11,15.7735,12.9281
GoiEner non-household,test,890,435,Chronos-2,Chronos-2,"load only, zero-shot foundation model",12,14.3213,13.0705
GoiEner non-household,test,890,435,Chronos-2,Chronos-2,"load only, zero-shot foundation model",13,15.6427,13.0674
GoiEner non-household,test,890,435,Chronos-2,Chronos-2,"load only, zero-shot foundation model",14,13.5367,12.8839
GoiEner non-household,test,890,435,Chronos-2,Chronos-2,"load only, zero-shot foundation model",15,13.5093,12.7176
GoiEner non-household,test,890,435,Chronos-2,Chronos-2,"load only, zero-shot foundation model",16,16.7037,12.8765
GoiEner non-household,test,890,435,Chronos-2,Chronos-2,"load only, zero-shot foundation model",17,19.0877,13.22
GoiEner non-household,test,890,435,Chronos-2,Chronos-2,"load only, zero-shot foundation model",18,18.5713,13.2506
GoiEner non-household,test,890,435,Chronos-2,Chronos-2,"load only, zero-shot foundation model",19,18.4174,13.5831
GoiEner non-household,test,890,435,Chronos-2,Chronos-2,"load only, zero-shot foundation model",20,17.8023,13.9647
GoiEner non-household,test,890,435,Chronos-2,Chronos-2,"load only, zero-shot foundation model",21,17.2512,13.9918
GoiEner non-household,test,890,435,Chronos-2,Chronos-2,"load only, zero-shot foundation model",22,16.2708,14.0437
GoiEner non-household,test,890,435,Chronos-2,Chronos-2,"load only, zero-shot foundation model",23,21.4742,14.2387
GoiEner non-household,test,890,435,Chronos-2,Chronos-2,"load only, zero-shot foundation model",24,22.2913,14.5176
GoiEner non-household,test,890,435,Chronos-2,Chronos-2,"load only, zero-shot foundation model",25,21.7372,14.7743
GoiEner non-household,test,890,435,Chronos-2,Chronos-2,"load only, zero-shot foundation model",26,20.294,14.893
GoiEner non-household,test,890,435,Chronos-2,Chronos-2,"load only, zero-shot foundation model",27,21.8449,14.9332
GoiEner non-household,test,890,435,Chronos-2,Chronos-2,"load only, zero-shot foundation model",28,21.1015,15.0178
GoiEner non-household,test,890,435,Chronos-2,Chronos-2,"load only, zero-shot foundation model",29,18.4832,15.0783
GoiEner non-household,test,890,435,Chronos-2,Chronos-2,"load only, zero-shot foundation model",30,22.905,15.1914
GoiEner non-household,test,890,435,Chronos-2,Chronos-2,"load only, zero-shot foundation model",31,23.9287,15.3104
GoiEner non-household,test,890,435,ANKYRA,ANKYRA,,1,12.3971,12.3971
GoiEner non-household,test,890,435,ANKYRA,ANKYRA,,2,13.5622,10.9641
GoiEner non-household,test,890,435,ANKYRA,ANKYRA,,3,12.6519,10.8843
GoiEner non-household,test,890,435,ANKYRA,ANKYRA,,4,12.8865,10.3476
GoiEner non-household,test,890,435,ANKYRA,ANKYRA,,5,12.3369,9.8419
GoiEner non-household,test,890,435,ANKYRA,ANKYRA,,6,13.6657,9.3265
GoiEner non-household,test,890,435,ANKYRA,ANKYRA,,7,13.2218,9.0724
GoiEner non-household,test,890,435,ANKYRA,ANKYRA,,8,13.9225,8.858
GoiEner non-household,test,890,435,ANKYRA,ANKYRA,,9,15.4879,8.8881
GoiEner non-household,test,890,435,ANKYRA,ANKYRA,,10,16.5219,9.2321
GoiEner non-household,test,890,435,ANKYRA,ANKYRA,,11,16.1659,9.365
GoiEner non-household,test,890,435,ANKYRA,ANKYRA,,12,15.3585,9.5167
GoiEner non-household,test,890,435,ANKYRA,ANKYRA,,13,15.7853,9.4953
GoiEner non-household,test,890,435,ANKYRA,ANKYRA,,14,14.9644,9.562
GoiEner non-household,test,890,435,ANKYRA,ANKYRA,,15,16.4231,9.6165
GoiEner non-household,test,890,435,ANKYRA,ANKYRA,,16,16.1176,9.7107
GoiEner non-household,test,890,435,ANKYRA,ANKYRA,,17,17.8445,9.858
GoiEner non-household,test,890,435,ANKYRA,ANKYRA,,18,16.4376,9.9205
GoiEner non-household,test,890,435,ANKYRA,ANKYRA,,19,16.8992,9.9214
GoiEner non-household,test,890,435,ANKYRA,ANKYRA,,20,19.578,9.9736
GoiEner non-household,test,890,435,ANKYRA,ANKYRA,,21,17.2789,10.1745
GoiEner non-household,test,890,435,ANKYRA,ANKYRA,,22,18.4411,10.2779
GoiEner non-household,test,890,435,ANKYRA,ANKYRA,,23,19.6497,10.4198
GoiEner non-household,test,890,435,ANKYRA,ANKYRA,,24,20.705,10.7368
GoiEner non-household,test,890,435,ANKYRA,ANKYRA,,25,20.0507,10.8496
GoiEner non-household,test,890,435,ANKYRA,ANKYRA,,26,18.9885,10.9517
GoiEner non-household,test,890,435,ANKYRA,ANKYRA,,27,19.9295,11.0446
GoiEner non-household,test,890,435,ANKYRA,ANKYRA,,28,19.7636,11.2382
GoiEner non-household,test,890,435,ANKYRA,ANKYRA,,29,18.2494,11.2565
GoiEner non-household,test,890,435,ANKYRA,ANKYRA,,30,21.6585,11.3562
GoiEner non-household,test,890,435,ANKYRA,ANKYRA,,31,23.3293,11.5547
GoiEner non-household,test,890,435,GBT,GBT (zero-shot),zero-shot gradient boosting,1,17.4873,17.4873
GoiEner non-household,test,890,435,GBT,GBT (zero-shot),zero-shot gradient boosting,2,22.0698,16.3528
GoiEner non-household,test,890,435,GBT,GBT (zero-shot),zero-shot gradient boosting,3,21.6107,16.3579
GoiEner non-household,test,890,435,GBT,GBT (zero-shot),zero-shot gradient boosting,4,19.7938,15.6954
GoiEner non-household,test,890,435,GBT,GBT (zero-shot),zero-shot gradient boosting,5,21.2378,15.5956
GoiEner non-household,test,890,435,GBT,GBT (zero-shot),zero-shot gradient boosting,6,22.0265,15.2059
GoiEner non-household,test,890,435,GBT,GBT (zero-shot),zero-shot gradient boosting,7,22.1345,15.2038
GoiEner non-household,test,890,435,GBT,GBT (zero-shot),zero-shot gradient boosting,8,24.0132,15.1737
GoiEner non-household,test,890,435,GBT,GBT (zero-shot),zero-shot gradient boosting,9,24.8329,15.4299
GoiEner non-household,test,890,435,GBT,GBT (zero-shot),zero-shot gradient boosting,10,26.0157,15.6259
GoiEner non-household,test,890,435,GBT,GBT (zero-shot),zero-shot gradient boosting,11,25.0552,15.4424
GoiEner non-household,test,890,435,GBT,GBT (zero-shot),zero-shot gradient boosting,12,25.1055,15.8036
GoiEner non-household,test,890,435,GBT,GBT (zero-shot),zero-shot gradient boosting,13,25.6117,15.9284
GoiEner non-household,test,890,435,GBT,GBT (zero-shot),zero-shot gradient boosting,14,26.186,15.8528
GoiEner non-household,test,890,435,GBT,GBT (zero-shot),zero-shot gradient boosting,15,25.9252,15.8096
GoiEner non-household,test,890,435,GBT,GBT (zero-shot),zero-shot gradient boosting,16,26.1593,16.2613
GoiEner non-household,test,890,435,GBT,GBT (zero-shot),zero-shot gradient boosting,17,27.143,16.4369
GoiEner non-household,test,890,435,GBT,GBT (zero-shot),zero-shot gradient boosting,18,25.4392,16.4559
GoiEner non-household,test,890,435,GBT,GBT (zero-shot),zero-shot gradient boosting,19,24.9921,16.4346
GoiEner non-household,test,890,435,GBT,GBT (zero-shot),zero-shot gradient boosting,20,28.9704,16.5232
GoiEner non-household,test,890,435,GBT,GBT (zero-shot),zero-shot gradient boosting,21,29.7223,16.6418
GoiEner non-household,test,890,435,GBT,GBT (zero-shot),zero-shot gradient boosting,22,30.8618,16.7662
GoiEner non-household,test,890,435,GBT,GBT (zero-shot),zero-shot gradient boosting,23,32.2773,17.0656
GoiEner non-household,test,890,435,GBT,GBT (zero-shot),zero-shot gradient boosting,24,35.6803,17.4666
GoiEner non-household,test,890,435,GBT,GBT (zero-shot),zero-shot gradient boosting,25,32.6935,17.7399
GoiEner non-household,test,890,435,GBT,GBT (zero-shot),zero-shot gradient boosting,26,34.561,17.6232
GoiEner non-household,test,890,435,GBT,GBT (zero-shot),zero-shot gradient boosting,27,35.5484,17.9006
GoiEner non-household,test,890,435,GBT,GBT (zero-shot),zero-shot gradient boosting,28,34.7674,18.2292
GoiEner non-household,test,890,435,GBT,GBT (zero-shot),zero-shot gradient boosting,29,36.6115,18.6445
GoiEner non-household,test,890,435,GBT,GBT (zero-shot),zero-shot gradient boosting,30,39.2671,19.0758
GoiEner non-household,test,890,435,GBT,GBT (zero-shot),zero-shot gradient boosting,31,50.898,19.5279
GoiEner non-household,test,890,435,Holt-Winters,Holt-Winters,"load only, statistical",1,17.7665,17.7665
GoiEner non-household,test,890,435,Holt-Winters,Holt-Winters,"load only, statistical",2,18.9604,17.6682
GoiEner non-household,test,890,435,Holt-Winters,Holt-Winters,"load only, statistical",3,19.2287,17.2069
GoiEner non-household,test,890,435,Holt-Winters,Holt-Winters,"load only, statistical",4,18.2101,16.8761
GoiEner non-household,test,890,435,Holt-Winters,Holt-Winters,"load only, statistical",5,19.2834,16.1566
GoiEner non-household,test,890,435,Holt-Winters,Holt-Winters,"load only, statistical",6,18.7697,15.5216
GoiEner non-household,test,890,435,Holt-Winters,Holt-Winters,"load only, statistical",7,18.1042,15.1312
GoiEner non-household,test,890,435,Holt-Winters,Holt-Winters,"load only, statistical",8,19.5088,15.0775
GoiEner non-household,test,890,435,Holt-Winters,Holt-Winters,"load only, statistical",9,23.2253,15.5646
GoiEner non-household,test,890,435,Holt-Winters,Holt-Winters,"load only, statistical",10,26.2037,16.0945
GoiEner non-household,test,890,435,Holt-Winters,Holt-Winters,"load only, statistical",11,23.7371,16.333
GoiEner non-household,test,890,435,Holt-Winters,Holt-Winters,"load only, statistical",12,22.4501,16.806
GoiEner non-household,test,890,435,Holt-Winters,Holt-Winters,"load only, statistical",13,23.05,16.6774
GoiEner non-household,test,890,435,Holt-Winters,Holt-Winters,"load only, statistical",14,19.6887,16.6481
GoiEner non-household,test,890,435,Holt-Winters,Holt-Winters,"load only, statistical",15,24.3241,16.7874
GoiEner non-household,test,890,435,Holt-Winters,Holt-Winters,"load only, statistical",16,23.6995,17.0878
GoiEner non-household,test,890,435,Holt-Winters,Holt-Winters,"load only, statistical",17,25.3894,17.334
GoiEner non-household,test,890,435,Holt-Winters,Holt-Winters,"load only, statistical",18,25.4175,17.397
GoiEner non-household,test,890,435,Holt-Winters,Holt-Winters,"load only, statistical",19,25.0352,17.8131
GoiEner non-household,test,890,435,Holt-Winters,Holt-Winters,"load only, statistical",20,24.7659,17.7234
GoiEner non-household,test,890,435,Holt-Winters,Holt-Winters,"load only, statistical",21,23.0476,17.704
GoiEner non-household,test,890,435,Holt-Winters,Holt-Winters,"load only, statistical",22,25.5519,17.9622
GoiEner non-household,test,890,435,Holt-Winters,Holt-Winters,"load only, statistical",23,29.502,18.3259
GoiEner non-household,test,890,435,Holt-Winters,Holt-Winters,"load only, statistical",24,29.5112,18.6011
GoiEner non-household,test,890,435,Holt-Winters,Holt-Winters,"load only, statistical",25,27.8964,18.7143
GoiEner non-household,test,890,435,Holt-Winters,Holt-Winters,"load only, statistical",26,26.5365,19.0769
GoiEner non-household,test,890,435,Holt-Winters,Holt-Winters,"load only, statistical",27,26.5528,18.9092
GoiEner non-household,test,890,435,Holt-Winters,Holt-Winters,"load only, statistical",28,27.1371,18.9448
GoiEner non-household,test,890,435,Holt-Winters,Holt-Winters,"load only, statistical",29,24.5689,19.0273
GoiEner non-household,test,890,435,Holt-Winters,Holt-Winters,"load only, statistical",30,29.1889,19.1465
GoiEner non-household,test,890,435,Holt-Winters,Holt-Winters,"load only, statistical",31,32.279,19.6629
GoiEner non-household,test,890,435,LYR-profile,Last-year profile,profile,1,29.1334,29.1334
GoiEner non-household,test,890,435,LYR-profile,Last-year profile,profile,2,25.4401,24.8501
GoiEner non-household,test,890,435,LYR-profile,Last-year profile,profile,3,25.06,23.7799
GoiEner non-household,test,890,435,LYR-profile,Last-year profile,profile,4,23.6266,21.7623
GoiEner non-household,test,890,435,LYR-profile,Last-year profile,profile,5,21.9223,20.8018
GoiEner non-household,test,890,435,LYR-profile,Last-year profile,profile,6,25.157,19.4438
GoiEner non-household,test,890,435,LYR-profile,Last-year profile,profile,7,22.7459,18.7126
GoiEner non-household,test,890,435,LYR-profile,Last-year profile,profile,8,21.7939,18.976
GoiEner non-household,test,890,435,LYR-profile,Last-year profile,profile,9,23.4752,18.6919
GoiEner non-household,test,890,435,LYR-profile,Last-year profile,profile,10,27.896,18.4624
GoiEner non-household,test,890,435,LYR-profile,Last-year profile,profile,11,26.3729,18.3095
GoiEner non-household,test,890,435,LYR-profile,Last-year profile,profile,12,23.0274,18.0683
GoiEner non-household,test,890,435,LYR-profile,Last-year profile,profile,13,26.3355,18.0311
GoiEner non-household,test,890,435,LYR-profile,Last-year profile,profile,14,23.7937,17.9279
GoiEner non-household,test,890,435,LYR-profile,Last-year profile,profile,15,22.4586,17.878
GoiEner non-household,test,890,435,LYR-profile,Last-year profile,profile,16,23.8688,17.7646
GoiEner non-household,test,890,435,LYR-profile,Last-year profile,profile,17,27.804,17.2469
GoiEner non-household,test,890,435,LYR-profile,Last-year profile,profile,18,25.1812,17.2184
GoiEner non-household,test,890,435,LYR-profile,Last-year profile,profile,19,23.8906,17.0059
GoiEner non-household,test,890,435,LYR-profile,Last-year profile,profile,20,24.989,17.0266
GoiEner non-household,test,890,435,LYR-profile,Last-year profile,profile,21,22.788,16.6229
GoiEner non-household,test,890,435,LYR-profile,Last-year profile,profile,22,24.2104,16.5278
GoiEner non-household,test,890,435,LYR-profile,Last-year profile,profile,23,24.3008,16.6213
GoiEner non-household,test,890,435,LYR-profile,Last-year profile,profile,24,26.8197,16.628
GoiEner non-household,test,890,435,LYR-profile,Last-year profile,profile,25,24.0299,16.6351
GoiEner non-household,test,890,435,LYR-profile,Last-year profile,profile,26,23.0665,16.402
GoiEner non-household,test,890,435,LYR-profile,Last-year profile,profile,27,25.4135,16.1791
GoiEner non-household,test,890,435,LYR-profile,Last-year profile,profile,28,27.1585,16.1669
GoiEner non-household,test,890,435,LYR-profile,Last-year profile,profile,29,24.4799,16.2031
GoiEner non-household,test,890,435,LYR-profile,Last-year profile,profile,30,27.0916,16.402
GoiEner non-household,test,890,435,LYR-profile,Last-year profile,profile,31,29.5319,16.4381
GoiEner non-household,test,890,435,MSTL,MSTL,"load only, statistical",1,15.8942,15.8942
GoiEner non-household,test,890,435,MSTL,MSTL,"load only, statistical",2,17.76,14.7499
GoiEner non-household,test,890,435,MSTL,MSTL,"load only, statistical",3,18.5078,14.7559
GoiEner non-household,test,890,435,MSTL,MSTL,"load only, statistical",4,17.8238,14.4093
GoiEner non-household,test,890,435,MSTL,MSTL,"load only, statistical",5,17.1309,14.2699
GoiEner non-household,test,890,435,MSTL,MSTL,"load only, statistical",6,17.2621,13.4384
GoiEner non-household,test,890,435,MSTL,MSTL,"load only, statistical",7,14.8415,13.1052
GoiEner non-household,test,890,435,MSTL,MSTL,"load only, statistical",8,18.9593,13.458
GoiEner non-household,test,890,435,MSTL,MSTL,"load only, statistical",9,20.5252,13.9529
GoiEner non-household,test,890,435,MSTL,MSTL,"load only, statistical",10,24.227,14.3228
GoiEner non-household,test,890,435,MSTL,MSTL,"load only, statistical",11,22.3335,14.7155
GoiEner non-household,test,890,435,MSTL,MSTL,"load only, statistical",12,20.5087,14.5762
GoiEner non-household,test,890,435,MSTL,MSTL,"load only, statistical",13,21.0409,14.6694
GoiEner non-household,test,890,435,MSTL,MSTL,"load only, statistical",14,18.2393,14.5264
GoiEner non-household,test,890,435,MSTL,MSTL,"load only, statistical",15,20.9605,14.7368
GoiEner non-household,test,890,435,MSTL,MSTL,"load only, statistical",16,22.6987,14.9471
GoiEner non-household,test,890,435,MSTL,MSTL,"load only, statistical",17,24.4088,15.0689
GoiEner non-household,test,890,435,MSTL,MSTL,"load only, statistical",18,24.7146,15.2667
GoiEner non-household,test,890,435,MSTL,MSTL,"load only, statistical",19,23.7588,15.4442
GoiEner non-household,test,890,435,MSTL,MSTL,"load only, statistical",20,24.1603,15.7427
GoiEner non-household,test,890,435,MSTL,MSTL,"load only, statistical",21,20.0953,15.4434
GoiEner non-household,test,890,435,MSTL,MSTL,"load only, statistical",22,23.9714,15.7165
GoiEner non-household,test,890,435,MSTL,MSTL,"load only, statistical",23,27.5463,16.1728
GoiEner non-household,test,890,435,MSTL,MSTL,"load only, statistical",24,29.4263,16.7767
GoiEner non-household,test,890,435,MSTL,MSTL,"load only, statistical",25,28.8387,17.1357
GoiEner non-household,test,890,435,MSTL,MSTL,"load only, statistical",26,26.8206,17.2003
GoiEner non-household,test,890,435,MSTL,MSTL,"load only, statistical",27,26.5325,17.3466
GoiEner non-household,test,890,435,MSTL,MSTL,"load only, statistical",28,24.9291,17.2637
GoiEner non-household,test,890,435,MSTL,MSTL,"load only, statistical",29,24.3857,17.4084
GoiEner non-household,test,890,435,MSTL,MSTL,"load only, statistical",30,29.0751,17.6598
GoiEner non-household,test,890,435,MSTL,MSTL,"load only, statistical",31,32.2232,17.9852
GoiEner non-household,test,890,435,SN-day,Seasonal naive (day),naive,1,11.2074,11.2074
GoiEner non-household,test,890,435,SN-day,Seasonal naive (day),naive,2,16.6747,13.1447
GoiEner non-household,test,890,435,SN-day,Seasonal naive (day),naive,3,17.251,13.8034
GoiEner non-household,test,890,435,SN-day,Seasonal naive (day),naive,4,18.5999,14.4742
GoiEner non-household,test,890,435,SN-day,Seasonal naive (day),naive,5,18.9581,14.8094
GoiEner non-household,test,890,435,SN-day,Seasonal naive (day),naive,6,17.7936,14.2572
GoiEner non-household,test,890,435,SN-day,Seasonal naive (day),naive,7,13.4974,13.7711
GoiEner non-household,test,890,435,SN-day,Seasonal naive (day),naive,8,15.4592,13.3753
GoiEner non-household,test,890,435,SN-day,Seasonal naive (day),naive,9,20.7542,13.9905
GoiEner non-household,test,890,435,SN-day,Seasonal naive (day),naive,10,23.9438,14.7223
GoiEner non-household,test,890,435,SN-day,Seasonal naive (day),naive,11,23.2084,15.4704
GoiEner non-household,test,890,435,SN-day,Seasonal naive (day),naive,12,25.3421,15.6982
GoiEner non-household,test,890,435,SN-day,Seasonal naive (day),naive,13,22.1614,15.8572
GoiEner non-household,test,890,435,SN-day,Seasonal naive (day),naive,14,15.9061,15.5583
GoiEner non-household,test,890,435,SN-day,Seasonal naive (day),naive,15,16.6526,15.0198
GoiEner non-household,test,890,435,SN-day,Seasonal naive (day),naive,16,21.4668,15.2396
GoiEner non-household,test,890,435,SN-day,Seasonal naive (day),naive,17,23.5165,15.6639
GoiEner non-household,test,890,435,SN-day,Seasonal naive (day),naive,18,25.6914,16.2039
GoiEner non-household,test,890,435,SN-day,Seasonal naive (day),naive,19,28.1362,16.7793
GoiEner non-household,test,890,435,SN-day,Seasonal naive (day),naive,20,25.0722,16.9478
GoiEner non-household,test,890,435,SN-day,Seasonal naive (day),naive,21,17.4979,16.9487
GoiEner non-household,test,890,435,SN-day,Seasonal naive (day),naive,22,19.3662,16.9463
GoiEner non-household,test,890,435,SN-day,Seasonal naive (day),naive,23,25.2879,17.1054
GoiEner non-household,test,890,435,SN-day,Seasonal naive (day),naive,24,27.2063,17.3742
GoiEner non-household,test,890,435,SN-day,Seasonal naive (day),naive,25,26.462,17.8082
GoiEner non-household,test,890,435,SN-day,Seasonal naive (day),naive,26,29.3848,18.0272
GoiEner non-household,test,890,435,SN-day,Seasonal naive (day),naive,27,26.8381,18.2246
GoiEner non-household,test,890,435,SN-day,Seasonal naive (day),naive,28,22.1505,18.3985
GoiEner non-household,test,890,435,SN-day,Seasonal naive (day),naive,29,20.1543,18.4199
GoiEner non-household,test,890,435,SN-day,Seasonal naive (day),naive,30,27.8257,18.5545
GoiEner non-household,test,890,435,SN-day,Seasonal naive (day),naive,31,27.9901,18.7849
GoiEner non-household,test,890,435,SN-week,Seasonal naive (week),naive,1,17.2961,17.2961
GoiEner non-household,test,890,435,SN-week,Seasonal naive (week),naive,2,15.9821,14.9816
GoiEner non-household,test,890,435,SN-week,Seasonal naive (week),naive,3,15.5857,14.1753
GoiEner non-household,test,890,435,SN-week,Seasonal naive (week),naive,4,14.4928,13.3581
GoiEner non-household,test,890,435,SN-week,Seasonal naive (week),naive,5,12.8406,12.6233
GoiEner non-household,test,890,435,SN-week,Seasonal naive (week),naive,6,14.78,11.7455
GoiEner non-household,test,890,435,SN-week,Seasonal naive (week),naive,7,13.4974,11.5031
GoiEner non-household,test,890,435,SN-week,Seasonal naive (week),naive,8,18.7966,11.8484
GoiEner non-household,test,890,435,SN-week,Seasonal naive (week),naive,9,20.1097,12.4642
GoiEner non-household,test,890,435,SN-week,Seasonal naive (week),naive,10,21.3392,13.0082
GoiEner non-household,test,890,435,SN-week,Seasonal naive (week),naive,11,19.5994,12.995
GoiEner non-household,test,890,435,SN-week,Seasonal naive (week),naive,12,16.736,12.8898
GoiEner non-household,test,890,435,SN-week,Seasonal naive (week),naive,13,18.5605,13.0017
GoiEner non-household,test,890,435,SN-week,Seasonal naive (week),naive,14,15.9061,12.7395
GoiEner non-household,test,890,435,SN-week,Seasonal naive (week),naive,15,21.4477,12.6616
GoiEner non-household,test,890,435,SN-week,Seasonal naive (week),naive,16,20.2055,13.0247
GoiEner non-household,test,890,435,SN-week,Seasonal naive (week),naive,17,21.6998,13.1436
GoiEner non-household,test,890,435,SN-week,Seasonal naive (week),naive,18,20.1465,13.4818
GoiEner non-household,test,890,435,SN-week,Seasonal naive (week),naive,19,19.3185,13.3803
GoiEner non-household,test,890,435,SN-week,Seasonal naive (week),naive,20,20.9067,13.5817
GoiEner non-household,test,890,435,SN-week,Seasonal naive (week),naive,21,17.4979,13.5473
GoiEner non-household,test,890,435,SN-week,Seasonal naive (week),naive,22,22.8999,13.9233
GoiEner non-household,test,890,435,SN-week,Seasonal naive (week),naive,23,24.632,14.1913
GoiEner non-household,test,890,435,SN-week,Seasonal naive (week),naive,24,25.8574,14.515
GoiEner non-household,test,890,435,SN-week,Seasonal naive (week),naive,25,24.3661,14.7621
GoiEner non-household,test,890,435,SN-week,Seasonal naive (week),naive,26,21.7333,14.8654
GoiEner non-household,test,890,435,SN-week,Seasonal naive (week),naive,27,23.522,14.8659
GoiEner non-household,test,890,435,SN-week,Seasonal naive (week),naive,28,22.1505,14.8653
GoiEner non-household,test,890,435,SN-week,Seasonal naive (week),naive,29,24.3181,15.0036
GoiEner non-household,test,890,435,SN-week,Seasonal naive (week),naive,30,26.6222,15.2512
GoiEner non-household,test,890,435,SN-week,Seasonal naive (week),naive,31,29.5261,15.5285
GoiEner non-household,test,890,435,SP-profile,Previous-month profile,profile,1,23.3822,23.3822
GoiEner non-household,test,890,435,SP-profile,Previous-month profile,profile,2,22.2111,18.64
GoiEner non-household,test,890,435,SP-profile,Previous-month profile,profile,3,20.9737,17.5133
GoiEner non-household,test,890,435,SP-profile,Previous-month profile,profile,4,23.4908,17.5644
GoiEner non-household,test,890,435,SP-profile,Previous-month profile,profile,5,25.0034,17.8766
GoiEner non-household,test,890,435,SP-profile,Previous-month profile,profile,6,23.2974,16.2346
GoiEner non-household,test,890,435,SP-profile,Previous-month profile,profile,7,23.0512,15.5598
GoiEner non-household,test,890,435,SP-profile,Previous-month profile,profile,8,23.6838,15.6479
GoiEner non-household,test,890,435,SP-profile,Previous-month profile,profile,9,26.5353,16.1352
GoiEner non-household,test,890,435,SP-profile,Previous-month profile,profile,10,27.2492,16.9198
GoiEner non-household,test,890,435,SP-profile,Previous-month profile,profile,11,29.3631,17.187
GoiEner non-household,test,890,435,SP-profile,Previous-month profile,profile,12,29.2931,17.3639
GoiEner non-household,test,890,435,SP-profile,Previous-month profile,profile,13,24.4849,17.1029
GoiEner non-household,test,890,435,SP-profile,Previous-month profile,profile,14,24.7918,17.1337
GoiEner non-household,test,890,435,SP-profile,Previous-month profile,profile,15,26.5543,16.6818
GoiEner non-household,test,890,435,SP-profile,Previous-month profile,profile,16,27.3561,16.9208
GoiEner non-household,test,890,435,SP-profile,Previous-month profile,profile,17,26.3624,17.04
GoiEner non-household,test,890,435,SP-profile,Previous-month profile,profile,18,28.2081,17.2702
GoiEner non-household,test,890,435,SP-profile,Previous-month profile,profile,19,30.0239,17.3981
GoiEner non-household,test,890,435,SP-profile,Previous-month profile,profile,20,27.062,17.124
GoiEner non-household,test,890,435,SP-profile,Previous-month profile,profile,21,26.8203,17.333
GoiEner non-household,test,890,435,SP-profile,Previous-month profile,profile,22,28.2847,17.4572
GoiEner non-household,test,890,435,SP-profile,Previous-month profile,profile,23,29.8624,17.6625
GoiEner non-household,test,890,435,SP-profile,Previous-month profile,profile,24,32.2884,17.8046
GoiEner non-household,test,890,435,SP-profile,Previous-month profile,profile,25,33.3068,18.0483
GoiEner non-household,test,890,435,SP-profile,Previous-month profile,profile,26,31.2103,17.8337
GoiEner non-household,test,890,435,SP-profile,Previous-month profile,profile,27,28.0491,17.9164
GoiEner non-household,test,890,435,SP-profile,Previous-month profile,profile,28,30.1216,17.9706
GoiEner non-household,test,890,435,SP-profile,Previous-month profile,profile,29,27.7866,17.9093
GoiEner non-household,test,890,435,SP-profile,Previous-month profile,profile,30,32.1369,18.1296
GoiEner non-household,test,890,435,SP-profile,Previous-month profile,profile,31,34.4829,18.2942
GoiEner non-household,test,890,435,TimesFM-X,TimesFM-X,"same information, zero-shot foundation model",1,18.5761,18.5761
GoiEner non-household,test,890,435,TimesFM-X,TimesFM-X,"same information, zero-shot foundation model",2,15.6841,16.2457
GoiEner non-household,test,890,435,TimesFM-X,TimesFM-X,"same information, zero-shot foundation model",3,14.1333,14.5183
GoiEner non-household,test,890,435,TimesFM-X,TimesFM-X,"same information, zero-shot foundation model",4,14.6007,14.4069
GoiEner non-household,test,890,435,TimesFM-X,TimesFM-X,"same information, zero-shot foundation model",5,14.2216,14.1442
GoiEner non-household,test,890,435,TimesFM-X,TimesFM-X,"same information, zero-shot foundation model",6,15.4598,13.4979
GoiEner non-household,test,890,435,TimesFM-X,TimesFM-X,"same information, zero-shot foundation model",7,13.5688,12.9123
GoiEner non-household,test,890,435,TimesFM-X,TimesFM-X,"same information, zero-shot foundation model",8,13.698,12.5741
GoiEner non-household,test,890,435,TimesFM-X,TimesFM-X,"same information, zero-shot foundation model",9,16.6362,12.4431
GoiEner non-household,test,890,435,TimesFM-X,TimesFM-X,"same information, zero-shot foundation model",10,19.7664,12.5747
GoiEner non-household,test,890,435,TimesFM-X,TimesFM-X,"same information, zero-shot foundation model",11,17.2592,12.8263
GoiEner non-household,test,890,435,TimesFM-X,TimesFM-X,"same information, zero-shot foundation model",12,16.5206,12.6363
GoiEner non-household,test,890,435,TimesFM-X,TimesFM-X,"same information, zero-shot foundation model",13,17.3475,12.4921
GoiEner non-household,test,890,435,TimesFM-X,TimesFM-X,"same information, zero-shot foundation model",14,16.4231,12.2579
GoiEner non-household,test,890,435,TimesFM-X,TimesFM-X,"same information, zero-shot foundation model",15,16.1616,12.1027
GoiEner non-household,test,890,435,TimesFM-X,TimesFM-X,"same information, zero-shot foundation model",16,17.8165,11.9686
GoiEner non-household,test,890,435,TimesFM-X,TimesFM-X,"same information, zero-shot foundation model",17,20.5671,12.3268
GoiEner non-household,test,890,435,TimesFM-X,TimesFM-X,"same information, zero-shot foundation model",18,18.2043,12.8029
GoiEner non-household,test,890,435,TimesFM-X,TimesFM-X,"same information, zero-shot foundation model",19,17.4106,13.0761
GoiEner non-household,test,890,435,TimesFM-X,TimesFM-X,"same information, zero-shot foundation model",20,19.9525,13.2491
GoiEner non-household,test,890,435,TimesFM-X,TimesFM-X,"same information, zero-shot foundation model",21,18.6388,13.4622
GoiEner non-household,test,890,435,TimesFM-X,TimesFM-X,"same information, zero-shot foundation model",22,18.7194,13.4581
GoiEner non-household,test,890,435,TimesFM-X,TimesFM-X,"same information, zero-shot foundation model",23,20.2031,13.6156
GoiEner non-household,test,890,435,TimesFM-X,TimesFM-X,"same information, zero-shot foundation model",24,23.074,13.7412
GoiEner non-household,test,890,435,TimesFM-X,TimesFM-X,"same information, zero-shot foundation model",25,22.1088,13.9633
GoiEner non-household,test,890,435,TimesFM-X,TimesFM-X,"same information, zero-shot foundation model",26,20.3112,14.1741
GoiEner non-household,test,890,435,TimesFM-X,TimesFM-X,"same information, zero-shot foundation model",27,21.0886,14.3531
GoiEner non-household,test,890,435,TimesFM-X,TimesFM-X,"same information, zero-shot foundation model",28,21.1276,14.6475
GoiEner non-household,test,890,435,TimesFM-X,TimesFM-X,"same information, zero-shot foundation model",29,18.572,14.6139
GoiEner non-household,test,890,435,TimesFM-X,TimesFM-X,"same information, zero-shot foundation model",30,22.7046,14.7263
GoiEner non-household,test,890,435,TimesFM-X,TimesFM-X,"same information, zero-shot foundation model",31,24.8358,15.0994
GoiEner non-household,test,890,435,WeekProf4,4-week profile,profile,1,23.5576,23.5576
GoiEner non-household,test,890,435,WeekProf4,4-week profile,profile,2,19.7976,19.2482
GoiEner non-household,test,890,435,WeekProf4,4-week profile,profile,3,18.5937,17.57
GoiEner non-household,test,890,435,WeekProf4,4-week profile,profile,4,18.308,16.9661
GoiEner non-household,test,890,435,WeekProf4,4-week profile,profile,5,18.2338,16.2646
GoiEner non-household,test,890,435,WeekProf4,4-week profile,profile,6,19.9963,15.4435
GoiEner non-household,test,890,435,WeekProf4,4-week profile,profile,7,17.0411,15.0358
GoiEner non-household,test,890,435,WeekProf4,4-week profile,profile,8,20.317,15.4022
GoiEner non-household,test,890,435,WeekProf4,4-week profile,profile,9,23.2989,15.9176
GoiEner non-household,test,890,435,WeekProf4,4-week profile,profile,10,24.0782,16.4828
GoiEner non-household,test,890,435,WeekProf4,4-week profile,profile,11,22.1314,16.5877
GoiEner non-household,test,890,435,WeekProf4,4-week profile,profile,12,21.3734,16.794
GoiEner non-household,test,890,435,WeekProf4,4-week profile,profile,13,21.1998,16.8189
GoiEner non-household,test,890,435,WeekProf4,4-week profile,profile,14,20.1562,16.77
GoiEner non-household,test,890,435,WeekProf4,4-week profile,profile,15,23.9401,16.5625
GoiEner non-household,test,890,435,WeekProf4,4-week profile,profile,16,23.7772,16.7045
GoiEner non-household,test,890,435,WeekProf4,4-week profile,profile,17,24.9635,16.792
GoiEner non-household,test,890,435,WeekProf4,4-week profile,profile,18,23.262,16.6791
GoiEner non-household,test,890,435,WeekProf4,4-week profile,profile,19,23.1825,16.8333
GoiEner non-household,test,890,435,WeekProf4,4-week profile,profile,20,23.6835,16.8186
GoiEner non-household,test,890,435,WeekProf4,4-week profile,profile,21,20.9425,16.8944
GoiEner non-household,test,890,435,WeekProf4,4-week profile,profile,22,24.7924,16.9303
GoiEner non-household,test,890,435,WeekProf4,4-week profile,profile,23,28.0223,17.2517
GoiEner non-household,test,890,435,WeekProf4,4-week profile,profile,24,29.2079,17.4911
GoiEner non-household,test,890,435,WeekProf4,4-week profile,profile,25,29.0675,17.6405
GoiEner non-household,test,890,435,WeekProf4,4-week profile,profile,26,25.7457,17.7181
GoiEner non-household,test,890,435,WeekProf4,4-week profile,profile,27,25.2272,17.5738
GoiEner non-household,test,890,435,WeekProf4,4-week profile,profile,28,24.6713,17.3987
GoiEner non-household,test,890,435,WeekProf4,4-week profile,profile,29,24.6638,17.4229
GoiEner non-household,test,890,435,WeekProf4,4-week profile,profile,30,30.1547,17.5786
GoiEner non-household,test,890,435,WeekProf4,4-week profile,profile,31,32.3011,18.0232
GoiEner non-household,test,890,435,DLinear,DLinear,"load only, trained",1,17.9632,17.9632
GoiEner non-household,test,890,435,DLinear,DLinear,"load only, trained",2,17.9554,15.482
GoiEner non-household,test,890,435,DLinear,DLinear,"load only, trained",3,16.6859,13.9678
GoiEner non-household,test,890,435,DLinear,DLinear,"load only, trained",4,15.5364,12.9711
GoiEner non-household,test,890,435,DLinear,DLinear,"load only, trained",5,17.6249,12.1629
GoiEner non-household,test,890,435,DLinear,DLinear,"load only, trained",6,19.0784,11.8446
GoiEner non-household,test,890,435,DLinear,DLinear,"load only, trained",7,18.82,11.8626
GoiEner non-household,test,890,435,DLinear,DLinear,"load only, trained",8,18.1234,11.8459
GoiEner non-household,test,890,435,DLinear,DLinear,"load only, trained",9,21.5106,12.0229
GoiEner non-household,test,890,435,DLinear,DLinear,"load only, trained",10,21.9094,12.1437
GoiEner non-household,test,890,435,DLinear,DLinear,"load only, trained",11,20.2129,12.1914
GoiEner non-household,test,890,435,DLinear,DLinear,"load only, trained",12,19.7318,12.4694
GoiEner non-household,test,890,435,DLinear,DLinear,"load only, trained",13,22.5619,12.695
GoiEner non-household,test,890,435,DLinear,DLinear,"load only, trained",14,21.0975,12.6893
GoiEner non-household,test,890,435,DLinear,DLinear,"load only, trained",15,22.875,12.7315
GoiEner non-household,test,890,435,DLinear,DLinear,"load only, trained",16,23.1487,13.0492
GoiEner non-household,test,890,435,DLinear,DLinear,"load only, trained",17,24.2768,13.2007
GoiEner non-household,test,890,435,DLinear,DLinear,"load only, trained",18,21.9128,13.4563
GoiEner non-household,test,890,435,DLinear,DLinear,"load only, trained",19,23.6253,13.6764
GoiEner non-household,test,890,435,DLinear,DLinear,"load only, trained",20,26.1283,13.7693
GoiEner non-household,test,890,435,DLinear,DLinear,"load only, trained",21,24.3515,14.0834
GoiEner non-household,test,890,435,DLinear,DLinear,"load only, trained",22,25.6792,14.1011
GoiEner non-household,test,890,435,DLinear,DLinear,"load only, trained",23,25.614,14.3558
GoiEner non-household,test,890,435,DLinear,DLinear,"load only, trained",24,26.9852,14.433
GoiEner non-household,test,890,435,DLinear,DLinear,"load only, trained",25,25.8437,14.532
GoiEner non-household,test,890,435,DLinear,DLinear,"load only, trained",26,25.3527,14.6238
GoiEner non-household,test,890,435,DLinear,DLinear,"load only, trained",27,25.9017,14.7383
GoiEner non-household,test,890,435,DLinear,DLinear,"load only, trained",28,28.4931,14.8792
GoiEner non-household,test,890,435,DLinear,DLinear,"load only, trained",29,27.6382,14.9744
GoiEner non-household,test,890,435,DLinear,DLinear,"load only, trained",30,28.8849,15.2178
GoiEner non-household,test,890,435,DLinear,DLinear,"load only, trained",31,29.3605,15.3123
GoiEner non-household,test,890,435,GBT-T,GBT-T,"same information, trained",1,27.0154,27.0154
GoiEner non-household,test,890,435,GBT-T,GBT-T,"same information, trained",2,25.5562,22.3023
GoiEner non-household,test,890,435,GBT-T,GBT-T,"same information, trained",3,23.2765,20.7965
GoiEner non-household,test,890,435,GBT-T,GBT-T,"same information, trained",4,22.6329,19.7687
GoiEner non-household,test,890,435,GBT-T,GBT-T,"same information, trained",5,23.9716,19.1506
GoiEner non-household,test,890,435,GBT-T,GBT-T,"same information, trained",6,26.1921,18.7015
GoiEner non-household,test,890,435,GBT-T,GBT-T,"same information, trained",7,27.2958,18.5668
GoiEner non-household,test,890,435,GBT-T,GBT-T,"same information, trained",8,25.6705,19.2516
GoiEner non-household,test,890,435,GBT-T,GBT-T,"same information, trained",9,27.0076,19.703
GoiEner non-household,test,890,435,GBT-T,GBT-T,"same information, trained",10,27.8157,19.9317
GoiEner non-household,test,890,435,GBT-T,GBT-T,"same information, trained",11,25.8669,19.5703
GoiEner non-household,test,890,435,GBT-T,GBT-T,"same information, trained",12,24.2093,19.5011
GoiEner non-household,test,890,435,GBT-T,GBT-T,"same information, trained",13,27.3662,19.6038
GoiEner non-household,test,890,435,GBT-T,GBT-T,"same information, trained",14,27.2753,19.9791
GoiEner non-household,test,890,435,GBT-T,GBT-T,"same information, trained",15,28.1329,19.9012
GoiEner non-household,test,890,435,GBT-T,GBT-T,"same information, trained",16,28.435,19.992
GoiEner non-household,test,890,435,GBT-T,GBT-T,"same information, trained",17,30.0233,20.0605
GoiEner non-household,test,890,435,GBT-T,GBT-T,"same information, trained",18,28.1189,20.2912
GoiEner non-household,test,890,435,GBT-T,GBT-T,"same information, trained",19,28.1054,20.4449
GoiEner non-household,test,890,435,GBT-T,GBT-T,"same information, trained",20,30.0331,20.4478
GoiEner non-household,test,890,435,GBT-T,GBT-T,"same information, trained",21,28.532,20.394
GoiEner non-household,test,890,435,GBT-T,GBT-T,"same information, trained",22,30.6019,20.439
GoiEner non-household,test,890,435,GBT-T,GBT-T,"same information, trained",23,32.8604,20.829
GoiEner non-household,test,890,435,GBT-T,GBT-T,"same information, trained",24,33.5682,20.9754
GoiEner non-household,test,890,435,GBT-T,GBT-T,"same information, trained",25,31.7301,21.1826
GoiEner non-household,test,890,435,GBT-T,GBT-T,"same information, trained",26,28.7379,21.044
GoiEner non-household,test,890,435,GBT-T,GBT-T,"same information, trained",27,29.09,20.9887
GoiEner non-household,test,890,435,GBT-T,GBT-T,"same information, trained",28,29.9996,20.891
GoiEner non-household,test,890,435,GBT-T,GBT-T,"same information, trained",29,29.8677,20.4926
GoiEner non-household,test,890,435,GBT-T,GBT-T,"same information, trained",30,33.9093,20.5955
GoiEner non-household,test,890,435,GBT-T,GBT-T,"same information, trained",31,37.1328,21.0044
GoiEner non-household,test,890,435,iTransformer-X,iTransformer-X,"same information, trained",1,16.8851,16.8851
GoiEner non-household,test,890,435,iTransformer-X,iTransformer-X,"same information, trained",2,16.8324,14.3962
GoiEner non-household,test,890,435,iTransformer-X,iTransformer-X,"same information, trained",3,17.3335,13.641
GoiEner non-household,test,890,435,iTransformer-X,iTransformer-X,"same information, trained",4,16.1532,13.1613
GoiEner non-household,test,890,435,iTransformer-X,iTransformer-X,"same information, trained",5,15.3822,12.9733
GoiEner non-household,test,890,435,iTransformer-X,iTransformer-X,"same information, trained",6,15.8225,12.512
GoiEner non-household,test,890,435,iTransformer-X,iTransformer-X,"same information, trained",7,16.0485,12.1474
GoiEner non-household,test,890,435,iTransformer-X,iTransformer-X,"same information, trained",8,16.6848,11.8805
GoiEner non-household,test,890,435,iTransformer-X,iTransformer-X,"same information, trained",9,19.446,12.226
GoiEner non-household,test,890,435,iTransformer-X,iTransformer-X,"same information, trained",10,21.1416,12.3676
GoiEner non-household,test,890,435,iTransformer-X,iTransformer-X,"same information, trained",11,18.7427,12.2007
GoiEner non-household,test,890,435,iTransformer-X,iTransformer-X,"same information, trained",12,15.3385,12.1934
GoiEner non-household,test,890,435,iTransformer-X,iTransformer-X,"same information, trained",13,17.1343,12.1658
GoiEner non-household,test,890,435,iTransformer-X,iTransformer-X,"same information, trained",14,16.8846,12.0585
GoiEner non-household,test,890,435,iTransformer-X,iTransformer-X,"same information, trained",15,17.1064,12.0691
GoiEner non-household,test,890,435,iTransformer-X,iTransformer-X,"same information, trained",16,20.3034,12.3385
GoiEner non-household,test,890,435,iTransformer-X,iTransformer-X,"same information, trained",17,21.7722,12.481
GoiEner non-household,test,890,435,iTransformer-X,iTransformer-X,"same information, trained",18,20.6023,12.463
GoiEner non-household,test,890,435,iTransformer-X,iTransformer-X,"same information, trained",19,20.3478,12.6185
GoiEner non-household,test,890,435,iTransformer-X,iTransformer-X,"same information, trained",20,21.1914,12.7288
GoiEner non-household,test,890,435,iTransformer-X,iTransformer-X,"same information, trained",21,19.2005,12.729
GoiEner non-household,test,890,435,iTransformer-X,iTransformer-X,"same information, trained",22,19.4836,12.6383
GoiEner non-household,test,890,435,iTransformer-X,iTransformer-X,"same information, trained",23,24.2248,13.2057
GoiEner non-household,test,890,435,iTransformer-X,iTransformer-X,"same information, trained",24,25.195,13.4355
GoiEner non-household,test,890,435,iTransformer-X,iTransformer-X,"same information, trained",25,24.4569,13.6597
GoiEner non-household,test,890,435,iTransformer-X,iTransformer-X,"same information, trained",26,21.7849,13.7991
GoiEner non-household,test,890,435,iTransformer-X,iTransformer-X,"same information, trained",27,22.6579,13.9356
GoiEner non-household,test,890,435,iTransformer-X,iTransformer-X,"same information, trained",28,22.4989,14.1231
GoiEner non-household,test,890,435,iTransformer-X,iTransformer-X,"same information, trained",29,19.5641,14.0465
GoiEner non-household,test,890,435,iTransformer-X,iTransformer-X,"same information, trained",30,23.8941,14.2612
GoiEner non-household,test,890,435,iTransformer-X,iTransformer-X,"same information, trained",31,26.1344,14.5457
GoiEner non-household,test,890,435,iTransformer,iTransformer,"load only, trained",1,14.2098,14.2098
GoiEner non-household,test,890,435,iTransformer,iTransformer,"load only, trained",2,15.8155,12.7608
GoiEner non-household,test,890,435,iTransformer,iTransformer,"load only, trained",3,16.4949,12.4709
GoiEner non-household,test,890,435,iTransformer,iTransformer,"load only, trained",4,14.4715,11.8749
GoiEner non-household,test,890,435,iTransformer,iTransformer,"load only, trained",5,14.1267,11.6506
GoiEner non-household,test,890,435,iTransformer,iTransformer,"load only, trained",6,15.1425,11.4658
GoiEner non-household,test,890,435,iTransformer,iTransformer,"load only, trained",7,15.3086,11.3365
GoiEner non-household,test,890,435,iTransformer,iTransformer,"load only, trained",8,15.3674,11.1862
GoiEner non-household,test,890,435,iTransformer,iTransformer,"load only, trained",9,18.6805,11.6475
GoiEner non-household,test,890,435,iTransformer,iTransformer,"load only, trained",10,19.3386,12.0712
GoiEner non-household,test,890,435,iTransformer,iTransformer,"load only, trained",11,18.3274,11.9969
GoiEner non-household,test,890,435,iTransformer,iTransformer,"load only, trained",12,17.4172,12.1665
GoiEner non-household,test,890,435,iTransformer,iTransformer,"load only, trained",13,17.3358,12.2841
GoiEner non-household,test,890,435,iTransformer,iTransformer,"load only, trained",14,17.2308,12.3046
GoiEner non-household,test,890,435,iTransformer,iTransformer,"load only, trained",15,16.8756,12.1651
GoiEner non-household,test,890,435,iTransformer,iTransformer,"load only, trained",16,18.7231,12.2024
GoiEner non-household,test,890,435,iTransformer,iTransformer,"load only, trained",17,20.0225,12.3298
GoiEner non-household,test,890,435,iTransformer,iTransformer,"load only, trained",18,18.357,12.2792
GoiEner non-household,test,890,435,iTransformer,iTransformer,"load only, trained",19,19.2582,12.7007
GoiEner non-household,test,890,435,iTransformer,iTransformer,"load only, trained",20,19.0053,12.7368
GoiEner non-household,test,890,435,iTransformer,iTransformer,"load only, trained",21,18.2841,12.6447
GoiEner non-household,test,890,435,iTransformer,iTransformer,"load only, trained",22,18.9212,12.6492
GoiEner non-household,test,890,435,iTransformer,iTransformer,"load only, trained",23,20.5142,12.7985
GoiEner non-household,test,890,435,iTransformer,iTransformer,"load only, trained",24,21.5745,12.6865
GoiEner non-household,test,890,435,iTransformer,iTransformer,"load only, trained",25,20.5659,12.8916
GoiEner non-household,test,890,435,iTransformer,iTransformer,"load only, trained",26,18.5764,12.9991
GoiEner non-household,test,890,435,iTransformer,iTransformer,"load only, trained",27,20.124,13.003
GoiEner non-household,test,890,435,iTransformer,iTransformer,"load only, trained",28,20.5701,13.0059
GoiEner non-household,test,890,435,iTransformer,iTransformer,"load only, trained",29,18.0146,12.9599
GoiEner non-household,test,890,435,iTransformer,iTransformer,"load only, trained",30,21.0392,13.0706
GoiEner non-household,test,890,435,iTransformer,iTransformer,"load only, trained",31,22.8201,13.1483
GoiEner non-household,test,890,435,LSTM,LSTM,"load only, trained",1,17.8508,17.8508
GoiEner non-household,test,890,435,LSTM,LSTM,"load only, trained",2,19.1242,16.6464
GoiEner non-household,test,890,435,LSTM,LSTM,"load only, trained",3,19.1065,15.5379
GoiEner non-household,test,890,435,LSTM,LSTM,"load only, trained",4,18.6613,14.8516
GoiEner non-household,test,890,435,LSTM,LSTM,"load only, trained",5,19.7189,14.3874
GoiEner non-household,test,890,435,LSTM,LSTM,"load only, trained",6,18.8662,13.8957
GoiEner non-household,test,890,435,LSTM,LSTM,"load only, trained",7,17.546,13.3534
GoiEner non-household,test,890,435,LSTM,LSTM,"load only, trained",8,19.6077,13.2606
GoiEner non-household,test,890,435,LSTM,LSTM,"load only, trained",9,20.9538,13.3802
GoiEner non-household,test,890,435,LSTM,LSTM,"load only, trained",10,21.9108,13.5341
GoiEner non-household,test,890,435,LSTM,LSTM,"load only, trained",11,22.7773,13.648
GoiEner non-household,test,890,435,LSTM,LSTM,"load only, trained",12,23.2873,13.8391
GoiEner non-household,test,890,435,LSTM,LSTM,"load only, trained",13,21.5178,13.7792
GoiEner non-household,test,890,435,LSTM,LSTM,"load only, trained",14,20.2355,13.8276
GoiEner non-household,test,890,435,LSTM,LSTM,"load only, trained",15,22.6826,13.6752
GoiEner non-household,test,890,435,LSTM,LSTM,"load only, trained",16,22.1435,13.8056
GoiEner non-household,test,890,435,LSTM,LSTM,"load only, trained",17,22.992,13.6678
GoiEner non-household,test,890,435,LSTM,LSTM,"load only, trained",18,22.9652,13.7735
GoiEner non-household,test,890,435,LSTM,LSTM,"load only, trained",19,24.1433,14.0496
GoiEner non-household,test,890,435,LSTM,LSTM,"load only, trained",20,24.0545,13.9939
GoiEner non-household,test,890,435,LSTM,LSTM,"load only, trained",21,22.1607,13.9523
GoiEner non-household,test,890,435,LSTM,LSTM,"load only, trained",22,25.6079,13.7621
GoiEner non-household,test,890,435,LSTM,LSTM,"load only, trained",23,25.3727,13.7243
GoiEner non-household,test,890,435,LSTM,LSTM,"load only, trained",24,27.8025,13.9102
GoiEner non-household,test,890,435,LSTM,LSTM,"load only, trained",25,27.8651,14.0819
GoiEner non-household,test,890,435,LSTM,LSTM,"load only, trained",26,27.4048,14.2295
GoiEner non-household,test,890,435,LSTM,LSTM,"load only, trained",27,25.9062,14.2445
GoiEner non-household,test,890,435,LSTM,LSTM,"load only, trained",28,26.5894,14.3973
GoiEner non-household,test,890,435,LSTM,LSTM,"load only, trained",29,26.8827,14.4894
GoiEner non-household,test,890,435,LSTM,LSTM,"load only, trained",30,27.9892,14.6573
GoiEner non-household,test,890,435,LSTM,LSTM,"load only, trained",31,29.4813,14.8145
GoiEner non-household,test,890,435,PatchTST,PatchTST,"load only, trained",1,20.7524,20.7524
GoiEner non-household,test,890,435,PatchTST,PatchTST,"load only, trained",2,21.3033,18.0356
GoiEner non-household,test,890,435,PatchTST,PatchTST,"load only, trained",3,21.1361,17.1032
GoiEner non-household,test,890,435,PatchTST,PatchTST,"load only, trained",4,18.9351,16.0429
GoiEner non-household,test,890,435,PatchTST,PatchTST,"load only, trained",5,16.1874,14.799
GoiEner non-household,test,890,435,PatchTST,PatchTST,"load only, trained",6,16.3041,14.2085
GoiEner non-household,test,890,435,PatchTST,PatchTST,"load only, trained",7,15.7402,13.1821
GoiEner non-household,test,890,435,PatchTST,PatchTST,"load only, trained",8,17.5119,12.5228
GoiEner non-household,test,890,435,PatchTST,PatchTST,"load only, trained",9,21.1792,12.7639
GoiEner non-household,test,890,435,PatchTST,PatchTST,"load only, trained",10,21.7253,13.0032
GoiEner non-household,test,890,435,PatchTST,PatchTST,"load only, trained",11,22.0573,12.9697
GoiEner non-household,test,890,435,PatchTST,PatchTST,"load only, trained",12,18.7469,13.0001
GoiEner non-household,test,890,435,PatchTST,PatchTST,"load only, trained",13,19.5993,13.0587
GoiEner non-household,test,890,435,PatchTST,PatchTST,"load only, trained",14,18.6256,12.9779
GoiEner non-household,test,890,435,PatchTST,PatchTST,"load only, trained",15,19.2534,12.8506
GoiEner non-household,test,890,435,PatchTST,PatchTST,"load only, trained",16,19.2939,13.0332
GoiEner non-household,test,890,435,PatchTST,PatchTST,"load only, trained",17,20.4546,12.8654
GoiEner non-household,test,890,435,PatchTST,PatchTST,"load only, trained",18,22.406,12.7973
GoiEner non-household,test,890,435,PatchTST,PatchTST,"load only, trained",19,22.084,12.6505
GoiEner non-household,test,890,435,PatchTST,PatchTST,"load only, trained",20,23.0148,12.8192
GoiEner non-household,test,890,435,PatchTST,PatchTST,"load only, trained",21,21.1221,12.8616
GoiEner non-household,test,890,435,PatchTST,PatchTST,"load only, trained",22,19.535,12.7542
GoiEner non-household,test,890,435,PatchTST,PatchTST,"load only, trained",23,21.0907,12.9896
GoiEner non-household,test,890,435,PatchTST,PatchTST,"load only, trained",24,24.5527,13.0913
GoiEner non-household,test,890,435,PatchTST,PatchTST,"load only, trained",25,24.6617,13.2918
GoiEner non-household,test,890,435,PatchTST,PatchTST,"load only, trained",26,22.3555,13.328
GoiEner non-household,test,890,435,PatchTST,PatchTST,"load only, trained",27,22.359,13.1462
GoiEner non-household,test,890,435,PatchTST,PatchTST,"load only, trained",28,22.5021,13.1107
GoiEner non-household,test,890,435,PatchTST,PatchTST,"load only, trained",29,20.9657,12.9341
GoiEner non-household,test,890,435,PatchTST,PatchTST,"load only, trained",30,24.3552,13.2004
GoiEner non-household,test,890,435,PatchTST,PatchTST,"load only, trained",31,26.2022,13.1125
GoiEner non-household,test,890,435,RIDGE-L,Ridge (per unit),per-unit regression,1,13.623,13.623
GoiEner non-household,test,890,435,RIDGE-L,Ridge (per unit),per-unit regression,2,14.6429,11.8071
GoiEner non-household,test,890,435,RIDGE-L,Ridge (per unit),per-unit regression,3,14.5413,11.2078
GoiEner non-household,test,890,435,RIDGE-L,Ridge (per unit),per-unit regression,4,14.2164,10.7864
GoiEner non-household,test,890,435,RIDGE-L,Ridge (per unit),per-unit regression,5,15.5594,10.3328
GoiEner non-household,test,890,435,RIDGE-L,Ridge (per unit),per-unit regression,6,16.8918,10.3287
GoiEner non-household,test,890,435,RIDGE-L,Ridge (per unit),per-unit regression,7,17.0603,10.2568
GoiEner non-household,test,890,435,RIDGE-L,Ridge (per unit),per-unit regression,8,16.5153,10.3611
GoiEner non-household,test,890,435,RIDGE-L,Ridge (per unit),per-unit regression,9,17.2861,10.6324
GoiEner non-household,test,890,435,RIDGE-L,Ridge (per unit),per-unit regression,10,19.2071,11.0366
GoiEner non-household,test,890,435,RIDGE-L,Ridge (per unit),per-unit regression,11,18.6544,11.0922
GoiEner non-household,test,890,435,RIDGE-L,Ridge (per unit),per-unit regression,12,18.1847,11.3408
GoiEner non-household,test,890,435,RIDGE-L,Ridge (per unit),per-unit regression,13,18.6915,11.5114
GoiEner non-household,test,890,435,RIDGE-L,Ridge (per unit),per-unit regression,14,19.6157,11.5216
GoiEner non-household,test,890,435,RIDGE-L,Ridge (per unit),per-unit regression,15,20.0852,11.3082
GoiEner non-household,test,890,435,RIDGE-L,Ridge (per unit),per-unit regression,16,18.8937,11.2449
GoiEner non-household,test,890,435,RIDGE-L,Ridge (per unit),per-unit regression,17,19.913,11.3103
GoiEner non-household,test,890,435,RIDGE-L,Ridge (per unit),per-unit regression,18,20.0896,11.4926
GoiEner non-household,test,890,435,RIDGE-L,Ridge (per unit),per-unit regression,19,20.1091,11.6612
GoiEner non-household,test,890,435,RIDGE-L,Ridge (per unit),per-unit regression,20,21.5283,11.8547
GoiEner non-household,test,890,435,RIDGE-L,Ridge (per unit),per-unit regression,21,21.9498,11.9669
GoiEner non-household,test,890,435,RIDGE-L,Ridge (per unit),per-unit regression,22,22.3427,12.101
GoiEner non-household,test,890,435,RIDGE-L,Ridge (per unit),per-unit regression,23,21.6573,12.2104
GoiEner non-household,test,890,435,RIDGE-L,Ridge (per unit),per-unit regression,24,24.794,12.4059
GoiEner non-household,test,890,435,RIDGE-L,Ridge (per unit),per-unit regression,25,23.7027,12.5254
GoiEner non-household,test,890,435,RIDGE-L,Ridge (per unit),per-unit regression,26,21.7199,12.5138
GoiEner non-household,test,890,435,RIDGE-L,Ridge (per unit),per-unit regression,27,22.9971,12.544
GoiEner non-household,test,890,435,RIDGE-L,Ridge (per unit),per-unit regression,28,25.2497,12.6763
GoiEner non-household,test,890,435,RIDGE-L,Ridge (per unit),per-unit regression,29,22.2006,12.7407
GoiEner non-household,test,890,435,RIDGE-L,Ridge (per unit),per-unit regression,30,24.1666,12.8586
GoiEner non-household,test,890,435,RIDGE-L,Ridge (per unit),per-unit regression,31,26.8288,13.0689
GoiEner non-household,test,890,435,TiDE,TiDE,"same information, trained",1,17.4866,17.4866
GoiEner non-household,test,890,435,TiDE,TiDE,"same information, trained",2,17.3419,14.7598
GoiEner non-household,test,890,435,TiDE,TiDE,"same information, trained",3,16.4459,13.6253
GoiEner non-household,test,890,435,TiDE,TiDE,"same information, trained",4,17.2432,13.2092
GoiEner non-household,test,890,435,TiDE,TiDE,"same information, trained",5,18.4678,12.3399
GoiEner non-household,test,890,435,TiDE,TiDE,"same information, trained",6,20.3821,12.1948
GoiEner non-household,test,890,435,TiDE,TiDE,"same information, trained",7,19.9115,12.4139
GoiEner non-household,test,890,435,TiDE,TiDE,"same information, trained",8,19.1183,12.4938
GoiEner non-household,test,890,435,TiDE,TiDE,"same information, trained",9,20.9771,12.4268
GoiEner non-household,test,890,435,TiDE,TiDE,"same information, trained",10,22.0588,12.7114
GoiEner non-household,test,890,435,TiDE,TiDE,"same information, trained",11,20.3755,12.6427
GoiEner non-household,test,890,435,TiDE,TiDE,"same information, trained",12,21.6404,12.7194
GoiEner non-household,test,890,435,TiDE,TiDE,"same information, trained",13,22.8005,13.0117
GoiEner non-household,test,890,435,TiDE,TiDE,"same information, trained",14,22.0508,12.9506
GoiEner non-household,test,890,435,TiDE,TiDE,"same information, trained",15,23.8808,13.1455
GoiEner non-household,test,890,435,TiDE,TiDE,"same information, trained",16,22.8129,13.2277
GoiEner non-household,test,890,435,TiDE,TiDE,"same information, trained",17,24.5824,13.3809
GoiEner non-household,test,890,435,TiDE,TiDE,"same information, trained",18,22.4737,13.7595
GoiEner non-household,test,890,435,TiDE,TiDE,"same information, trained",19,22.8905,13.9797
GoiEner non-household,test,890,435,TiDE,TiDE,"same information, trained",20,24.5449,14.1758
GoiEner non-household,test,890,435,TiDE,TiDE,"same information, trained",21,23.4358,14.2752
GoiEner non-household,test,890,435,TiDE,TiDE,"same information, trained",22,26.1242,14.2484
GoiEner non-household,test,890,435,TiDE,TiDE,"same information, trained",23,25.11,14.5312
GoiEner non-household,test,890,435,TiDE,TiDE,"same information, trained",24,27.131,14.6657
GoiEner non-household,test,890,435,TiDE,TiDE,"same information, trained",25,26.8606,14.7164
GoiEner non-household,test,890,435,TiDE,TiDE,"same information, trained",26,25.4827,14.8422
GoiEner non-household,test,890,435,TiDE,TiDE,"same information, trained",27,25.9289,14.9856
GoiEner non-household,test,890,435,TiDE,TiDE,"same information, trained",28,29.6635,15.1537
GoiEner non-household,test,890,435,TiDE,TiDE,"same information, trained",29,26.6035,15.1928
GoiEner non-household,test,890,435,TiDE,TiDE,"same information, trained",30,29.0073,15.5035
GoiEner non-household,test,890,435,TiDE,TiDE,"same information, trained",31,29.9235,15.6829
GoiEner households,test,696,577,TimesFM,TimesFM,"load only, zero-shot foundation model",1,12.4982,12.4982
GoiEner households,test,696,577,TimesFM,TimesFM,"load only, zero-shot foundation model",2,12.7278,13.3294
GoiEner households,test,696,577,TimesFM,TimesFM,"load only, zero-shot foundation model",3,13.5042,13.5395
GoiEner households,test,696,577,TimesFM,TimesFM,"load only, zero-shot foundation model",4,16.0245,13.9299
GoiEner households,test,696,577,TimesFM,TimesFM,"load only, zero-shot foundation model",5,15.7153,14.2725
GoiEner households,test,696,577,TimesFM,TimesFM,"load only, zero-shot foundation model",6,16.421,15.1014
GoiEner households,test,696,577,TimesFM,TimesFM,"load only, zero-shot foundation model",7,18.3172,15.6259
GoiEner households,test,696,577,TimesFM,TimesFM,"load only, zero-shot foundation model",8,19.3003,16.0325
GoiEner households,test,696,577,TimesFM,TimesFM,"load only, zero-shot foundation model",9,17.446,15.8149
GoiEner households,test,696,577,TimesFM,TimesFM,"load only, zero-shot foundation model",10,16.9598,16.0495
GoiEner households,test,696,577,TimesFM,TimesFM,"load only, zero-shot foundation model",11,20.6294,16.7242
GoiEner households,test,696,577,TimesFM,TimesFM,"load only, zero-shot foundation model",12,19.48,16.9394
GoiEner households,test,696,577,TimesFM,TimesFM,"load only, zero-shot foundation model",13,18.0694,17.3603
GoiEner households,test,696,577,TimesFM,TimesFM,"load only, zero-shot foundation model",14,19.7196,17.5591
GoiEner households,test,696,577,TimesFM,TimesFM,"load only, zero-shot foundation model",15,20.6549,17.4196
GoiEner households,test,696,577,TimesFM,TimesFM,"load only, zero-shot foundation model",16,20.6552,17.4094
GoiEner households,test,696,577,TimesFM,TimesFM,"load only, zero-shot foundation model",17,18.4165,17.283
GoiEner households,test,696,577,TimesFM,TimesFM,"load only, zero-shot foundation model",18,20.7402,17.4047
GoiEner households,test,696,577,TimesFM,TimesFM,"load only, zero-shot foundation model",19,19.4587,17.7979
GoiEner households,test,696,577,TimesFM,TimesFM,"load only, zero-shot foundation model",20,20.334,17.7905
GoiEner households,test,696,577,TimesFM,TimesFM,"load only, zero-shot foundation model",21,19.5835,17.4995
GoiEner households,test,696,577,TimesFM,TimesFM,"load only, zero-shot foundation model",22,20.9461,17.142
GoiEner households,test,696,577,TimesFM,TimesFM,"load only, zero-shot foundation model",23,20.7834,17.5669
GoiEner households,test,696,577,TimesFM,TimesFM,"load only, zero-shot foundation model",24,20.2413,17.3961
GoiEner households,test,696,577,TimesFM,TimesFM,"load only, zero-shot foundation model",25,19.9755,17.4721
GoiEner households,test,696,577,TimesFM,TimesFM,"load only, zero-shot foundation model",26,19.3862,17.3348
GoiEner households,test,696,577,TimesFM,TimesFM,"load only, zero-shot foundation model",27,20.2121,17.6456
GoiEner households,test,696,577,TimesFM,TimesFM,"load only, zero-shot foundation model",28,21.502,17.6738
GoiEner households,test,696,577,TimesFM,TimesFM,"load only, zero-shot foundation model",29,20.2922,17.5184
GoiEner households,test,696,577,TimesFM,TimesFM,"load only, zero-shot foundation model",30,20.2311,17.0662
GoiEner households,test,696,577,TimesFM,TimesFM,"load only, zero-shot foundation model",31,19.5885,17.3534
GoiEner households,test,696,577,RIDGE-L,Ridge (per unit),per-unit regression,1,13.9831,13.9831
GoiEner households,test,696,577,RIDGE-L,Ridge (per unit),per-unit regression,2,14.0094,12.4699
GoiEner households,test,696,577,RIDGE-L,Ridge (per unit),per-unit regression,3,14.4449,11.211
GoiEner households,test,696,577,RIDGE-L,Ridge (per unit),per-unit regression,4,13.9114,10.0543
GoiEner households,test,696,577,RIDGE-L,Ridge (per unit),per-unit regression,5,13.9952,10.0364
GoiEner households,test,696,577,RIDGE-L,Ridge (per unit),per-unit regression,6,15.6126,9.6529
GoiEner households,test,696,577,RIDGE-L,Ridge (per unit),per-unit regression,7,15.4654,9.4174
GoiEner households,test,696,577,RIDGE-L,Ridge (per unit),per-unit regression,8,16.6101,9.3269
GoiEner households,test,696,577,RIDGE-L,Ridge (per unit),per-unit regression,9,15.4173,8.6652
GoiEner households,test,696,577,RIDGE-L,Ridge (per unit),per-unit regression,10,17.0973,8.7277
GoiEner households,test,696,577,RIDGE-L,Ridge (per unit),per-unit regression,11,16.5542,8.8789
GoiEner households,test,696,577,RIDGE-L,Ridge (per unit),per-unit regression,12,16.0657,9.1746
GoiEner households,test,696,577,RIDGE-L,Ridge (per unit),per-unit regression,13,16.527,9.1709
GoiEner households,test,696,577,RIDGE-L,Ridge (per unit),per-unit regression,14,16.6075,9.2514
GoiEner households,test,696,577,RIDGE-L,Ridge (per unit),per-unit regression,15,17.3378,9.2251
GoiEner households,test,696,577,RIDGE-L,Ridge (per unit),per-unit regression,16,17.8543,9.7151
GoiEner households,test,696,577,RIDGE-L,Ridge (per unit),per-unit regression,17,16.2372,9.6577
GoiEner households,test,696,577,RIDGE-L,Ridge (per unit),per-unit regression,18,16.9988,9.4073
GoiEner households,test,696,577,RIDGE-L,Ridge (per unit),per-unit regression,19,17.0273,9.3701
GoiEner households,test,696,577,RIDGE-L,Ridge (per unit),per-unit regression,20,18.304,9.5565
GoiEner households,test,696,577,RIDGE-L,Ridge (per unit),per-unit regression,21,17.8353,9.8352
GoiEner households,test,696,577,RIDGE-L,Ridge (per unit),per-unit regression,22,18.139,9.8404
GoiEner households,test,696,577,RIDGE-L,Ridge (per unit),per-unit regression,23,18.2574,9.9813
GoiEner households,test,696,577,RIDGE-L,Ridge (per unit),per-unit regression,24,18.3744,10.1237
GoiEner households,test,696,577,RIDGE-L,Ridge (per unit),per-unit regression,25,17.6118,10.245
GoiEner households,test,696,577,RIDGE-L,Ridge (per unit),per-unit regression,26,17.8188,9.9456
GoiEner households,test,696,577,RIDGE-L,Ridge (per unit),per-unit regression,27,17.3253,10.1821
GoiEner households,test,696,577,RIDGE-L,Ridge (per unit),per-unit regression,28,17.7853,10.1527
GoiEner households,test,696,577,RIDGE-L,Ridge (per unit),per-unit regression,29,17.1265,10.226
GoiEner households,test,696,577,RIDGE-L,Ridge (per unit),per-unit regression,30,17.3897,9.8135
GoiEner households,test,696,577,RIDGE-L,Ridge (per unit),per-unit regression,31,19.4633,9.9854
GoiEner households,test,696,577,Chronos-2-X,Chronos-2-X,"same information, zero-shot foundation model",1,12.0499,12.0499
GoiEner households,test,696,577,Chronos-2-X,Chronos-2-X,"same information, zero-shot foundation model",2,12.8269,13.1597
GoiEner households,test,696,577,Chronos-2-X,Chronos-2-X,"same information, zero-shot foundation model",3,13.327,13.2794
GoiEner households,test,696,577,Chronos-2-X,Chronos-2-X,"same information, zero-shot foundation model",4,15.3807,14.2598
GoiEner households,test,696,577,Chronos-2-X,Chronos-2-X,"same information, zero-shot foundation model",5,15.124,14.4697
GoiEner households,test,696,577,Chronos-2-X,Chronos-2-X,"same information, zero-shot foundation model",6,15.8141,14.3612
GoiEner households,test,696,577,Chronos-2-X,Chronos-2-X,"same information, zero-shot foundation model",7,17.863,14.7399
GoiEner households,test,696,577,Chronos-2-X,Chronos-2-X,"same information, zero-shot foundation model",8,18.5487,15.3755
GoiEner households,test,696,577,Chronos-2-X,Chronos-2-X,"same information, zero-shot foundation model",9,17.4154,15.431
GoiEner households,test,696,577,Chronos-2-X,Chronos-2-X,"same information, zero-shot foundation model",10,17.4561,15.8899
GoiEner households,test,696,577,Chronos-2-X,Chronos-2-X,"same information, zero-shot foundation model",11,19.544,16.3135
GoiEner households,test,696,577,Chronos-2-X,Chronos-2-X,"same information, zero-shot foundation model",12,19.9279,16.7962
GoiEner households,test,696,577,Chronos-2-X,Chronos-2-X,"same information, zero-shot foundation model",13,18.3596,16.7543
GoiEner households,test,696,577,Chronos-2-X,Chronos-2-X,"same information, zero-shot foundation model",14,20.6998,16.8424
GoiEner households,test,696,577,Chronos-2-X,Chronos-2-X,"same information, zero-shot foundation model",15,19.9029,17.3448
GoiEner households,test,696,577,Chronos-2-X,Chronos-2-X,"same information, zero-shot foundation model",16,20.3589,17.396
GoiEner households,test,696,577,Chronos-2-X,Chronos-2-X,"same information, zero-shot foundation model",17,18.8958,17.2261
GoiEner households,test,696,577,Chronos-2-X,Chronos-2-X,"same information, zero-shot foundation model",18,20.0051,17.2091
GoiEner households,test,696,577,Chronos-2-X,Chronos-2-X,"same information, zero-shot foundation model",19,19.9381,17.0545
GoiEner households,test,696,577,Chronos-2-X,Chronos-2-X,"same information, zero-shot foundation model",20,20.5794,17.0547
GoiEner households,test,696,577,Chronos-2-X,Chronos-2-X,"same information, zero-shot foundation model",21,20.5358,17.38
GoiEner households,test,696,577,Chronos-2-X,Chronos-2-X,"same information, zero-shot foundation model",22,20.6242,17.1503
GoiEner households,test,696,577,Chronos-2-X,Chronos-2-X,"same information, zero-shot foundation model",23,21.3203,17.2872
GoiEner households,test,696,577,Chronos-2-X,Chronos-2-X,"same information, zero-shot foundation model",24,20.4842,17.2263
GoiEner households,test,696,577,Chronos-2-X,Chronos-2-X,"same information, zero-shot foundation model",25,19.233,17.0527
GoiEner households,test,696,577,Chronos-2-X,Chronos-2-X,"same information, zero-shot foundation model",26,20.1105,16.891
GoiEner households,test,696,577,Chronos-2-X,Chronos-2-X,"same information, zero-shot foundation model",27,19.2118,17.0785
GoiEner households,test,696,577,Chronos-2-X,Chronos-2-X,"same information, zero-shot foundation model",28,21.5205,17.3148
GoiEner households,test,696,577,Chronos-2-X,Chronos-2-X,"same information, zero-shot foundation model",29,20.2136,16.9018
GoiEner households,test,696,577,Chronos-2-X,Chronos-2-X,"same information, zero-shot foundation model",30,20.4559,17.1322
GoiEner households,test,696,577,Chronos-2-X,Chronos-2-X,"same information, zero-shot foundation model",31,20.419,17.3097
GoiEner households,test,696,577,Chronos-2,Chronos-2,"load only, zero-shot foundation model",1,11.8794,11.8794
GoiEner households,test,696,577,Chronos-2,Chronos-2,"load only, zero-shot foundation model",2,12.6715,13.2462
GoiEner households,test,696,577,Chronos-2,Chronos-2,"load only, zero-shot foundation model",3,13.3188,13.0852
GoiEner households,test,696,577,Chronos-2,Chronos-2,"load only, zero-shot foundation model",4,15.2945,14.2936
GoiEner households,test,696,577,Chronos-2,Chronos-2,"load only, zero-shot foundation model",5,15.3228,14.4209
GoiEner households,test,696,577,Chronos-2,Chronos-2,"load only, zero-shot foundation model",6,15.5986,14.5774
GoiEner households,test,696,577,Chronos-2,Chronos-2,"load only, zero-shot foundation model",7,17.107,15.1916
GoiEner households,test,696,577,Chronos-2,Chronos-2,"load only, zero-shot foundation model",8,19.042,15.7863
GoiEner households,test,696,577,Chronos-2,Chronos-2,"load only, zero-shot foundation model",9,17.8832,15.7036
GoiEner households,test,696,577,Chronos-2,Chronos-2,"load only, zero-shot foundation model",10,17.4247,15.9867
GoiEner households,test,696,577,Chronos-2,Chronos-2,"load only, zero-shot foundation model",11,19.4442,16.4214
GoiEner households,test,696,577,Chronos-2,Chronos-2,"load only, zero-shot foundation model",12,19.1839,16.5533
GoiEner households,test,696,577,Chronos-2,Chronos-2,"load only, zero-shot foundation model",13,17.5112,16.9606
GoiEner households,test,696,577,Chronos-2,Chronos-2,"load only, zero-shot foundation model",14,19.2628,16.7847
GoiEner households,test,696,577,Chronos-2,Chronos-2,"load only, zero-shot foundation model",15,21.0714,17.1272
GoiEner households,test,696,577,Chronos-2,Chronos-2,"load only, zero-shot foundation model",16,19.8114,16.9883
GoiEner households,test,696,577,Chronos-2,Chronos-2,"load only, zero-shot foundation model",17,18.5536,16.8265
GoiEner households,test,696,577,Chronos-2,Chronos-2,"load only, zero-shot foundation model",18,18.9799,16.7041
GoiEner households,test,696,577,Chronos-2,Chronos-2,"load only, zero-shot foundation model",19,20.0955,17.0748
GoiEner households,test,696,577,Chronos-2,Chronos-2,"load only, zero-shot foundation model",20,20.3028,16.9838
GoiEner households,test,696,577,Chronos-2,Chronos-2,"load only, zero-shot foundation model",21,19.9987,16.8724
GoiEner households,test,696,577,Chronos-2,Chronos-2,"load only, zero-shot foundation model",22,21.5445,16.8086
GoiEner households,test,696,577,Chronos-2,Chronos-2,"load only, zero-shot foundation model",23,20.3761,17.0686
GoiEner households,test,696,577,Chronos-2,Chronos-2,"load only, zero-shot foundation model",24,19.2146,16.9252
GoiEner households,test,696,577,Chronos-2,Chronos-2,"load only, zero-shot foundation model",25,19.9273,16.9147
GoiEner households,test,696,577,Chronos-2,Chronos-2,"load only, zero-shot foundation model",26,19.1426,17.0226
GoiEner households,test,696,577,Chronos-2,Chronos-2,"load only, zero-shot foundation model",27,19.3026,17.044
GoiEner households,test,696,577,Chronos-2,Chronos-2,"load only, zero-shot foundation model",28,21.3187,17.0322
GoiEner households,test,696,577,Chronos-2,Chronos-2,"load only, zero-shot foundation model",29,21.4372,17.2362
GoiEner households,test,696,577,Chronos-2,Chronos-2,"load only, zero-shot foundation model",30,19.7433,17.1975
GoiEner households,test,696,577,Chronos-2,Chronos-2,"load only, zero-shot foundation model",31,20.0022,17.3888
GoiEner households,test,696,577,ANKYRA,ANKYRA,,1,13.7317,13.7317
GoiEner households,test,696,577,ANKYRA,ANKYRA,,2,13.6622,12.6199
GoiEner households,test,696,577,ANKYRA,ANKYRA,,3,13.1839,11.805
GoiEner households,test,696,577,ANKYRA,ANKYRA,,4,13.5632,11.7092
GoiEner households,test,696,577,ANKYRA,ANKYRA,,5,13.5186,11.1428
GoiEner households,test,696,577,ANKYRA,ANKYRA,,6,14.5057,10.797
GoiEner households,test,696,577,ANKYRA,ANKYRA,,7,14.7585,10.3113
GoiEner households,test,696,577,ANKYRA,ANKYRA,,8,16.2508,10.7386
GoiEner households,test,696,577,ANKYRA,ANKYRA,,9,16.5506,10.5085
GoiEner households,test,696,577,ANKYRA,ANKYRA,,10,15.905,10.402
GoiEner households,test,696,577,ANKYRA,ANKYRA,,11,16.3269,10.6829
GoiEner households,test,696,577,ANKYRA,ANKYRA,,12,17.0821,10.777
GoiEner households,test,696,577,ANKYRA,ANKYRA,,13,15.1543,11.3042
GoiEner households,test,696,577,ANKYRA,ANKYRA,,14,16.4676,11.2349
GoiEner households,test,696,577,ANKYRA,ANKYRA,,15,17.143,11.2841
GoiEner households,test,696,577,ANKYRA,ANKYRA,,16,17.0648,11.3307
GoiEner households,test,696,577,ANKYRA,ANKYRA,,17,16.3499,11.1029
GoiEner households,test,696,577,ANKYRA,ANKYRA,,18,16.7563,10.8103
GoiEner households,test,696,577,ANKYRA,ANKYRA,,19,15.5743,10.8697
GoiEner households,test,696,577,ANKYRA,ANKYRA,,20,18.675,11.1157
GoiEner households,test,696,577,ANKYRA,ANKYRA,,21,17.5977,11.5686
GoiEner households,test,696,577,ANKYRA,ANKYRA,,22,18.2568,11.9009
GoiEner households,test,696,577,ANKYRA,ANKYRA,,23,18.4867,11.7351
GoiEner households,test,696,577,ANKYRA,ANKYRA,,24,16.7184,11.8733
GoiEner households,test,696,577,ANKYRA,ANKYRA,,25,17.9046,11.8021
GoiEner households,test,696,577,ANKYRA,ANKYRA,,26,17.6749,11.798
GoiEner households,test,696,577,ANKYRA,ANKYRA,,27,17.9801,11.4711
GoiEner households,test,696,577,ANKYRA,ANKYRA,,28,18.6128,11.2773
GoiEner households,test,696,577,ANKYRA,ANKYRA,,29,17.832,11.5884
GoiEner households,test,696,577,ANKYRA,ANKYRA,,30,17.1839,11.6704
GoiEner households,test,696,577,ANKYRA,ANKYRA,,31,17.8021,11.5181
GoiEner households,test,696,577,GBT,GBT (zero-shot),zero-shot gradient boosting,1,16.5257,16.5257
GoiEner households,test,696,577,GBT,GBT (zero-shot),zero-shot gradient boosting,2,18.4559,15.6804
GoiEner households,test,696,577,GBT,GBT (zero-shot),zero-shot gradient boosting,3,17.7468,15.123
GoiEner households,test,696,577,GBT,GBT (zero-shot),zero-shot gradient boosting,4,17.8199,13.5078
GoiEner households,test,696,577,GBT,GBT (zero-shot),zero-shot gradient boosting,5,17.1408,12.6885
GoiEner households,test,696,577,GBT,GBT (zero-shot),zero-shot gradient boosting,6,19.3431,12.7231
GoiEner households,test,696,577,GBT,GBT (zero-shot),zero-shot gradient boosting,7,20.0049,12.0253
GoiEner households,test,696,577,GBT,GBT (zero-shot),zero-shot gradient boosting,8,23.2218,12.1447
GoiEner households,test,696,577,GBT,GBT (zero-shot),zero-shot gradient boosting,9,20.9945,12.3442
GoiEner households,test,696,577,GBT,GBT (zero-shot),zero-shot gradient boosting,10,22.3337,12.7464
GoiEner households,test,696,577,GBT,GBT (zero-shot),zero-shot gradient boosting,11,22.0033,13.2727
GoiEner households,test,696,577,GBT,GBT (zero-shot),zero-shot gradient boosting,12,21.5088,13.1667
GoiEner households,test,696,577,GBT,GBT (zero-shot),zero-shot gradient boosting,13,22.9008,13.1336
GoiEner households,test,696,577,GBT,GBT (zero-shot),zero-shot gradient boosting,14,23.1116,13.576
GoiEner households,test,696,577,GBT,GBT (zero-shot),zero-shot gradient boosting,15,23.211,13.2014
GoiEner households,test,696,577,GBT,GBT (zero-shot),zero-shot gradient boosting,16,26.8415,13.555
GoiEner households,test,696,577,GBT,GBT (zero-shot),zero-shot gradient boosting,17,25.2082,14.1349
GoiEner households,test,696,577,GBT,GBT (zero-shot),zero-shot gradient boosting,18,22.8449,13.8393
GoiEner households,test,696,577,GBT,GBT (zero-shot),zero-shot gradient boosting,19,23.3696,14.1193
GoiEner households,test,696,577,GBT,GBT (zero-shot),zero-shot gradient boosting,20,25.76,14.2673
GoiEner households,test,696,577,GBT,GBT (zero-shot),zero-shot gradient boosting,21,25.5119,14.3858
GoiEner households,test,696,577,GBT,GBT (zero-shot),zero-shot gradient boosting,22,24.88,14.8509
GoiEner households,test,696,577,GBT,GBT (zero-shot),zero-shot gradient boosting,23,27.4872,15.1484
GoiEner households,test,696,577,GBT,GBT (zero-shot),zero-shot gradient boosting,24,27.8931,15.1505
GoiEner households,test,696,577,GBT,GBT (zero-shot),zero-shot gradient boosting,25,27.079,14.9038
GoiEner households,test,696,577,GBT,GBT (zero-shot),zero-shot gradient boosting,26,27.1344,15.0478
GoiEner households,test,696,577,GBT,GBT (zero-shot),zero-shot gradient boosting,27,27.0932,15.7163
GoiEner households,test,696,577,GBT,GBT (zero-shot),zero-shot gradient boosting,28,27.8421,16.12
GoiEner households,test,696,577,GBT,GBT (zero-shot),zero-shot gradient boosting,29,31.0172,16.5742
GoiEner households,test,696,577,GBT,GBT (zero-shot),zero-shot gradient boosting,30,33.1396,16.8006
GoiEner households,test,696,577,GBT,GBT (zero-shot),zero-shot gradient boosting,31,34.8906,17.1964
GoiEner households,test,696,577,Holt-Winters,Holt-Winters,"load only, statistical",1,14.641,14.641
GoiEner households,test,696,577,Holt-Winters,Holt-Winters,"load only, statistical",2,17.8703,14.5454
GoiEner households,test,696,577,Holt-Winters,Holt-Winters,"load only, statistical",3,17.0961,14.2273
GoiEner households,test,696,577,Holt-Winters,Holt-Winters,"load only, statistical",4,19.1961,14.3216
GoiEner households,test,696,577,Holt-Winters,Holt-Winters,"load only, statistical",5,17.8304,14.7018
GoiEner households,test,696,577,Holt-Winters,Holt-Winters,"load only, statistical",6,19.9616,14.3893
GoiEner households,test,696,577,Holt-Winters,Holt-Winters,"load only, statistical",7,18.9723,14.5517
GoiEner households,test,696,577,Holt-Winters,Holt-Winters,"load only, statistical",8,20.2212,14.7257
GoiEner households,test,696,577,Holt-Winters,Holt-Winters,"load only, statistical",9,21.6315,14.7542
GoiEner households,test,696,577,Holt-Winters,Holt-Winters,"load only, statistical",10,21.5803,14.6273
GoiEner households,test,696,577,Holt-Winters,Holt-Winters,"load only, statistical",11,22.3596,15.1805
GoiEner households,test,696,577,Holt-Winters,Holt-Winters,"load only, statistical",12,23.0107,14.62
GoiEner households,test,696,577,Holt-Winters,Holt-Winters,"load only, statistical",13,20.5788,14.6905
GoiEner households,test,696,577,Holt-Winters,Holt-Winters,"load only, statistical",14,21.1918,15.2254
GoiEner households,test,696,577,Holt-Winters,Holt-Winters,"load only, statistical",15,23.3624,15.5652
GoiEner households,test,696,577,Holt-Winters,Holt-Winters,"load only, statistical",16,23.2778,15.906
GoiEner households,test,696,577,Holt-Winters,Holt-Winters,"load only, statistical",17,22.4608,15.9984
GoiEner households,test,696,577,Holt-Winters,Holt-Winters,"load only, statistical",18,22.4475,16.0511
GoiEner households,test,696,577,Holt-Winters,Holt-Winters,"load only, statistical",19,22.6576,16.1924
GoiEner households,test,696,577,Holt-Winters,Holt-Winters,"load only, statistical",20,23.6788,16.5705
GoiEner households,test,696,577,Holt-Winters,Holt-Winters,"load only, statistical",21,21.0874,16.4822
GoiEner households,test,696,577,Holt-Winters,Holt-Winters,"load only, statistical",22,23.7423,16.9091
GoiEner households,test,696,577,Holt-Winters,Holt-Winters,"load only, statistical",23,23.2413,17.0776
GoiEner households,test,696,577,Holt-Winters,Holt-Winters,"load only, statistical",24,23.3538,16.9816
GoiEner households,test,696,577,Holt-Winters,Holt-Winters,"load only, statistical",25,21.8032,17.2856
GoiEner households,test,696,577,Holt-Winters,Holt-Winters,"load only, statistical",26,22.1922,17.2382
GoiEner households,test,696,577,Holt-Winters,Holt-Winters,"load only, statistical",27,21.7212,17.2852
GoiEner households,test,696,577,Holt-Winters,Holt-Winters,"load only, statistical",28,23.123,16.9234
GoiEner households,test,696,577,Holt-Winters,Holt-Winters,"load only, statistical",29,23.5033,17.332
GoiEner households,test,696,577,Holt-Winters,Holt-Winters,"load only, statistical",30,23.7563,16.9202
GoiEner households,test,696,577,Holt-Winters,Holt-Winters,"load only, statistical",31,24.6882,17.0815
GoiEner households,test,696,577,LYR-profile,Last-year profile,profile,1,24.3662,24.3662
GoiEner households,test,696,577,LYR-profile,Last-year profile,profile,2,23.7433,21.3285
GoiEner households,test,696,577,LYR-profile,Last-year profile,profile,3,22.9024,20.3366
GoiEner households,test,696,577,LYR-profile,Last-year profile,profile,4,22.7344,18.8003
GoiEner households,test,696,577,LYR-profile,Last-year profile,profile,5,21.0771,16.7428
GoiEner households,test,696,577,LYR-profile,Last-year profile,profile,6,22.7507,16.8023
GoiEner households,test,696,577,LYR-profile,Last-year profile,profile,7,22.7729,16.4447
GoiEner households,test,696,577,LYR-profile,Last-year profile,profile,8,21.7496,16.0893
GoiEner households,test,696,577,LYR-profile,Last-year profile,profile,9,21.4197,15.5658
GoiEner households,test,696,577,LYR-profile,Last-year profile,profile,10,23.1451,15.3407
GoiEner households,test,696,577,LYR-profile,Last-year profile,profile,11,22.4097,15.6489
GoiEner households,test,696,577,LYR-profile,Last-year profile,profile,12,22.472,14.9352
GoiEner households,test,696,577,LYR-profile,Last-year profile,profile,13,22.0876,15.0237
GoiEner households,test,696,577,LYR-profile,Last-year profile,profile,14,23.9374,14.9926
GoiEner households,test,696,577,LYR-profile,Last-year profile,profile,15,26.0611,14.895
GoiEner households,test,696,577,LYR-profile,Last-year profile,profile,16,24.8405,14.8216
GoiEner households,test,696,577,LYR-profile,Last-year profile,profile,17,23.6811,14.5949
GoiEner households,test,696,577,LYR-profile,Last-year profile,profile,18,22.4815,14.0929
GoiEner households,test,696,577,LYR-profile,Last-year profile,profile,19,21.9623,14.1199
GoiEner households,test,696,577,LYR-profile,Last-year profile,profile,20,23.8587,13.6118
GoiEner households,test,696,577,LYR-profile,Last-year profile,profile,21,23.4559,13.6256
GoiEner households,test,696,577,LYR-profile,Last-year profile,profile,22,25.2159,12.9436
GoiEner households,test,696,577,LYR-profile,Last-year profile,profile,23,25.2283,13.3052
GoiEner households,test,696,577,LYR-profile,Last-year profile,profile,24,24.0215,13.2048
GoiEner households,test,696,577,LYR-profile,Last-year profile,profile,25,23.2907,13.1647
GoiEner households,test,696,577,LYR-profile,Last-year profile,profile,26,21.363,12.9349
GoiEner households,test,696,577,LYR-profile,Last-year profile,profile,27,21.5126,13.0462
GoiEner households,test,696,577,LYR-profile,Last-year profile,profile,28,23.5541,13.2804
GoiEner households,test,696,577,LYR-profile,Last-year profile,profile,29,23.9894,13.148
GoiEner households,test,696,577,LYR-profile,Last-year profile,profile,30,26.0887,13.3738
GoiEner households,test,696,577,LYR-profile,Last-year profile,profile,31,24.8397,13.1616
GoiEner households,test,696,577,MSTL,MSTL,"load only, statistical",1,16.1248,16.1248
GoiEner households,test,696,577,MSTL,MSTL,"load only, statistical",2,18.7146,15.6815
GoiEner households,test,696,577,MSTL,MSTL,"load only, statistical",3,18.6331,15.2276
GoiEner households,test,696,577,MSTL,MSTL,"load only, statistical",4,20.1403,15.2361
GoiEner households,test,696,577,MSTL,MSTL,"load only, statistical",5,18.3587,14.8524
GoiEner households,test,696,577,MSTL,MSTL,"load only, statistical",6,19.8751,14.2793
GoiEner households,test,696,577,MSTL,MSTL,"load only, statistical",7,17.5637,13.9389
GoiEner households,test,696,577,MSTL,MSTL,"load only, statistical",8,20.5428,13.9013
GoiEner households,test,696,577,MSTL,MSTL,"load only, statistical",9,22.2794,13.4387
GoiEner households,test,696,577,MSTL,MSTL,"load only, statistical",10,21.7752,13.5187
GoiEner households,test,696,577,MSTL,MSTL,"load only, statistical",11,21.8083,13.8205
GoiEner households,test,696,577,MSTL,MSTL,"load only, statistical",12,23.1922,14.5776
GoiEner households,test,696,577,MSTL,MSTL,"load only, statistical",13,21.083,14.7361
GoiEner households,test,696,577,MSTL,MSTL,"load only, statistical",14,19.7044,14.8508
GoiEner households,test,696,577,MSTL,MSTL,"load only, statistical",15,23.6075,15.0831
GoiEner households,test,696,577,MSTL,MSTL,"load only, statistical",16,22.5736,15.2006
GoiEner households,test,696,577,MSTL,MSTL,"load only, statistical",17,22.5183,15.3604
GoiEner households,test,696,577,MSTL,MSTL,"load only, statistical",18,21.3435,15.4883
GoiEner households,test,696,577,MSTL,MSTL,"load only, statistical",19,22.5673,15.8538
GoiEner households,test,696,577,MSTL,MSTL,"load only, statistical",20,23.2747,15.9959
GoiEner households,test,696,577,MSTL,MSTL,"load only, statistical",21,19.8376,16.2647
GoiEner households,test,696,577,MSTL,MSTL,"load only, statistical",22,22.6687,16.2753
GoiEner households,test,696,577,MSTL,MSTL,"load only, statistical",23,24.0791,15.9737
GoiEner households,test,696,577,MSTL,MSTL,"load only, statistical",24,24.8684,16.4633
GoiEner households,test,696,577,MSTL,MSTL,"load only, statistical",25,23.4013,16.4338
GoiEner households,test,696,577,MSTL,MSTL,"load only, statistical",26,21.9613,16.4722
GoiEner households,test,696,577,MSTL,MSTL,"load only, statistical",27,22.091,16.3998
GoiEner households,test,696,577,MSTL,MSTL,"load only, statistical",28,21.6021,16.3966
GoiEner households,test,696,577,MSTL,MSTL,"load only, statistical",29,22.3019,16.5049
GoiEner households,test,696,577,MSTL,MSTL,"load only, statistical",30,23.0398,16.3391
GoiEner households,test,696,577,MSTL,MSTL,"load only, statistical",31,24.8971,16.8146
GoiEner households,test,696,577,SN-day,Seasonal naive (day),naive,1,10.9779,10.9779
GoiEner households,test,696,577,SN-day,Seasonal naive (day),naive,2,13.9796,12.3899
GoiEner households,test,696,577,SN-day,Seasonal naive (day),naive,3,14.258,12.2737
GoiEner households,test,696,577,SN-day,Seasonal naive (day),naive,4,15.1423,13.3969
GoiEner households,test,696,577,SN-day,Seasonal naive (day),naive,5,17.5322,13.7409
GoiEner households,test,696,577,SN-day,Seasonal naive (day),naive,6,17.4531,13.3019
GoiEner households,test,696,577,SN-day,Seasonal naive (day),naive,7,16.4068,14.3296
GoiEner households,test,696,577,SN-day,Seasonal naive (day),naive,8,18.572,14.0458
GoiEner households,test,696,577,SN-day,Seasonal naive (day),naive,9,17.7444,13.6324
GoiEner households,test,696,577,SN-day,Seasonal naive (day),naive,10,18.8224,14.273
GoiEner households,test,696,577,SN-day,Seasonal naive (day),naive,11,19.5733,14.3539
GoiEner households,test,696,577,SN-day,Seasonal naive (day),naive,12,19.6822,14.8861
GoiEner households,test,696,577,SN-day,Seasonal naive (day),naive,13,19.5091,15.2249
GoiEner households,test,696,577,SN-day,Seasonal naive (day),naive,14,17.4087,15.2216
GoiEner households,test,696,577,SN-day,Seasonal naive (day),naive,15,20.5311,15.5281
GoiEner households,test,696,577,SN-day,Seasonal naive (day),naive,16,21.0229,15.2718
GoiEner households,test,696,577,SN-day,Seasonal naive (day),naive,17,20.4257,15.9908
GoiEner households,test,696,577,SN-day,Seasonal naive (day),naive,18,20.1226,15.863
GoiEner households,test,696,577,SN-day,Seasonal naive (day),naive,19,20.9715,16.0486
GoiEner households,test,696,577,SN-day,Seasonal naive (day),naive,20,21.7678,16.3713
GoiEner households,test,696,577,SN-day,Seasonal naive (day),naive,21,19.0115,16.1807
GoiEner households,test,696,577,SN-day,Seasonal naive (day),naive,22,19.9545,16.3796
GoiEner households,test,696,577,SN-day,Seasonal naive (day),naive,23,21.0329,16.5345
GoiEner households,test,696,577,SN-day,Seasonal naive (day),naive,24,21.3237,16.297
GoiEner households,test,696,577,SN-day,Seasonal naive (day),naive,25,19.5088,16.4881
GoiEner households,test,696,577,SN-day,Seasonal naive (day),naive,26,19.7343,16.5693
GoiEner households,test,696,577,SN-day,Seasonal naive (day),naive,27,20.6808,16.8428
GoiEner households,test,696,577,SN-day,Seasonal naive (day),naive,28,19.4336,16.4977
GoiEner households,test,696,577,SN-day,Seasonal naive (day),naive,29,18.2864,16.3004
GoiEner households,test,696,577,SN-day,Seasonal naive (day),naive,30,20.6918,16.5375
GoiEner households,test,696,577,SN-day,Seasonal naive (day),naive,31,20.8047,16.8656
GoiEner households,test,696,577,SN-week,Seasonal naive (week),naive,1,14.6962,14.6962
GoiEner households,test,696,577,SN-week,Seasonal naive (week),naive,2,15.0995,13.5983
GoiEner households,test,696,577,SN-week,Seasonal naive (week),naive,3,13.842,12.6789
GoiEner households,test,696,577,SN-week,Seasonal naive (week),naive,4,14.8235,11.2766
GoiEner households,test,696,577,SN-week,Seasonal naive (week),naive,5,14.9384,10.7892
GoiEner households,test,696,577,SN-week,Seasonal naive (week),naive,6,16.4655,10.6557
GoiEner households,test,696,577,SN-week,Seasonal naive (week),naive,7,16.4068,10.0858
GoiEner households,test,696,577,SN-week,Seasonal naive (week),naive,8,18.9805,10.1347
GoiEner households,test,696,577,SN-week,Seasonal naive (week),naive,9,15.8275,9.9957
GoiEner households,test,696,577,SN-week,Seasonal naive (week),naive,10,16.0507,10.1098
GoiEner households,test,696,577,SN-week,Seasonal naive (week),naive,11,17.8826,10.2563
GoiEner households,test,696,577,SN-week,Seasonal naive (week),naive,12,17.5021,10.0966
GoiEner households,test,696,577,SN-week,Seasonal naive (week),naive,13,15.8638,10.0406
GoiEner households,test,696,577,SN-week,Seasonal naive (week),naive,14,17.4087,10.0285
GoiEner households,test,696,577,SN-week,Seasonal naive (week),naive,15,18.6966,10.5244
GoiEner households,test,696,577,SN-week,Seasonal naive (week),naive,16,19.3809,10.1802
GoiEner households,test,696,577,SN-week,Seasonal naive (week),naive,17,17.9592,10.879
GoiEner households,test,696,577,SN-week,Seasonal naive (week),naive,18,18.109,11.0848
GoiEner households,test,696,577,SN-week,Seasonal naive (week),naive,19,18.4091,10.6599
GoiEner households,test,696,577,SN-week,Seasonal naive (week),naive,20,19.8327,10.7313
GoiEner households,test,696,577,SN-week,Seasonal naive (week),naive,21,19.0115,10.932
GoiEner households,test,696,577,SN-week,Seasonal naive (week),naive,22,20.571,11.252
GoiEner households,test,696,577,SN-week,Seasonal naive (week),naive,23,20.6424,11.1107
GoiEner households,test,696,577,SN-week,Seasonal naive (week),naive,24,19.2608,11.2811
GoiEner households,test,696,577,SN-week,Seasonal naive (week),naive,25,18.714,11.3839
GoiEner households,test,696,577,SN-week,Seasonal naive (week),naive,26,19.4774,10.8667
GoiEner households,test,696,577,SN-week,Seasonal naive (week),naive,27,18.0637,11.1669
GoiEner households,test,696,577,SN-week,Seasonal naive (week),naive,28,19.4336,11.2811
GoiEner households,test,696,577,SN-week,Seasonal naive (week),naive,29,18.947,11.2004
GoiEner households,test,696,577,SN-week,Seasonal naive (week),naive,30,18.9522,11.0132
GoiEner households,test,696,577,SN-week,Seasonal naive (week),naive,31,19.7379,11.0007
GoiEner households,test,696,577,SP-profile,Previous-month profile,profile,1,15.5141,15.5141
GoiEner households,test,696,577,SP-profile,Previous-month profile,profile,2,16.1587,13.4839
GoiEner households,test,696,577,SP-profile,Previous-month profile,profile,3,15.54,12.5195
GoiEner households,test,696,577,SP-profile,Previous-month profile,profile,4,14.7271,11.3139
GoiEner households,test,696,577,SP-profile,Previous-month profile,profile,5,16.2644,10.8866
GoiEner households,test,696,577,SP-profile,Previous-month profile,profile,6,16.5531,11.0317
GoiEner households,test,696,577,SP-profile,Previous-month profile,profile,7,17.9069,10.5107
GoiEner households,test,696,577,SP-profile,Previous-month profile,profile,8,18.0222,10.2694
GoiEner households,test,696,577,SP-profile,Previous-month profile,profile,9,16.8932,9.7346
GoiEner households,test,696,577,SP-profile,Previous-month profile,profile,10,18.29,10.001
GoiEner households,test,696,577,SP-profile,Previous-month profile,profile,11,17.3303,10.0177
GoiEner households,test,696,577,SP-profile,Previous-month profile,profile,12,18.1681,10.0707
GoiEner households,test,696,577,SP-profile,Previous-month profile,profile,13,16.8389,9.7535
GoiEner households,test,696,577,SP-profile,Previous-month profile,profile,14,17.5245,9.9549
GoiEner households,test,696,577,SP-profile,Previous-month profile,profile,15,18.7431,10.1842
GoiEner households,test,696,577,SP-profile,Previous-month profile,profile,16,18.7354,10.085
GoiEner households,test,696,577,SP-profile,Previous-month profile,profile,17,18.3093,10.2447
GoiEner households,test,696,577,SP-profile,Previous-month profile,profile,18,17.8845,10.2486
GoiEner households,test,696,577,SP-profile,Previous-month profile,profile,19,17.828,10.1661
GoiEner households,test,696,577,SP-profile,Previous-month profile,profile,20,19.1779,10.2601
GoiEner households,test,696,577,SP-profile,Previous-month profile,profile,21,19.9647,10.0254
GoiEner households,test,696,577,SP-profile,Previous-month profile,profile,22,17.9244,10.1593
GoiEner households,test,696,577,SP-profile,Previous-month profile,profile,23,19.4799,10.3687
GoiEner households,test,696,577,SP-profile,Previous-month profile,profile,24,19.1919,10.0891
GoiEner households,test,696,577,SP-profile,Previous-month profile,profile,25,18.5534,10.2804
GoiEner households,test,696,577,SP-profile,Previous-month profile,profile,26,18.6298,10.0213
GoiEner households,test,696,577,SP-profile,Previous-month profile,profile,27,18.7669,9.9212
GoiEner households,test,696,577,SP-profile,Previous-month profile,profile,28,18.7377,9.9539
GoiEner households,test,696,577,SP-profile,Previous-month profile,profile,29,19.0186,9.9423
GoiEner households,test,696,577,SP-profile,Previous-month profile,profile,30,18.0381,9.5118
GoiEner households,test,696,577,SP-profile,Previous-month profile,profile,31,20.4326,10.0053
GoiEner households,test,696,577,TimesFM-X,TimesFM-X,"same information, zero-shot foundation model",1,11.8977,11.8977
GoiEner households,test,696,577,TimesFM-X,TimesFM-X,"same information, zero-shot foundation model",2,12.5383,12.9114
GoiEner households,test,696,577,TimesFM-X,TimesFM-X,"same information, zero-shot foundation model",3,13.3317,12.9327
GoiEner households,test,696,577,TimesFM-X,TimesFM-X,"same information, zero-shot foundation model",4,14.9708,13.414
GoiEner households,test,696,577,TimesFM-X,TimesFM-X,"same information, zero-shot foundation model",5,15.1369,13.743
GoiEner households,test,696,577,TimesFM-X,TimesFM-X,"same information, zero-shot foundation model",6,16.0819,13.9017
GoiEner households,test,696,577,TimesFM-X,TimesFM-X,"same information, zero-shot foundation model",7,16.0695,14.1067
GoiEner households,test,696,577,TimesFM-X,TimesFM-X,"same information, zero-shot foundation model",8,18.6136,14.7423
GoiEner households,test,696,577,TimesFM-X,TimesFM-X,"same information, zero-shot foundation model",9,17.7001,15.194
GoiEner households,test,696,577,TimesFM-X,TimesFM-X,"same information, zero-shot foundation model",10,17.302,14.9391
GoiEner households,test,696,577,TimesFM-X,TimesFM-X,"same information, zero-shot foundation model",11,19.2002,15.4127
GoiEner households,test,696,577,TimesFM-X,TimesFM-X,"same information, zero-shot foundation model",12,18.9662,15.5537
GoiEner households,test,696,577,TimesFM-X,TimesFM-X,"same information, zero-shot foundation model",13,18.112,15.4602
GoiEner households,test,696,577,TimesFM-X,TimesFM-X,"same information, zero-shot foundation model",14,18.398,16.062
GoiEner households,test,696,577,TimesFM-X,TimesFM-X,"same information, zero-shot foundation model",15,19.6218,15.9131
GoiEner households,test,696,577,TimesFM-X,TimesFM-X,"same information, zero-shot foundation model",16,18.9475,16.1022
GoiEner households,test,696,577,TimesFM-X,TimesFM-X,"same information, zero-shot foundation model",17,17.1069,16.061
GoiEner households,test,696,577,TimesFM-X,TimesFM-X,"same information, zero-shot foundation model",18,18.9619,15.8341
GoiEner households,test,696,577,TimesFM-X,TimesFM-X,"same information, zero-shot foundation model",19,18.581,15.8281
GoiEner households,test,696,577,TimesFM-X,TimesFM-X,"same information, zero-shot foundation model",20,20.8544,15.734
GoiEner households,test,696,577,TimesFM-X,TimesFM-X,"same information, zero-shot foundation model",21,18.9284,15.5818
GoiEner households,test,696,577,TimesFM-X,TimesFM-X,"same information, zero-shot foundation model",22,19.9694,15.2494
GoiEner households,test,696,577,TimesFM-X,TimesFM-X,"same information, zero-shot foundation model",23,19.496,15.7571
GoiEner households,test,696,577,TimesFM-X,TimesFM-X,"same information, zero-shot foundation model",24,19.0863,15.582
GoiEner households,test,696,577,TimesFM-X,TimesFM-X,"same information, zero-shot foundation model",25,19.2182,15.5664
GoiEner households,test,696,577,TimesFM-X,TimesFM-X,"same information, zero-shot foundation model",26,18.7408,15.234
GoiEner households,test,696,577,TimesFM-X,TimesFM-X,"same information, zero-shot foundation model",27,19.2113,15.0848
GoiEner households,test,696,577,TimesFM-X,TimesFM-X,"same information, zero-shot foundation model",28,19.5878,15.3633
GoiEner households,test,696,577,TimesFM-X,TimesFM-X,"same information, zero-shot foundation model",29,20.1967,15.2106
GoiEner households,test,696,577,TimesFM-X,TimesFM-X,"same information, zero-shot foundation model",30,18.7988,15.1139
GoiEner households,test,696,577,TimesFM-X,TimesFM-X,"same information, zero-shot foundation model",31,18.7291,15.5157
GoiEner households,test,696,577,WeekProf4,4-week profile,profile,1,15.6152,15.6152
GoiEner households,test,696,577,WeekProf4,4-week profile,profile,2,15.7543,13.4854
GoiEner households,test,696,577,WeekProf4,4-week profile,profile,3,14.8544,12.7694
GoiEner households,test,696,577,WeekProf4,4-week profile,profile,4,13.7756,10.8404
GoiEner households,test,696,577,WeekProf4,4-week profile,profile,5,14.2001,10.3204
GoiEner households,test,696,577,WeekProf4,4-week profile,profile,6,15.0803,10.2556
GoiEner households,test,696,577,WeekProf4,4-week profile,profile,7,15.847,10.3144
GoiEner households,test,696,577,WeekProf4,4-week profile,profile,8,16.3408,10.4366
GoiEner households,test,696,577,WeekProf4,4-week profile,profile,9,17.4321,9.7424
GoiEner households,test,696,577,WeekProf4,4-week profile,profile,10,16.2531,9.6412
GoiEner households,test,696,577,WeekProf4,4-week profile,profile,11,16.7132,9.8829
GoiEner households,test,696,577,WeekProf4,4-week profile,profile,12,17.6568,9.8547
GoiEner households,test,696,577,WeekProf4,4-week profile,profile,13,16.0455,10.0913
GoiEner households,test,696,577,WeekProf4,4-week profile,profile,14,16.9285,10.1747
GoiEner households,test,696,577,WeekProf4,4-week profile,profile,15,18.5016,10.1324
GoiEner households,test,696,577,WeekProf4,4-week profile,profile,16,19.3895,10.4065
GoiEner households,test,696,577,WeekProf4,4-week profile,profile,17,16.4797,10.2974
GoiEner households,test,696,577,WeekProf4,4-week profile,profile,18,16.8005,9.918
GoiEner households,test,696,577,WeekProf4,4-week profile,profile,19,17.1298,9.9938
GoiEner households,test,696,577,WeekProf4,4-week profile,profile,20,18.1507,10.0537
GoiEner households,test,696,577,WeekProf4,4-week profile,profile,21,18.4579,10.2517
GoiEner households,test,696,577,WeekProf4,4-week profile,profile,22,17.9312,10.3982
GoiEner households,test,696,577,WeekProf4,4-week profile,profile,23,19.6158,10.7185
GoiEner households,test,696,577,WeekProf4,4-week profile,profile,24,19.24,10.6237
GoiEner households,test,696,577,WeekProf4,4-week profile,profile,25,19.217,10.4895
GoiEner households,test,696,577,WeekProf4,4-week profile,profile,26,17.8919,10.5543
GoiEner households,test,696,577,WeekProf4,4-week profile,profile,27,17.3806,10.5579
GoiEner households,test,696,577,WeekProf4,4-week profile,profile,28,19.3629,10.6625
GoiEner households,test,696,577,WeekProf4,4-week profile,profile,29,18.4398,10.5985
GoiEner households,test,696,577,WeekProf4,4-week profile,profile,30,18.5615,10.5536
GoiEner households,test,696,577,WeekProf4,4-week profile,profile,31,18.7822,10.5514
GoiEner households,test,696,577,DLinear,DLinear,"load only, trained",1,13.6056,13.6056
GoiEner households,test,696,577,DLinear,DLinear,"load only, trained",2,15.3961,13.5135
GoiEner households,test,696,577,DLinear,DLinear,"load only, trained",3,16.6238,12.3495
GoiEner households,test,696,577,DLinear,DLinear,"load only, trained",4,14.7822,11.1557
GoiEner households,test,696,577,DLinear,DLinear,"load only, trained",5,14.6905,11.1523
GoiEner households,test,696,577,DLinear,DLinear,"load only, trained",6,17.2072,11.0423
GoiEner households,test,696,577,DLinear,DLinear,"load only, trained",7,17.2688,11.0395
GoiEner households,test,696,577,DLinear,DLinear,"load only, trained",8,18.5119,10.9205
GoiEner households,test,696,577,DLinear,DLinear,"load only, trained",9,17.8771,10.6841
GoiEner households,test,696,577,DLinear,DLinear,"load only, trained",10,18.3315,10.8318
GoiEner households,test,696,577,DLinear,DLinear,"load only, trained",11,18.1368,10.7795
GoiEner households,test,696,577,DLinear,DLinear,"load only, trained",12,19.2262,11.0554
GoiEner households,test,696,577,DLinear,DLinear,"load only, trained",13,19.3624,11.3232
GoiEner households,test,696,577,DLinear,DLinear,"load only, trained",14,19.4648,11.0503
GoiEner households,test,696,577,DLinear,DLinear,"load only, trained",15,19.3684,11.0778
GoiEner households,test,696,577,DLinear,DLinear,"load only, trained",16,20.9439,11.2961
GoiEner households,test,696,577,DLinear,DLinear,"load only, trained",17,20.3622,11.1262
GoiEner households,test,696,577,DLinear,DLinear,"load only, trained",18,19.4152,11.1685
GoiEner households,test,696,577,DLinear,DLinear,"load only, trained",19,19.6206,11.4604
GoiEner households,test,696,577,DLinear,DLinear,"load only, trained",20,21.2934,11.6165
GoiEner households,test,696,577,DLinear,DLinear,"load only, trained",21,19.2239,11.2861
GoiEner households,test,696,577,DLinear,DLinear,"load only, trained",22,19.0686,11.4768
GoiEner households,test,696,577,DLinear,DLinear,"load only, trained",23,21.3069,11.5566
GoiEner households,test,696,577,DLinear,DLinear,"load only, trained",24,22.3061,11.6174
GoiEner households,test,696,577,DLinear,DLinear,"load only, trained",25,20.0409,11.599
GoiEner households,test,696,577,DLinear,DLinear,"load only, trained",26,20.2633,11.5801
GoiEner households,test,696,577,DLinear,DLinear,"load only, trained",27,20.0529,11.7222
GoiEner households,test,696,577,DLinear,DLinear,"load only, trained",28,21.8692,11.4822
GoiEner households,test,696,577,DLinear,DLinear,"load only, trained",29,19.6583,11.5845
GoiEner households,test,696,577,DLinear,DLinear,"load only, trained",30,21.191,11.6916
GoiEner households,test,696,577,DLinear,DLinear,"load only, trained",31,21.4354,11.7382
GoiEner households,test,696,577,GBT-T,GBT-T,"same information, trained",1,16.655,16.655
GoiEner households,test,696,577,GBT-T,GBT-T,"same information, trained",2,18.1424,14.7136
GoiEner households,test,696,577,GBT-T,GBT-T,"same information, trained",3,18.1463,14.5809
GoiEner households,test,696,577,GBT-T,GBT-T,"same information, trained",4,16.6478,13.6907
GoiEner households,test,696,577,GBT-T,GBT-T,"same information, trained",5,16.906,12.8626
GoiEner households,test,696,577,GBT-T,GBT-T,"same information, trained",6,17.7408,12.4054
GoiEner households,test,696,577,GBT-T,GBT-T,"same information, trained",7,18.2569,12.1235
GoiEner households,test,696,577,GBT-T,GBT-T,"same information, trained",8,18.4644,11.6978
GoiEner households,test,696,577,GBT-T,GBT-T,"same information, trained",9,19.1677,11.1097
GoiEner households,test,696,577,GBT-T,GBT-T,"same information, trained",10,20.3452,11.6458
GoiEner households,test,696,577,GBT-T,GBT-T,"same information, trained",11,18.3163,11.5034
GoiEner households,test,696,577,GBT-T,GBT-T,"same information, trained",12,19.4014,11.0738
GoiEner households,test,696,577,GBT-T,GBT-T,"same information, trained",13,18.6597,11.3397
GoiEner households,test,696,577,GBT-T,GBT-T,"same information, trained",14,18.5245,11.1613
GoiEner households,test,696,577,GBT-T,GBT-T,"same information, trained",15,20.5141,11.3196
GoiEner households,test,696,577,GBT-T,GBT-T,"same information, trained",16,20.8607,11.3198
GoiEner households,test,696,577,GBT-T,GBT-T,"same information, trained",17,19.4036,11.2675
GoiEner households,test,696,577,GBT-T,GBT-T,"same information, trained",18,18.8541,11.6551
GoiEner households,test,696,577,GBT-T,GBT-T,"same information, trained",19,19.2109,11.9488
GoiEner households,test,696,577,GBT-T,GBT-T,"same information, trained",20,20.2165,11.8333
GoiEner households,test,696,577,GBT-T,GBT-T,"same information, trained",21,19.7847,11.8505
GoiEner households,test,696,577,GBT-T,GBT-T,"same information, trained",22,20.6762,11.9459
GoiEner households,test,696,577,GBT-T,GBT-T,"same information, trained",23,21.9021,12.1697
GoiEner households,test,696,577,GBT-T,GBT-T,"same information, trained",24,19.1667,12.0501
GoiEner households,test,696,577,GBT-T,GBT-T,"same information, trained",25,18.4055,11.994
GoiEner households,test,696,577,GBT-T,GBT-T,"same information, trained",26,19.3141,12.1392
GoiEner households,test,696,577,GBT-T,GBT-T,"same information, trained",27,19.6407,12.0648
GoiEner households,test,696,577,GBT-T,GBT-T,"same information, trained",28,20.2485,12.2403
GoiEner households,test,696,577,GBT-T,GBT-T,"same information, trained",29,20.64,12.1088
GoiEner households,test,696,577,GBT-T,GBT-T,"same information, trained",30,20.8119,11.9911
GoiEner households,test,696,577,GBT-T,GBT-T,"same information, trained",31,21.2732,11.9272
GoiEner households,test,696,577,iTransformer-X,iTransformer-X,"same information, trained",1,14.7011,14.7011
GoiEner households,test,696,577,iTransformer-X,iTransformer-X,"same information, trained",2,16.2044,13.645
GoiEner households,test,696,577,iTransformer-X,iTransformer-X,"same information, trained",3,15.1354,12.6849
GoiEner households,test,696,577,iTransformer-X,iTransformer-X,"same information, trained",4,15.753,12.0506
GoiEner households,test,696,577,iTransformer-X,iTransformer-X,"same information, trained",5,16.6683,11.6044
GoiEner households,test,696,577,iTransformer-X,iTransformer-X,"same information, trained",6,16.6261,11.7737
GoiEner households,test,696,577,iTransformer-X,iTransformer-X,"same information, trained",7,18.0736,11.7818
GoiEner households,test,696,577,iTransformer-X,iTransformer-X,"same information, trained",8,19.2112,11.2933
GoiEner households,test,696,577,iTransformer-X,iTransformer-X,"same information, trained",9,19.4344,11.2642
GoiEner households,test,696,577,iTransformer-X,iTransformer-X,"same information, trained",10,19.7636,11.0798
GoiEner households,test,696,577,iTransformer-X,iTransformer-X,"same information, trained",11,18.7761,11.1994
GoiEner households,test,696,577,iTransformer-X,iTransformer-X,"same information, trained",12,18.0521,11.761
GoiEner households,test,696,577,iTransformer-X,iTransformer-X,"same information, trained",13,18.6517,11.6209
GoiEner households,test,696,577,iTransformer-X,iTransformer-X,"same information, trained",14,17.2116,11.4312
GoiEner households,test,696,577,iTransformer-X,iTransformer-X,"same information, trained",15,18.8662,11.4603
GoiEner households,test,696,577,iTransformer-X,iTransformer-X,"same information, trained",16,19.3427,11.3629
GoiEner households,test,696,577,iTransformer-X,iTransformer-X,"same information, trained",17,17.3227,11.5355
GoiEner households,test,696,577,iTransformer-X,iTransformer-X,"same information, trained",18,18.655,11.8269
GoiEner households,test,696,577,iTransformer-X,iTransformer-X,"same information, trained",19,18.7204,12.1225
GoiEner households,test,696,577,iTransformer-X,iTransformer-X,"same information, trained",20,20.7744,12.3085
GoiEner households,test,696,577,iTransformer-X,iTransformer-X,"same information, trained",21,19.8788,12.3718
GoiEner households,test,696,577,iTransformer-X,iTransformer-X,"same information, trained",22,19.7076,12.2026
GoiEner households,test,696,577,iTransformer-X,iTransformer-X,"same information, trained",23,20.5589,12.1262
GoiEner households,test,696,577,iTransformer-X,iTransformer-X,"same information, trained",24,19.9506,12.2895
GoiEner households,test,696,577,iTransformer-X,iTransformer-X,"same information, trained",25,18.871,12.0753
GoiEner households,test,696,577,iTransformer-X,iTransformer-X,"same information, trained",26,20.0469,12.2539
GoiEner households,test,696,577,iTransformer-X,iTransformer-X,"same information, trained",27,19.2772,12.1427
GoiEner households,test,696,577,iTransformer-X,iTransformer-X,"same information, trained",28,20.6954,11.7011
GoiEner households,test,696,577,iTransformer-X,iTransformer-X,"same information, trained",29,19.7644,11.9775
GoiEner households,test,696,577,iTransformer-X,iTransformer-X,"same information, trained",30,19.2474,11.8748
GoiEner households,test,696,577,iTransformer-X,iTransformer-X,"same information, trained",31,21.6471,11.902
GoiEner households,test,696,577,iTransformer,iTransformer,"load only, trained",1,15.3421,15.3421
GoiEner households,test,696,577,iTransformer,iTransformer,"load only, trained",2,15.5587,14.7894
GoiEner households,test,696,577,iTransformer,iTransformer,"load only, trained",3,15.672,13.2392
GoiEner households,test,696,577,iTransformer,iTransformer,"load only, trained",4,15.7044,12.4924
GoiEner households,test,696,577,iTransformer,iTransformer,"load only, trained",5,15.6582,11.6482
GoiEner households,test,696,577,iTransformer,iTransformer,"load only, trained",6,16.3161,11.4549
GoiEner households,test,696,577,iTransformer,iTransformer,"load only, trained",7,17.924,11.3068
GoiEner households,test,696,577,iTransformer,iTransformer,"load only, trained",8,18.3189,11.182
GoiEner households,test,696,577,iTransformer,iTransformer,"load only, trained",9,18.0486,11.135
GoiEner households,test,696,577,iTransformer,iTransformer,"load only, trained",10,18.6218,11.8389
GoiEner households,test,696,577,iTransformer,iTransformer,"load only, trained",11,18.5586,11.2044
GoiEner households,test,696,577,iTransformer,iTransformer,"load only, trained",12,17.9168,11.63
GoiEner households,test,696,577,iTransformer,iTransformer,"load only, trained",13,18.1316,11.6937
GoiEner households,test,696,577,iTransformer,iTransformer,"load only, trained",14,17.8428,11.5668
GoiEner households,test,696,577,iTransformer,iTransformer,"load only, trained",15,19.829,11.7102
GoiEner households,test,696,577,iTransformer,iTransformer,"load only, trained",16,20.3425,11.931
GoiEner households,test,696,577,iTransformer,iTransformer,"load only, trained",17,18.7403,11.9215
GoiEner households,test,696,577,iTransformer,iTransformer,"load only, trained",18,18.6218,11.5635
GoiEner households,test,696,577,iTransformer,iTransformer,"load only, trained",19,18.5185,11.6307
GoiEner households,test,696,577,iTransformer,iTransformer,"load only, trained",20,20.2527,11.7814
GoiEner households,test,696,577,iTransformer,iTransformer,"load only, trained",21,19.5652,11.525
GoiEner households,test,696,577,iTransformer,iTransformer,"load only, trained",22,19.2957,11.7726
GoiEner households,test,696,577,iTransformer,iTransformer,"load only, trained",23,20.3656,12.1024
GoiEner households,test,696,577,iTransformer,iTransformer,"load only, trained",24,20.6269,12.3689
GoiEner households,test,696,577,iTransformer,iTransformer,"load only, trained",25,19.2308,12.3577
GoiEner households,test,696,577,iTransformer,iTransformer,"load only, trained",26,19.3578,12.2416
GoiEner households,test,696,577,iTransformer,iTransformer,"load only, trained",27,18.8691,12.6807
GoiEner households,test,696,577,iTransformer,iTransformer,"load only, trained",28,20.8366,12.7611
GoiEner households,test,696,577,iTransformer,iTransformer,"load only, trained",29,19.9727,12.5276
GoiEner households,test,696,577,iTransformer,iTransformer,"load only, trained",30,18.866,12.5283
GoiEner households,test,696,577,iTransformer,iTransformer,"load only, trained",31,21.205,12.7592
GoiEner households,test,696,577,LSTM,LSTM,"load only, trained",1,13.6896,13.6896
GoiEner households,test,696,577,LSTM,LSTM,"load only, trained",2,16.3199,13.0309
GoiEner households,test,696,577,LSTM,LSTM,"load only, trained",3,17.7469,12.5041
GoiEner households,test,696,577,LSTM,LSTM,"load only, trained",4,16.3382,11.8083
GoiEner households,test,696,577,LSTM,LSTM,"load only, trained",5,16.395,10.63
GoiEner households,test,696,577,LSTM,LSTM,"load only, trained",6,18.1201,10.2908
GoiEner households,test,696,577,LSTM,LSTM,"load only, trained",7,18.045,10.4299
GoiEner households,test,696,577,LSTM,LSTM,"load only, trained",8,18.306,10.0723
GoiEner households,test,696,577,LSTM,LSTM,"load only, trained",9,18.2433,10.431
GoiEner households,test,696,577,LSTM,LSTM,"load only, trained",10,20.0064,9.7391
GoiEner households,test,696,577,LSTM,LSTM,"load only, trained",11,18.2769,10.1994
GoiEner households,test,696,577,LSTM,LSTM,"load only, trained",12,19.2914,10.0859
GoiEner households,test,696,577,LSTM,LSTM,"load only, trained",13,18.7268,10.0358
GoiEner households,test,696,577,LSTM,LSTM,"load only, trained",14,18.404,10.0409
GoiEner households,test,696,577,LSTM,LSTM,"load only, trained",15,19.4853,10.877
GoiEner households,test,696,577,LSTM,LSTM,"load only, trained",16,20.1518,10.9666
GoiEner households,test,696,577,LSTM,LSTM,"load only, trained",17,19.6879,11.1885
GoiEner households,test,696,577,LSTM,LSTM,"load only, trained",18,19.5974,11.2948
GoiEner households,test,696,577,LSTM,LSTM,"load only, trained",19,19.1877,11.6839
GoiEner households,test,696,577,LSTM,LSTM,"load only, trained",20,20.8514,11.432
GoiEner households,test,696,577,LSTM,LSTM,"load only, trained",21,19.3707,11.8437
GoiEner households,test,696,577,LSTM,LSTM,"load only, trained",22,20.1312,11.9202
GoiEner households,test,696,577,LSTM,LSTM,"load only, trained",23,19.8979,11.799
GoiEner households,test,696,577,LSTM,LSTM,"load only, trained",24,20.892,12.1191
GoiEner households,test,696,577,LSTM,LSTM,"load only, trained",25,20.0841,11.6216
GoiEner households,test,696,577,LSTM,LSTM,"load only, trained",26,20.0405,11.5154
GoiEner households,test,696,577,LSTM,LSTM,"load only, trained",27,19.6692,11.2567
GoiEner households,test,696,577,LSTM,LSTM,"load only, trained",28,21.0975,11.2691
GoiEner households,test,696,577,LSTM,LSTM,"load only, trained",29,18.9369,11.2243
GoiEner households,test,696,577,LSTM,LSTM,"load only, trained",30,20.146,11.2891
GoiEner households,test,696,577,LSTM,LSTM,"load only, trained",31,22.1026,11.4348
GoiEner households,test,696,577,PatchTST,PatchTST,"load only, trained",1,12.7988,12.7988
GoiEner households,test,696,577,PatchTST,PatchTST,"load only, trained",2,15.4738,13.421
GoiEner households,test,696,577,PatchTST,PatchTST,"load only, trained",3,14.3796,11.9735
GoiEner households,test,696,577,PatchTST,PatchTST,"load only, trained",4,14.8965,10.7517
GoiEner households,test,696,577,PatchTST,PatchTST,"load only, trained",5,14.6143,10.3379
GoiEner households,test,696,577,PatchTST,PatchTST,"load only, trained",6,15.4218,10.2417
GoiEner households,test,696,577,PatchTST,PatchTST,"load only, trained",7,16.8724,9.8598
GoiEner households,test,696,577,PatchTST,PatchTST,"load only, trained",8,18.2425,9.6385
GoiEner households,test,696,577,PatchTST,PatchTST,"load only, trained",9,17.9469,10.304
GoiEner households,test,696,577,PatchTST,PatchTST,"load only, trained",10,18.4695,10.6715
GoiEner households,test,696,577,PatchTST,PatchTST,"load only, trained",11,18.2391,10.6291
GoiEner households,test,696,577,PatchTST,PatchTST,"load only, trained",12,17.1084,10.7592
GoiEner households,test,696,577,PatchTST,PatchTST,"load only, trained",13,17.2604,10.369
GoiEner households,test,696,577,PatchTST,PatchTST,"load only, trained",14,17.999,10.6131
GoiEner households,test,696,577,PatchTST,PatchTST,"load only, trained",15,19.2626,10.7154
GoiEner households,test,696,577,PatchTST,PatchTST,"load only, trained",16,19.2993,10.7102
GoiEner households,test,696,577,PatchTST,PatchTST,"load only, trained",17,18.1836,11.1119
GoiEner households,test,696,577,PatchTST,PatchTST,"load only, trained",18,18.2801,11.0388
GoiEner households,test,696,577,PatchTST,PatchTST,"load only, trained",19,17.9626,10.9043
GoiEner households,test,696,577,PatchTST,PatchTST,"load only, trained",20,18.9283,10.8843
GoiEner households,test,696,577,PatchTST,PatchTST,"load only, trained",21,19.2597,10.8293
GoiEner households,test,696,577,PatchTST,PatchTST,"load only, trained",22,18.6338,11.1963
GoiEner households,test,696,577,PatchTST,PatchTST,"load only, trained",23,20.2954,11.3797
GoiEner households,test,696,577,PatchTST,PatchTST,"load only, trained",24,19.8884,11.4004
GoiEner households,test,696,577,PatchTST,PatchTST,"load only, trained",25,18.8158,11.1713
GoiEner households,test,696,577,PatchTST,PatchTST,"load only, trained",26,18.8401,11.5347
GoiEner households,test,696,577,PatchTST,PatchTST,"load only, trained",27,18.8569,11.3176
GoiEner households,test,696,577,PatchTST,PatchTST,"load only, trained",28,19.8609,11.387
GoiEner households,test,696,577,PatchTST,PatchTST,"load only, trained",29,19.6967,11.5547
GoiEner households,test,696,577,PatchTST,PatchTST,"load only, trained",30,18.3461,11.3963
GoiEner households,test,696,577,PatchTST,PatchTST,"load only, trained",31,19.4714,11.8745
GoiEner households,test,696,577,TiDE,TiDE,"same information, trained",1,13.8263,13.8263
GoiEner households,test,696,577,TiDE,TiDE,"same information, trained",2,16.3081,13.3132
GoiEner households,test,696,577,TiDE,TiDE,"same information, trained",3,17.0404,12.3799
GoiEner households,test,696,577,TiDE,TiDE,"same information, trained",4,15.3889,11.2285
GoiEner households,test,696,577,TiDE,TiDE,"same information, trained",5,15.6864,11.5886
GoiEner households,test,696,577,TiDE,TiDE,"same information, trained",6,17.1772,11.594
GoiEner households,test,696,577,TiDE,TiDE,"same information, trained",7,17.1837,11.3636
GoiEner households,test,696,577,TiDE,TiDE,"same information, trained",8,18.901,11.0769
GoiEner households,test,696,577,TiDE,TiDE,"same information, trained",9,17.2326,11.1653
GoiEner households,test,696,577,TiDE,TiDE,"same information, trained",10,18.261,10.8668
GoiEner households,test,696,577,TiDE,TiDE,"same information, trained",11,18.371,11.0834
GoiEner households,test,696,577,TiDE,TiDE,"same information, trained",12,19.5078,11.4425
GoiEner households,test,696,577,TiDE,TiDE,"same information, trained",13,19.1019,11.6413
GoiEner households,test,696,577,TiDE,TiDE,"same information, trained",14,19.3048,11.1627
GoiEner households,test,696,577,TiDE,TiDE,"same information, trained",15,19.2755,11.0495
GoiEner households,test,696,577,TiDE,TiDE,"same information, trained",16,20.5815,11.2583
GoiEner households,test,696,577,TiDE,TiDE,"same information, trained",17,19.602,11.4943
GoiEner households,test,696,577,TiDE,TiDE,"same information, trained",18,19.4232,11.2667
GoiEner households,test,696,577,TiDE,TiDE,"same information, trained",19,19.4171,11.6868
GoiEner households,test,696,577,TiDE,TiDE,"same information, trained",20,20.6281,11.6335
GoiEner households,test,696,577,TiDE,TiDE,"same information, trained",21,19.5732,11.6682
GoiEner households,test,696,577,TiDE,TiDE,"same information, trained",22,18.649,11.5584
GoiEner households,test,696,577,TiDE,TiDE,"same information, trained",23,20.8211,11.6867
GoiEner households,test,696,577,TiDE,TiDE,"same information, trained",24,22.2696,11.8266
GoiEner households,test,696,577,TiDE,TiDE,"same information, trained",25,19.8408,11.7899
GoiEner households,test,696,577,TiDE,TiDE,"same information, trained",26,20.1775,11.6488
GoiEner households,test,696,577,TiDE,TiDE,"same information, trained",27,20.2898,11.5682
GoiEner households,test,696,577,TiDE,TiDE,"same information, trained",28,21.6149,11.5717
GoiEner households,test,696,577,TiDE,TiDE,"same information, trained",29,19.5027,11.9388
GoiEner households,test,696,577,TiDE,TiDE,"same information, trained",30,21.7411,12.1134
GoiEner households,test,696,577,TiDE,TiDE,"same information, trained",31,21.0483,11.9637
Suzhou park,preview,64,4,TimesFM,TimesFM,"load only, zero-shot foundation model",1,12.3848,12.3848
Suzhou park,preview,64,4,TimesFM,TimesFM,"load only, zero-shot foundation model",2,18.5418,14.3277
Suzhou park,preview,64,4,TimesFM,TimesFM,"load only, zero-shot foundation model",3,18.4379,15.0662
Suzhou park,preview,64,4,TimesFM,TimesFM,"load only, zero-shot foundation model",4,20.0804,14.8385
Suzhou park,preview,64,4,TimesFM,TimesFM,"load only, zero-shot foundation model",5,22.3506,15.0848
Suzhou park,preview,64,4,TimesFM,TimesFM,"load only, zero-shot foundation model",6,18.6615,15.1587
Suzhou park,preview,64,4,TimesFM,TimesFM,"load only, zero-shot foundation model",7,21.1373,14.9246
Suzhou park,preview,64,4,TimesFM,TimesFM,"load only, zero-shot foundation model",8,21.811,14.7316
Suzhou park,preview,64,4,TimesFM,TimesFM,"load only, zero-shot foundation model",9,18.5219,14.8096
Suzhou park,preview,64,4,TimesFM,TimesFM,"load only, zero-shot foundation model",10,19.7273,14.6955
Suzhou park,preview,64,4,TimesFM,TimesFM,"load only, zero-shot foundation model",11,19.1268,14.6357
Suzhou park,preview,64,4,TimesFM,TimesFM,"load only, zero-shot foundation model",12,21.0105,14.5227
Suzhou park,preview,64,4,TimesFM,TimesFM,"load only, zero-shot foundation model",13,21.2705,14.5124
Suzhou park,preview,64,4,TimesFM,TimesFM,"load only, zero-shot foundation model",14,17.2513,14.3486
Suzhou park,preview,64,4,TimesFM,TimesFM,"load only, zero-shot foundation model",15,16.9364,14.2504
Suzhou park,preview,64,4,TimesFM,TimesFM,"load only, zero-shot foundation model",16,19.2512,14.2322
Suzhou park,preview,64,4,TimesFM,TimesFM,"load only, zero-shot foundation model",17,19.2798,14.2027
Suzhou park,preview,64,4,TimesFM,TimesFM,"load only, zero-shot foundation model",18,20.2048,14.1278
Suzhou park,preview,64,4,TimesFM,TimesFM,"load only, zero-shot foundation model",19,25.8287,14.2051
Suzhou park,preview,64,4,TimesFM,TimesFM,"load only, zero-shot foundation model",20,24.6107,14.2503
Suzhou park,preview,64,4,TimesFM,TimesFM,"load only, zero-shot foundation model",21,26.623,14.3203
Suzhou park,preview,64,4,TimesFM,TimesFM,"load only, zero-shot foundation model",22,28.6119,14.4141
Suzhou park,preview,64,4,TimesFM,TimesFM,"load only, zero-shot foundation model",23,30.5746,14.6092
Suzhou park,preview,64,4,TimesFM,TimesFM,"load only, zero-shot foundation model",24,30.0027,14.8632
Suzhou park,preview,64,4,TimesFM,TimesFM,"load only, zero-shot foundation model",25,30.8721,15.1417
Suzhou park,preview,64,4,TimesFM,TimesFM,"load only, zero-shot foundation model",26,31.069,15.4383
Suzhou park,preview,64,4,TimesFM,TimesFM,"load only, zero-shot foundation model",27,32.9461,15.8098
Suzhou park,preview,64,4,TimesFM,TimesFM,"load only, zero-shot foundation model",28,34.1102,16.2033
Suzhou park,preview,64,4,TimesFM,TimesFM,"load only, zero-shot foundation model",29,34.9007,16.4943
Suzhou park,preview,64,4,TimesFM,TimesFM,"load only, zero-shot foundation model",30,31.7298,16.7722
Suzhou park,preview,64,4,TimesFM,TimesFM,"load only, zero-shot foundation model",31,38.7659,17.0614
Suzhou park,preview,64,4,RIDGE-L,Ridge (per unit),per-unit regression,1,15.365,15.365
Suzhou park,preview,64,4,RIDGE-L,Ridge (per unit),per-unit regression,2,18.7097,15.7116
Suzhou park,preview,64,4,RIDGE-L,Ridge (per unit),per-unit regression,3,19.2977,15.8635
Suzhou park,preview,64,4,RIDGE-L,Ridge (per unit),per-unit regression,4,19.4477,15.2009
Suzhou park,preview,64,4,RIDGE-L,Ridge (per unit),per-unit regression,5,19.1592,14.6711
Suzhou park,preview,64,4,RIDGE-L,Ridge (per unit),per-unit regression,6,18.0851,14.6003
Suzhou park,preview,64,4,RIDGE-L,Ridge (per unit),per-unit regression,7,17.6672,14.4486
Suzhou park,preview,64,4,RIDGE-L,Ridge (per unit),per-unit regression,8,18.6958,13.97
Suzhou park,preview,64,4,RIDGE-L,Ridge (per unit),per-unit regression,9,21.9455,14.1493
Suzhou park,preview,64,4,RIDGE-L,Ridge (per unit),per-unit regression,10,21.0399,14.1586
Suzhou park,preview,64,4,RIDGE-L,Ridge (per unit),per-unit regression,11,21.212,14.2282
Suzhou park,preview,64,4,RIDGE-L,Ridge (per unit),per-unit regression,12,22.1648,14.3873
Suzhou park,preview,64,4,RIDGE-L,Ridge (per unit),per-unit regression,13,20.1083,14.3991
Suzhou park,preview,64,4,RIDGE-L,Ridge (per unit),per-unit regression,14,19.2969,14.4096
Suzhou park,preview,64,4,RIDGE-L,Ridge (per unit),per-unit regression,15,19.5719,14.3653
Suzhou park,preview,64,4,RIDGE-L,Ridge (per unit),per-unit regression,16,22.2309,14.3595
Suzhou park,preview,64,4,RIDGE-L,Ridge (per unit),per-unit regression,17,21.6767,14.4622
Suzhou park,preview,64,4,RIDGE-L,Ridge (per unit),per-unit regression,18,22.1297,14.4913
Suzhou park,preview,64,4,RIDGE-L,Ridge (per unit),per-unit regression,19,25.1079,14.5805
Suzhou park,preview,64,4,RIDGE-L,Ridge (per unit),per-unit regression,20,23.7545,14.5598
Suzhou park,preview,64,4,RIDGE-L,Ridge (per unit),per-unit regression,21,24.5561,14.4715
Suzhou park,preview,64,4,RIDGE-L,Ridge (per unit),per-unit regression,22,26.9292,14.449
Suzhou park,preview,64,4,RIDGE-L,Ridge (per unit),per-unit regression,23,28.9463,14.4991
Suzhou park,preview,64,4,RIDGE-L,Ridge (per unit),per-unit regression,24,28.9036,14.6419
Suzhou park,preview,64,4,RIDGE-L,Ridge (per unit),per-unit regression,25,31.809,14.8742
Suzhou park,preview,64,4,RIDGE-L,Ridge (per unit),per-unit regression,26,29.1446,15.0662
Suzhou park,preview,64,4,RIDGE-L,Ridge (per unit),per-unit regression,27,29.7712,15.2832
Suzhou park,preview,64,4,RIDGE-L,Ridge (per unit),per-unit regression,28,29.8891,15.4977
Suzhou park,preview,64,4,RIDGE-L,Ridge (per unit),per-unit regression,29,31.8285,15.6217
Suzhou park,preview,64,4,RIDGE-L,Ridge (per unit),per-unit regression,30,29.6708,15.7821
Suzhou park,preview,64,4,RIDGE-L,Ridge (per unit),per-unit regression,31,31.4851,16.0173
Suzhou park,preview,64,4,Chronos-2-X,Chronos-2-X,"same information, zero-shot foundation model",1,12.0279,12.0279
Suzhou park,preview,64,4,Chronos-2-X,Chronos-2-X,"same information, zero-shot foundation model",2,17.4101,13.1965
Suzhou park,preview,64,4,Chronos-2-X,Chronos-2-X,"same information, zero-shot foundation model",3,15.9038,13.3333
Suzhou park,preview,64,4,Chronos-2-X,Chronos-2-X,"same information, zero-shot foundation model",4,14.9657,12.5808
Suzhou park,preview,64,4,Chronos-2-X,Chronos-2-X,"same information, zero-shot foundation model",5,18.562,12.1051
Suzhou park,preview,64,4,Chronos-2-X,Chronos-2-X,"same information, zero-shot foundation model",6,16.8086,12.0397
Suzhou park,preview,64,4,Chronos-2-X,Chronos-2-X,"same information, zero-shot foundation model",7,18.4495,11.3162
Suzhou park,preview,64,4,Chronos-2-X,Chronos-2-X,"same information, zero-shot foundation model",8,17.2148,10.9785
Suzhou park,preview,64,4,Chronos-2-X,Chronos-2-X,"same information, zero-shot foundation model",9,18.0286,11.131
Suzhou park,preview,64,4,Chronos-2-X,Chronos-2-X,"same information, zero-shot foundation model",10,17.9833,11.2058
Suzhou park,preview,64,4,Chronos-2-X,Chronos-2-X,"same information, zero-shot foundation model",11,18.3048,11.4495
Suzhou park,preview,64,4,Chronos-2-X,Chronos-2-X,"same information, zero-shot foundation model",12,22.4989,11.9465
Suzhou park,preview,64,4,Chronos-2-X,Chronos-2-X,"same information, zero-shot foundation model",13,21.9732,12.2751
Suzhou park,preview,64,4,Chronos-2-X,Chronos-2-X,"same information, zero-shot foundation model",14,19.5703,12.319
Suzhou park,preview,64,4,Chronos-2-X,Chronos-2-X,"same information, zero-shot foundation model",15,19.3859,12.3669
Suzhou park,preview,64,4,Chronos-2-X,Chronos-2-X,"same information, zero-shot foundation model",16,21.8403,12.5694
Suzhou park,preview,64,4,Chronos-2-X,Chronos-2-X,"same information, zero-shot foundation model",17,20.9697,12.7544
Suzhou park,preview,64,4,Chronos-2-X,Chronos-2-X,"same information, zero-shot foundation model",18,27.37,12.9956
Suzhou park,preview,64,4,Chronos-2-X,Chronos-2-X,"same information, zero-shot foundation model",19,29.7203,13.3915
Suzhou park,preview,64,4,Chronos-2-X,Chronos-2-X,"same information, zero-shot foundation model",20,28.0222,13.6848
Suzhou park,preview,64,4,Chronos-2-X,Chronos-2-X,"same information, zero-shot foundation model",21,29.21,13.977
Suzhou park,preview,64,4,Chronos-2-X,Chronos-2-X,"same information, zero-shot foundation model",22,32.0823,14.3625
Suzhou park,preview,64,4,Chronos-2-X,Chronos-2-X,"same information, zero-shot foundation model",23,34.8002,14.8396
Suzhou park,preview,64,4,Chronos-2-X,Chronos-2-X,"same information, zero-shot foundation model",24,33.2129,15.232
Suzhou park,preview,64,4,Chronos-2-X,Chronos-2-X,"same information, zero-shot foundation model",25,33.7632,15.7355
Suzhou park,preview,64,4,Chronos-2-X,Chronos-2-X,"same information, zero-shot foundation model",26,36.2816,16.2967
Suzhou park,preview,64,4,Chronos-2-X,Chronos-2-X,"same information, zero-shot foundation model",27,35.3352,16.8154
Suzhou park,preview,64,4,Chronos-2-X,Chronos-2-X,"same information, zero-shot foundation model",28,36.8197,17.2735
Suzhou park,preview,64,4,Chronos-2-X,Chronos-2-X,"same information, zero-shot foundation model",29,35.0246,17.6837
Suzhou park,preview,64,4,Chronos-2-X,Chronos-2-X,"same information, zero-shot foundation model",30,33.7376,18.0678
Suzhou park,preview,64,4,Chronos-2-X,Chronos-2-X,"same information, zero-shot foundation model",31,42.0678,18.4121
Suzhou park,preview,64,4,Chronos-2,Chronos-2,"load only, zero-shot foundation model",1,11.6189,11.6189
Suzhou park,preview,64,4,Chronos-2,Chronos-2,"load only, zero-shot foundation model",2,16.6328,13.1428
Suzhou park,preview,64,4,Chronos-2,Chronos-2,"load only, zero-shot foundation model",3,16.2977,13.6258
Suzhou park,preview,64,4,Chronos-2,Chronos-2,"load only, zero-shot foundation model",4,21.4221,13.842
Suzhou park,preview,64,4,Chronos-2,Chronos-2,"load only, zero-shot foundation model",5,24.2207,14.5857
Suzhou park,preview,64,4,Chronos-2,Chronos-2,"load only, zero-shot foundation model",6,21.5504,14.9522
Suzhou park,preview,64,4,Chronos-2,Chronos-2,"load only, zero-shot foundation model",7,24.1717,15.0529
Suzhou park,preview,64,4,Chronos-2,Chronos-2,"load only, zero-shot foundation model",8,24.4851,15.3945
Suzhou park,preview,64,4,Chronos-2,Chronos-2,"load only, zero-shot foundation model",9,21.7868,15.7437
Suzhou park,preview,64,4,Chronos-2,Chronos-2,"load only, zero-shot foundation model",10,21.86,15.8384
Suzhou park,preview,64,4,Chronos-2,Chronos-2,"load only, zero-shot foundation model",11,21.5992,16.0432
Suzhou park,preview,64,4,Chronos-2,Chronos-2,"load only, zero-shot foundation model",12,27.4443,16.2488
Suzhou park,preview,64,4,Chronos-2,Chronos-2,"load only, zero-shot foundation model",13,26.9838,16.5655
Suzhou park,preview,64,4,Chronos-2,Chronos-2,"load only, zero-shot foundation model",14,22.8618,16.6257
Suzhou park,preview,64,4,Chronos-2,Chronos-2,"load only, zero-shot foundation model",15,22.1205,16.6799
Suzhou park,preview,64,4,Chronos-2,Chronos-2,"load only, zero-shot foundation model",16,24.0343,16.7344
Suzhou park,preview,64,4,Chronos-2,Chronos-2,"load only, zero-shot foundation model",17,24.435,16.8113
Suzhou park,preview,64,4,Chronos-2,Chronos-2,"load only, zero-shot foundation model",18,23.6899,16.7986
Suzhou park,preview,64,4,Chronos-2,Chronos-2,"load only, zero-shot foundation model",19,29.2779,16.8586
Suzhou park,preview,64,4,Chronos-2,Chronos-2,"load only, zero-shot foundation model",20,28.2207,16.9628
Suzhou park,preview,64,4,Chronos-2,Chronos-2,"load only, zero-shot foundation model",21,30.6871,17.0806
Suzhou park,preview,64,4,Chronos-2,Chronos-2,"load only, zero-shot foundation model",22,33.5812,17.2103
Suzhou park,preview,64,4,Chronos-2,Chronos-2,"load only, zero-shot foundation model",23,37.2565,17.5942
Suzhou park,preview,64,4,Chronos-2,Chronos-2,"load only, zero-shot foundation model",24,35.8369,17.9895
Suzhou park,preview,64,4,Chronos-2,Chronos-2,"load only, zero-shot foundation model",25,36.5097,18.4031
Suzhou park,preview,64,4,Chronos-2,Chronos-2,"load only, zero-shot foundation model",26,37.2409,18.8738
Suzhou park,preview,64,4,Chronos-2,Chronos-2,"load only, zero-shot foundation model",27,41.465,19.4972
Suzhou park,preview,64,4,Chronos-2,Chronos-2,"load only, zero-shot foundation model",28,40.1717,19.9972
Suzhou park,preview,64,4,Chronos-2,Chronos-2,"load only, zero-shot foundation model",29,40.0405,20.4825
Suzhou park,preview,64,4,Chronos-2,Chronos-2,"load only, zero-shot foundation model",30,38.0661,20.9232
Suzhou park,preview,64,4,Chronos-2,Chronos-2,"load only, zero-shot foundation model",31,45.3717,21.2997
Suzhou park,preview,64,4,ANKYRA,ANKYRA,,1,13.6851,13.6851
Suzhou park,preview,64,4,ANKYRA,ANKYRA,,2,18.9944,14.8586
Suzhou park,preview,64,4,ANKYRA,ANKYRA,,3,18.3164,15.4328
Suzhou park,preview,64,4,ANKYRA,ANKYRA,,4,18.3145,14.6733
Suzhou park,preview,64,4,ANKYRA,ANKYRA,,5,19.7359,14.1744
Suzhou park,preview,64,4,ANKYRA,ANKYRA,,6,16.9335,14.161
Suzhou park,preview,64,4,ANKYRA,ANKYRA,,7,18.1159,13.7525
Suzhou park,preview,64,4,ANKYRA,ANKYRA,,8,20.0859,13.5595
Suzhou park,preview,64,4,ANKYRA,ANKYRA,,9,18.1844,13.5545
Suzhou park,preview,64,4,ANKYRA,ANKYRA,,10,18.3355,13.3248
Suzhou park,preview,64,4,ANKYRA,ANKYRA,,11,18.1264,13.1658
Suzhou park,preview,64,4,ANKYRA,ANKYRA,,12,18.912,12.9812
Suzhou park,preview,64,4,ANKYRA,ANKYRA,,13,17.3653,12.8623
Suzhou park,preview,64,4,ANKYRA,ANKYRA,,14,15.906,12.6731
Suzhou park,preview,64,4,ANKYRA,ANKYRA,,15,15.4481,12.5908
Suzhou park,preview,64,4,ANKYRA,ANKYRA,,16,18.8209,12.5773
Suzhou park,preview,64,4,ANKYRA,ANKYRA,,17,17.8232,12.5639
Suzhou park,preview,64,4,ANKYRA,ANKYRA,,18,19.1624,12.5266
Suzhou park,preview,64,4,ANKYRA,ANKYRA,,19,24.5642,12.5711
Suzhou park,preview,64,4,ANKYRA,ANKYRA,,20,22.9896,12.5835
Suzhou park,preview,64,4,ANKYRA,ANKYRA,,21,24.092,12.5657
Suzhou park,preview,64,4,ANKYRA,ANKYRA,,22,26.5894,12.6532
Suzhou park,preview,64,4,ANKYRA,ANKYRA,,23,28.3158,12.7956
Suzhou park,preview,64,4,ANKYRA,ANKYRA,,24,26.339,12.9978
Suzhou park,preview,64,4,ANKYRA,ANKYRA,,25,29.4942,13.2358
Suzhou park,preview,64,4,ANKYRA,ANKYRA,,26,29.1167,13.4173
Suzhou park,preview,64,4,ANKYRA,ANKYRA,,27,30.0316,13.6619
Suzhou park,preview,64,4,ANKYRA,ANKYRA,,28,29.2727,13.9016
Suzhou park,preview,64,4,ANKYRA,ANKYRA,,29,29.2647,14.0349
Suzhou park,preview,64,4,ANKYRA,ANKYRA,,30,27.3587,14.1458
Suzhou park,preview,64,4,ANKYRA,ANKYRA,,31,29.8724,14.3654
Suzhou park,preview,64,4,GBT,GBT (zero-shot),zero-shot gradient boosting,1,19.5082,19.5082
Suzhou park,preview,64,4,GBT,GBT (zero-shot),zero-shot gradient boosting,2,23.6651,19.853
Suzhou park,preview,64,4,GBT,GBT (zero-shot),zero-shot gradient boosting,3,25.1176,20.3445
Suzhou park,preview,64,4,GBT,GBT (zero-shot),zero-shot gradient boosting,4,26.5255,20.5286
Suzhou park,preview,64,4,GBT,GBT (zero-shot),zero-shot gradient boosting,5,25.9868,20.0717
Suzhou park,preview,64,4,GBT,GBT (zero-shot),zero-shot gradient boosting,6,26.8404,20.7221
Suzhou park,preview,64,4,GBT,GBT (zero-shot),zero-shot gradient boosting,7,25.0355,20.3549
Suzhou park,preview,64,4,GBT,GBT (zero-shot),zero-shot gradient boosting,8,27.3273,19.8787
Suzhou park,preview,64,4,GBT,GBT (zero-shot),zero-shot gradient boosting,9,28.1471,20.1199
Suzhou park,preview,64,4,GBT,GBT (zero-shot),zero-shot gradient boosting,10,27.4414,20.1143
Suzhou park,preview,64,4,GBT,GBT (zero-shot),zero-shot gradient boosting,11,25.6681,20.0531
Suzhou park,preview,64,4,GBT,GBT (zero-shot),zero-shot gradient boosting,12,24.7105,19.971
Suzhou park,preview,64,4,GBT,GBT (zero-shot),zero-shot gradient boosting,13,25.1319,19.9083
Suzhou park,preview,64,4,GBT,GBT (zero-shot),zero-shot gradient boosting,14,23.0702,19.7532
Suzhou park,preview,64,4,GBT,GBT (zero-shot),zero-shot gradient boosting,15,24.3987,19.6256
Suzhou park,preview,64,4,GBT,GBT (zero-shot),zero-shot gradient boosting,16,29.5852,19.7602
Suzhou park,preview,64,4,GBT,GBT (zero-shot),zero-shot gradient boosting,17,29.6531,19.9786
Suzhou park,preview,64,4,GBT,GBT (zero-shot),zero-shot gradient boosting,18,28.2228,20.0467
Suzhou park,preview,64,4,GBT,GBT (zero-shot),zero-shot gradient boosting,19,32.2365,20.1312
Suzhou park,preview,64,4,GBT,GBT (zero-shot),zero-shot gradient boosting,20,34.5703,20.3852
Suzhou park,preview,64,4,GBT,GBT (zero-shot),zero-shot gradient boosting,21,37.1602,20.6966
Suzhou park,preview,64,4,GBT,GBT (zero-shot),zero-shot gradient boosting,22,40.5199,20.9816
Suzhou park,preview,64,4,GBT,GBT (zero-shot),zero-shot gradient boosting,23,43.5785,21.4225
Suzhou park,preview,64,4,GBT,GBT (zero-shot),zero-shot gradient boosting,24,44.2279,22.0746
Suzhou park,preview,64,4,GBT,GBT (zero-shot),zero-shot gradient boosting,25,44.2406,22.5697
Suzhou park,preview,64,4,GBT,GBT (zero-shot),zero-shot gradient boosting,26,44.5535,23.118
Suzhou park,preview,64,4,GBT,GBT (zero-shot),zero-shot gradient boosting,27,47.9253,23.8007
Suzhou park,preview,64,4,GBT,GBT (zero-shot),zero-shot gradient boosting,28,46.1983,24.3923
Suzhou park,preview,64,4,GBT,GBT (zero-shot),zero-shot gradient boosting,29,47.9851,24.8701
Suzhou park,preview,64,4,GBT,GBT (zero-shot),zero-shot gradient boosting,30,51.7889,25.2466
Suzhou park,preview,64,4,GBT,GBT (zero-shot),zero-shot gradient boosting,31,55.2741,25.9104
Suzhou park,preview,64,4,Holt-Winters,Holt-Winters,"load only, statistical",1,29.2093,29.2093
Suzhou park,preview,64,4,Holt-Winters,Holt-Winters,"load only, statistical",2,30.4805,28.7301
Suzhou park,preview,64,4,Holt-Winters,Holt-Winters,"load only, statistical",3,29.4507,28.3645
Suzhou park,preview,64,4,Holt-Winters,Holt-Winters,"load only, statistical",4,32.1388,28.0614
Suzhou park,preview,64,4,Holt-Winters,Holt-Winters,"load only, statistical",5,35.077,28.1161
Suzhou park,preview,64,4,Holt-Winters,Holt-Winters,"load only, statistical",6,32.7699,28.1253
Suzhou park,preview,64,4,Holt-Winters,Holt-Winters,"load only, statistical",7,36.013,28.4879
Suzhou park,preview,64,4,Holt-Winters,Holt-Winters,"load only, statistical",8,35.6583,28.7709
Suzhou park,preview,64,4,Holt-Winters,Holt-Winters,"load only, statistical",9,32.2357,28.8039
Suzhou park,preview,64,4,Holt-Winters,Holt-Winters,"load only, statistical",10,36.7583,29.1705
Suzhou park,preview,64,4,Holt-Winters,Holt-Winters,"load only, statistical",11,37.0414,29.5324
Suzhou park,preview,64,4,Holt-Winters,Holt-Winters,"load only, statistical",12,37.3808,29.7096
Suzhou park,preview,64,4,Holt-Winters,Holt-Winters,"load only, statistical",13,37.7713,30.0298
Suzhou park,preview,64,4,Holt-Winters,Holt-Winters,"load only, statistical",14,35.7209,30.2033
Suzhou park,preview,64,4,Holt-Winters,Holt-Winters,"load only, statistical",15,31.1809,30.0888
Suzhou park,preview,64,4,Holt-Winters,Holt-Winters,"load only, statistical",16,33.3982,30.0392
Suzhou park,preview,64,4,Holt-Winters,Holt-Winters,"load only, statistical",17,36.2307,30.2388
Suzhou park,preview,64,4,Holt-Winters,Holt-Winters,"load only, statistical",18,37.8791,30.452
Suzhou park,preview,64,4,Holt-Winters,Holt-Winters,"load only, statistical",19,40.114,30.5762
Suzhou park,preview,64,4,Holt-Winters,Holt-Winters,"load only, statistical",20,37.5041,30.6339
Suzhou park,preview,64,4,Holt-Winters,Holt-Winters,"load only, statistical",21,40.5237,30.79
Suzhou park,preview,64,4,Holt-Winters,Holt-Winters,"load only, statistical",22,41.4157,30.8996
Suzhou park,preview,64,4,Holt-Winters,Holt-Winters,"load only, statistical",23,44.4729,31.1149
Suzhou park,preview,64,4,Holt-Winters,Holt-Winters,"load only, statistical",24,46.8914,31.5278
Suzhou park,preview,64,4,Holt-Winters,Holt-Winters,"load only, statistical",25,47.4946,31.9004
Suzhou park,preview,64,4,Holt-Winters,Holt-Winters,"load only, statistical",26,46.4661,32.2029
Suzhou park,preview,64,4,Holt-Winters,Holt-Winters,"load only, statistical",27,46.5689,32.4985
Suzhou park,preview,64,4,Holt-Winters,Holt-Winters,"load only, statistical",28,44.8003,32.6888
Suzhou park,preview,64,4,Holt-Winters,Holt-Winters,"load only, statistical",29,43.0088,32.778
Suzhou park,preview,64,4,Holt-Winters,Holt-Winters,"load only, statistical",30,43.1758,32.8946
Suzhou park,preview,64,4,Holt-Winters,Holt-Winters,"load only, statistical",31,51.9464,33.2241
Suzhou park,preview,64,4,LYR-profile,Last-year profile,profile,1,34.0426,34.0426
Suzhou park,preview,64,4,LYR-profile,Last-year profile,profile,2,32.93,32.0109
Suzhou park,preview,64,4,LYR-profile,Last-year profile,profile,3,31.4159,31.1322
Suzhou park,preview,64,4,LYR-profile,Last-year profile,profile,4,32.4893,29.7062
Suzhou park,preview,64,4,LYR-profile,Last-year profile,profile,5,31.3061,28.669
Suzhou park,preview,64,4,LYR-profile,Last-year profile,profile,6,27.7352,28.0415
Suzhou park,preview,64,4,LYR-profile,Last-year profile,profile,7,31.1418,27.4761
Suzhou park,preview,64,4,LYR-profile,Last-year profile,profile,8,31.399,27.1379
Suzhou park,preview,64,4,LYR-profile,Last-year profile,profile,9,28.6354,26.421
Suzhou park,preview,64,4,LYR-profile,Last-year profile,profile,10,32.9383,26.2199
Suzhou park,preview,64,4,LYR-profile,Last-year profile,profile,11,32.4524,26.0601
Suzhou park,preview,64,4,LYR-profile,Last-year profile,profile,12,31.5234,25.9554
Suzhou park,preview,64,4,LYR-profile,Last-year profile,profile,13,29.0468,25.6838
Suzhou park,preview,64,4,LYR-profile,Last-year profile,profile,14,34.4593,25.5546
Suzhou park,preview,64,4,LYR-profile,Last-year profile,profile,15,32.8272,25.3902
Suzhou park,preview,64,4,LYR-profile,Last-year profile,profile,16,35.4237,25.4549
Suzhou park,preview,64,4,LYR-profile,Last-year profile,profile,17,30.7837,25.279
Suzhou park,preview,64,4,LYR-profile,Last-year profile,profile,18,34.0995,25.0864
Suzhou park,preview,64,4,LYR-profile,Last-year profile,profile,19,37.4517,24.8879
Suzhou park,preview,64,4,LYR-profile,Last-year profile,profile,20,34.3009,24.6737
Suzhou park,preview,64,4,LYR-profile,Last-year profile,profile,21,32.2591,24.5757
Suzhou park,preview,64,4,LYR-profile,Last-year profile,profile,22,31.821,24.4426
Suzhou park,preview,64,4,LYR-profile,Last-year profile,profile,23,36.3744,24.5568
Suzhou park,preview,64,4,LYR-profile,Last-year profile,profile,24,35.4886,24.7265
Suzhou park,preview,64,4,LYR-profile,Last-year profile,profile,25,33.6879,24.8038
Suzhou park,preview,64,4,LYR-profile,Last-year profile,profile,26,32.1724,24.7131
Suzhou park,preview,64,4,LYR-profile,Last-year profile,profile,27,30.5291,24.4665
Suzhou park,preview,64,4,LYR-profile,Last-year profile,profile,28,30.7469,24.2501
Suzhou park,preview,64,4,LYR-profile,Last-year profile,profile,29,29.2759,23.9762
Suzhou park,preview,64,4,LYR-profile,Last-year profile,profile,30,33.3984,23.7792
Suzhou park,preview,64,4,LYR-profile,Last-year profile,profile,31,34.9477,23.6507
Suzhou park,preview,64,4,MSTL,MSTL,"load only, statistical",1,15.8692,15.8692
Suzhou park,preview,64,4,MSTL,MSTL,"load only, statistical",2,18.5525,15.8628
Suzhou park,preview,64,4,MSTL,MSTL,"load only, statistical",3,16.3147,15.2446
Suzhou park,preview,64,4,MSTL,MSTL,"load only, statistical",4,19.4644,14.5086
Suzhou park,preview,64,4,MSTL,MSTL,"load only, statistical",5,20.9742,13.9164
Suzhou park,preview,64,4,MSTL,MSTL,"load only, statistical",6,20.0433,14.0925
Suzhou park,preview,64,4,MSTL,MSTL,"load only, statistical",7,22.9401,14.3113
Suzhou park,preview,64,4,MSTL,MSTL,"load only, statistical",8,24.1349,14.6649
Suzhou park,preview,64,4,MSTL,MSTL,"load only, statistical",9,23.101,15.2888
Suzhou park,preview,64,4,MSTL,MSTL,"load only, statistical",10,21.1164,15.5162
Suzhou park,preview,64,4,MSTL,MSTL,"load only, statistical",11,19.351,15.6183
Suzhou park,preview,64,4,MSTL,MSTL,"load only, statistical",12,22.256,15.6218
Suzhou park,preview,64,4,MSTL,MSTL,"load only, statistical",13,24.3045,15.8929
Suzhou park,preview,64,4,MSTL,MSTL,"load only, statistical",14,21.0647,15.9613
Suzhou park,preview,64,4,MSTL,MSTL,"load only, statistical",15,22.1777,16.1353
Suzhou park,preview,64,4,MSTL,MSTL,"load only, statistical",16,24.3752,16.2811
Suzhou park,preview,64,4,MSTL,MSTL,"load only, statistical",17,22.0103,16.3024
Suzhou park,preview,64,4,MSTL,MSTL,"load only, statistical",18,20.2891,16.1545
Suzhou park,preview,64,4,MSTL,MSTL,"load only, statistical",19,25.0519,16.0248
Suzhou park,preview,64,4,MSTL,MSTL,"load only, statistical",20,24.9918,16.0297
Suzhou park,preview,64,4,MSTL,MSTL,"load only, statistical",21,27.0498,16.0008
Suzhou park,preview,64,4,MSTL,MSTL,"load only, statistical",22,29.4491,16.1349
Suzhou park,preview,64,4,MSTL,MSTL,"load only, statistical",23,32.0985,16.3447
Suzhou park,preview,64,4,MSTL,MSTL,"load only, statistical",24,31.5906,16.5518
Suzhou park,preview,64,4,MSTL,MSTL,"load only, statistical",25,31.1566,16.7397
Suzhou park,preview,64,4,MSTL,MSTL,"load only, statistical",26,32.6635,16.9339
Suzhou park,preview,64,4,MSTL,MSTL,"load only, statistical",27,34.708,17.3088
Suzhou park,preview,64,4,MSTL,MSTL,"load only, statistical",28,33.7569,17.6434
Suzhou park,preview,64,4,MSTL,MSTL,"load only, statistical",29,35.9263,17.9005
Suzhou park,preview,64,4,MSTL,MSTL,"load only, statistical",30,33.8665,18.2429
Suzhou park,preview,64,4,MSTL,MSTL,"load only, statistical",31,41.4372,18.6111
Suzhou park,preview,64,4,SN-day,Seasonal naive (day),naive,1,15.5117,15.5117
Suzhou park,preview,64,4,SN-day,Seasonal naive (day),naive,2,23.8818,18.6446
Suzhou park,preview,64,4,SN-day,Seasonal naive (day),naive,3,24.5101,19.825
Suzhou park,preview,64,4,SN-day,Seasonal naive (day),naive,4,27.5382,20.7191
Suzhou park,preview,64,4,SN-day,Seasonal naive (day),naive,5,26.208,21.0067
Suzhou park,preview,64,4,SN-day,Seasonal naive (day),naive,6,24.8224,20.9601
Suzhou park,preview,64,4,SN-day,Seasonal naive (day),naive,7,24.963,20.6713
Suzhou park,preview,64,4,SN-day,Seasonal naive (day),naive,8,28.3547,20.7472
Suzhou park,preview,64,4,SN-day,Seasonal naive (day),naive,9,33.9429,21.6275
Suzhou park,preview,64,4,SN-day,Seasonal naive (day),naive,10,33.9789,22.2877
Suzhou park,preview,64,4,SN-day,Seasonal naive (day),naive,11,33.6011,22.8444
Suzhou park,preview,64,4,SN-day,Seasonal naive (day),naive,12,31.6818,23.2299
Suzhou park,preview,64,4,SN-day,Seasonal naive (day),naive,13,27.5809,23.2266
Suzhou park,preview,64,4,SN-day,Seasonal naive (day),naive,14,25.0608,23.0134
Suzhou park,preview,64,4,SN-day,Seasonal naive (day),naive,15,29.8449,23.0903
Suzhou park,preview,64,4,SN-day,Seasonal naive (day),naive,16,33.4123,23.2859
Suzhou park,preview,64,4,SN-day,Seasonal naive (day),naive,17,33.4706,23.5507
Suzhou park,preview,64,4,SN-day,Seasonal naive (day),naive,18,31.1017,23.6061
Suzhou park,preview,64,4,SN-day,Seasonal naive (day),naive,19,31.836,23.5366
Suzhou park,preview,64,4,SN-day,Seasonal naive (day),naive,20,29.5631,23.2906
Suzhou park,preview,64,4,SN-day,Seasonal naive (day),naive,21,30.2809,22.9436
Suzhou park,preview,64,4,SN-day,Seasonal naive (day),naive,22,35.6628,22.8249
Suzhou park,preview,64,4,SN-day,Seasonal naive (day),naive,23,40.3712,22.935
Suzhou park,preview,64,4,SN-day,Seasonal naive (day),naive,24,40.4938,23.1452
Suzhou park,preview,64,4,SN-day,Seasonal naive (day),naive,25,41.6018,23.3426
Suzhou park,preview,64,4,SN-day,Seasonal naive (day),naive,26,37.9378,23.5069
Suzhou park,preview,64,4,SN-day,Seasonal naive (day),naive,27,37.3381,23.6899
Suzhou park,preview,64,4,SN-day,Seasonal naive (day),naive,28,37.2352,23.9441
Suzhou park,preview,64,4,SN-day,Seasonal naive (day),naive,29,41.02,24.3216
Suzhou park,preview,64,4,SN-day,Seasonal naive (day),naive,30,44.0837,24.8149
Suzhou park,preview,64,4,SN-day,Seasonal naive (day),naive,31,46.771,25.2533
Suzhou park,preview,64,4,SN-week,Seasonal naive (week),naive,1,32.397,32.397
Suzhou park,preview,64,4,SN-week,Seasonal naive (week),naive,2,32.3869,30.6732
Suzhou park,preview,64,4,SN-week,Seasonal naive (week),naive,3,29.2157,29.7204
Suzhou park,preview,64,4,SN-week,Seasonal naive (week),naive,4,26.7163,27.0189
Suzhou park,preview,64,4,SN-week,Seasonal naive (week),naive,5,22.6924,23.6225
Suzhou park,preview,64,4,SN-week,Seasonal naive (week),naive,6,21.1866,21.4693
Suzhou park,preview,64,4,SN-week,Seasonal naive (week),naive,7,24.963,19.7641
Suzhou park,preview,64,4,SN-week,Seasonal naive (week),naive,8,29.4171,20.1381
Suzhou park,preview,64,4,SN-week,Seasonal naive (week),naive,9,23.8327,20.2574
Suzhou park,preview,64,4,SN-week,Seasonal naive (week),naive,10,19.9107,19.7166
Suzhou park,preview,64,4,SN-week,Seasonal naive (week),naive,11,18.8353,19.0592
Suzhou park,preview,64,4,SN-week,Seasonal naive (week),naive,12,25.014,18.0422
Suzhou park,preview,64,4,SN-week,Seasonal naive (week),naive,13,26.3015,17.5617
Suzhou park,preview,64,4,SN-week,Seasonal naive (week),naive,14,25.0608,16.9888
Suzhou park,preview,64,4,SN-week,Seasonal naive (week),naive,15,25.1509,17.2077
Suzhou park,preview,64,4,SN-week,Seasonal naive (week),naive,16,24.4906,17.3675
Suzhou park,preview,64,4,SN-week,Seasonal naive (week),naive,17,23.0175,17.4034
Suzhou park,preview,64,4,SN-week,Seasonal naive (week),naive,18,21.7406,17.2839
Suzhou park,preview,64,4,SN-week,Seasonal naive (week),naive,19,27.6295,17.0682
Suzhou park,preview,64,4,SN-week,Seasonal naive (week),naive,20,26.4013,16.9119
Suzhou park,preview,64,4,SN-week,Seasonal naive (week),naive,21,30.2809,16.6665
Suzhou park,preview,64,4,SN-week,Seasonal naive (week),naive,22,35.0174,16.9225
Suzhou park,preview,64,4,SN-week,Seasonal naive (week),naive,23,35.3183,17.2055
Suzhou park,preview,64,4,SN-week,Seasonal naive (week),naive,24,34.1655,17.4582
Suzhou park,preview,64,4,SN-week,Seasonal naive (week),naive,25,33.3786,17.642
Suzhou park,preview,64,4,SN-week,Seasonal naive (week),naive,26,36.9859,17.6715
Suzhou park,preview,64,4,SN-week,Seasonal naive (week),naive,27,37.2897,17.8695
Suzhou park,preview,64,4,SN-week,Seasonal naive (week),naive,28,37.2352,17.9865
Suzhou park,preview,64,4,SN-week,Seasonal naive (week),naive,29,40.9393,18.3728
Suzhou park,preview,64,4,SN-week,Seasonal naive (week),naive,30,35.8734,18.7566
Suzhou park,preview,64,4,SN-week,Seasonal naive (week),naive,31,43.5242,19.1329
Suzhou park,preview,64,4,SP-profile,Previous-month profile,profile,1,26.5757,26.5757
Suzhou park,preview,64,4,SP-profile,Previous-month profile,profile,2,31.2432,27.2892
Suzhou park,preview,64,4,SP-profile,Previous-month profile,profile,3,31.2059,26.929
Suzhou park,preview,64,4,SP-profile,Previous-month profile,profile,4,31.3804,26.8073
Suzhou park,preview,64,4,SP-profile,Previous-month profile,profile,5,31.5716,26.4343
Suzhou park,preview,64,4,SP-profile,Previous-month profile,profile,6,31.3177,26.2627
Suzhou park,preview,64,4,SP-profile,Previous-month profile,profile,7,30.9688,25.9093
Suzhou park,preview,64,4,SP-profile,Previous-month profile,profile,8,31.9911,25.466
Suzhou park,preview,64,4,SP-profile,Previous-month profile,profile,9,32.0109,25.3205
Suzhou park,preview,64,4,SP-profile,Previous-month profile,profile,10,30.345,24.9816
Suzhou park,preview,64,4,SP-profile,Previous-month profile,profile,11,28.534,24.487
Suzhou park,preview,64,4,SP-profile,Previous-month profile,profile,12,27.9487,24.0967
Suzhou park,preview,64,4,SP-profile,Previous-month profile,profile,13,29.3367,23.816
Suzhou park,preview,64,4,SP-profile,Previous-month profile,profile,14,28.2717,23.4876
Suzhou park,preview,64,4,SP-profile,Previous-month profile,profile,15,26.0483,23.1017
Suzhou park,preview,64,4,SP-profile,Previous-month profile,profile,16,29.747,22.9169
Suzhou park,preview,64,4,SP-profile,Previous-month profile,profile,17,29.1546,22.8765
Suzhou park,preview,64,4,SP-profile,Previous-month profile,profile,18,29.7186,22.8063
Suzhou park,preview,64,4,SP-profile,Previous-month profile,profile,19,33.093,22.816
Suzhou park,preview,64,4,SP-profile,Previous-month profile,profile,20,32.079,22.7151
Suzhou park,preview,64,4,SP-profile,Previous-month profile,profile,21,34.2088,22.6764
Suzhou park,preview,64,4,SP-profile,Previous-month profile,profile,22,37.0104,22.6843
Suzhou park,preview,64,4,SP-profile,Previous-month profile,profile,23,39.4894,22.8153
Suzhou park,preview,64,4,SP-profile,Previous-month profile,profile,24,39.9444,23.1254
Suzhou park,preview,64,4,SP-profile,Previous-month profile,profile,25,41.4675,23.4357
Suzhou park,preview,64,4,SP-profile,Previous-month profile,profile,26,39.7311,23.6998
Suzhou park,preview,64,4,SP-profile,Previous-month profile,profile,27,41.3808,23.9431
Suzhou park,preview,64,4,SP-profile,Previous-month profile,profile,28,39.1328,24.1753
Suzhou park,preview,64,4,SP-profile,Previous-month profile,profile,29,35.1606,24.2169
Suzhou park,preview,64,4,SP-profile,Previous-month profile,profile,30,36.0271,24.2278
Suzhou park,preview,64,4,SP-profile,Previous-month profile,profile,31,42.5563,24.4378
Suzhou park,preview,64,4,TimesFM-X,TimesFM-X,"same information, zero-shot foundation model",1,14.2339,14.2339
Suzhou park,preview,64,4,TimesFM-X,TimesFM-X,"same information, zero-shot foundation model",2,17.3094,14.3975
Suzhou park,preview,64,4,TimesFM-X,TimesFM-X,"same information, zero-shot foundation model",3,15.1121,13.8673
Suzhou park,preview,64,4,TimesFM-X,TimesFM-X,"same information, zero-shot foundation model",4,17.0738,12.6433
Suzhou park,preview,64,4,TimesFM-X,TimesFM-X,"same information, zero-shot foundation model",5,17.7405,11.5642
Suzhou park,preview,64,4,TimesFM-X,TimesFM-X,"same information, zero-shot foundation model",6,15.2194,11.455
Suzhou park,preview,64,4,TimesFM-X,TimesFM-X,"same information, zero-shot foundation model",7,18.7366,11.192
Suzhou park,preview,64,4,TimesFM-X,TimesFM-X,"same information, zero-shot foundation model",8,18.3291,10.9325
Suzhou park,preview,64,4,TimesFM-X,TimesFM-X,"same information, zero-shot foundation model",9,16.1621,11.0062
Suzhou park,preview,64,4,TimesFM-X,TimesFM-X,"same information, zero-shot foundation model",10,18.9389,11.2246
Suzhou park,preview,64,4,TimesFM-X,TimesFM-X,"same information, zero-shot foundation model",11,17.3837,11.2255
Suzhou park,preview,64,4,TimesFM-X,TimesFM-X,"same information, zero-shot foundation model",12,20.2455,11.2283
Suzhou park,preview,64,4,TimesFM-X,TimesFM-X,"same information, zero-shot foundation model",13,19.4661,11.216
Suzhou park,preview,64,4,TimesFM-X,TimesFM-X,"same information, zero-shot foundation model",14,18.7529,10.9361
Suzhou park,preview,64,4,TimesFM-X,TimesFM-X,"same information, zero-shot foundation model",15,19.9588,10.9501
Suzhou park,preview,64,4,TimesFM-X,TimesFM-X,"same information, zero-shot foundation model",16,20.4285,10.9708
Suzhou park,preview,64,4,TimesFM-X,TimesFM-X,"same information, zero-shot foundation model",17,19.9183,10.996
Suzhou park,preview,64,4,TimesFM-X,TimesFM-X,"same information, zero-shot foundation model",18,21.3246,10.8743
Suzhou park,preview,64,4,TimesFM-X,TimesFM-X,"same information, zero-shot foundation model",19,25.3644,10.9697
Suzhou park,preview,64,4,TimesFM-X,TimesFM-X,"same information, zero-shot foundation model",20,24.5731,11.1179
Suzhou park,preview,64,4,TimesFM-X,TimesFM-X,"same information, zero-shot foundation model",21,24.6711,11.1969
Suzhou park,preview,64,4,TimesFM-X,TimesFM-X,"same information, zero-shot foundation model",22,26.262,11.3571
Suzhou park,preview,64,4,TimesFM-X,TimesFM-X,"same information, zero-shot foundation model",23,30.0012,11.5049
Suzhou park,preview,64,4,TimesFM-X,TimesFM-X,"same information, zero-shot foundation model",24,25.6061,11.6863
Suzhou park,preview,64,4,TimesFM-X,TimesFM-X,"same information, zero-shot foundation model",25,29.4905,11.9478
Suzhou park,preview,64,4,TimesFM-X,TimesFM-X,"same information, zero-shot foundation model",26,28.4711,12.2316
Suzhou park,preview,64,4,TimesFM-X,TimesFM-X,"same information, zero-shot foundation model",27,29.9346,12.582
Suzhou park,preview,64,4,TimesFM-X,TimesFM-X,"same information, zero-shot foundation model",28,30.5261,12.957
Suzhou park,preview,64,4,TimesFM-X,TimesFM-X,"same information, zero-shot foundation model",29,29.462,13.2233
Suzhou park,preview,64,4,TimesFM-X,TimesFM-X,"same information, zero-shot foundation model",30,30.0953,13.5115
Suzhou park,preview,64,4,TimesFM-X,TimesFM-X,"same information, zero-shot foundation model",31,32.773,13.7795
Suzhou park,preview,64,4,WeekProf4,4-week profile,profile,1,26.301,26.301
Suzhou park,preview,64,4,WeekProf4,4-week profile,profile,2,30.5611,27.351
Suzhou park,preview,64,4,WeekProf4,4-week profile,profile,3,29.5533,27.672
Suzhou park,preview,64,4,WeekProf4,4-week profile,profile,4,30.0547,26.6865
Suzhou park,preview,64,4,WeekProf4,4-week profile,profile,5,30.568,25.9029
Suzhou park,preview,64,4,WeekProf4,4-week profile,profile,6,28.3377,25.7077
Suzhou park,preview,64,4,WeekProf4,4-week profile,profile,7,27.0953,25.1043
Suzhou park,preview,64,4,WeekProf4,4-week profile,profile,8,29.7072,24.8996
Suzhou park,preview,64,4,WeekProf4,4-week profile,profile,9,25.4863,24.6412
Suzhou park,preview,64,4,WeekProf4,4-week profile,profile,10,25.3476,24.1458
Suzhou park,preview,64,4,WeekProf4,4-week profile,profile,11,24.2114,23.6751
Suzhou park,preview,64,4,WeekProf4,4-week profile,profile,12,25.02,23.1851
Suzhou park,preview,64,4,WeekProf4,4-week profile,profile,13,26.2807,23.0103
Suzhou park,preview,64,4,WeekProf4,4-week profile,profile,14,20.6667,22.535
Suzhou park,preview,64,4,WeekProf4,4-week profile,profile,15,21.81,22.3005
Suzhou park,preview,64,4,WeekProf4,4-week profile,profile,16,23.7849,22.1287
Suzhou park,preview,64,4,WeekProf4,4-week profile,profile,17,24.8946,22.0061
Suzhou park,preview,64,4,WeekProf4,4-week profile,profile,18,25.495,21.935
Suzhou park,preview,64,4,WeekProf4,4-week profile,profile,19,28.8088,21.9014
Suzhou park,preview,64,4,WeekProf4,4-week profile,profile,20,27.4828,21.8224
Suzhou park,preview,64,4,WeekProf4,4-week profile,profile,21,28.1963,21.6627
Suzhou park,preview,64,4,WeekProf4,4-week profile,profile,22,32.9747,21.7633
Suzhou park,preview,64,4,WeekProf4,4-week profile,profile,23,34.9438,21.9148
Suzhou park,preview,64,4,WeekProf4,4-week profile,profile,24,36.639,22.191
Suzhou park,preview,64,4,WeekProf4,4-week profile,profile,25,37.7038,22.5077
Suzhou park,preview,64,4,WeekProf4,4-week profile,profile,26,36.8265,22.7485
Suzhou park,preview,64,4,WeekProf4,4-week profile,profile,27,37.3079,23.0069
Suzhou park,preview,64,4,WeekProf4,4-week profile,profile,28,34.7256,23.1316
Suzhou park,preview,64,4,WeekProf4,4-week profile,profile,29,35.8627,23.2534
Suzhou park,preview,64,4,WeekProf4,4-week profile,profile,30,32.6921,23.306
Suzhou park,preview,64,4,WeekProf4,4-week profile,profile,31,41.3939,23.5195
Suzhou park,preview,64,4,DLinear,DLinear,"load only, trained",1,14.0153,14.0153
Suzhou park,preview,64,4,DLinear,DLinear,"load only, trained",2,20.6535,16.2966
Suzhou park,preview,64,4,DLinear,DLinear,"load only, trained",3,20.361,17.218
Suzhou park,preview,64,4,DLinear,DLinear,"load only, trained",4,21.9824,17.1093
Suzhou park,preview,64,4,DLinear,DLinear,"load only, trained",5,23.1732,16.7455
Suzhou park,preview,64,4,DLinear,DLinear,"load only, trained",6,20.1467,16.6127
Suzhou park,preview,64,4,DLinear,DLinear,"load only, trained",7,20.8874,16.3821
Suzhou park,preview,64,4,DLinear,DLinear,"load only, trained",8,20.7346,15.9067
Suzhou park,preview,64,4,DLinear,DLinear,"load only, trained",9,19.3825,15.7469
Suzhou park,preview,64,4,DLinear,DLinear,"load only, trained",10,18.7367,15.3697
Suzhou park,preview,64,4,DLinear,DLinear,"load only, trained",11,19.2112,15.0631
Suzhou park,preview,64,4,DLinear,DLinear,"load only, trained",12,19.6522,14.7248
Suzhou park,preview,64,4,DLinear,DLinear,"load only, trained",13,20.2688,14.5908
Suzhou park,preview,64,4,DLinear,DLinear,"load only, trained",14,17.7655,14.3583
Suzhou park,preview,64,4,DLinear,DLinear,"load only, trained",15,19.358,14.2365
Suzhou park,preview,64,4,DLinear,DLinear,"load only, trained",16,20.9473,14.1175
Suzhou park,preview,64,4,DLinear,DLinear,"load only, trained",17,18.8249,14.0063
Suzhou park,preview,64,4,DLinear,DLinear,"load only, trained",18,21.0518,13.9036
Suzhou park,preview,64,4,DLinear,DLinear,"load only, trained",19,24.3559,13.7473
Suzhou park,preview,64,4,DLinear,DLinear,"load only, trained",20,22.8795,13.5995
Suzhou park,preview,64,4,DLinear,DLinear,"load only, trained",21,24.4157,13.4452
Suzhou park,preview,64,4,DLinear,DLinear,"load only, trained",22,27.8989,13.4373
Suzhou park,preview,64,4,DLinear,DLinear,"load only, trained",23,29.4129,13.5272
Suzhou park,preview,64,4,DLinear,DLinear,"load only, trained",24,30.2196,13.7241
Suzhou park,preview,64,4,DLinear,DLinear,"load only, trained",25,31.3735,13.9253
Suzhou park,preview,64,4,DLinear,DLinear,"load only, trained",26,28.1179,14.0443
Suzhou park,preview,64,4,DLinear,DLinear,"load only, trained",27,28.3488,14.2083
Suzhou park,preview,64,4,DLinear,DLinear,"load only, trained",28,28.6324,14.3866
Suzhou park,preview,64,4,DLinear,DLinear,"load only, trained",29,27.6778,14.4958
Suzhou park,preview,64,4,DLinear,DLinear,"load only, trained",30,26.4334,14.6463
Suzhou park,preview,64,4,DLinear,DLinear,"load only, trained",31,34.0219,14.9407
Suzhou park,preview,64,4,GBT-T,GBT-T,"same information, trained",1,20.259,20.259
Suzhou park,preview,64,4,GBT-T,GBT-T,"same information, trained",2,21.1619,19.1536
Suzhou park,preview,64,4,GBT-T,GBT-T,"same information, trained",3,20.9927,19.3102
Suzhou park,preview,64,4,GBT-T,GBT-T,"same information, trained",4,17.1007,17.7842
Suzhou park,preview,64,4,GBT-T,GBT-T,"same information, trained",5,18.6987,16.8317
Suzhou park,preview,64,4,GBT-T,GBT-T,"same information, trained",6,17.4603,16.5328
Suzhou park,preview,64,4,GBT-T,GBT-T,"same information, trained",7,18.3542,16.1587
Suzhou park,preview,64,4,GBT-T,GBT-T,"same information, trained",8,19.0734,15.9152
Suzhou park,preview,64,4,GBT-T,GBT-T,"same information, trained",9,21.358,15.8789
Suzhou park,preview,64,4,GBT-T,GBT-T,"same information, trained",10,21.2646,15.7043
Suzhou park,preview,64,4,GBT-T,GBT-T,"same information, trained",11,20.1934,15.5193
Suzhou park,preview,64,4,GBT-T,GBT-T,"same information, trained",12,21.5948,15.458
Suzhou park,preview,64,4,GBT-T,GBT-T,"same information, trained",13,22.2959,15.4774
Suzhou park,preview,64,4,GBT-T,GBT-T,"same information, trained",14,23.0377,15.6401
Suzhou park,preview,64,4,GBT-T,GBT-T,"same information, trained",15,21.4896,15.7371
Suzhou park,preview,64,4,GBT-T,GBT-T,"same information, trained",16,25.9834,15.9629
Suzhou park,preview,64,4,GBT-T,GBT-T,"same information, trained",17,23.0759,15.9883
Suzhou park,preview,64,4,GBT-T,GBT-T,"same information, trained",18,23.1029,16.0053
Suzhou park,preview,64,4,GBT-T,GBT-T,"same information, trained",19,25.8079,16.0207
Suzhou park,preview,64,4,GBT-T,GBT-T,"same information, trained",20,24.3467,16.0531
Suzhou park,preview,64,4,GBT-T,GBT-T,"same information, trained",21,24.7881,16.0391
Suzhou park,preview,64,4,GBT-T,GBT-T,"same information, trained",22,24.0787,15.9885
Suzhou park,preview,64,4,GBT-T,GBT-T,"same information, trained",23,26.3643,16.0592
Suzhou park,preview,64,4,GBT-T,GBT-T,"same information, trained",24,26.8559,16.1728
Suzhou park,preview,64,4,GBT-T,GBT-T,"same information, trained",25,26.5956,16.2657
Suzhou park,preview,64,4,GBT-T,GBT-T,"same information, trained",26,25.8471,16.3294
Suzhou park,preview,64,4,GBT-T,GBT-T,"same information, trained",27,24.1334,16.3368
Suzhou park,preview,64,4,GBT-T,GBT-T,"same information, trained",28,28.6746,16.4228
Suzhou park,preview,64,4,GBT-T,GBT-T,"same information, trained",29,26.6176,16.2282
Suzhou park,preview,64,4,GBT-T,GBT-T,"same information, trained",30,26.4032,16.237
Suzhou park,preview,64,4,GBT-T,GBT-T,"same information, trained",31,28.2563,16.3419
Suzhou park,preview,64,4,iTransformer-X,iTransformer-X,"same information, trained",1,19.0629,19.0629
Suzhou park,preview,64,4,iTransformer-X,iTransformer-X,"same information, trained",2,24.7734,20.8269
Suzhou park,preview,64,4,iTransformer-X,iTransformer-X,"same information, trained",3,24.012,21.3797
Suzhou park,preview,64,4,iTransformer-X,iTransformer-X,"same information, trained",4,24.1339,20.8882
Suzhou park,preview,64,4,iTransformer-X,iTransformer-X,"same information, trained",5,24.4118,20.0247
Suzhou park,preview,64,4,iTransformer-X,iTransformer-X,"same information, trained",6,22.2237,19.5876
Suzhou park,preview,64,4,iTransformer-X,iTransformer-X,"same information, trained",7,22.4831,19.1373
Suzhou park,preview,64,4,iTransformer-X,iTransformer-X,"same information, trained",8,22.4534,18.4162
Suzhou park,preview,64,4,iTransformer-X,iTransformer-X,"same information, trained",9,21.5597,18.163
Suzhou park,preview,64,4,iTransformer-X,iTransformer-X,"same information, trained",10,21.3578,17.7383
Suzhou park,preview,64,4,iTransformer-X,iTransformer-X,"same information, trained",11,21.3407,17.2649
Suzhou park,preview,64,4,iTransformer-X,iTransformer-X,"same information, trained",12,20.7476,16.8204
Suzhou park,preview,64,4,iTransformer-X,iTransformer-X,"same information, trained",13,21.3789,16.601
Suzhou park,preview,64,4,iTransformer-X,iTransformer-X,"same information, trained",14,19.6332,16.2714
Suzhou park,preview,64,4,iTransformer-X,iTransformer-X,"same information, trained",15,19.3012,16.005
Suzhou park,preview,64,4,iTransformer-X,iTransformer-X,"same information, trained",16,20.4422,15.7753
Suzhou park,preview,64,4,iTransformer-X,iTransformer-X,"same information, trained",17,19.2236,15.6034
Suzhou park,preview,64,4,iTransformer-X,iTransformer-X,"same information, trained",18,20.0956,15.3302
Suzhou park,preview,64,4,iTransformer-X,iTransformer-X,"same information, trained",19,23.2498,15.1036
Suzhou park,preview,64,4,iTransformer-X,iTransformer-X,"same information, trained",20,22.4752,14.9367
Suzhou park,preview,64,4,iTransformer-X,iTransformer-X,"same information, trained",21,24.495,14.7824
Suzhou park,preview,64,4,iTransformer-X,iTransformer-X,"same information, trained",22,26.171,14.6019
Suzhou park,preview,64,4,iTransformer-X,iTransformer-X,"same information, trained",23,28.5473,14.5131
Suzhou park,preview,64,4,iTransformer-X,iTransformer-X,"same information, trained",24,27.9816,14.5661
Suzhou park,preview,64,4,iTransformer-X,iTransformer-X,"same information, trained",25,31.7446,14.6339
Suzhou park,preview,64,4,iTransformer-X,iTransformer-X,"same information, trained",26,28.8726,14.7372
Suzhou park,preview,64,4,iTransformer-X,iTransformer-X,"same information, trained",27,28.5319,14.8657
Suzhou park,preview,64,4,iTransformer-X,iTransformer-X,"same information, trained",28,28.9787,15.0575
Suzhou park,preview,64,4,iTransformer-X,iTransformer-X,"same information, trained",29,30.1747,15.1826
Suzhou park,preview,64,4,iTransformer-X,iTransformer-X,"same information, trained",30,27.1313,15.2768
Suzhou park,preview,64,4,iTransformer-X,iTransformer-X,"same information, trained",31,33.574,15.4158
Suzhou park,preview,64,4,iTransformer,iTransformer,"load only, trained",1,18.7237,18.7237
Suzhou park,preview,64,4,iTransformer,iTransformer,"load only, trained",2,24.284,20.6958
Suzhou park,preview,64,4,iTransformer,iTransformer,"load only, trained",3,23.9607,21.4509
Suzhou park,preview,64,4,iTransformer,iTransformer,"load only, trained",4,25.0955,21.2778
Suzhou park,preview,64,4,iTransformer,iTransformer,"load only, trained",5,26.3323,20.7863
Suzhou park,preview,64,4,iTransformer,iTransformer,"load only, trained",6,24.5016,20.7544
Suzhou park,preview,64,4,iTransformer,iTransformer,"load only, trained",7,23.4715,20.4448
Suzhou park,preview,64,4,iTransformer,iTransformer,"load only, trained",8,22.9792,19.966
Suzhou park,preview,64,4,iTransformer,iTransformer,"load only, trained",9,23.1876,19.8723
Suzhou park,preview,64,4,iTransformer,iTransformer,"load only, trained",10,23.6042,19.6751
Suzhou park,preview,64,4,iTransformer,iTransformer,"load only, trained",11,24.4758,19.5403
Suzhou park,preview,64,4,iTransformer,iTransformer,"load only, trained",12,24.8493,19.3682
Suzhou park,preview,64,4,iTransformer,iTransformer,"load only, trained",13,26.0969,19.3856
Suzhou park,preview,64,4,iTransformer,iTransformer,"load only, trained",14,22.897,19.255
Suzhou park,preview,64,4,iTransformer,iTransformer,"load only, trained",15,23.5279,19.2536
Suzhou park,preview,64,4,iTransformer,iTransformer,"load only, trained",16,24.307,19.225
Suzhou park,preview,64,4,iTransformer,iTransformer,"load only, trained",17,24.058,19.1952
Suzhou park,preview,64,4,iTransformer,iTransformer,"load only, trained",18,24.084,19.1063
Suzhou park,preview,64,4,iTransformer,iTransformer,"load only, trained",19,26.774,19.0504
Suzhou park,preview,64,4,iTransformer,iTransformer,"load only, trained",20,27.0213,18.963
Suzhou park,preview,64,4,iTransformer,iTransformer,"load only, trained",21,29.319,18.8195
Suzhou park,preview,64,4,iTransformer,iTransformer,"load only, trained",22,29.9287,18.6919
Suzhou park,preview,64,4,iTransformer,iTransformer,"load only, trained",23,30.9185,18.6094
Suzhou park,preview,64,4,iTransformer,iTransformer,"load only, trained",24,31.776,18.6453
Suzhou park,preview,64,4,iTransformer,iTransformer,"load only, trained",25,34.205,18.7446
Suzhou park,preview,64,4,iTransformer,iTransformer,"load only, trained",26,34.4898,18.9422
Suzhou park,preview,64,4,iTransformer,iTransformer,"load only, trained",27,34.9412,19.1808
Suzhou park,preview,64,4,iTransformer,iTransformer,"load only, trained",28,35.9329,19.4434
Suzhou park,preview,64,4,iTransformer,iTransformer,"load only, trained",29,36.2169,19.6125
Suzhou park,preview,64,4,iTransformer,iTransformer,"load only, trained",30,33.3748,19.7789
Suzhou park,preview,64,4,iTransformer,iTransformer,"load only, trained",31,38.0469,19.9926
Suzhou park,preview,64,4,LSTM,LSTM,"load only, trained",1,13.9545,13.9545
Suzhou park,preview,64,4,LSTM,LSTM,"load only, trained",2,20.1258,15.9188
Suzhou park,preview,64,4,LSTM,LSTM,"load only, trained",3,20.1409,16.2523
Suzhou park,preview,64,4,LSTM,LSTM,"load only, trained",4,22.2303,16.6424
Suzhou park,preview,64,4,LSTM,LSTM,"load only, trained",5,22.1624,16.6239
Suzhou park,preview,64,4,LSTM,LSTM,"load only, trained",6,19.8448,16.3714
Suzhou park,preview,64,4,LSTM,LSTM,"load only, trained",7,21.5013,15.9776
Suzhou park,preview,64,4,LSTM,LSTM,"load only, trained",8,25.134,15.8672
Suzhou park,preview,64,4,LSTM,LSTM,"load only, trained",9,25.9647,16.3397
Suzhou park,preview,64,4,LSTM,LSTM,"load only, trained",10,25.5213,16.5558
Suzhou park,preview,64,4,LSTM,LSTM,"load only, trained",11,24.4251,16.6551
Suzhou park,preview,64,4,LSTM,LSTM,"load only, trained",12,23.5043,16.6692
Suzhou park,preview,64,4,LSTM,LSTM,"load only, trained",13,22.6096,16.503
Suzhou park,preview,64,4,LSTM,LSTM,"load only, trained",14,20.7741,16.2745
Suzhou park,preview,64,4,LSTM,LSTM,"load only, trained",15,21.6435,16.2082
Suzhou park,preview,64,4,LSTM,LSTM,"load only, trained",16,25.8237,16.2287
Suzhou park,preview,64,4,LSTM,LSTM,"load only, trained",17,22.7038,16.1998
Suzhou park,preview,64,4,LSTM,LSTM,"load only, trained",18,24.0188,16.1073
Suzhou park,preview,64,4,LSTM,LSTM,"load only, trained",19,27.1327,15.9466
Suzhou park,preview,64,4,LSTM,LSTM,"load only, trained",20,24.3338,15.5878
Suzhou park,preview,64,4,LSTM,LSTM,"load only, trained",21,25.4337,15.2387
Suzhou park,preview,64,4,LSTM,LSTM,"load only, trained",22,30.363,15.137
Suzhou park,preview,64,4,LSTM,LSTM,"load only, trained",23,33.1657,15.2362
Suzhou park,preview,64,4,LSTM,LSTM,"load only, trained",24,32.9497,15.4133
Suzhou park,preview,64,4,LSTM,LSTM,"load only, trained",25,34.0888,15.6032
Suzhou park,preview,64,4,LSTM,LSTM,"load only, trained",26,32.0183,15.7061
Suzhou park,preview,64,4,LSTM,LSTM,"load only, trained",27,31.9375,15.7936
Suzhou park,preview,64,4,LSTM,LSTM,"load only, trained",28,29.9018,15.9666
Suzhou park,preview,64,4,LSTM,LSTM,"load only, trained",29,27.869,16.0899
Suzhou park,preview,64,4,LSTM,LSTM,"load only, trained",30,30.728,16.3227
Suzhou park,preview,64,4,LSTM,LSTM,"load only, trained",31,36.2904,16.6467
Suzhou park,preview,64,4,PatchTST,PatchTST,"load only, trained",1,18.7258,18.7258
Suzhou park,preview,64,4,PatchTST,PatchTST,"load only, trained",2,26.5288,21.7776
Suzhou park,preview,64,4,PatchTST,PatchTST,"load only, trained",3,26.778,22.9807
Suzhou park,preview,64,4,PatchTST,PatchTST,"load only, trained",4,28.0042,22.7448
Suzhou park,preview,64,4,PatchTST,PatchTST,"load only, trained",5,28.0609,22.0084
Suzhou park,preview,64,4,PatchTST,PatchTST,"load only, trained",6,27.1291,22.0251
Suzhou park,preview,64,4,PatchTST,PatchTST,"load only, trained",7,27.521,21.7563
Suzhou park,preview,64,4,PatchTST,PatchTST,"load only, trained",8,28.2596,21.6268
Suzhou park,preview,64,4,PatchTST,PatchTST,"load only, trained",9,25.387,21.5386
Suzhou park,preview,64,4,PatchTST,PatchTST,"load only, trained",10,24.1825,21.1057
Suzhou park,preview,64,4,PatchTST,PatchTST,"load only, trained",11,25.6539,20.9155
Suzhou park,preview,64,4,PatchTST,PatchTST,"load only, trained",12,26.7758,20.6028
Suzhou park,preview,64,4,PatchTST,PatchTST,"load only, trained",13,30.1214,20.6291
Suzhou park,preview,64,4,PatchTST,PatchTST,"load only, trained",14,25.2456,20.3686
Suzhou park,preview,64,4,PatchTST,PatchTST,"load only, trained",15,26.3036,20.1977
Suzhou park,preview,64,4,PatchTST,PatchTST,"load only, trained",16,25.2618,20.0252
Suzhou park,preview,64,4,PatchTST,PatchTST,"load only, trained",17,24.2452,19.7144
Suzhou park,preview,64,4,PatchTST,PatchTST,"load only, trained",18,24.542,19.4408
Suzhou park,preview,64,4,PatchTST,PatchTST,"load only, trained",19,28.259,19.1837
Suzhou park,preview,64,4,PatchTST,PatchTST,"load only, trained",20,27.9313,18.9942
Suzhou park,preview,64,4,PatchTST,PatchTST,"load only, trained",21,28.9887,18.8182
Suzhou park,preview,64,4,PatchTST,PatchTST,"load only, trained",22,30.9165,18.6968
Suzhou park,preview,64,4,PatchTST,PatchTST,"load only, trained",23,30.8082,18.5709
Suzhou park,preview,64,4,PatchTST,PatchTST,"load only, trained",24,30.6257,18.5312
Suzhou park,preview,64,4,PatchTST,PatchTST,"load only, trained",25,34.2643,18.6231
Suzhou park,preview,64,4,PatchTST,PatchTST,"load only, trained",26,34.6308,18.8212
Suzhou park,preview,64,4,PatchTST,PatchTST,"load only, trained",27,37.0338,19.1317
Suzhou park,preview,64,4,PatchTST,PatchTST,"load only, trained",28,36.2412,19.3739
Suzhou park,preview,64,4,PatchTST,PatchTST,"load only, trained",29,39.4286,19.5738
Suzhou park,preview,64,4,PatchTST,PatchTST,"load only, trained",30,36.4733,19.7773
Suzhou park,preview,64,4,PatchTST,PatchTST,"load only, trained",31,40.5228,20.0446
Suzhou park,preview,64,4,TiDE,TiDE,"same information, trained",1,14.9581,14.9581
Suzhou park,preview,64,4,TiDE,TiDE,"same information, trained",2,21.2332,17.1027
Suzhou park,preview,64,4,TiDE,TiDE,"same information, trained",3,20.5889,17.8046
Suzhou park,preview,64,4,TiDE,TiDE,"same information, trained",4,21.8843,17.6369
Suzhou park,preview,64,4,TiDE,TiDE,"same information, trained",5,22.6182,17.0539
Suzhou park,preview,64,4,TiDE,TiDE,"same information, trained",6,19.8719,16.7918
Suzhou park,preview,64,4,TiDE,TiDE,"same information, trained",7,20.2741,16.3783
Suzhou park,preview,64,4,TiDE,TiDE,"same information, trained",8,20.6817,15.9009
Suzhou park,preview,64,4,TiDE,TiDE,"same information, trained",9,19.4497,15.7401
Suzhou park,preview,64,4,TiDE,TiDE,"same information, trained",10,18.7414,15.36
Suzhou park,preview,64,4,TiDE,TiDE,"same information, trained",11,19.2126,15.0471
Suzhou park,preview,64,4,TiDE,TiDE,"same information, trained",12,19.6291,14.6762
Suzhou park,preview,64,4,TiDE,TiDE,"same information, trained",13,20.2236,14.5289
Suzhou park,preview,64,4,TiDE,TiDE,"same information, trained",14,17.371,14.2685
Suzhou park,preview,64,4,TiDE,TiDE,"same information, trained",15,18.6745,14.1458
Suzhou park,preview,64,4,TiDE,TiDE,"same information, trained",16,20.7782,14.0294
Suzhou park,preview,64,4,TiDE,TiDE,"same information, trained",17,18.7617,13.9259
Suzhou park,preview,64,4,TiDE,TiDE,"same information, trained",18,21.1774,13.8316
Suzhou park,preview,64,4,TiDE,TiDE,"same information, trained",19,24.4373,13.6824
Suzhou park,preview,64,4,TiDE,TiDE,"same information, trained",20,22.8776,13.5681
Suzhou park,preview,64,4,TiDE,TiDE,"same information, trained",21,24.2282,13.4436
Suzhou park,preview,64,4,TiDE,TiDE,"same information, trained",22,27.8531,13.455
Suzhou park,preview,64,4,TiDE,TiDE,"same information, trained",23,29.6014,13.5476
Suzhou park,preview,64,4,TiDE,TiDE,"same information, trained",24,30.191,13.7472
Suzhou park,preview,64,4,TiDE,TiDE,"same information, trained",25,31.3991,13.951
Suzhou park,preview,64,4,TiDE,TiDE,"same information, trained",26,28.4631,14.068
Suzhou park,preview,64,4,TiDE,TiDE,"same information, trained",27,28.4005,14.2335
Suzhou park,preview,64,4,TiDE,TiDE,"same information, trained",28,28.6292,14.4126
Suzhou park,preview,64,4,TiDE,TiDE,"same information, trained",29,27.7182,14.5192
Suzhou park,preview,64,4,TiDE,TiDE,"same information, trained",30,26.2985,14.6536
Suzhou park,preview,64,4,TiDE,TiDE,"same information, trained",31,34.5015,14.9329
